PlayerName,TargetPlayerName,CohesionLevel
"Gerald Riggs","Bill Lewis",2
"Gerald Riggs","Michael Jackson",7
"Gerald Riggs","Alan Veingrad",2
"Gerald Riggs","Bobby Hebert",7
"Gerald Riggs","Jeremy Trueblood",4
"Gerald Riggs","Jason Murphy",3
"Gerald Riggs","Rashid Shaheed",1
"Gerald Riggs","Tony Paige",2
"Gerald Riggs","Renaldo Nehemiah",1
"Gerald Riggs","Gene Hickerson",6
"Tony Paige","Bob Brotzki",5
"Tony Paige","Brandon Aubrey",2
"Tony Paige","Derek Kennard",2
"Tony Paige","Jeremy Trueblood",6
"Tony Paige","Jason Murphy",3
"Tony Paige","Rashid Shaheed",10
"Tony Paige","Gene Hickerson",9
"Tony Paige","Marshawn Lynch",17
"Tony Paige","Jake Ferguson",14
"Tony Paige","Cap Boso",6
"Tony Paige","George Musso",2
"Tony Paige","Mike Baab",5
"Tony Paige","Ben Grubbs",2
"Tony Paige","Tony Hill",2
"Tony Paige","Tyler Smith",11
"Tony Paige","Mike Saxon II",2
"Tony Paige","Norm Katnik",7
"Tony Paige","Charlie Garner",1
"Tony Paige","Isaac Bruce",2
"Tony Paige","Bobby Hebert",5
"Tony Paige","Alan Veingrad",2
"Tony Paige","Mel Gray",4
"Tony Paige","Michael Jackson",2
"Jeremy Trueblood","Mike Baab",4
"Jeremy Trueblood","Tyler Smith",10
"Jeremy Trueblood","Gene Hickerson",8
"Jeremy Trueblood","Tony Paige",15
"Jeremy Trueblood","George Musso",16
"Jeremy Trueblood","Rashid Shaheed",2
"Jeremy Trueblood","Renaldo Nehemiah",2
"Jeremy Trueblood","Jason Murphy",21
"Jeremy Trueblood","Bobby Hebert",12
"Jeremy Trueblood","Tony Hill",19
"Jeremy Trueblood","Brandon Aubrey",2
"Jeremy Trueblood","Marshawn Lynch",9
"Jeremy Trueblood","Neil O'Donnell",1
"Jeremy Trueblood","Michael Jackson",8
"Jeremy Trueblood","Gerald Riggs",8
"Jeremy Trueblood","Mike Saxon II",3
"Jeremy Trueblood","Jake Ferguson",8
"Jeremy Trueblood","Alan Veingrad",2
"Jeremy Trueblood","Charlie Garner",11
"Jeremy Trueblood","Mel Gray",9
"Jeremy Trueblood","Isaac Bruce",8
"Jeremy Trueblood","Deuce Lutui",1
"Jeremy Trueblood","Marcus Vick",5
"Jeremy Trueblood","Kevin Dyson",3
"Michael Jackson","Cap Boso",4
"Michael Jackson","Renaldo Nehemiah",2
"Michael Jackson","George Musso",3
"Michael Jackson","Tyler Smith",2
"Michael Jackson","Mel Gray",3
"Michael Jackson","Gene Hickerson",4
"Michael Jackson","Jason Murphy",2
"Michael Jackson","Tony Hill",5
"Michael Jackson","Alan Veingrad",1
"Michael Jackson","Bob Brotzki",3
"Michael Jackson","James McKnight",7
"Michael Jackson","Isaac Bruce",2
"Michael Jackson","Charlie Garner",2
"Michael Jackson","Jeremy Trueblood",5
"Buddy Curry","Mike Wise",4
"Buddy Curry","Don Davis",4
"Buddy Curry","Mike Golic",4
"Buddy Curry","Sean Jones",7
"Buddy Curry","Keena Turner",4
"Buddy Curry","Logan Hall",3
"Buddy Curry","Albert Lewis",1
"Buddy Curry","Bill Maas",9
"Buddy Curry","Leslie Frazier",6
"Buddy Curry","Ronnie Lott",1
"Buddy Curry","Rick Lyle",2
"Buddy Curry","Mel Black",2
"Buddy Curry","Todd Shell",3
"Buddy Curry","Darrell Green",3
"Buddy Curry","Lonnie Young",4
"Lonnie Young","Mel Black",1
"Lonnie Young","Albert Lewis",4
"Lonnie Young","Bill Maas",3
"Lonnie Young","Greg Ellis",3
"Lonnie Young","Tory James",1
"Lonnie Young","Buddy Curry",2
"Lonnie Young","Roger Wehrli",5
"Lonnie Young","Mike Pitts",5
"Lonnie Young","Rick Lyle",2
"Marshawn Lynch","Michael Jackson",9
"Marshawn Lynch","Jeremy Brigham",1
"Marshawn Lynch","Rashid Shaheed",3
"Marshawn Lynch","Tony Paige",7
"Marshawn Lynch","Mike Saxon II",2
"Marshawn Lynch","Tony Hill",7
"Marshawn Lynch","Jeremy Trueblood",9
"Marshawn Lynch","Mike Baab",5
"Marshawn Lynch","Jason Murphy",3
"Marshawn Lynch","Gerald Riggs",4
"Marshawn Lynch","Cap Boso",3
"Marshawn Lynch","Jake Ferguson",1
"Marshawn Lynch","Gene Hickerson",3
"Marshawn Lynch","Alan Veingrad",8
"Marshawn Lynch","Isaac Bruce",1
"Marshawn Lynch","Charlie Garner",3
"Marshawn Lynch","George Musso",1
"Marshawn Lynch","Brandon Aubrey",3
"Jason Murphy","Michael Jackson",15
"Jason Murphy","Jake Ferguson",9
"Jason Murphy","Tony Hill",9
"Jason Murphy","Jeremy Trueblood",19
"Jason Murphy","Gene Hickerson",6
"Jason Murphy","George Musso",15
"Jason Murphy","Bobby Hebert",4
"Jason Murphy","Tyler Smith",3
"Jason Murphy","Cap Boso",5
"Jason Murphy","Gerald Riggs",3
"Jason Murphy","Tony Paige",3
"Jason Murphy","Mike Saxon II",2
"Jason Murphy","Mel Gray",5
"Jason Murphy","Derek Kennard",1
"Jason Murphy","Isaac Bruce",7
"Jason Murphy","Kevin Dyson",2
"Bobby Hebert","Ben Grubbs",6
"Bobby Hebert","Renaldo Nehemiah",11
"Bobby Hebert","Tony Hill",7
"Bobby Hebert","Marshawn Lynch",12
"Bobby Hebert","Jake Ferguson",12
"Bobby Hebert","Jason Murphy",4
"Bobby Hebert","Michael Jackson",8
"Bobby Hebert","George Musso",3
"Bobby Hebert","Brandon Aubrey",3
"Bobby Hebert","Gene Hickerson",4
"Bobby Hebert","Gerald Riggs",3
"Bobby Hebert","Jeremy Trueblood",6
"Bobby Hebert","Tony Paige",5
"Bobby Hebert","Jeremy Brigham",4
"Bobby Hebert","Deuce Lutui",2
"Bobby Hebert","Marcus Vick",5
"Bobby Hebert","Mercury Hayes",2
"Bobby Hebert","Isaac Bruce",3
"Bobby Hebert","Tyler Smith",4
"Bobby Hebert","Cap Boso",3
"Bobby Hebert","Charlie Garner",1
"Richard Byrd","Darrell Green",4
"Richard Byrd","Ronnie Lott",2
"Richard Byrd","Don Davis",2
"Richard Byrd","Sean Jones",2
"Richard Byrd","Buddy Curry",6
"Richard Byrd","Mel Black",1
"Richard Byrd","Jim Stillwagon",5
"Richard Byrd","Leslie Frazier",4
"Richard Byrd","Mark Gastineau",4
"Richard Byrd","Mike Wise",3
"Richard Byrd","Bill Maas",5
"Tyler Smith","Bobby Hebert",1
"Tyler Smith","Michael Jackson",8
"Tyler Smith","Jeremy Trueblood",14
"Tyler Smith","Tony Hill",4
"Tyler Smith","Gene Hickerson",10
"Tyler Smith","Cap Boso",8
"Tyler Smith","Mel Gray",4
"Tyler Smith","Renaldo Nehemiah",2
"Tyler Smith","Tony Paige",7
"Tyler Smith","Marshawn Lynch",2
"Tyler Smith","George Musso",3
"Tyler Smith","Jason Murphy",9
"Tyler Smith","Rico Dynamite",3
"Tyler Smith","Charlie Garner",7
"Tyler Smith","Deuce Lutui",2
"Tyler Smith","Isaac Bruce",1
"Tyler Smith","Brandon Aubrey",1
"Tyler Smith","Kevin Dyson",3
"George Musso","Jeremy Trueblood",12
"George Musso","Bob Brotzki",1
"George Musso","Michael Jackson",13
"George Musso","Renaldo Nehemiah",2
"George Musso","Mike Saxon II",5
"George Musso","Tony Hill",6
"George Musso","Gerald Riggs",12
"George Musso","Rashid Shaheed",3
"George Musso","Jason Murphy",11
"George Musso","Tony Paige",14
"George Musso","Marshawn Lynch",15
"George Musso","Gene Hickerson",14
"George Musso","Brandon Aubrey",8
"George Musso","Cap Boso",4
"George Musso","Neil O'Donnell",2
"George Musso","Mel Gray",7
"George Musso","Jake Ferguson",8
"George Musso","Alan Veingrad",7
"George Musso","Deuce Lutui",5
"George Musso","Isaac Bruce",3
"George Musso","Tyler Smith",2
"George Musso","Bobby Hebert",4
"George Musso","Charlie Garner",4
"Logan Hall","Don Davis",11
"Logan Hall","Buddy Curry",14
"Logan Hall","Jack Del Rio",1
"Logan Hall","Amare Barno",10
"Logan Hall","Mike Wise",9
"Logan Hall","Roger Wehrli",9
"Logan Hall","Jim Stillwagon",6
"Logan Hall","Ronnie Lott",12
"Logan Hall","Todd Scott",1
"Logan Hall","Darrell Green",14
"Logan Hall","Keena Turner",8
"Logan Hall","Mike Golic",8
"Logan Hall","Sean Jones",2
"Logan Hall","Bill Maas",11
"Logan Hall","Richard Byrd",3
"Logan Hall","Albert Lewis",4
"Logan Hall","Tory James",3
"Logan Hall","Todd Shell",3
"Brandon Aubrey","Marcus Vick",4
"Brandon Aubrey","Michael Jackson",3
"Brandon Aubrey","Bill Lewis",4
"Brandon Aubrey","Tony Paige",4
"Brandon Aubrey","Rashid Shaheed",1
"Brandon Aubrey","George Musso",3
"Brandon Aubrey","Tony Hill",2
"Brandon Aubrey","Jeremy Trueblood",6
"Brandon Aubrey","Gerald Riggs",4
"Brandon Aubrey","Bob Brotzki",3
"Brandon Aubrey","James McKnight",5
"Brandon Aubrey","Kevin Dyson",3
"Brandon Aubrey","Mike Saxon II",3
"Jake Ferguson","Tony Hill",8
"Jake Ferguson","Jason Murphy",15
"Jake Ferguson","Cap Boso",3
"Jake Ferguson","Alan Veingrad",4
"Jake Ferguson","George Musso",9
"Jake Ferguson","Mike Saxon II",6
"Jake Ferguson","Michael Jackson",5
"Jake Ferguson","Gene Hickerson",19
"Jake Ferguson","Tyler Smith",5
"Jake Ferguson","Marshawn Lynch",8
"Jake Ferguson","Jeremy Trueblood",4
"Jake Ferguson","Tony Paige",8
"Jake Ferguson","Gerald Riggs",2
"Jake Ferguson","Renaldo Nehemiah",5
"Jake Ferguson","Marcus Vick",2
"Jake Ferguson","Rico Dynamite",2
"Jake Ferguson","Deuce Lutui",2
"Jake Ferguson","Brandon Aubrey",1
"Jake Ferguson","Charlie Garner",6
"Tory James","Richard Byrd",1
"Tory James","Jack Del Rio",1
"Tory James","Albert Lewis",1
"Tory James","Amare Barno",5
"Tory James","Todd Scott",2
"Tory James","Jim Stillwagon",1
"Tory James","Mel Black",1
"Tory James","Rick Lyle",1
"Tory James","Lonnie Young",3
"Tory James","Buddy Curry",9
"Tory James","Roger Wehrli",1
"Tory James","Todd Shell",1
"Tory James","Mike Golic",3
"Tory James","Greg Ellis",1
"Tory James","Mike Pitts",1
"Keena Turner","Jim Stillwagon",3
"Keena Turner","Greg Ellis",1
"Keena Turner","Buddy Curry",6
"Keena Turner","Jack Del Rio",5
"Keena Turner","Lonnie Young",2
"Keena Turner","Logan Hall",2
"Keena Turner","Roger Wehrli",11
"Keena Turner","Don Davis",6
"Keena Turner","Richard Byrd",4
"Keena Turner","Bill Maas",1
"Keena Turner","Joey Browner",9
"Keena Turner","Mike Wise",5
"Keena Turner","Amare Barno",1
"Keena Turner","Ronnie Lott",3
"Keena Turner","Albert Lewis",10
"Keena Turner","Todd Scott",5
"Keena Turner","Mike Golic",1
"Keena Turner","Tory James",3
"Keena Turner","Mike Pitts",3
"Darrell Green","Lonnie Young",2
"Darrell Green","Mel Black",3
"Darrell Green","Joey Browner",13
"Darrell Green","Todd Scott",6
"Darrell Green","Roger Wehrli",4
"Darrell Green","Richard Byrd",10
"Darrell Green","Keena Turner",3
"Darrell Green","Jim Stillwagon",3
"Darrell Green","Logan Hall",7
"Darrell Green","Ronnie Lott",5
"Darrell Green","Amare Barno",5
"Darrell Green","Albert Lewis",6
"Darrell Green","Don Davis",2
"Darrell Green","Mark Gastineau",5
"Darrell Green","Greg Ellis",4
"Darrell Green","Tory James",2
"Darrell Green","Todd Shell",5
"Ronnie Lott","Mike Wise",4
"Ronnie Lott","Mike Golic",13
"Ronnie Lott","Sean Jones",9
"Ronnie Lott","Todd Scott",2
"Ronnie Lott","Keena Turner",8
"Ronnie Lott","Don Wilson",3
"Ronnie Lott","Richard Byrd",1
"Ronnie Lott","Tory James",1
"Ronnie Lott","Jim Stillwagon",19
"Ronnie Lott","Joey Browner",7
"Ronnie Lott","Bill Maas",21
"Ronnie Lott","Roger Wehrli",7
"Ronnie Lott","Buddy Curry",16
"Ronnie Lott","Logan Hall",8
"Ronnie Lott","Albert Lewis",11
"Ronnie Lott","Greg Ellis",1
"Ronnie Lott","Amare Barno",3
"Ronnie Lott","Don Davis",11
"Ronnie Lott","Leslie Frazier",3
"Ronnie Lott","Mark Gastineau",12
"Ronnie Lott","Mike Pitts",1
"Ronnie Lott","Todd Shell",2
"Ronnie Lott","Jack Del Rio",2
"Roger Wehrli","Keena Turner",14
"Roger Wehrli","Mel Black",5
"Roger Wehrli","Richard Byrd",3
"Roger Wehrli","Tory James",4
"Roger Wehrli","Don Wilson",2
"Roger Wehrli","Lonnie Young",4
"Roger Wehrli","Sean Jones",12
"Roger Wehrli","Buddy Curry",11
"Roger Wehrli","Jack Del Rio",5
"Roger Wehrli","Mike Wise",8
"Roger Wehrli","Bill Maas",4
"Roger Wehrli","Jim Stillwagon",4
"Roger Wehrli","Ronnie Lott",2
"Roger Wehrli","Logan Hall",2
"Roger Wehrli","Mike Golic",13
"Roger Wehrli","Amare Barno",6
"Roger Wehrli","Darrell Green",6
"Roger Wehrli","Don Davis",1
"Roger Wehrli","Albert Lewis",4
"Roger Wehrli","Matt Millen",6
"Roger Wehrli","Greg Ellis",4
"Roger Wehrli","Mike Pitts",3
"Roger Wehrli","Mark Gastineau",1
"Gene Hickerson","Tony Hill",9
"Gene Hickerson","Marshawn Lynch",8
"Gene Hickerson","Tony Paige",25
"Gene Hickerson","Tyler Smith",3
"Gene Hickerson","Jeremy Trueblood",4
"Gene Hickerson","Gerald Riggs",9
"Gene Hickerson","Jake Ferguson",8
"Gene Hickerson","George Musso",8
"Gene Hickerson","Rashid Shaheed",1
"Gene Hickerson","Mike Baab",3
"Gene Hickerson","Bobby Hebert",3
"Gene Hickerson","Jason Murphy",6
"Gene Hickerson","James McKnight",5
"Gene Hickerson","Brandon Aubrey",1
"Gene Hickerson","Charlie Garner",4
"Gene Hickerson","Kevin Dyson",2
"Gene Hickerson","Alan Veingrad",3
"Mel Gray","Ben Grubbs",2
"Mel Gray","Jeremy Brigham",4
"Mel Gray","Michael Jackson",4
"Mel Gray","Marshawn Lynch",5
"Mel Gray","Rashid Shaheed",4
"Mel Gray","Gene Hickerson",2
"Mel Gray","Tony Paige",2
"Mel Gray","James McKnight",4
"Mel Gray","Cap Boso",4
"Mel Gray","Isaac Bruce",2
"Mel Gray","Charlie Garner",2
"Mel Gray","Alan Veingrad",3
"Mel Gray","Jake Ferguson",1
"Mel Gray","Tyler Smith",2
"Mike Golic","Roger Wehrli",3
"Mike Golic","Joey Browner",2
"Mike Golic","Amare Barno",2
"Mike Golic","Sean Jones",1
"Mike Golic","Ronnie Lott",5
"Mike Golic","Bill Maas",1
"Mike Golic","Logan Hall",2
"Greg Ellis","Albert Lewis",5
"Greg Ellis","Mel Black",1
"Greg Ellis","Sean Jones",2
"Greg Ellis","Roger Wehrli",3
"Greg Ellis","Todd Scott",2
"Greg Ellis","Mike Wise",5
"Greg Ellis","Logan Hall",7
"Greg Ellis","Joey Browner",1
"Greg Ellis","Don Davis",4
"Greg Ellis","Ronnie Lott",5
"Greg Ellis","Darrell Green",2
"Greg Ellis","Mike Golic",3
"Greg Ellis","Rick Lyle",1
"Greg Ellis","Tory James",2
"Greg Ellis","Mike Pitts",5
"Greg Ellis","Keena Turner",2
"Greg Ellis","Mark Gastineau",2
"Kevin Dyson","Jake Ferguson",4
"Kevin Dyson","Bob Brotzki",7
"Kevin Dyson","Gerald Riggs",2
"Kevin Dyson","Marshawn Lynch",3
"Kevin Dyson","Mike Saxon II",1
"Kevin Dyson","Mel Gray",3
"Kevin Dyson","Gene Hickerson",3
"Kevin Dyson","Marcus Vick",2
"Leslie Frazier","Roger Wehrli",3
"Leslie Frazier","Lonnie Young",4
"Leslie Frazier","Greg Ellis",1
"Leslie Frazier","Jack Del Rio",2
"Leslie Frazier","Ronnie Lott",4
"Albert Lewis","Jim Stillwagon",10
"Albert Lewis","Jack Del Rio",1
"Albert Lewis","Keena Turner",6
"Albert Lewis","Sean Jones",9
"Albert Lewis","Darrell Green",7
"Albert Lewis","Ronnie Lott",15
"Albert Lewis","Bill Maas",5
"Albert Lewis","Mike Wise",2
"Albert Lewis","Roger Wehrli",2
"Albert Lewis","Buddy Curry",2
"Albert Lewis","Joey Browner",5
"Albert Lewis","Logan Hall",3
"Albert Lewis","Tory James",2
"Albert Lewis","Todd Shell",2
"Albert Lewis","Mark Gastineau",2
"Albert Lewis","Mike Pitts",5
"Bill Maas","Mike Wise",4
"Bill Maas","Logan Hall",4
"Bill Maas","Keena Turner",8
"Bill Maas","Jim Stillwagon",3
"Bill Maas","Albert Lewis",4
"Bill Maas","Greg Ellis",6
"Bill Maas","Ronnie Lott",3
"Bill Maas","Amare Barno",2
"Bill Maas","Darrell Green",2
"Bill Maas","Roger Wehrli",1
"Jeremy Brigham","Ben Grubbs",1
"Jeremy Brigham","Tony Hill",2
"Jeremy Brigham","Tony Nathan",4
"Jeremy Brigham","Michael Jackson",2
"Jeremy Brigham","Marshawn Lynch",3
"Jeremy Brigham","Tony Paige",3
"Jeremy Brigham","Cap Boso",4
"Jeremy Brigham","James McKnight",3
"Cap Boso","Bobby Hebert",3
"Cap Boso","Jeremy Brigham",2
"Cap Boso","Bob Brotzki",1
"Cap Boso","Brandon Aubrey",1
"Cap Boso","Tony Hill",4
"Cap Boso","Gerald Riggs",11
"Cap Boso","Jason Murphy",4
"Cap Boso","Michael Jackson",11
"Cap Boso","Mel Gray",3
"Cap Boso","Gene Hickerson",5
"Cap Boso","Marshawn Lynch",3
"Cap Boso","Isaac Bruce",4
"Cap Boso","Jeremy Trueblood",3
"Cap Boso","Tyler Smith",2
"Derek Kennard","Bill Lewis",1
"Derek Kennard","Gene Hickerson",6
"Derek Kennard","Tony Hill",3
"Derek Kennard","Gerald Riggs",3
"Derek Kennard","Deuce Lutui",3
"Derek Kennard","Jeremy Trueblood",5
"Derek Kennard","Jake Ferguson",2
"Alan Veingrad","Derek Kennard",3
"Alan Veingrad","Neil O'Donnell",6
"Alan Veingrad","Bob Brotzki",9
"Alan Veingrad","Marshawn Lynch",4
"Alan Veingrad","Mel Gray",2
"Alan Veingrad","Jeremy Trueblood",1
"Alan Veingrad","James McKnight",3
"Alan Veingrad","Tydus Winans",5
"Alan Veingrad","Mike Saxon II",2
"Alan Veingrad","George Musso",3
"Alan Veingrad","Isaac Bruce",2
"Alan Veingrad","Tyler Smith",3
"Alan Veingrad","Jake Ferguson",4
"Bob Brotzki","Rashid Shaheed",2
"Bob Brotzki","Derek Kennard",4
"Bob Brotzki","Renaldo Nehemiah",1
"Bob Brotzki","Tony Hill",5
"Bob Brotzki","Tyler Smith",7
"Bob Brotzki","Charlie Garner",2
"Bob Brotzki","Deuce Lutui",2
"Bob Brotzki","James McKnight",2
"Mike Wise","Bill Maas",6
"Mike Wise","Mike Golic",3
"Mike Wise","Albert Lewis",7
"Mike Wise","Don Wilson",4
"Mike Wise","Jim Stillwagon",3
"Mike Wise","Richard Byrd",10
"Mike Wise","Sean Jones",4
"Mike Wise","Amare Barno",4
"Mike Wise","Logan Hall",5
"Mike Wise","Greg Ellis",3
"Mike Wise","Ronnie Lott",1
"Mike Wise","Mark Gastineau",2
"Mike Wise","Buddy Curry",1
"Mike Wise","Mike Pitts",4
"Mel Black","Joey Browner",5
"Mel Black","Ronnie Lott",4
"Mel Black","Albert Lewis",2
"Mel Black","Mike Golic",3
"Mel Black","Lonnie Young",2
"Mel Black","Leslie Frazier",4
"Mel Black","Mark Gastineau",1
"Mel Black","Bill Maas",4
"Mel Black","Buddy Curry",3
"Mel Black","Jack Del Rio",2
"Isaac Bruce","Kevin Dyson",3
"Isaac Bruce","Charlie Garner",2
"Isaac Bruce","Bob Brotzki",3
"Isaac Bruce","Cap Boso",1
"Isaac Bruce","Tony Paige",4
"Isaac Bruce","Tyler Smith",1
"Isaac Bruce","Mike Saxon II",3
"Isaac Bruce","George Musso",1
"Isaac Bruce","Brandon Aubrey",1
"Isaac Bruce","Jeremy Trueblood",3
"Charlie Garner","Gene Hickerson",4
"Charlie Garner","Bobby Hebert",3
"Charlie Garner","Mel Gray",3
"Charlie Garner","Cap Boso",2
"Charlie Garner","Tony Paige",1
"Charlie Garner","Kevin Dyson",3
"Charlie Garner","Jason Murphy",6
"Rick Lyle","Jack Del Rio",4
"Rick Lyle","Lonnie Young",4
"Rick Lyle","Roger Wehrli",1
"Rick Lyle","Darrell Green",3
"Rick Lyle","Buddy Curry",3
"Rick Lyle","Greg Ellis",5
"Rick Lyle","Albert Lewis",2
"James McKnight","Michael Jackson",3
"James McKnight","Marshawn Lynch",2
"Jack Del Rio","Ronnie Lott",2
"Jack Del Rio","Todd Scott",1
"Jack Del Rio","Buddy Curry",9
"Jack Del Rio","Lonnie Young",2
"Jack Del Rio","Don Davis",2
"Jack Del Rio","Bill Maas",2
"Jack Del Rio","Keena Turner",1
"Jack Del Rio","Richard Byrd",2
"Jack Del Rio","Leslie Frazier",3
"Jack Del Rio","Mike Wise",4
"Mike Pitts","Antoine Bethea",2
"Mike Pitts","Daxton Hill",2
"Mike Pitts","LaMarr Woodley",3
"Mike Pitts","Mark Robinson LB",2
"Mike Pitts","Andre Waters",10
"Mike Pitts","Brady Smith",3
"Mike Pitts","Samari Rolle",5
"Mike Pitts","Tim Green",3
"Mike Pitts","Tramon Williams",5
"Mike Pitts","Mark Kelso",1
"Mike Pitts","Mark Gastineau",3
"Mike Pitts","Keena Turner",1
"Mike Pitts","Logan Hall",1
"Mike Pitts","Roger Wehrli",5
"Mike Pitts","Tory James",3
"Mike Pitts","Buddy Curry",3
"Mike Pitts","Ronnie Lott",4
"Deuce Lutui","Andrew Glover",4
"Deuce Lutui","John Jefferson",2
"Deuce Lutui","Winston Justice",7
"Deuce Lutui","Peyton Manning",9
"Deuce Lutui","Eric Moulds",5
"Deuce Lutui","Vernon Davis",1
"Deuce Lutui","Antone Davis",8
"Deuce Lutui","Willie Gault",1
"Deuce Lutui","Kirk Gibson",4
"Deuce Lutui","Olin Kreutz",1
"Deuce Lutui","Mel Gray",4
"Deuce Lutui","George Musso",1
"Deuce Lutui","Cap Boso",9
"Deuce Lutui","Kevin Dyson",3
"Deuce Lutui","Jason Murphy",2
"Deuce Lutui","Bobby Hebert",5
"Deuce Lutui","Tony Paige",2
"Mercury Hayes","Aaron Graham",1
"Mercury Hayes","Stepfret Williams",3
"Mercury Hayes","Gerald Riggs",2
"Mike Saxon II","Bill Lewis",5
"Mike Saxon II","Tony Nathan",3
"Mike Saxon II","George Musso",7
"Mike Saxon II","Renaldo Nehemiah",3
"Mike Saxon II","Mel Gray",4
"Mike Saxon II","Brandon Aubrey",1
"Mike Saxon II","Derek Kennard",5
"Mike Saxon II","Bobby Hebert",3
"Mike Saxon II","Michael Jackson",2
"Mike Saxon II","Tyler Smith",2
"Mike Saxon II","Alan Veingrad",4
"Marcus Vick","Michael Jackson",3
"Marcus Vick","Derek Kennard",3
"Marcus Vick","Mel Gray",1
"Marcus Vick","Jeremy Brigham",3
"Marcus Vick","Brandon Aubrey",4
"Marcus Vick","Tony Hill",2
"Marcus Vick","Kevin Dyson",2
"Marcus Vick","Marshawn Lynch",1
"Marcus Vick","James McKnight",5
"Marcus Vick","Jason Murphy",1
"Marcus Vick","Rico Dynamite",4
"Marcus Vick","Gene Hickerson",2
"Todd Shell","Tank Tyler",10
"Todd Shell","Kayvon Thibodeaux",3
"Todd Shell","Travon Walker",1
"Todd Shell","Alan Page",4
"Todd Shell","Shane Burton",2
"Todd Shell","Shawn Wooden",1
"Todd Shell","George Trafton",1
"Todd Shell","Andre Wadsworth",1
"Todd Shell","William Judson",1
"Todd Shell","Percy Ellsworth",8
"Todd Shell","Curly Lambeau",12
"Todd Shell","Joshua Fatu",3
"Todd Shell","Joe Fishback",1
"Todd Shell","Kamerion Wimbley",5
"Todd Shell","Ervin Randle",4
"Todd Shell","Lance Schulters",6
"Todd Shell","Wayne Milner",5
"Todd Shell","Tiger Greene",5
"Todd Shell","Eddie Anderson",6
"Todd Shell","Sam Seale",4
"Todd Shell","Michael Carter",4
"Todd Shell","Richard Dent",1
"Todd Shell","Takeo Spikes",4
"Todd Shell","Buddy Curry",6
"Todd Shell","Gabe Wilkins",1
"Todd Shell","Leslie Frazier",3
"Todd Shell","Greg Ellis",2
"Todd Shell","Richard Byrd",2
"Todd Shell","Ronnie Lott",4
"Todd Shell","Mike Golic",12
"Todd Shell","Logan Hall",5
"Todd Shell","Roger Wehrli",1
"Todd Shell","Mark Gastineau",4
"Mark Gastineau","Reggie Nelson",5
"Mark Gastineau","Robert Brown",1
"Mark Gastineau","Jeff Davis",5
"Mark Gastineau","Andrew Booth Jr",3
"Mark Gastineau","Greg Ellis",3
"Mark Gastineau","Rick Lyle",1
"Mark Gastineau","Keena Turner",2
"Mark Gastineau","Leslie Frazier",4
"Matt Millen","Ross Browner II",5
"Matt Millen","Frank Warren",4
"Matt Millen","Ray Childress",3
"Matt Millen","William Thomas",1
"Matt Millen","Mark Duda",6
"Matt Millen","Cedric Griffin",3
"Matt Millen","Lional Dalton",1
"Matt Millen","Emlen Tunnell",4
"Matt Millen","Hollis Thomas",3
"Matt Millen","Shaun Gayle",4
"Matt Millen","Brian Asamoah II",4
"Matt Millen","Ken Strong",2
"Matt Millen","Chris Green",2
"Matt Millen","Dick LeBeau",3
"Matt Millen","Jack Del Rio",10
"Matt Millen","Todd Shell",3
"Matt Millen","Lonnie Young",1
"Matt Millen","Tory James",3
"Matt Millen","Mike Golic",3
"Matt Millen","Ronnie Lott",4
"Matt Millen","Leslie Frazier",2
"Matt Millen","Darrell Green",2
"Matt Millen","Greg Ellis",4
"Matt Millen","Bill Maas",3
"Frank Reich","James Cook",4
"Frank Reich","J.P. Foschi",1
"Frank Reich","Jeremy Trueblood",1
"Frank Reich","Alan Veingrad",4
"Frank Reich","Marshawn Lynch",3
"Frank Reich","Tyler Smith",3
"Rico Dynamite","Tyler Smith",2
"Rico Dynamite","Jeremy Trueblood",4
"Rico Dynamite","Michael Jackson",2
"Rico Dynamite","Jake Ferguson",5
"Norm Katnik","Gene Hickerson",1
"Norm Katnik","Cap Boso",3
"Norm Katnik","Rico Dynamite",4
"Barry Cofield","Kader Kohou",6
"Barry Cofield","Bobby Butler",5
"Barry Cofield","Dwight Hicks",1
"Barry Cofield","Chris Washington",6
"Barry Cofield","Brett Maxie",2
"Barry Cofield","A.J. Hawk",1
"Barry Cofield","Johnny Jolly",3
"Barry Cofield","Eric Wright CB",5
"Barry Cofield","Chinedum Ndukwe",1
"Barry Cofield","Dixon Edwards",3
"Barry Cofield","David Fulcher",7
"Barry Cofield","Sauce Gardner",3
"Barry Cofield","Mike Jones",4
"Barry Cofield","Leslie O'Neal",2
"Barry Cofield","Jay Bellamy",2
"Barry Cofield","Steve McMichael",1
"Barry Cofield","Lewis Cine",1
"Barry Cofield","Carl Lee",1
"Barry Cofield","Andy Headen",2
"Mike Croel","Clint Session",5
"Mike Croel","Johnny Jolly",9
"Mike Croel","Chinedum Ndukwe",7
"Mike Croel","David Fulcher",3
"Mike Croel","Leonard Marshall",3
"Mike Croel","Eric Wright CB",4
"Mike Croel","Eric Wright",2
"Mike Croel","Leslie O'Neal",6
"Mike Croel","Tim Krumrie",2
"Mike Croel","Todd Bowles",2
"Mike Croel","Kader Kohou",6
"Mike Croel","Ross Browner II",2
"Mike Croel","Mike Jones",4
"Mike Croel","Andy Headen",4
"Mike Croel","Bobby Butler",3
"Willie Gault","Andrew Glover",3
"Willie Gault","Neil Lomax",1
"Willie Gault","Olin Kreutz",6
"Willie Gault","Isiah Pacheco",2
"Willie Gault","Mike Brisiel",5
"Willie Gault","Carl Birdsong",4
"Willie Gault","Deuce Lutui",2
"Willie Gault","Larry Moore",6
"A.J. Hawk","Stanley Richard",2
"A.J. Hawk","Dixon Edwards",9
"A.J. Hawk","Clint Session",3
"A.J. Hawk","Leonard Marshall",9
"A.J. Hawk","Johnny Jolly",6
"A.J. Hawk","Tim Krumrie",4
"A.J. Hawk","Chinedum Ndukwe",3
"A.J. Hawk","Eric Wright CB",4
"A.J. Hawk","Leslie O'Neal",9
"A.J. Hawk","Chris Washington",10
"A.J. Hawk","Danny Walters",2
"A.J. Hawk","Sauce Gardner",8
"A.J. Hawk","Dominique Robinson",6
"A.J. Hawk","Mike Croel",3
"A.J. Hawk","Kader Kohou",8
"A.J. Hawk","Cordale Flott",5
"A.J. Hawk","Brett Maxie",5
"A.J. Hawk","David Fulcher",5
"A.J. Hawk","Mike Jones",2
"A.J. Hawk","Barry Cofield",1
"Vernon Davis","Mike Brisiel",5
"Vernon Davis","Eric Moulds",1
"Vernon Davis","Billy Ard",6
"Vernon Davis","Olin Kreutz",7
"Vernon Davis","Peyton Manning",6
"Vernon Davis","Winston Justice",7
"Vernon Davis","Carl Birdsong",3
"Vernon Davis","Isiah Pacheco",3
"Vernon Davis","Willie Gault",3
"Vernon Davis","Kirk Gibson",1
"Vernon Davis","Orlando Brown",2
"Vernon Davis","Cris Collinsworth",5
"Vernon Davis","Todd Steussie",1
"Vernon Davis","Ken O'Brien",4
"Vernon Davis","Jeff Graham",5
"Vernon Davis","Walt Sweeney",3
"Vernon Davis","Marvin Harrison",5
"Kader Kohou","Barry Cofield",5
"Kader Kohou","Chris Washington",3
"Kader Kohou","David Fulcher",1
"Kader Kohou","Sauce Gardner",4
"Kader Kohou","Lewis Cine",5
"Kader Kohou","Leonard Marshall",4
"Kader Kohou","Cordale Flott",2
"Kader Kohou","Brett Maxie",3
"Kader Kohou","Danny Walters",2
"Kader Kohou","Tim Krumrie",2
"Kader Kohou","Patrick Allen",4
"Kader Kohou","Eric Wright",3
"Kader Kohou","Carl Lee",8
"Kader Kohou","Dino Hackett",4
"Kader Kohou","Vaughn Booker",2
"Kader Kohou","Mike Croel",1
"Kader Kohou","Mike Mickens",3
"Eric Wright","Mike Croel",3
"Eric Wright","Mike Prior",1
"Eric Wright","Chris Washington",1
"Eric Wright","Dominique Robinson",5
"Eric Wright","Brett Maxie",1
"Andrew Glover","Robert Edwards",6
"Andrew Glover","Mike Brisiel",9
"Andrew Glover","Jeff Graham",3
"Andrew Glover","Carl Birdsong",4
"Andrew Glover","Eric Moulds",4
"Andrew Glover","Winston Justice",5
"Andrew Glover","Harvey Salem",4
"Andrew Glover","Peyton Manning",10
"Andrew Glover","Isiah Pacheco",1
"Andrew Glover","Vernon Davis",2
"Andrew Glover","Billy Ard",1
"Andrew Glover","Olin Kreutz",2
"Andrew Glover","Derrell Mitchell",2
"Andrew Glover","Walt Sweeney",1
"Andrew Glover","Joe Walter",2
"Andrew Glover","Pat O'Neill",1
"Andrew Glover","Todd Steussie",3
"Jeff Graham","Olin Kreutz",11
"Jeff Graham","Willie Gault",4
"Jeff Graham","Dwight Clark",1
"Jeff Graham","Kirk Gibson",3
"Jeff Graham","Vernon Davis",7
"Jeff Graham","Winston Justice",10
"Jeff Graham","Peyton Manning",18
"Jeff Graham","Deuce Lutui",4
"Jeff Graham","Mike Brisiel",5
"Jeff Graham","Billy Ard",2
"Jeff Graham","Robert Edwards",3
"Jeff Graham","Fred Beasley",5
"Jeff Graham","Andrew Glover",3
"Jeff Graham","Antone Davis",2
"Jeff Graham","Isiah Pacheco",2
"Jeff Graham","Carl Birdsong",5
"Jeff Graham","Marshall Faulk",3
"Jeff Graham","Orlando Brown",1
"Jeff Graham","Todd Steussie",4
"Jeff Graham","Ken O'Brien",1
"Jeff Graham","Joe Walter",4
"Jeff Graham","Cris Collinsworth",3
"Jeff Graham","Walt Sweeney",4
"Kirk Gibson","Eric Moulds",12
"Kirk Gibson","Peyton Manning",12
"Kirk Gibson","Isiah Pacheco",9
"Kirk Gibson","Winston Justice",8
"Kirk Gibson","Mike Brisiel",5
"Kirk Gibson","Vernon Davis",3
"Kirk Gibson","Andrew Glover",11
"Kirk Gibson","Harvey Salem",4
"Kirk Gibson","Antone Davis",9
"Kirk Gibson","Robert Edwards",4
"Kirk Gibson","Olin Kreutz",16
"Kirk Gibson","Carl Birdsong",3
"Kirk Gibson","Fred Beasley",4
"Kirk Gibson","Billy Ard",1
"Kirk Gibson","Albert Bentley",8
"Kirk Gibson","Larry Moore",1
"Kirk Gibson","Todd Steussie",2
"Kirk Gibson","Jeff Graham",10
"Kirk Gibson","Joe Walter",4
"Kirk Gibson","Walt Sweeney",12
"Kirk Gibson","Cris Collinsworth",3
"Mike Brisiel","Willie Gault",11
"Mike Brisiel","Antone Davis",9
"Mike Brisiel","Neil Lomax",2
"Mike Brisiel","Dwight Clark",7
"Mike Brisiel","Robert Edwards",5
"Mike Brisiel","Bubby Brister",3
"Mike Brisiel","Peyton Manning",17
"Mike Brisiel","Kirk Gibson",6
"Mike Brisiel","Jeff Graham",5
"Mike Brisiel","Winston Justice",8
"Mike Brisiel","Andrew Glover",6
"Mike Brisiel","Billy Ard",3
"Mike Brisiel","Olin Kreutz",23
"Mike Brisiel","Isiah Pacheco",7
"Mike Brisiel","Eric Moulds",10
"Mike Brisiel","Vernon Davis",21
"Mike Brisiel","Fred Beasley",4
"Mike Brisiel","Orlando Brown",4
"Mike Brisiel","Ken O'Brien",2
"Mike Brisiel","Marshall Faulk",1
"Mike Brisiel","Marvin Harrison",1
"Mike Brisiel","Adam Vinatieri",3
"Mike Brisiel","Walt Sweeney",6
"Mike Brisiel","Joe Walter",3
"Mike Brisiel","Todd Steussie",1
"Johnny Jolly","Leonard Marshall",4
"Johnny Jolly","David Fulcher",8
"Johnny Jolly","Dixon Edwards",10
"Johnny Jolly","A.J. Hawk",2
"Johnny Jolly","Chinedum Ndukwe",2
"Johnny Jolly","Mike Prior",1
"Johnny Jolly","Chris Washington",8
"Johnny Jolly","Sauce Gardner",1
"Johnny Jolly","Brett Maxie",7
"Johnny Jolly","Mike Croel",6
"Johnny Jolly","Bobby Butler",12
"Johnny Jolly","Jay Bellamy",4
"Johnny Jolly","Eric Wright",3
"Johnny Jolly","Dino Hackett",4
"Johnny Jolly","Barry Cofield",5
"Johnny Jolly","Leslie O'Neal",2
"Leonard Marshall","Clint Session",4
"Leonard Marshall","Chinedum Ndukwe",5
"Leonard Marshall","Brett Maxie",9
"Leonard Marshall","Leslie O'Neal",11
"Leonard Marshall","Fred Marion",1
"Leonard Marshall","Dixon Edwards",3
"Leonard Marshall","Dominique Robinson",2
"Leonard Marshall","Danny Walters",7
"Leonard Marshall","Johnny Jolly",5
"Leonard Marshall","Kader Kohou",2
"Leonard Marshall","Barry Cofield",6
"Leonard Marshall","Sauce Gardner",5
"Leonard Marshall","A.J. Hawk",10
"Leonard Marshall","Tim Krumrie",5
"Leonard Marshall","Eric Wright CB",8
"Leonard Marshall","David Fulcher",10
"Leonard Marshall","Mike Croel",4
"Leonard Marshall","Chris Washington",1
"Leonard Marshall","Andy Headen",5
"Leonard Marshall","Jay Bellamy",2
"Leonard Marshall","Bobby Butler",4
"Mike Jones","Chinedum Ndukwe",2
"Mike Jones","Bobby Butler",1
"Mike Jones","Leonard Marshall",5
"Mike Jones","Kader Kohou",10
"Mike Jones","David Fulcher",4
"Mike Jones","Eric Wright",3
"Mike Jones","Brett Maxie",3
"Mike Jones","Danny Walters",3
"Mike Jones","Lewis Cine",10
"Mike Jones","Tim Krumrie",2
"Mike Jones","A.J. Hawk",6
"Mike Jones","Dominique Robinson",3
"Mike Jones","Johnny Jolly",1
"Mike Jones","Leslie O'Neal",4
"Mike Jones","Jay Bellamy",4
"Mike Jones","Chris Washington",2
"Mike Jones","Barry Cofield",3
"Mike Jones","Travis Hill",3
"Mike Jones","Vaughn Booker",1
"Mike Jones","Andy Headen",2
"Chris Washington","Bobby Butler",4
"Chris Washington","Mike Prior",3
"Chris Washington","Eric Wright",4
"Chris Washington","Stanley Richard",4
"Chris Washington","Leonard Marshall",10
"Chris Washington","Mike Croel",8
"Chris Washington","Johnny Jolly",22
"Chris Washington","Cordale Flott",6
"Chris Washington","Brett Maxie",3
"Chris Washington","David Fulcher",13
"Chris Washington","Barry Cofield",6
"Chris Washington","Dixon Edwards",5
"Chris Washington","Danny Walters",4
"Chris Washington","Sauce Gardner",1
"Chris Washington","Chinedum Ndukwe",11
"Chris Washington","A.J. Hawk",3
"Chris Washington","Dominique Robinson",4
"Chris Washington","Tim Krumrie",2
"Chris Washington","Patrick Allen",4
"Chris Washington","Mike Jones",2
"Chris Washington","Steve McMichael",7
"Chris Washington","Kader Kohou",6
"Chris Washington","Andy Headen",5
"Chris Washington","Carl Lee",5
"Peyton Manning","Jeff Graham",13
"Peyton Manning","Andrew Glover",5
"Peyton Manning","Eric Moulds",18
"Peyton Manning","Willie Gault",2
"Peyton Manning","Isiah Pacheco",18
"Peyton Manning","John Jefferson",4
"Peyton Manning","Antone Davis",6
"Peyton Manning","Winston Justice",9
"Peyton Manning","Carl Birdsong",3
"Peyton Manning","Billy Ard",10
"Peyton Manning","Vernon Davis",1
"Peyton Manning","Kirk Gibson",12
"Peyton Manning","Harvey Salem",5
"Peyton Manning","Fred Beasley",4
"Peyton Manning","Olin Kreutz",7
"Peyton Manning","Adam Vinatieri",8
"Peyton Manning","Mike Brisiel",4
"Peyton Manning","Deuce Lutui",4
"Peyton Manning","Joe Walter",4
"Peyton Manning","Mike Rozier",1
"Peyton Manning","Terry Long",1
"Peyton Manning","Todd Steussie",3
"Peyton Manning","Cris Collinsworth",3
"Peyton Manning","Marshall Faulk",4
"Peyton Manning","Marvin Harrison",6
"Leslie O'Neal","Dwight Hicks",1
"Leslie O'Neal","Barry Cofield",11
"Leslie O'Neal","Cordale Flott",4
"Leslie O'Neal","David Fulcher",4
"Leslie O'Neal","Dixon Edwards",12
"Leslie O'Neal","Tim Krumrie",5
"Leslie O'Neal","Chris Washington",6
"Leslie O'Neal","Sauce Gardner",3
"Leslie O'Neal","Johnny Jolly",1
"Leslie O'Neal","Chinedum Ndukwe",3
"Leslie O'Neal","Bobby Butler",8
"Leslie O'Neal","Vaughn Booker",3
"Leslie O'Neal","Leonard Marshall",1
"Leslie O'Neal","Kader Kohou",1
"Leslie O'Neal","Carl Lee",2
"Leslie O'Neal","Dino Hackett",3
"Olin Kreutz","Antone Davis",10
"Olin Kreutz","Robert Edwards",6
"Olin Kreutz","Kirk Gibson",22
"Olin Kreutz","Andrew Glover",5
"Olin Kreutz","Willie Gault",5
"Olin Kreutz","Winston Justice",2
"Olin Kreutz","Dwight Clark",1
"Olin Kreutz","Vernon Davis",14
"Olin Kreutz","Carl Birdsong",5
"Olin Kreutz","Jeff Graham",19
"Olin Kreutz","Isiah Pacheco",7
"Olin Kreutz","Peyton Manning",2
"Olin Kreutz","Adam Vinatieri",2
"Olin Kreutz","Mike Brisiel",9
"Olin Kreutz","Billy Ard",5
"Olin Kreutz","Fred Beasley",3
"Olin Kreutz","Eric Moulds",4
"Olin Kreutz","Walt Sweeney",4
"Olin Kreutz","Marvin Harrison",1
"Olin Kreutz","Pat O'Neill",3
"Olin Kreutz","Cris Collinsworth",1
"Olin Kreutz","Marshall Faulk",1
"David Fulcher","Chinedum Ndukwe",7
"David Fulcher","Stanley Richard",2
"David Fulcher","Brett Maxie",5
"David Fulcher","Sauce Gardner",6
"David Fulcher","Kader Kohou",6
"David Fulcher","A.J. Hawk",8
"David Fulcher","Barry Cofield",5
"David Fulcher","Patrick Allen",3
"David Fulcher","Mike Croel",2
"David Fulcher","Eric Wright",1
"David Fulcher","Vaughn Booker",5
"David Fulcher","Ross Browner II",4
"David Fulcher","Dino Hackett",5
"David Fulcher","Johnny Jolly",5
"David Fulcher","Carl Lee",3
"Fred Beasley","Peyton Manning",6
"Fred Beasley","Harvey Salem",2
"Fred Beasley","Adam Vinatieri",3
"Fred Beasley","Andrew Glover",3
"Fred Beasley","Vernon Davis",5
"Fred Beasley","Antone Davis",3
"Fred Beasley","Kirk Gibson",10
"Fred Beasley","Jeff Graham",5
"Fred Beasley","Winston Justice",4
"Fred Beasley","Eric Moulds",1
"Fred Beasley","Mike Brisiel",1
"Fred Beasley","Albert Bentley",5
"Fred Beasley","Cris Collinsworth",4
"Dino Hackett","Fred Marion",2
"Dino Hackett","Carl Lee",3
"Dino Hackett","Leonard Marshall",3
"Dino Hackett","Mike Croel",5
"Dino Hackett","Eric Wright",2
"Dino Hackett","Leslie O'Neal",4
"Dino Hackett","Lewis Cine",1
"Dino Hackett","Mike Jones",5
"Dino Hackett","Ross Browner II",3
"Robert Edwards","Olin Kreutz",3
"Robert Edwards","Harvey Salem",1
"Robert Edwards","Jeff Graham",1
"Robert Edwards","Carl Birdsong",4
"Robert Edwards","Peyton Manning",4
"Robert Edwards","Mike Brisiel",1
"Robert Edwards","Vernon Davis",1
"Robert Edwards","Cris Collinsworth",3
"Robert Edwards","Orlando Brown",3
"Chinedum Ndukwe","Leonard Marshall",11
"Chinedum Ndukwe","Chris Washington",7
"Chinedum Ndukwe","Mike Jones",9
"Chinedum Ndukwe","Sauce Gardner",7
"Chinedum Ndukwe","A.J. Hawk",10
"Chinedum Ndukwe","Leslie O'Neal",8
"Chinedum Ndukwe","David Fulcher",6
"Chinedum Ndukwe","Kader Kohou",10
"Chinedum Ndukwe","Eric Wright CB",5
"Chinedum Ndukwe","Dixon Edwards",1
"Chinedum Ndukwe","Tim Krumrie",1
"Chinedum Ndukwe","Mike Croel",5
"Chinedum Ndukwe","Brett Maxie",8
"Chinedum Ndukwe","Barry Cofield",5
"Chinedum Ndukwe","Johnny Jolly",7
"Chinedum Ndukwe","Danny Walters",4
"Chinedum Ndukwe","Bobby Butler",5
"Chinedum Ndukwe","Dominique Robinson",2
"Chinedum Ndukwe","Vaughn Booker",5
"Chinedum Ndukwe","Dino Hackett",6
"Chinedum Ndukwe","Jay Bellamy",3
"Chinedum Ndukwe","Ross Browner II",3
"Bobby Butler","Danny Walters",2
"Bobby Butler","A.J. Hawk",3
"Bobby Butler","Tim Krumrie",8
"Bobby Butler","Fred Marion",4
"Bobby Butler","Chris Washington",5
"Bobby Butler","David Fulcher",6
"Bobby Butler","Dixon Edwards",2
"Bobby Butler","Leslie O'Neal",6
"Bobby Butler","Barry Cofield",5
"Bobby Butler","Brett Maxie",5
"Bobby Butler","Sauce Gardner",3
"Bobby Butler","Eric Wright",1
"Bobby Butler","Kader Kohou",4
"Bobby Butler","Lewis Cine",10
"Bobby Butler","Chinedum Ndukwe",3
"Bobby Butler","Dino Hackett",4
"Bobby Butler","Andy Headen",2
"Bobby Butler","Toddrick McIntosh",2
"Bobby Butler","Mike Jones",1
"Bobby Butler","Carl Lee",3
"Lewis Cine","Damone Clark",3
"Lewis Cine","Frostee Rucker",4
"Lewis Cine","Jamal Williams",2
"Lewis Cine","William Perry",6
"Lewis Cine","Wilber Marshall",8
"Lewis Cine","Kyle Clifton",2
"Lewis Cine","Akayleb Evans",2
"Lewis Cine","Mike Charles",2
"Lewis Cine","Damien Robinson",1
"Lewis Cine","Barney Bussey",4
"Lewis Cine","Jordan Davis",3
"Lewis Cine","Todd Bowles",2
"Lewis Cine","Mike Jones",9
"Lewis Cine","David Fulcher",4
"Lewis Cine","Vaughn Booker",3
"Lewis Cine","Mike Croel",1
"Lewis Cine","Barry Cofield",1
"Lewis Cine","Leonard Marshall",3
"Lewis Cine","Dino Hackett",1
"Lewis Cine","Johnny Jolly",3
"Lewis Cine","Chris Washington",3
"Lewis Cine","Kader Kohou",2
"Lewis Cine","Andy Headen",3
"Todd Bowles","Frostee Rucker",3
"Todd Bowles","Paul Soliai",4
"Todd Bowles","Chris Gocong",1
"Todd Bowles","William Perry",2
"Albert Bentley","Billy Ard",4
"Albert Bentley","Deuce Lutui",6
"Albert Bentley","Mike Brisiel",8
"Albert Bentley","Carl Birdsong",1
"Albert Bentley","Winston Justice",1
"Albert Bentley","Larry Moore",2
"Albert Bentley","Robert Edwards",2
"Bubby Brister","Neil Lomax",1
"Bubby Brister","Fred Beasley",1
"Bubby Brister","Robert Edwards",7
"Bubby Brister","Mike Brisiel",2
"Bubby Brister","Albert Bentley",7
"Bubby Brister","Orlando Brown",1
"Larry Moore","Olin Kreutz",5
"Larry Moore","Willie Gault",1
"Larry Moore","Mike Brisiel",2
"Larry Moore","Albert Bentley",3
"Larry Moore","Orlando Brown",4
"Larry Moore","Terry Long",1
"Larry Moore","Marshall Faulk",4
"Larry Moore","Arthur Cox",2
"Marshall Faulk","Robert Edwards",2
"Marshall Faulk","Olin Kreutz",4
"Marshall Faulk","Marvin Harrison",5
"Marshall Faulk","Larry Moore",1
"Marshall Faulk","Adam Vinatieri",5
"Marshall Faulk","Walt Sweeney",1
"Marshall Faulk","Jeff Graham",3
"Marshall Faulk","Vernon Davis",4
"Marshall Faulk","Peyton Manning",4
"Marshall Faulk","Todd Steussie",3
"Steve McMichael","Kevin Hardy",9
"Steve McMichael","Herman Edwards II",5
"Steve McMichael","Ted Washington",3
"Steve McMichael","Tamba Hali",1
"Steve McMichael","Mario Williams",5
"Steve McMichael","Bruce Pickens",2
"Steve McMichael","Clay Matthews",1
"Steve McMichael","Edgar Jones",2
"Steve McMichael","Tyron Brackenridge",3
"Steve McMichael","Mike Jones",4
"Steve McMichael","Vaughn Booker",2
"Steve McMichael","Dino Hackett",5
"Steve McMichael","Jay Bellamy",2
"Steve McMichael","Lewis Cine",3
"Steve McMichael","David Fulcher",5
"Steve McMichael","Barry Cofield",2
"Steve McMichael","Leonard Marshall",1
"Steve McMichael","Mike Croel",1
"Marvin Harrison","Danny Gray",2
"Marvin Harrison","Ken Lanier",2
"Marvin Harrison","Jake Camarda",2
"Marvin Harrison","Nick Mangold",12
"Marvin Harrison","Steve Tasker",5
"Marvin Harrison","Andre Reed",2
"Marvin Harrison","Nick Muse",4
"Marvin Harrison","Jahri Evans",14
"Marvin Harrison","Mike Ngo",9
"Marvin Harrison","Anthony Munoz",2
"Marvin Harrison","Terry Long",3
"Marvin Harrison","Pete Metzelaars",7
"Marvin Harrison","Matt Corral",4
"Marvin Harrison","Greg Bell",3
"Marvin Harrison","Tuffy Leemans",9
"Marvin Harrison","Eric Young",3
"Marvin Harrison","Nick Novak",4
"Marvin Harrison","Sidney Rice",1
"Marvin Harrison","Peyton Manning",3
"Marvin Harrison","Fred Beasley",5
"Marvin Harrison","Joe Walter",3
"Marvin Harrison","Olin Kreutz",6
"Marvin Harrison","Todd Steussie",1
"Marvin Harrison","Mike Brisiel",4
"Marvin Harrison","Kirk Gibson",2
"Marvin Harrison","Walt Sweeney",5
"Marvin Harrison","Adam Vinatieri",1
"Marvin Harrison","Jeff Graham",2
"Mike Mickens","Simeon Rice",2
"Mike Mickens","Eugene Robinson",6
"Mike Mickens","Reggie White",5
"Mike Mickens","London Fletcher",2
"Mike Mickens","Kaiir Elam",3
"Mike Mickens","Lawrence Taylor",3
"Mike Mickens","Joe Phillips",2
"Mike Mickens","Marcus Jones CB",2
"Mike Mickens","David Little",4
"Ken O'Brien","Jeromey Clary",4
"Ken O'Brien","Mark Clayton",2
"Ken O'Brien","Mike Arthur",3
"Ken O'Brien","Kyle Turley",4
"Ken O'Brien","Tootie Robbins",5
"Ken O'Brien","Jeff Hartings",2
"Ken O'Brien","Albert Bentley",5
"Ken O'Brien","Robert Edwards",5
"Ken O'Brien","Willie Gault",3
"Ken O'Brien","Adam Vinatieri",3
"Ken O'Brien","Cris Collinsworth",6
"Ken O'Brien","Mike Brisiel",6
"Carl Lee","Chris Gocong",9
"Carl Lee","Akayleb Evans",3
"Carl Lee","Lee Williams",3
"Carl Lee","Kyle Clifton",5
"Carl Lee","Derek Stingley Jr",7
"Carl Lee","Wilber Marshall",10
"Carl Lee","Jamal Williams",2
"Carl Lee","Frostee Rucker",2
"Carl Lee","Sam Mills",7
"Carl Lee","Simon Fletcher",6
"Carl Lee","William Perry",8
"Carl Lee","Paul Soliai",3
"Carl Lee","Damien Robinson",4
"Carl Lee","Mike Charles",2
"Carl Lee","Damone Clark",3
"Carl Lee","Barney Bussey",3
"Carl Lee","Mike Prior",2
"Carl Lee","Jake Hummel",2
"Carl Lee","James Ihedigbo",2
"Carl Lee","Chinedum Ndukwe",4
"Carl Lee","Andy Headen",8
"Carl Lee","Mike Jones",8
"Carl Lee","Mike Croel",3
"Carl Lee","Leslie O'Neal",9
"Carl Lee","Jay Bellamy",1
"Carl Lee","Steve McMichael",1
"Carl Lee","Toddrick McIntosh",3
"Carl Lee","Barry Cofield",4
"Carl Lee","Vaughn Booker",5
"Carl Lee","Bobby Butler",3
"Carl Lee","Leonard Marshall",3
"Carl Lee","David Fulcher",1
"Carl Lee","Chris Washington",2
"Carl Lee","Mike Mickens",3
"Carl Lee","Dino Hackett",2
"Ross Browner II","Jonathan Fatu",4
"Ross Browner II","Andrew Booth Jr",1
"Ross Browner II","Mike Croel",1
"Ross Browner II","David Fulcher",4
"Ross Browner II","Kader Kohou",1
"Ross Browner II","Chinedum Ndukwe",3
"Ross Browner II","Dino Hackett",1
"Todd Steussie","Walt Sweeney",8
"Todd Steussie","Olin Kreutz",3
"Todd Steussie","Jeff Graham",5
"Todd Steussie","Marshall Faulk",1
"Todd Steussie","Vernon Davis",1
"Todd Steussie","Joe Walter",3
"Todd Steussie","Kirk Gibson",6
"Todd Steussie","Willie Gault",4
"Walt Sweeney","Andrew Glover",5
"Walt Sweeney","Larry Moore",2
"Walt Sweeney","Todd Steussie",5
"Walt Sweeney","Cris Collinsworth",2
"Walt Sweeney","Marvin Harrison",9
"Walt Sweeney","Vernon Davis",3
"Walt Sweeney","Marshall Faulk",3
"Walt Sweeney","Olin Kreutz",2
"Walt Sweeney","Pat O'Neill",1
"Jay Bellamy","Chinedum Ndukwe",3
"Jay Bellamy","Chris Washington",4
"Jay Bellamy","Steve McMichael",1
"Jay Bellamy","Johnny Jolly",5
"Jay Bellamy","Barry Cofield",3
"Jay Bellamy","Lewis Cine",3
"Jay Bellamy","Kader Kohou",4
"Jay Bellamy","Dino Hackett",2
"Jay Bellamy","Leslie O'Neal",3
"Jay Bellamy","Leonard Marshall",1
"Jay Bellamy","Mike Jones",1
"Jay Bellamy","Bobby Butler",1
"Orlando Brown","Andrew Glover",5
"Orlando Brown","Ken O'Brien",3
"Orlando Brown","Joe Walter",2
"Orlando Brown","Derrell Mitchell",4
"Vaughn Booker","Barry Cofield",2
"Vaughn Booker","Bobby Butler",3
"Vaughn Booker","Dino Hackett",4
"Vaughn Booker","Mike Jones",5
"Vaughn Booker","David Fulcher",2
"Vaughn Booker","Mike Mickens",2
"Vaughn Booker","Kader Kohou",2
"Derrell Mitchell","Andrew Glover",1
"Derrell Mitchell","Orlando Brown",4
"Derrell Mitchell","Cris Collinsworth",1
"Derrell Mitchell","Albert Bentley",2
"Travis Hill","Ross Browner II",3
"Travis Hill","Leslie O'Neal",5
"Travis Hill","Chinedum Ndukwe",1
"Travis Hill","Mike Jones",3
"Adam Vinatieri","Harvey Salem",1
"Adam Vinatieri","Billy Ard",1
"Adam Vinatieri","Winston Justice",5
"Adam Vinatieri","Robert Edwards",3
"Adam Vinatieri","Fred Beasley",3
"Adam Vinatieri","Eric Moulds",1
"Adam Vinatieri","Isiah Pacheco",1
"Adam Vinatieri","Albert Bentley",3
"Adam Vinatieri","Orlando Brown",2
"Adam Vinatieri","Terry Long",7
"Adam Vinatieri","Marvin Harrison",3
"Adam Vinatieri","Jeff Graham",2
"Terry Long","Steve Tasker",10
"Terry Long","Nick Muse",4
"Terry Long","Mike Michalske",4
"Terry Long","Joe Walter",2
"Terry Long","Bubby Brister",3
"Cris Collinsworth","Fred Taylor",7
"Cris Collinsworth","Art Monk",9
"Cris Collinsworth","Irving Fryar",9
"Cris Collinsworth","Jim Brown",5
"Cris Collinsworth","Dan Fike",7
"Cris Collinsworth","Lance Smith",4
"Cris Collinsworth","Randall Cunningham",4
"Cris Collinsworth","Don Mosebar",2
"Cris Collinsworth","Marshal Yanda",2
"Cris Collinsworth","Jay Novacek",1
"Cris Collinsworth","Forrest Gump",3
"Cris Collinsworth","Sean Landeta",6
"Cris Collinsworth","Eddie Kennison",2
"Cris Collinsworth","Joe Staley",2
"Cris Collinsworth","Orlando Brown",5
"Cris Collinsworth","Marvin Harrison",2
"Cris Collinsworth","Todd Steussie",6
"Cris Collinsworth","Mike Brisiel",5
"Cris Collinsworth","Kirk Gibson",5
"Mike Rozier","James Williams",3
"Mike Rozier","Ted Ginn Jr.",1
"Mike Rozier","Joe Jacoby",4
"Mike Rozier","Shawn Jefferson",1
"Mike Rozier","Chris Chester",3
"Mike Rozier","Jerry Rice",3
"Mike Rozier","Joe Perry",3
"Mike Rozier","Tim Irwin",3
"Mike Rozier","Brock Purdy",3
"Mike Rozier","Joe Morris",1
"Mike Rozier","Anthony Carter",3
"Arthur Cox","Matt Leinart",4
"Arthur Cox","Mike Flynn",2
"Arthur Cox","Louis Lipps",3
"Arthur Cox","Kirk Lowdermilk",2
"Arthur Cox","John Kuhn",2
"Arthur Cox","Adrian Peterson",2
"Arthur Cox","Kellen Winslow",3
"Arthur Cox","Guy McIntyre",2
"Arthur Cox","Corey Bradford",1
"Arthur Cox","Orlando Brown",4
"Joe Walter","Bruce Matthews",5
"Joe Walter","Isaiah Likely",4
"Joe Walter","Jimbo Covert",3
"Joe Walter","Robert Meachem",2
"Joe Walter","Steve Van Buren",2
"Joe Walter","Jim Zorn II",4
"Joe Walter","John Elway",2
"Joe Walter","Wan'Dale Robinson",1
"Joe Walter","Matt Stover",4
"Joe Walter","Todd Steussie",6
"Joe Walter","Kirk Gibson",11
"Joe Walter","Terry Long",1
"Joe Walter","Olin Kreutz",3
"Joe Walter","Mike Brisiel",2
"Joe Walter","Peyton Manning",5
"Joe Walter","Andrew Glover",1
"Joe Walter","Vernon Davis",6
"Joe Walter","Jeff Graham",4
"Joe Walter","Walt Sweeney",3
"Joe Walter","Fred Beasley",2
"Andy Headen","Zach Thomas",7
"Andy Headen","Mark Lee",2
"Andy Headen","Larry Brown",3
"Andy Headen","Rulon Jones",3
"Andy Headen","Harry Hamilton",2
"Andy Headen","Gill Byrd",1
"Andy Headen","Lewis Cine",2
"Andy Headen","Chinedum Ndukwe",2
"Andy Headen","Travis Hill",4
"Andy Headen","Mike Jones",3
"Andy Headen","David Fulcher",1
"Andy Headen","Johnny Jolly",1
"Andy Headen","Jay Bellamy",5
"Andy Headen","Barry Cofield",3
"Andy Headen","Leslie O'Neal",1
"Andy Headen","Kader Kohou",1
"Jay Novacek","Jeremy Ruckert",1
"Jay Novacek","Art Monk",14
"Jay Novacek","Cris Collinsworth",3
"Jay Novacek","Irving Fryar",13
"Jay Novacek","Sean Landeta",4
"Jay Novacek","Marshal Yanda",10
"Jay Novacek","Joe Staley",9
"Jay Novacek","Dan Fike",3
"Jay Novacek","Skyy Moore",7
"Jay Novacek","Randall Cunningham",4
"Jay Novacek","Forrest Gump",16
"Jay Novacek","Eric Crouch",7
"Jay Novacek","Don Mosebar",18
"Jay Novacek","Lance Smith",4
"Jay Novacek","Fred Taylor",4
"Jay Novacek","Matt Suhey",11
"Jay Novacek","Lionel Manuel",1
"Jay Novacek","John Kasay",4
"Jay Novacek","Shawn Jefferson",3
"Jay Novacek","Johnnie Morton",3
"Jay Novacek","Ed West",4
"Jay Novacek","William Floyd",5
"Jay Novacek","Tom Nalen",5
"Jay Novacek","Bruce Kozerski",4
"Jay Novacek","Alvin Harper",2
"Dan Fike","Clarence Kay",1
"Dan Fike","Irving Fryar",9
"Dan Fike","Eric Crouch",1
"Dan Fike","Joe Staley",4
"Dan Fike","Randall Cunningham",5
"Dan Fike","Marshal Yanda",5
"Dan Fike","Lance Smith",3
"Dan Fike","Forrest Gump",6
"Dan Fike","Skyy Moore",1
"Dan Fike","Brian Griese",3
"Dan Fike","Art Monk",3
"Dan Fike","Sean Landeta",2
"Dan Fike","Fred Taylor",6
"Dan Fike","Evan Pilgrim",4
"Dan Fike","Nick Folk",1
"Dan Fike","Don Mosebar",2
"Dan Fike","Ed McCaffrey",3
"Dan Fike","Johnnie Morton",4
"Dan Fike","William Floyd",1
"Kevin Hardy","Steve McMichael",4
"Kevin Hardy","Mario Williams",6
"Kevin Hardy","Dane Belton",3
"Kevin Hardy","Bryan Cox",1
"Kevin Hardy","Edgar Jones",1
"Kevin Hardy","Tamba Hali",5
"Kevin Hardy","LaRon Landry",3
"Kevin Hardy","Herman Edwards II",6
"Kevin Hardy","Bruce Pickens",3
"Kevin Hardy","Esera Tuaolo",3
"Kevin Hardy","Elvis Dumervil",3
"Kevin Hardy","Wes Hopkins",2
"Mario Williams","Louis Cooper",4
"Mario Williams","Donte Whitner",14
"Mario Williams","Clay Matthews",6
"Mario Williams","Pepper Johnson",8
"Mario Williams","Bryan Cox",10
"Mario Williams","Trent McDuffie",14
"Mario Williams","Charles Mincy",7
"Mario Williams","Steve McMichael",2
"Mario Williams","Wendell Cason",7
"Mario Williams","Bruce Pickens",7
"Mario Williams","Herman Edwards II",1
"Mario Williams","Elvis Dumervil",7
"Mario Williams","Ted Washington",6
"Mario Williams","Wes Hopkins",9
"Mario Williams","Kevin Hardy",5
"Mario Williams","Mike Flores",2
"Mario Williams","Brett Maxie",4
"Mario Williams","Tamba Hali",1
"Mario Williams","Jason Sehorn",1
"Tamba Hali","Louis Cooper",3
"Tamba Hali","Wendell Cason",5
"Tamba Hali","Dane Belton",3
"Tamba Hali","Mario Williams",4
"Tamba Hali","Elvis Dumervil",7
"Tamba Hali","Doug Reed",4
"Tamba Hali","John Browning",4
"Tamba Hali","Ted Washington",8
"Tamba Hali","Bryan Cox",1
"Tamba Hali","Mike Flores",1
"Tamba Hali","Donte Whitner",3
"Tamba Hali","Bruce Pickens",6
"Tamba Hali","Charles Mincy",2
"Tamba Hali","Kevin Hardy",6
"Tamba Hali","Pepper Johnson",1
"Tamba Hali","Tyron Brackenridge",2
"Tamba Hali","Jamir Miller",3
"Tamba Hali","Wes Hopkins",5
"Bryan Cox","Dane Belton",6
"Bryan Cox","Elvis Dumervil",10
"Bryan Cox","Wendell Cason",13
"Bryan Cox","Edgar Jones",2
"Bryan Cox","Bruce Pickens",4
"Bryan Cox","Kevin Hardy",2
"Bryan Cox","Pepper Johnson",5
"Bryan Cox","Tamba Hali",22
"Bryan Cox","John Browning",8
"Bryan Cox","Donte Whitner",5
"Bryan Cox","Ted Washington",7
"Bryan Cox","Tony Elliott",1
"Bryan Cox","Mike Flores",2
"Bryan Cox","Herman Edwards II",3
"Bryan Cox","Trent McDuffie",11
"Bryan Cox","Wes Hopkins",7
"Bryan Cox","Doug Reed",4
"Bryan Cox","Mario Williams",1
"Bryan Cox","Clay Matthews",3
"Bryan Cox","Mike Merriweather",1
"Bryan Cox","Donnie Abraham",1
"Bryan Cox","Jason Sehorn",4
"Bryan Cox","Brett Maxie",2
"Marshal Yanda","Clarence Kay",2
"Marshal Yanda","Irving Fryar",6
"Marshal Yanda","Joe Staley",11
"Marshal Yanda","Jay Novacek",4
"Marshal Yanda","Randall Cunningham",2
"Marshal Yanda","Jim Brown",5
"Marshal Yanda","Dan Fike",11
"Marshal Yanda","Lance Smith",10
"Marshal Yanda","Forrest Gump",10
"Marshal Yanda","Lionel Manuel",3
"Marshal Yanda","Art Monk",5
"Marshal Yanda","Fred Taylor",2
"Marshal Yanda","John Kasay",3
"Marshal Yanda","Skyy Moore",3
"Marshal Yanda","Jamal Anderson",5
"Marshal Yanda","Tom Nalen",3
"Marshal Yanda","Alvin Harper",1
"Marshal Yanda","Don Mosebar",1
"Marshal Yanda","Johnnie Morton",1
"Wendell Cason","Dane Belton",9
"Wendell Cason","Kevin Hardy",1
"Wendell Cason","Mario Williams",1
"Wendell Cason","Doug Reed",1
"Wendell Cason","John Browning",4
"Wendell Cason","Trent McDuffie",4
"Wendell Cason","Ted Washington",2
"Wendell Cason","Bruce Pickens",6
"Wendell Cason","Tamba Hali",7
"Wendell Cason","Steve McMichael",6
"Wendell Cason","Charles Mincy",9
"Wendell Cason","Pepper Johnson",8
"Wendell Cason","Donte Whitner",3
"Wendell Cason","Mike Flores",5
"Wendell Cason","Herman Edwards II",1
"Wendell Cason","Clay Matthews",3
"Wendell Cason","Edgar Jones",12
"Wendell Cason","Bryan Cox",1
"Wendell Cason","Elvis Dumervil",1
"Wendell Cason","Greg Kragen",5
"Wendell Cason","Donnie Abraham",2
"Irving Fryar","Art Monk",2
"Irving Fryar","Cris Collinsworth",3
"Irving Fryar","John Kasay",1
"Irving Fryar","John Wade",2
"Irving Fryar","Clay Shiver",1
"Irving Fryar","Trevor Penning",10
"Irving Fryar","Lionel Manuel",4
"Irving Fryar","Joe Staley",1
"Irving Fryar","Forrest Gump",6
"Irving Fryar","Fred Taylor",3
"Irving Fryar","Randall Cunningham",9
"Irving Fryar","Dan Fike",6
"Irving Fryar","Marshal Yanda",11
"Irving Fryar","Skyy Moore",3
"Irving Fryar","Anthony Redmon",5
"Irving Fryar","Lance Smith",10
"Irving Fryar","Ed West",6
"Irving Fryar","Robbie Tobeck",3
"Irving Fryar","Jamal Anderson",2
"Irving Fryar","Tom Nalen",6
"Irving Fryar","Don Mosebar",3
"Irving Fryar","Shawn Jefferson",5
"Irving Fryar","Ed McCaffrey",2
"Irving Fryar","Bruce Kozerski",2
"Clay Matthews","Bruce Pickens",4
"Clay Matthews","Eddie Anderson",1
"Clay Matthews","Wendell Cason",8
"Clay Matthews","Trent McDuffie",14
"Clay Matthews","Bryan Cox",7
"Clay Matthews","Edgar Jones",2
"Clay Matthews","Ted Washington",7
"Clay Matthews","Donte Whitner",6
"Clay Matthews","Mike Flores",3
"Clay Matthews","Dane Belton",3
"Clay Matthews","Tamba Hali",6
"Clay Matthews","Doug Reed",8
"Clay Matthews","Charles Mincy",2
"Clay Matthews","Elvis Dumervil",2
"Clay Matthews","Donnie Abraham",4
"Clay Matthews","Anthony Spencer",5
"Clay Matthews","Mario Williams",1
"Clay Matthews","Pepper Johnson",2
"Trent McDuffie","Eddie Anderson",7
"Trent McDuffie","Wendell Cason",6
"Trent McDuffie","Donte Whitner",13
"Trent McDuffie","Kelvin Pritchett",2
"Trent McDuffie","John Browning",5
"Trent McDuffie","Tamba Hali",6
"Trent McDuffie","Bryan Cox",6
"Trent McDuffie","Steve McMichael",3
"Trent McDuffie","Herman Edwards II",7
"Trent McDuffie","Mario Williams",7
"Trent McDuffie","Pepper Johnson",2
"Trent McDuffie","Mike Flores",5
"Trent McDuffie","Doug Reed",2
"Trent McDuffie","Elvis Dumervil",13
"Trent McDuffie","Bruce Pickens",4
"Trent McDuffie","Charles Mincy",3
"Trent McDuffie","Clay Matthews",6
"Trent McDuffie","Kevin Hardy",1
"Trent McDuffie","Tyron Brackenridge",5
"Trent McDuffie","Jason Sehorn",1
"Trent McDuffie","Donnie Abraham",4
"Trent McDuffie","Lee Woodall",2
"Trent McDuffie","Brett Maxie",1
"Trent McDuffie","Wes Hopkins",3
"Forrest Gump","Fred Taylor",8
"Forrest Gump","Marshal Yanda",10
"Forrest Gump","John Kasay",3
"Forrest Gump","Clarence Kay",2
"Forrest Gump","Jay Novacek",9
"Forrest Gump","Irving Fryar",9
"Forrest Gump","Cris Collinsworth",10
"Forrest Gump","Trevor Penning",2
"Forrest Gump","Matt Suhey",9
"Forrest Gump","Randall Cunningham",5
"Forrest Gump","Lance Smith",4
"Forrest Gump","Brian Griese",2
"Forrest Gump","Joe Staley",4
"Forrest Gump","Dan Fike",2
"Forrest Gump","Skyy Moore",3
"Forrest Gump","Don Mosebar",8
"Forrest Gump","Art Monk",4
"Forrest Gump","Eddie Kennison",3
"Forrest Gump","Lionel Manuel",2
"Forrest Gump","William Floyd",4
"Forrest Gump","Shawn Jefferson",6
"Forrest Gump","Ed McCaffrey",4
"Forrest Gump","Johnnie Morton",4
"Forrest Gump","Ron Heller",3
"Forrest Gump","Bruce Kozerski",3
"John Browning","Charles Mincy",3
"John Browning","Mario Williams",2
"John Browning","Mike Flores",1
"John Browning","Elvis Dumervil",2
"John Browning","Ted Washington",5
"John Browning","Wendell Cason",1
"John Browning","Bryan Cox",2
"John Browning","Donte Whitner",5
"John Browning","Tyron Brackenridge",2
"John Browning","Jamir Miller",2
"John Browning","Brett Maxie",2
"John Browning","Trent McDuffie",2
"John Browning","Tamba Hali",1
"John Browning","Bruce Pickens",2
"Randall Cunningham","Fred Taylor",22
"Randall Cunningham","Irving Fryar",9
"Randall Cunningham","John Wade",1
"Randall Cunningham","John Kasay",2
"Randall Cunningham","Eric Crouch",2
"Randall Cunningham","Jim Brown",3
"Randall Cunningham","Marshal Yanda",10
"Randall Cunningham","Matt Suhey",4
"Randall Cunningham","Joe Staley",5
"Randall Cunningham","Don Mosebar",10
"Randall Cunningham","Eddie Kennison",4
"Randall Cunningham","Dan Fike",5
"Randall Cunningham","Trevor Penning",4
"Randall Cunningham","Lance Smith",7
"Randall Cunningham","Forrest Gump",7
"Randall Cunningham","Art Monk",13
"Randall Cunningham","Skyy Moore",5
"Randall Cunningham","Lionel Manuel",3
"Randall Cunningham","Cris Collinsworth",3
"Randall Cunningham","Shawn Jefferson",1
"Randall Cunningham","Jay Novacek",4
"Randall Cunningham","Jim Arnold",1
"Randall Cunningham","Johnnie Morton",2
"Randall Cunningham","Ed McCaffrey",1
"Randall Cunningham","Ron Heller",1
"Randall Cunningham","Bruce Kozerski",1
"Tyron Brackenridge","Steve McMichael",4
"Tyron Brackenridge","Kevin Hardy",9
"Tyron Brackenridge","Doug Reed",2
"Tyron Brackenridge","Donte Whitner",6
"Tyron Brackenridge","Trent McDuffie",2
"Tyron Brackenridge","Greg Kragen",1
"Tyron Brackenridge","Pepper Johnson",3
"Tyron Brackenridge","Bryan Cox",4
"Tyron Brackenridge","Ted Washington",1
"Tyron Brackenridge","Donnie Abraham",1
"Donte Whitner","Wendell Cason",13
"Donte Whitner","LaRon Landry",3
"Donte Whitner","Bruce Pickens",10
"Donte Whitner","Tamba Hali",14
"Donte Whitner","Eddie Anderson",1
"Donte Whitner","Doug Reed",7
"Donte Whitner","Mario Williams",9
"Donte Whitner","Charles Mincy",4
"Donte Whitner","Pepper Johnson",4
"Donte Whitner","Mossy Cade",4
"Donte Whitner","Mike Flores",2
"Donte Whitner","Ted Washington",9
"Donte Whitner","Bryan Cox",3
"Donte Whitner","Kevin Hardy",1
"Donte Whitner","Tyron Brackenridge",1
"Donte Whitner","Clay Matthews",8
"Donte Whitner","Trent McDuffie",3
"Donte Whitner","Brett Maxie",1
"Donte Whitner","Jason Sehorn",1
"Elvis Dumervil","LaRon Landry",3
"Elvis Dumervil","Dane Belton",3
"Elvis Dumervil","Steve McMichael",6
"Elvis Dumervil","Tamba Hali",19
"Elvis Dumervil","Ted Washington",13
"Elvis Dumervil","Mario Williams",12
"Elvis Dumervil","Trent McDuffie",11
"Elvis Dumervil","Louis Cooper",4
"Elvis Dumervil","Wes Hopkins",6
"Elvis Dumervil","Mike Flores",3
"Elvis Dumervil","Bryan Cox",5
"Elvis Dumervil","John Browning",5
"Elvis Dumervil","Doug Reed",1
"Elvis Dumervil","Pepper Johnson",3
"Elvis Dumervil","Mike Merriweather",1
"Elvis Dumervil","Esera Tuaolo",5
"Fred Taylor","Clarence Kay",3
"Fred Taylor","Jim Brown",5
"Fred Taylor","Cris Collinsworth",7
"Fred Taylor","Don Mosebar",18
"Fred Taylor","Lance Smith",13
"Fred Taylor","Skyy Moore",2
"Fred Taylor","Marshal Yanda",4
"Fred Taylor","Randall Cunningham",7
"Fred Taylor","Dan Fike",2
"Fred Taylor","Forrest Gump",7
"Fred Taylor","Trevor Penning",2
"Fred Taylor","Joe Staley",4
"Fred Taylor","Art Monk",6
"Fred Taylor","Eddie Kennison",1
"Fred Taylor","Jay Novacek",4
"Fred Taylor","Shawn Jefferson",2
"Fred Taylor","Bruce Kozerski",2
"Fred Taylor","Tom Nalen",2
"Fred Taylor","Johnnie Morton",3
"Fred Taylor","Alvin Harper",1
"Fred Taylor","Jamal Anderson",1
"Fred Taylor","Ron Heller",5
"Pepper Johnson","Kevin Hardy",3
"Pepper Johnson","Herman Edwards II",2
"Pepper Johnson","Trent McDuffie",10
"Pepper Johnson","Bryan Cox",5
"Pepper Johnson","Charles Mincy",3
"Pepper Johnson","Edgar Jones",2
"Pepper Johnson","John Browning",5
"Pepper Johnson","Doug Reed",6
"Pepper Johnson","Donte Whitner",12
"Pepper Johnson","Ted Washington",3
"Pepper Johnson","Clay Matthews",8
"Pepper Johnson","Mario Williams",6
"Pepper Johnson","Elvis Dumervil",2
"Pepper Johnson","Wes Hopkins",2
"Pepper Johnson","Bruce Pickens",2
"Pepper Johnson","Mike Flores",1
"Pepper Johnson","Mike Merriweather",1
"Pepper Johnson","Wendell Cason",1
"Pepper Johnson","Esera Tuaolo",1
"Pepper Johnson","Brett Maxie",2
"Pepper Johnson","Jason Sehorn",3
"Ted Washington","Juran Bolden",10
"Ted Washington","Cobie Durant",4
"Ted Washington","Larry Roberts",2
"Ted Washington","Wendell Cason",3
"Ted Washington","John Browning",18
"Ted Washington","Charles Mincy",14
"Ted Washington","Donte Whitner",3
"Ted Washington","Bryan Cox",6
"Ted Washington","Trent McDuffie",3
"Ted Washington","Tamba Hali",4
"Ted Washington","Doug Reed",4
"Ted Washington","Mike Flores",3
"Ted Washington","Mario Williams",7
"Ted Washington","Clay Matthews",7
"Ted Washington","Elvis Dumervil",9
"Ted Washington","Tyron Brackenridge",2
"Ted Washington","Pepper Johnson",8
"Ted Washington","Wes Hopkins",3
"Ted Washington","Anthony Spencer",3
"Mike Merriweather","Frank Minnifield",7
"Mike Merriweather","Jonathan Lewis",2
"Mike Merriweather","Nik Bonitto",2
"Mike Merriweather","Reed Blankenship",2
"Mike Merriweather","Jacob Green",2
"Mike Merriweather","Gary Plummer",1
"Mike Merriweather","Curly Lambeau",5
"Mike Merriweather","Donte Whitner",2
"Mike Merriweather","Wes Hopkins",3
"Wes Hopkins","Evan Cooper",5
"Wes Hopkins","Domata Peko",4
"Wes Hopkins","Bruce Smith",5
"Wes Hopkins","Michael Carter",7
"Wes Hopkins","Chris Doleman",4
"Wes Hopkins","John Browning",1
"Wes Hopkins","Wendell Cason",5
"Wes Hopkins","Tyron Brackenridge",5
"Wes Hopkins","Elvis Dumervil",2
"Wes Hopkins","Bryan Cox",4
"Wes Hopkins","Brett Maxie",2
"Wes Hopkins","Tamba Hali",3
"Wes Hopkins","Bruce Pickens",4
"Wes Hopkins","Pepper Johnson",4
"Wes Hopkins","Jason Sehorn",6
"Wes Hopkins","Mike Flores",2
"Wes Hopkins","Mario Williams",5
"Wes Hopkins","Trent McDuffie",4
"Wes Hopkins","Clay Matthews",1
"Wes Hopkins","Ted Washington",2
"Don Mosebar","Marshal Yanda",6
"Don Mosebar","Joe Staley",1
"Don Mosebar","Art Monk",4
"Don Mosebar","Jay Novacek",6
"Don Mosebar","Cris Collinsworth",6
"Don Mosebar","Trevor Penning",2
"Don Mosebar","Skyy Moore",4
"Don Mosebar","Dan Fike",2
"Don Mosebar","Forrest Gump",7
"Don Mosebar","Clarence Kay",5
"Don Mosebar","Lance Smith",6
"Don Mosebar","Irving Fryar",1
"Don Mosebar","Evan Pilgrim",2
"Don Mosebar","Randall Cunningham",3
"Don Mosebar","Chuck Long",3
"Don Mosebar","Johnnie Morton",1
"Don Mosebar","Jamal Anderson",6
"Don Mosebar","Shawn Jefferson",2
"Don Mosebar","Ed McCaffrey",4
"Bruce Pickens","Mario Williams",12
"Bruce Pickens","Doug Reed",1
"Bruce Pickens","LaRon Landry",3
"Bruce Pickens","Kevin Hardy",3
"Bruce Pickens","Ted Washington",3
"Bruce Pickens","Wendell Cason",2
"Bruce Pickens","Donte Whitner",11
"Bruce Pickens","Trent McDuffie",9
"Bruce Pickens","Steve McMichael",4
"Bruce Pickens","Pepper Johnson",4
"Jason Sehorn","Bryan Cox",2
"Jason Sehorn","Wes Hopkins",4
"Jason Sehorn","Brett Maxie",3
"Jason Sehorn","Bruce Pickens",1
"Jason Sehorn","Ted Washington",6
"Jason Sehorn","John Browning",4
"Jason Sehorn","Pepper Johnson",2
"Jason Sehorn","Clay Matthews",1
"Jason Sehorn","Trent McDuffie",2
"Brett Maxie","Sauce Gardner",2
"Brett Maxie","Barry Cofield",10
"Brett Maxie","Johnny Jolly",1
"Brett Maxie","A.J. Hawk",2
"Brett Maxie","Kader Kohou",16
"Brett Maxie","Bobby Butler",4
"Brett Maxie","Dixon Edwards",1
"Brett Maxie","Danny Walters",4
"Brett Maxie","Dominique Robinson",6
"Brett Maxie","Leslie O'Neal",8
"Brett Maxie","Leonard Marshall",1
"Brett Maxie","Patrick Allen",2
"Brett Maxie","Mike Croel",5
"Brett Maxie","David Fulcher",5
"Brett Maxie","Tim Krumrie",2
"Brett Maxie","Clay Matthews",3
"Brett Maxie","Wes Hopkins",3
"Brett Maxie","Tamba Hali",9
"Brett Maxie","Mario Williams",2
"Brett Maxie","Esera Tuaolo",2
"Brett Maxie","Pepper Johnson",2
"Brett Maxie","Bryan Cox",3
"Alvin Harper","Scott Mitchell",1
"Alvin Harper","Steve Sewell",6
"Alvin Harper","Joseph Addai",2
"Alvin Harper","Gene Williams",3
"Alvin Harper","Jim Everett",1
"Alvin Harper","Bubba Paris",3
"Alvin Harper","Pete Holohan",5
"Alvin Harper","Tra Thomas",2
"Alvin Harper","Kenyon Green",2
"Alvin Harper","Justin Blalock",3
"Alvin Harper","James Brooks II",1
"Alvin Harper","Chris Kemoeatu",2
"Alvin Harper","Marcus McNeill",1
"Alvin Harper","Clay Shiver",2
"Alvin Harper","Rick Donnelly",3
"Alvin Harper","Dan Fike",4
"Alvin Harper","Marshal Yanda",3
"Alvin Harper","Anthony Redmon",2
"Alvin Harper","Chuck Long",2
"Alvin Harper","Ed McCaffrey",3
"Alvin Harper","William Floyd",1
"Tom Nalen","Irving Fryar",3
"Tom Nalen","Fred Taylor",4
"Lee Woodall","Pepper Johnson",4
"Lee Woodall","Tamba Hali",2
"Lee Woodall","John Browning",1
"Lee Woodall","Jason Sehorn",3
"Johnnie Morton","Irving Fryar",8
"Johnnie Morton","Ed McCaffrey",3
"Johnnie Morton","Bruce Kozerski",6
"Johnnie Morton","Carlester Crumpler",4
"Johnnie Morton","Shawn Jefferson",2
"Johnnie Morton","Dan Fike",2
"Johnnie Morton","Randall Cunningham",3
"Johnnie Morton","William Floyd",2
"Johnnie Morton","Ed West",5
"Johnnie Morton","Marshal Yanda",3
"Jamal Anderson","Bruce Kozerski",1
"Jamal Anderson","Ed McCaffrey",1
"Jamal Anderson","Johnnie Morton",3
"Jamal Anderson","Lance Smith",5
"Jamal Anderson","Tom Nalen",5
"Jamal Anderson","Marshal Yanda",4
"Jamal Anderson","Randall Cunningham",1
"Jamal Anderson","Charlie Johnson",4
"William Floyd","Jamal Anderson",1
"William Floyd","Ed McCaffrey",3
"William Floyd","Alvin Harper",3
"William Floyd","Don Mosebar",2
"William Floyd","Randall Cunningham",1
"William Floyd","Irving Fryar",5
"Jamir Miller","Wendell Cason",2
"Jamir Miller","Kevin Hardy",3
"Anthony Redmon","Carlester Crumpler",3
"Anthony Redmon","Marshal Yanda",4
"Anthony Redmon","Chuck Long",1
"Anthony Redmon","Ed McCaffrey",1
"Anthony Redmon","Dan Fike",4
"Ed McCaffrey","Rick Mallory",2
"Ed McCaffrey","Mike Flynn",2
"Ed McCaffrey","Charles Cross",2
"Ed McCaffrey","Corey Bradford",2
"Ed McCaffrey","Mark Nichols",8
"Ed McCaffrey","Joe Montana",3
"Ed McCaffrey","Tyler Linderbaum",11
"Ed McCaffrey","Guy McIntyre",4
"Ed McCaffrey","Adrian Peterson",6
"Ed McCaffrey","D'Brickashaw Ferguson",16
"Ed McCaffrey","Kellen Winslow",4
"Ed McCaffrey","Louis Lipps",4
"Ed McCaffrey","Arthur Cox",4
"Ed McCaffrey","Kirk Lowdermilk",4
"Ed McCaffrey","Terrell Owens",2
"Ed McCaffrey","Johnnie Morton",9
"Ed McCaffrey","Marshal Yanda",7
"Ed McCaffrey","Bruce Kozerski",5
"Ed McCaffrey","Dan Fike",5
"Ed McCaffrey","Fred Taylor",5
"Ed McCaffrey","Jay Novacek",8
"Ed McCaffrey","William Floyd",2
"Ed McCaffrey","Anthony Redmon",1
"Ed McCaffrey","Randall Cunningham",1
"Ed McCaffrey","Irving Fryar",2
"Chuck Long","Mike Goff",3
"Chuck Long","Tim Dwight",3
"Chuck Long","Bill Fralic",2
"Chuck Long","Robbie Tobeck",2
"Chuck Long","Fred Taylor",2
"Nick Folk","Greg Olsen",3
"Nick Folk","Mark Clayton",2
"Nick Folk","Kyle Turley",1
"Nick Folk","Russ Grimm",3
"Nick Folk","Ed Ingram",1
"Nick Folk","Eric Winston",4
"Nick Folk","Lance Smith",1
"Nick Folk","Don Mosebar",2
"Nick Folk","Anthony Redmon",3
"Nick Folk","William Floyd",2
"Nick Folk","Irving Fryar",2
"Bruce Kozerski","Oliver Luck",2
"Bruce Kozerski","Jake Reed",8
"Bruce Kozerski","Mike Goff",9
"Bruce Kozerski","Jaylen Warren",3
"Bruce Kozerski","Drake London",3
"Bruce Kozerski","Irv Pankey",13
"Bruce Kozerski","Jason Spitz",18
"Bruce Kozerski","Eric Dickerson",6
"Bruce Kozerski","Ernie Conwell",7
"Bruce Kozerski","Mike Quick",2
"Bruce Kozerski","LeBron James",6
"Bruce Kozerski","Bill Fralic",6
"Bruce Kozerski","John Michels",4
"Bruce Kozerski","Jim Arnold",4
"Bruce Kozerski","Johnny Unitas",3
"Bruce Kozerski","Al Del Greco",4
"Bruce Kozerski","Marshal Yanda",6
"Bruce Kozerski","Shawn Jefferson",3
"Bruce Kozerski","Jay Novacek",1
"Bruce Kozerski","Charlie Johnson",2
"Bruce Kozerski","Forrest Gump",1
"Eric Crouch","Clay Shiver",3
"Eric Crouch","Fred Taylor",4
"Eric Crouch","Marshal Yanda",2
"Eric Crouch","Sean Landeta",4
"Eric Crouch","Trevor Penning",3
"Eric Crouch","Jim Brown",1
"Eric Crouch","Lance Smith",3
"Eric Crouch","Skyy Moore",2
"Eric Crouch","Eddie Kennison",4
"Eric Crouch","Art Monk",3
"Eric Crouch","Jay Novacek",3
"Eric Crouch","Cris Collinsworth",3
"Eric Crouch","Forrest Gump",3
"Esera Tuaolo","Vince Newsome",3
"Esera Tuaolo","Hugh Green",1
"Esera Tuaolo","Lee Woodall",1
"Esera Tuaolo","Donte Whitner",1
"Jim Arnold","Jason Spitz",3
"Jim Arnold","Raleigh McKenzie",1
"Jim Arnold","Ernie Conwell",3
"Jim Arnold","Bill Fralic",3
"Jim Arnold","Charles McRae",1
"Jim Arnold","Al Del Greco",3
"Jim Arnold","John Michels",4
"Jim Arnold","Jake Reed",1
"Jim Arnold","Eric Dickerson",1
"Mike Flores","Bryan Cox",3
"Mike Flores","Tamba Hali",5
"Mike Flores","Wendell Cason",7
"Mike Flores","Doug Reed",2
"Mike Flores","Pepper Johnson",3
"Mike Flores","Herman Edwards II",1
"Mike Flores","Clay Matthews",8
"Mike Flores","Trent McDuffie",5
"Mike Flores","Dane Belton",3
"Mike Flores","Mario Williams",8
"Mike Flores","Wes Hopkins",4
"Mike Flores","Tyron Brackenridge",3
"Mike Flores","Steve McMichael",5
"Mike Flores","Jason Sehorn",3
"Mike Flores","Bruce Pickens",3
"Mike Flores","Donnie Abraham",2
"Ed West","Jim Brown",1
"Ed West","Clay Shiver",3
"Ed West","Kyle Turley",3
"Ed West","Bernie Kosar",4
"Ed West","Alvin Harper",1
"Ed West","Robbie Tobeck",5
"Ed West","Tom Nalen",3
"Ed West","Don Mosebar",1
"Ed West","Dan Fike",1
"Ed West","Shawn Jefferson",2
"Greg Kragen","Eric Smith",3
"Greg Kragen","Mike Dumas",6
"Greg Kragen","Darryl Tapp",4
"Greg Kragen","Charles Haley",5
"Greg Kragen","Trent McDuffie",2
"Greg Kragen","Tamba Hali",4
"Greg Kragen","Lee Woodall",2
"Greg Kragen","John Browning",5
"Darrin Nelson","Preston Gothard",1
"Darrin Nelson","Kenneth Walker III",3
"Darrin Nelson","Ryan Cook",1
"Ron Heller","Shawn Jefferson",3
"Ron Heller","Johnnie Morton",4
"Ron Heller","Ed West",3
"Ron Heller","Fred Taylor",1
"Ron Heller","Bruce Kozerski",2
"Ron Heller","Jamal Anderson",3
"Ron Heller","Marshal Yanda",5
"Ron Heller","Jim Arnold",4
"Shawn Jefferson","Steve Jordan",2
"Shawn Jefferson","Larry Lee",3
"Shawn Jefferson","Willie Anderson",5
"Shawn Jefferson","Anthony Carter",1
"Shawn Jefferson","Mike Rozier",1
"Shawn Jefferson","Roman Fortin",2
"Shawn Jefferson","Mike Munchak",1
"Shawn Jefferson","Brandon Marshall",4
"Shawn Jefferson","Lance Smith",5
"Shawn Jefferson","Johnnie Morton",1
"Donnie Abraham","Ted Washington",1
"Donnie Abraham","Brett Maxie",3
"Donnie Abraham","Esera Tuaolo",2
"Donnie Abraham","Pepper Johnson",2
"Donnie Abraham","Wes Hopkins",5
"Anthony Spencer","Bobby Hamilton",12
"Anthony Spencer","Brian Dawkins",6
"Anthony Spencer","Nakobe Dean",4
"Anthony Spencer","Vinnie Clark",2
"Anthony Spencer","Merton Hanks",2
"Anthony Spencer","Larry Chester",2
"Anthony Spencer","Mark Collins",3
"Anthony Spencer","Shawn Miller",1
"Anthony Spencer","Daryl Gardener",4
"Anthony Spencer","Gaines Adams",5
"Charlie Johnson","Quentin Neujahr",5
"Charlie Johnson","Ricky Sanders",2
"Brian Griese","Marshal Yanda",2
"Brian Griese","Forrest Gump",1
"Brian Griese","Cris Collinsworth",2
"Brian Griese","Matt Suhey",4
"Brian Griese","Trevor Penning",1
"Brian Griese","Ed McCaffrey",2
"Brian Griese","Tom Nalen",2
"Matt Suhey","Irving Fryar",3
"Matt Suhey","Jim Brown",2
"Matt Suhey","Joe Staley",1
"Matt Suhey","Forrest Gump",11
"Matt Suhey","Skyy Moore",1
"Matt Suhey","Marshal Yanda",5
"Matt Suhey","Trevor Penning",1
"Robbie Tobeck","Alvin Harper",4
"Robbie Tobeck","Dan Fike",3
"Robbie Tobeck","Bruce Kozerski",3
"Edgar Jones","Mossy Cade",4
"Edgar Jones","Bruce Pickens",4
"Edgar Jones","Bryan Cox",9
"Edgar Jones","Herman Edwards II",2
"Edgar Jones","Trent McDuffie",2
"Edgar Jones","Dane Belton",2
"Edgar Jones","Ted Washington",4
"Edgar Jones","Clay Matthews",5
"Edgar Jones","Pepper Johnson",3
"Edgar Jones","Wendell Cason",5
"Edgar Jones","Brett Maxie",2
"Carlester Crumpler","Irving Fryar",3
"Carlester Crumpler","Johnnie Morton",2
"Carlester Crumpler","Fred Taylor",1
"Lance Smith","Skyy Moore",1
"Lance Smith","Jay Novacek",13
"Lance Smith","Ed West",9
"Lance Smith","Marshal Yanda",11
"Lance Smith","Clay Shiver",1
"Lance Smith","Cris Collinsworth",6
"Lance Smith","Don Mosebar",18
"Lance Smith","Irving Fryar",2
"Lance Smith","Fred Taylor",8
"Lance Smith","Eddie Kennison",3
"Lance Smith","Art Monk",8
"Lance Smith","Joe Staley",2
"Lance Smith","Trevor Penning",4
"Lance Smith","Matt Suhey",1
"Lance Smith","Forrest Gump",11
"Lance Smith","Dan Fike",5
"Lance Smith","John Kasay",1
"Lance Smith","Evan Pilgrim",3
"Lance Smith","Brian Griese",3
"Lance Smith","Lionel Manuel",5
"Lance Smith","Randall Cunningham",3
"Lance Smith","Clarence Kay",1
"Lance Smith","Tom Nalen",5
"Lance Smith","Alvin Harper",3
"Lance Smith","William Floyd",2
"Morten Andersen","Ken Ruettgers",8
"Morten Andersen","George Halas",5
"Morten Andersen","Jonathan Hayes",2
"Morten Andersen","Laurent Robinson",5
"Morten Andersen","Joshua Ezeudu",3
"Morten Andersen","Jimmy Conzelman",5
"Morten Andersen","Terry Allen",6
"Morten Andersen","Reggie Langhorne",6
"Morten Andersen","Pete Holohan",1
"Morten Andersen","Pete Kendall",1
"Morten Andersen","Antone Davis",2
"Morten Andersen","James Jones WR",4
"Morten Andersen","Kevin Glover",1
"Morten Andersen","Willie Colon",1
"Morten Andersen","Willie Davis",1
"Ken Reeves","Mike Tice",4
"Ken Reeves","Jim Ritcher",9
"Ken Reeves","Rich Tylski",4
"Ken Reeves","Pete Holohan",3
"Ken Reeves","George Halas",6
"Ken Reeves","Ken Ruettgers",13
"Ken Reeves","Joseph Addai",3
"Ken Reeves","D'Pez Poopsie",3
"Ken Reeves","Mark Duper",3
"Ken Reeves","Jimmy Conzelman",1
"Ken Reeves","Bubba Paris",4
"Ken Reeves","Scott Mitchell",5
"Ken Reeves","Terry Allen",4
"Ken Reeves","Malik Willis",1
"Ken Reeves","Reggie Langhorne",12
"Ken Reeves","Gene Williams",6
"Ken Reeves","Willie Davis",8
"Ken Reeves","Dan Turk",5
"Ken Reeves","Steve Sewell",3
"Ken Reeves","LenDale White",3
"Ken Reeves","Antone Davis",3
"Randy Gradishar","Ken Clarke",4
"Randy Gradishar","Otis Wilson",12
"Randy Gradishar","Nephi Sewell",7
"Randy Gradishar","Eric Swann",11
"Randy Gradishar","TJAJRJ Backslashinfourth V",13
"Randy Gradishar","Cobie Durant",2
"Randy Gradishar","Cedric Mack",6
"Randy Gradishar","Kenny Easley",2
"Randy Gradishar","Phillip Daniels",6
"Randy Gradishar","Mike Richardson",8
"Randy Gradishar","Larry Roberts",1
"Randy Gradishar","Robert Lyles",2
"Randy Gradishar","Terrel Bernard",5
"Randy Gradishar","Paul Moyer",4
"Randy Gradishar","Reggie Camp",2
"Mike Richardson","Larry Roberts",13
"Mike Richardson","Christopher Hinton",11
"Mike Richardson","Cobie Durant",9
"Mike Richardson","Kenny Easley",8
"Mike Richardson","Juran Bolden",6
"Mike Richardson","Cedric Mack",7
"Mike Richardson","TJAJRJ Backslashinfourth V",12
"Mike Richardson","Nephi Sewell",20
"Mike Richardson","Terrel Bernard",3
"Mike Richardson","Robert Lyles",9
"Mike Richardson","Randy Gradishar",7
"Mike Richardson","Dexter Manley",11
"Mike Richardson","Eric Swann",10
"Mike Richardson","Paul Moyer",4
"Mike Richardson","Deron Cherry",3
"Mike Richardson","Otis Wilson",5
"Mike Richardson","Jake Hummel",4
"Mike Richardson","Myron Bell",8
"Mike Richardson","Johnny Meads",3
"Mike Richardson","Elijah Hicks",7
"Otis Wilson","Randy Gradishar",7
"Otis Wilson","Kevin Greene",5
"Otis Wilson","Terrel Bernard",5
"Otis Wilson","TJAJRJ Backslashinfourth V",3
"Otis Wilson","Eric Swann",8
"Otis Wilson","Dexter Manley",4
"Otis Wilson","Johnny Meads",1
"Otis Wilson","Larry Roberts",4
"Otis Wilson","Paul Moyer",8
"Otis Wilson","Cobie Durant",6
"Otis Wilson","Elijah Hicks",3
"Otis Wilson","Cortland Finnegan",2
"Johnny Meads","Randy Gradishar",10
"Johnny Meads","Kenny Easley",3
"Johnny Meads","Robert Lyles",5
"Johnny Meads","Deron Cherry",1
"Johnny Meads","Phillip Daniels",15
"Johnny Meads","Juran Bolden",6
"Johnny Meads","Terrel Bernard",9
"Johnny Meads","Ken Clarke",2
"Johnny Meads","Dexter Manley",3
"Johnny Meads","Jake Hummel",5
"Johnny Meads","Larry Roberts",3
"Johnny Meads","Christopher Hinton",1
"Johnny Meads","Dewayne Washington",3
"Johnny Meads","Elbert Foules",4
"LenDale White","Pete Holohan",3
"LenDale White","Alvin Harper",4
"LenDale White","Bubba Paris",4
"LenDale White","Mark Duper",3
"LenDale White","Gene Williams",3
"LenDale White","Ken Reeves",3
"LenDale White","Zach Tom",3
"LenDale White","Reggie Langhorne",3
"LenDale White","Troy Hairston",4
"Paul Moyer","Christopher Hinton",4
"Paul Moyer","Randy Gradishar",9
"Paul Moyer","Mike Richardson",13
"Paul Moyer","Terrel Bernard",15
"Paul Moyer","Cedric Mack",5
"Paul Moyer","Otis Wilson",17
"Paul Moyer","Johnny Meads",2
"Paul Moyer","Eric Swann",7
"Paul Moyer","Robert Lyles",5
"Paul Moyer","Cobie Durant",4
"Paul Moyer","Dexter Manley",2
"Paul Moyer","TJAJRJ Backslashinfourth V",5
"Paul Moyer","Nephi Sewell",6
"Paul Moyer","Phillip Daniels",2
"Paul Moyer","Kenny Easley",1
"Paul Moyer","Toby Wright",4
"Phillip Daniels","Eric Swann",12
"Phillip Daniels","Christopher Hinton",11
"Phillip Daniels","Deron Cherry",2
"Phillip Daniels","Randy Gradishar",1
"Phillip Daniels","Terrel Bernard",7
"Phillip Daniels","Dexter Manley",21
"Phillip Daniels","Otis Wilson",5
"Phillip Daniels","Paul Moyer",2
"Phillip Daniels","Kenny Easley",6
"Phillip Daniels","Cobie Durant",6
"Phillip Daniels","Juran Bolden",3
"Phillip Daniels","Keith Browner",1
"Phillip Daniels","Dewayne Washington",4
"Phillip Daniels","Toby Wright",4
"Phillip Daniels","TJAJRJ Backslashinfourth V",4
"Phillip Daniels","Mike Richardson",4
"Phillip Daniels","Johnny Meads",2
"Phillip Daniels","Mike Charles",1
"Phillip Daniels","Elijah Hicks",4
"Pete Holohan","Jeff Hartings",2
"Pete Holohan","Joseph Addai",3
"Pete Holohan","Steve Sewell",10
"Pete Holohan","Alvin Harper",2
"Pete Holohan","Malik Willis",1
"Pete Holohan","Ken Reeves",11
"Pete Holohan","Willie Davis",6
"Pete Holohan","Gene Williams",6
"Pete Holohan","Joshua Ezeudu",4
"Pete Holohan","Reggie Langhorne",6
"Pete Holohan","George Halas",3
"Pete Holohan","Dennis Gentry",2
"Pete Holohan","Dan Turk",6
"Pete Holohan","LenDale White",5
"Pete Holohan","Terry Allen",4
"Pete Holohan","Bubba Paris",4
"Pete Holohan","Ken Ruettgers",4
"Juran Bolden","Kevin Greene",4
"Juran Bolden","Otis Wilson",2
"Juran Bolden","Kenny Easley",2
"Juran Bolden","Christopher Hinton",12
"Juran Bolden","Eric Swann",3
"Juran Bolden","Terrel Bernard",4
"Juran Bolden","Mike Richardson",3
"Juran Bolden","Robert Lyles",3
"Juran Bolden","Dewayne Washington",3
"Juran Bolden","Cortland Finnegan",1
"Juran Bolden","Phillip Daniels",3
"Willie Davis","Mark Duper",1
"Willie Davis","Mike Tice",3
"Willie Davis","Ken Reeves",2
"Willie Davis","Steve Sewell",5
"Willie Davis","Ken Ruettgers",4
"Willie Davis","Morten Andersen",3
"Willie Davis","Reggie Langhorne",7
"Willie Davis","Rich Tylski",1
"Willie Davis","Dan Turk",3
"Willie Davis","George Halas",2
"Willie Davis","Dennis Gentry",3
"Willie Davis","LenDale White",1
"Willie Davis","James Jones WR",2
"Jimmy Conzelman","Stephone Paige",2
"Jimmy Conzelman","Joseph Addai",7
"Jimmy Conzelman","Jim Ritcher",1
"Jimmy Conzelman","Rich Tylski",4
"Jimmy Conzelman","Pete Holohan",4
"Jimmy Conzelman","George Halas",3
"Jimmy Conzelman","Alvin Harper",1
"Jimmy Conzelman","Terry Allen",3
"Jimmy Conzelman","Dan Turk",5
"Jimmy Conzelman","Willie Davis",7
"Jimmy Conzelman","Reggie Langhorne",6
"Jimmy Conzelman","Steve Sewell",3
"Jimmy Conzelman","LenDale White",1
"Jimmy Conzelman","Dennis Gentry",2
"Jimmy Conzelman","Ken Reeves",3
"Jimmy Conzelman","Malik Willis",3
"Jimmy Conzelman","D'Pez Poopsie",3
"Jimmy Conzelman","Pete Kendall",4
"Jimmy Conzelman","Skyy Moore",3
"Jimmy Conzelman","John Rankin",6
"Jimmy Conzelman","Gene Williams",4
"Jimmy Conzelman","Greg Olsen",4
"Jimmy Conzelman","Kevin Glover",1
"Jimmy Conzelman","Antone Davis",5
"Jimmy Conzelman","Zach Tom",2
"Jimmy Conzelman","Tyrion Davis-Price",2
"Jimmy Conzelman","Chigoziem Okonkwo",3
"Bubba Paris","Alvin Harper",3
"Bubba Paris","Ken Reeves",6
"Bubba Paris","Mike Tice",5
"Bubba Paris","LenDale White",4
"Bubba Paris","Jonathan Hayes",1
"Bubba Paris","Rich Tylski",1
"Bubba Paris","Joseph Addai",1
"Bubba Paris","Gene Williams",2
"Bubba Paris","Dan Turk",1
"Bubba Paris","Willie Davis",3
"Bubba Paris","Dennis Gentry",3
"Bubba Paris","George Halas",3
"Bubba Paris","Pete Kendall",1
"Bubba Paris","Morten Andersen",4
"Bubba Paris","Ken Ruettgers",1
"Bubba Paris","Jimmy Conzelman",4
"Ken Ruettgers","Mark Duper",9
"Ken Ruettgers","Jim Everett",3
"Ken Ruettgers","Alvin Harper",3
"Ken Ruettgers","Willie Davis",8
"Ken Ruettgers","Jimmy Conzelman",10
"Ken Ruettgers","LenDale White",4
"Ken Ruettgers","Steve Sewell",4
"Ken Ruettgers","Dan Turk",11
"Ken Ruettgers","Bubba Paris",8
"Ken Ruettgers","Gene Williams",12
"Ken Ruettgers","Reggie Langhorne",8
"Ken Ruettgers","Ken Reeves",3
"Ken Ruettgers","Terry Allen",4
"Ken Ruettgers","Malik Willis",2
"Ken Ruettgers","Laurent Robinson",3
"Ken Ruettgers","Zach Tom",1
"Ken Ruettgers","Antone Davis",1
"Ken Ruettgers","Chigoziem Okonkwo",3
"Ken Ruettgers","John Rankin",4
"Ken Ruettgers","Kevin Glover",6
"Eric Swann","Otis Wilson",1
"Eric Swann","Phillip Daniels",6
"Eric Swann","Johnny Meads",9
"Eric Swann","Christopher Hinton",10
"Eric Swann","Reggie Camp",3
"Eric Swann","Nephi Sewell",9
"Eric Swann","Paul Moyer",11
"Eric Swann","TJAJRJ Backslashinfourth V",7
"Eric Swann","Cedric Mack",8
"Eric Swann","Randy Gradishar",3
"Eric Swann","Robert Lyles",4
"Eric Swann","Myron Bell",7
"Eric Swann","Kenny Easley",7
"Eric Swann","Elijah Hicks",4
"Eric Swann","Cortland Finnegan",2
"Eric Swann","Mike Richardson",2
"Eric Swann","Terrel Bernard",3
"Eric Swann","Juran Bolden",3
"Jim Everett","Joseph Addai",2
"Jim Everett","Pat Harlow",3
"Jim Everett","Jonathan Hayes",3
"Jim Everett","Joshua Ezeudu",4
"Jim Everett","Jimmy Conzelman",1
"Jim Everett","Gene Williams",2
"Jim Everett","Zach Tom",5
"Jim Everett","James Jones WR",3
"Jim Everett","Malik Willis",1
"Jim Everett","Tyrion Davis-Price",5
"Jim Everett","Morten Andersen",3
"Jim Everett","Willie Colon",1
"Jim Everett","Greg Olsen",3
"Larry Roberts","Reggie Camp",4
"Larry Roberts","Christopher Hinton",5
"Larry Roberts","Dexter Manley",1
"Larry Roberts","Robert Lyles",1
"Larry Roberts","Phillip Daniels",2
"Larry Roberts","TJAJRJ Backslashinfourth V",2
"Terrel Bernard","Reggie Camp",4
"Terrel Bernard","Otis Wilson",7
"Terrel Bernard","Cedric Mack",8
"Terrel Bernard","Larry Roberts",6
"Terrel Bernard","TJAJRJ Backslashinfourth V",10
"Terrel Bernard","Ted Washington",1
"Terrel Bernard","Eric Swann",11
"Terrel Bernard","Phillip Daniels",3
"Terrel Bernard","Dexter Manley",12
"Terrel Bernard","Randy Gradishar",2
"Terrel Bernard","Johnny Meads",4
"Terrel Bernard","Mike Richardson",3
"Terrel Bernard","Paul Moyer",2
"Terrel Bernard","Cobie Durant",3
"Terrel Bernard","Robert Lyles",1
"Terrel Bernard","Mike Charles",4
"Terrel Bernard","Toby Wright",3
"Terrel Bernard","Juran Bolden",9
"Terrel Bernard","Dewayne Washington",7
"Terrel Bernard","Christopher Hinton",1
"Terrel Bernard","Kenny Easley",1
"Terrel Bernard","Cortland Finnegan",2
"Terry Allen","Frank Beede",1
"Terry Allen","Ricky Ervins",1
"Terry Allen","James Brooks II",2
"Terry Allen","Dan Marino",4
"Terry Allen","Justin Blalock",1
"Terry Allen","Mark Duper",2
"Terry Allen","Pete Holohan",5
"Terry Allen","Morten Andersen",4
"Terry Allen","Reggie Langhorne",5
"Terry Allen","Jimmy Conzelman",7
"Terry Allen","Steve Sewell",5
"Terry Allen","Ken Reeves",1
"Terry Allen","Willie Davis",1
"Terry Allen","Ken Ruettgers",1
"Terry Allen","Gene Williams",3
"Terry Allen","Kevin Glover",3
"Terry Allen","Jim Everett",3
"Terry Allen","John Rankin",10
"Terry Allen","Willie Colon",1
"Terry Allen","Bubba Paris",4
"Reggie Langhorne","Steve Bartkowski",1
"Reggie Langhorne","Mercury Hayes",1
"Reggie Langhorne","Nevin McCaskill",2
"Reggie Langhorne","Mason Crosby",2
"Reggie Langhorne","Gary Zimmerman",4
"Reggie Langhorne","Al Bundy",8
"Reggie Langhorne","Bobby Engram",2
"Reggie Langhorne","Greg Jennings",2
"Reggie Langhorne","Jason White",3
"Reggie Langhorne","Joe Perry",2
"Reggie Langhorne","Willie Davis",10
"Reggie Langhorne","Steve Sewell",13
"Reggie Langhorne","Terry Allen",13
"Reggie Langhorne","Jimmy Conzelman",11
"Reggie Langhorne","Bubba Paris",8
"Reggie Langhorne","Ken Reeves",4
"Reggie Langhorne","George Halas",3
"Reggie Langhorne","Jonathan Hayes",4
"Reggie Langhorne","Pete Holohan",1
"Reggie Langhorne","Gene Williams",3
"Reggie Langhorne","D'Pez Poopsie",3
"Reggie Langhorne","Pete Kendall",9
"Reggie Langhorne","Jim Everett",2
"Reggie Langhorne","Antone Davis",1
"Reggie Langhorne","James Jones WR",1
"Reggie Langhorne","John Rankin",4
"Reggie Langhorne","Chigoziem Okonkwo",1
"Kenny Easley","Ted Washington",3
"Kenny Easley","TJAJRJ Backslashinfourth V",4
"Kenny Easley","Juran Bolden",6
"Kenny Easley","Johnny Meads",6
"Kenny Easley","Cobie Durant",3
"Kenny Easley","Robert Lyles",1
"Kenny Easley","Mike Richardson",10
"Kenny Easley","Reggie Camp",2
"Kenny Easley","Eric Swann",1
"Kenny Easley","Christopher Hinton",4
"Kenny Easley","Myron Bell",4
"Kenny Easley","Larry Roberts",2
"Kenny Easley","Terrel Bernard",4
"Kenny Easley","Mike Charles",1
"Kenny Easley","Dexter Manley",4
"Kenny Easley","Toby Wright",2
"Dan Turk","Jay Cutler",1
"Dan Turk","Desmond Ridder",3
"Dan Turk","Jeromey Clary",2
"Dan Turk","Joseph Addai",3
"Dan Turk","Bubba Paris",10
"Dan Turk","Steve Sewell",3
"Dan Turk","Willie Davis",4
"Dan Turk","Pete Holohan",6
"Dan Turk","Morten Andersen",4
"Dan Turk","Reggie Langhorne",4
"Dan Turk","George Halas",6
"Dan Turk","Gene Williams",3
"Dan Turk","Ken Ruettgers",1
"Dan Turk","Terry Allen",5
"Dan Turk","Antone Davis",8
"Dan Turk","Kevin Glover",3
"Mike Tice","Ken Reeves",2
"Gene Williams","Willie Davis",6
"Gene Williams","Jeff Hartings",3
"Gene Williams","Ken Ruettgers",16
"Gene Williams","Jimmy Conzelman",14
"Gene Williams","Mark Duper",5
"Gene Williams","George Halas",9
"Gene Williams","Reggie Langhorne",14
"Gene Williams","Terry Allen",2
"Gene Williams","Joshua Ezeudu",1
"Gene Williams","Pete Holohan",8
"Gene Williams","Bubba Paris",2
"Gene Williams","Ken Reeves",3
"Gene Williams","Steve Sewell",6
"Gene Williams","Dan Turk",3
"Gene Williams","Morten Andersen",4
"Gene Williams","Pete Kendall",7
"Gene Williams","Chigoziem Okonkwo",2
"Gene Williams","Jim Everett",2
"Gene Williams","Antone Davis",7
"Gene Williams","Greg Olsen",5
"Gene Williams","Tyrion Davis-Price",1
"Gene Williams","John Rankin",3
"Gene Williams","James Jones WR",1
"Malik Willis","Mark Duper",3
"Malik Willis","Ken Reeves",1
"Malik Willis","Terry Allen",8
"Malik Willis","Ken Ruettgers",3
"Malik Willis","James Jones WR",3
"Cortland Finnegan","Eric Weddle",3
"Cortland Finnegan","Frank Minnifield",6
"Cortland Finnegan","Gary Reasons",2
"Cortland Finnegan","Jacob Green",3
"Cortland Finnegan","Jamaal Anderson",5
"Cortland Finnegan","Jonathan Lewis",3
"Cortland Finnegan","Tony Brackens",3
"Cortland Finnegan","Tim McKyer",1
"Cortland Finnegan","Johnny Rembert",1
"Cortland Finnegan","Gary Plummer",1
"Cortland Finnegan","Charles Mann",1
"Cortland Finnegan","Hugh Green",2
"Cortland Finnegan","Nik Bonitto",5
"Cortland Finnegan","John Jurkovic",3
"Cortland Finnegan","Eric Swann",8
"Cortland Finnegan","Toby Wright",3
"Cortland Finnegan","Mike Richardson",8
"Cortland Finnegan","Dewayne Washington",2
"Cortland Finnegan","Elijah Hicks",2
"Cortland Finnegan","Larry Roberts",5
"Cortland Finnegan","Myron Bell",4
"Cortland Finnegan","Jake Hummel",1
"Cortland Finnegan","Phillip Daniels",3
"Mike Charles","Carl Lee",4
"Mike Charles","Chris Gocong",4
"Mike Charles","James Ihedigbo",4
"Mike Charles","Lewis Cine",1
"Mike Charles","Kavika Pittman",3
"Mike Charles","Wilber Marshall",4
"Mike Charles","Jake Hummel",3
"Mike Charles","Elijah Hicks",8
"Mike Charles","Toby Wright",3
"Mike Charles","Otis Wilson",3
"Mike Charles","Christopher Hinton",2
"Mike Charles","Kenny Easley",2
"Mike Charles","Myron Bell",4
"Mike Charles","Mike Richardson",2
"Mike Charles","Johnny Meads",4
"John Rankin","Tyrion Davis-Price",3
"John Rankin","Morten Andersen",5
"John Rankin","Willie Davis",6
"John Rankin","Antone Davis",2
"John Rankin","Skyy Moore",4
"John Rankin","Terry Allen",4
"John Rankin","Kevin Glover",9
"John Rankin","Jimmy Conzelman",3
"John Rankin","Greg Olsen",2
"John Rankin","Jim Everett",1
"Dewayne Washington","Juran Bolden",3
"Dewayne Washington","Christopher Hinton",2
"Dewayne Washington","Mike Richardson",4
"Dewayne Washington","Cortland Finnegan",5
"Dewayne Washington","Elijah Hicks",3
"Myron Bell","Cortland Finnegan",8
"Myron Bell","Mike Richardson",1
"Myron Bell","Eric Swann",5
"Myron Bell","Mike Charles",2
"Myron Bell","Jake Hummel",2
"Myron Bell","Dexter Manley",3
"Myron Bell","Elijah Hicks",3
"Myron Bell","Juran Bolden",4
"Myron Bell","Terrel Bernard",1
"Myron Bell","Johnny Meads",2
"Toby Wright","Paul Moyer",1
"Toby Wright","Mike Richardson",4
"Toby Wright","Cortland Finnegan",3
"Toby Wright","Johnny Meads",2
"Toby Wright","Christopher Hinton",4
"Chigoziem Okonkwo","Adam Stenavich",5
"Chigoziem Okonkwo","Steve Cox",3
"Chigoziem Okonkwo","Joe Namath",5
"Chigoziem Okonkwo","Stephon Heyer",3
"Chigoziem Okonkwo","Tim Wrightman",2
"Chigoziem Okonkwo","Mike Tice",3
"Chigoziem Okonkwo","Zach Tom",1
"Chigoziem Okonkwo","Dan Turk",5
"Chigoziem Okonkwo","James Jones WR",4
"Chigoziem Okonkwo","Kevin Glover",7
"Chigoziem Okonkwo","Bubba Paris",5
"Chigoziem Okonkwo","Ken Ruettgers",5
"Chigoziem Okonkwo","John Rankin",2
"Chigoziem Okonkwo","Tyrion Davis-Price",3
"Chigoziem Okonkwo","Willie Davis",2
"Chigoziem Okonkwo","Terry Allen",1
"Chigoziem Okonkwo","Antone Davis",2
"Greg Olsen","John Hannah",2
"Greg Olsen","Jeff Hartings",9
"Greg Olsen","Kyle Turley",4
"Greg Olsen","Kevin Mack",1
"Greg Olsen","Mark Bavaro",2
"Greg Olsen","Tootie Robbins",1
"Greg Olsen","Dan Turk",5
"Greg Olsen","Willie Davis",6
"Greg Olsen","Antone Davis",6
"Greg Olsen","Ken Ruettgers",4
"Greg Olsen","Chigoziem Okonkwo",2
"Greg Olsen","John Rankin",4
"Greg Olsen","James Jones WR",3
"Greg Olsen","Zach Tom",3
"Greg Olsen","Kevin Glover",2
"Greg Olsen","Terry Allen",3
"Kimble Anders","Pete Kendall",5
"Kimble Anders","Keith Byars",3
"Kimble Anders","John L Williams",1
"Kimble Anders","Eddie George",3
"Kimble Anders","Steve Young",6
"Kimble Anders","Chris Villarrial",8
"Kimble Anders","Andrew Whitworth",1
"Dexter Manley","Rickey Jackson",4
"Dexter Manley","Rulon Jones",2
"Dexter Manley","Earl Holmes",8
"Dexter Manley","Chuck Howley",3
"Dexter Manley","Mark Lee",9
"Dexter Manley","Otis Wilson",8
"Dexter Manley","Larry Roberts",4
"Dexter Manley","Robert Lyles",7
"Dexter Manley","Reggie Camp",3
"Dexter Manley","Nephi Sewell",2
"Dexter Manley","Terrel Bernard",6
"Dexter Manley","Paul Moyer",8
"Dexter Manley","Cobie Durant",2
"Dexter Manley","Johnny Meads",4
"Dexter Manley","Cedric Mack",2
"Dexter Manley","Eric Swann",3
"Dexter Manley","Juran Bolden",1
"Dexter Manley","Christopher Hinton",1
"Dexter Manley","TJAJRJ Backslashinfourth V",1
"Dexter Manley","Cortland Finnegan",2
"Dexter Manley","Phillip Daniels",2
"Dexter Manley","Kenny Easley",8
"Dexter Manley","Elijah Hicks",2
"Skyy Moore","Fred Taylor",7
"Skyy Moore","Jim Brown",2
"Skyy Moore","Don Mosebar",6
"Skyy Moore","Cris Collinsworth",7
"Skyy Moore","Evan Pilgrim",3
"Skyy Moore","Art Monk",2
"Skyy Moore","Sean Landeta",1
"Skyy Moore","Marshal Yanda",6
"Skyy Moore","Trevor Penning",3
"Skyy Moore","Forrest Gump",4
"Skyy Moore","Matt Suhey",3
"Skyy Moore","Lance Smith",3
"Skyy Moore","Dan Fike",1
"Skyy Moore","Randall Cunningham",1
"Skyy Moore","Eddie Kennison",4
"Skyy Moore","James Jones WR",4
"Skyy Moore","Chigoziem Okonkwo",2
"Skyy Moore","Jimmy Conzelman",2
"Skyy Moore","Kevin Glover",4
"Skyy Moore","Gene Williams",4
"Skyy Moore","John Rankin",5
"Zach Tom","Eddie George",4
"Zach Tom","Steve Young",9
"Zach Tom","Tom Newberry",1
"Zach Tom","Kyle Cook",8
"Zach Tom","Sam Howell",7
"Zach Tom","Tyrion Davis-Price",3
"Zach Tom","Kevin Glover",4
"Zach Tom","Ken Ruettgers",1
"Zach Tom","Willie Colon",4
"Zach Tom","Chigoziem Okonkwo",2
"Zach Tom","Reggie Langhorne",2
"Zach Tom","James Jones WR",1
"Zach Tom","Malik Willis",5
"James Jones WR","J.P. Foschi",3
"James Jones WR","Jim Lachey",13
"James Jones WR","Kevin Call",3
"James Jones WR","James Cook",6
"James Jones WR","Dave Krieg",1
"James Jones WR","Bobby Humphery",10
"James Jones WR","Keyshawn Johnson",14
"James Jones WR","Breece Hall",4
"James Jones WR","Matt Prater",7
"James Jones WR","Gary Clark",13
"James Jones WR","Tom Thayer",5
"James Jones WR","Bernhard Raimann",7
"James Jones WR","Vai Sikahema",8
"James Jones WR","Sean Rhyan",2
"James Jones WR","Mike Black",2
"James Jones WR","Frank Reich",4
"James Jones WR","Jim Ringo",1
"James Jones WR","Trey McBride",2
"James Jones WR","Ben Coates",3
"James Jones WR","Jim Everett",5
"James Jones WR","Chigoziem Okonkwo",5
"James Jones WR","Antone Davis",3
"James Jones WR","Gene Williams",3
"James Jones WR","Dan Turk",2
"James Jones WR","Willie Colon",4
"James Jones WR","John Rankin",4
"James Jones WR","Jimmy Conzelman",1
"James Jones WR","Ken Ruettgers",3
"James Jones WR","Reggie Langhorne",8
"James Jones WR","Bubba Paris",2
"James Jones WR","Zach Tom",3
"James Jones WR","Greg Olsen",4
"James Jones WR","Skyy Moore",1
"Antone Davis","Jeff Graham",13
"Antone Davis","Mike Brisiel",5
"Antone Davis","Isiah Pacheco",19
"Antone Davis","Kirk Gibson",10
"Antone Davis","Olin Kreutz",9
"Antone Davis","Eric Moulds",13
"Antone Davis","Vernon Davis",5
"Antone Davis","Winston Justice",13
"Antone Davis","Fred Beasley",2
"Antone Davis","Neil Lomax",2
"Antone Davis","Deuce Lutui",7
"Antone Davis","Peyton Manning",1
"Antone Davis","Carl Birdsong",4
"Antone Davis","Skyy Moore",4
"Antone Davis","Chigoziem Okonkwo",3
"Antone Davis","John Rankin",8
"Antone Davis","Kevin Glover",4
"Antone Davis","Jimmy Conzelman",5
"Antone Davis","Jim Everett",5
"Antone Davis","Willie Davis",4
"Antone Davis","Reggie Langhorne",8
"Antone Davis","Terry Allen",5
"Antone Davis","Gene Williams",1
"Antone Davis","Tyrion Davis-Price",1
"Antone Davis","James Jones WR",2
"Antone Davis","Greg Olsen",2
"Antone Davis","Ken Reeves",1
"Kevin Glover","Ron Mattes",2
"Kevin Glover","Dean Miraldi",3
"Kevin Glover","Wan'Dale Robinson",7
"Kevin Glover","Brian Robinson Jr",4
"Kevin Glover","Jermaine Lewis",4
"Kevin Glover","Bruce Matthews",6
"Kevin Glover","Joe Walter",4
"Kevin Glover","Marcus Allen",6
"Kevin Glover","Isaiah Likely",4
"Kevin Glover","Jordan Stout",3
"Kevin Glover","John Elway",6
"Kevin Glover","Greg Jennings",8
"Kevin Glover","Jimbo Covert",3
"Kevin Glover","Mike Williams",1
"Kevin Glover","Jim Sweeney",7
"Kevin Glover","Robert Meachem",1
"Kevin Glover","Mike Tomczak",3
"Kevin Glover","Jim Everett",5
"Kevin Glover","Terry Allen",3
"Kevin Glover","Gene Williams",3
"Kevin Glover","Greg Olsen",1
"Kevin Glover","John Rankin",1
"Kevin Glover","Bubba Paris",1
"Kevin Glover","Willie Davis",3
"Kevin Glover","Zach Tom",2
"Tyrion Davis-Price","Isaiah Spiller",4
"Tyrion Davis-Price","Marvin Harrison",3
"Tyrion Davis-Price","Jahri Evans",2
"Tyrion Davis-Price","Calvin Austin III",1
"Tyrion Davis-Price","Antone Davis",8
"Tyrion Davis-Price","Skyy Moore",5
"Tyrion Davis-Price","Chigoziem Okonkwo",2
"Tyrion Davis-Price","Zach Tom",4
"Tyrion Davis-Price","Jimmy Conzelman",1
"Tyrion Davis-Price","Terry Allen",4
"Tyrion Davis-Price","Morten Andersen",1
"Tyrion Davis-Price","Greg Olsen",4
"Elijah Hicks","Lawrence Taylor",4
"Elijah Hicks","Everson Walls",2
"Elijah Hicks","Kenny Easley",2
"Elijah Hicks","Terrel Bernard",3
"Elijah Hicks","Eric Swann",3
"Elijah Hicks","Larry Roberts",6
"Elijah Hicks","Johnny Meads",6
"Elijah Hicks","Phillip Daniels",4
"Elijah Hicks","Cortland Finnegan",8
"Elijah Hicks","TJAJRJ Backslashinfourth V",1
"Elijah Hicks","Myron Bell",5
"Troy Hairston","Rich Tylski",4
"Troy Hairston","Laurent Robinson",2
"Troy Hairston","Ken Ruettgers",4
"Troy Hairston","Kevin Glover",4
"Willie Colon","Tyrion Davis-Price",2
"Willie Colon","Gene Williams",2
"Willie Colon","Chigoziem Okonkwo",2
"Willie Colon","Bubba Paris",2
"Willie Colon","James Jones WR",1
"Pete Kendall","Samson Satele",2
"Pete Kendall","Danny White II",3
"Pete Kendall","Kimble Anders",1
"Pete Kendall","Tyrion Davis-Price",3
"Pete Kendall","Jim Everett",4
"Pete Kendall","Skyy Moore",1
"Pete Kendall","Dan Turk",4
"Pete Kendall","Willie Davis",3
"Christopher Hinton","Terrel Bernard",5
"Christopher Hinton","Randy Gradishar",1
"Christopher Hinton","TJAJRJ Backslashinfourth V",3
"Christopher Hinton","Cobie Durant",5
"Christopher Hinton","Dexter Manley",7
"Christopher Hinton","Otis Wilson",5
"Christopher Hinton","Nephi Sewell",2
"Christopher Hinton","Mike Richardson",5
"Christopher Hinton","Cedric Mack",2
"Christopher Hinton","Larry Roberts",1
"Christopher Hinton","Elijah Hicks",3
"Christopher Hinton","Eric Swann",2
"Christopher Hinton","Mike Charles",1
"Christopher Hinton","Cortland Finnegan",1
"Christopher Hinton","Jake Hummel",5
"Fuad Reveiz","Antone Davis",2
"Jake Hummel","Damien Robinson",5
"Jake Hummel","Simon Fletcher",2
"Jake Hummel","Chris Gocong",10
"Jake Hummel","Mike Charles",4
"Jake Hummel","Frostee Rucker",6
"Jake Hummel","William Perry",4
"Jake Hummel","Derek Stingley Jr",5
"Jake Hummel","Jamal Williams",1
"Jake Hummel","TJAJRJ Backslashinfourth V",2
"Jake Hummel","Paul Moyer",3
"Jake Hummel","Eric Swann",1
"Jake Hummel","Christopher Hinton",7
"Jake Hummel","Toby Wright",1
"Jake Hummel","Johnny Meads",2
"Jake Hummel","Elijah Hicks",4
"Jake Hummel","Otis Wilson",2
"Jake Hummel","Dexter Manley",3
"Jake Hummel","Myron Bell",1
"D'Pez Poopsie","Ken Ruettgers",3
"D'Pez Poopsie","Pete Holohan",2
"TJAJRJ Backslashinfourth V","Cobie Durant",4
"TJAJRJ Backslashinfourth V","Otis Wilson",1
"TJAJRJ Backslashinfourth V","Mike Richardson",3
"TJAJRJ Backslashinfourth V","Kenny Easley",5
"TJAJRJ Backslashinfourth V","Nephi Sewell",2
"TJAJRJ Backslashinfourth V","Phillip Daniels",6
"TJAJRJ Backslashinfourth V","Dexter Manley",3
"TJAJRJ Backslashinfourth V","Dewayne Washington",7
"TJAJRJ Backslashinfourth V","Terrel Bernard",4
"TJAJRJ Backslashinfourth V","Jake Hummel",3
"TJAJRJ Backslashinfourth V","Cortland Finnegan",5
"Elbert Foules","Keith Millard",1
"Elbert Foules","Lester Lyles",5
"Joe Thomas","Eric Sanders",2
"Joe Thomas","Cedric Jones",4
"Joe Thomas","Chris Burkett",10
"Joe Thomas","Jason Campbell",8
"Joe Thomas","Walter Stanley",28
"Joe Thomas","Mark Dixon",12
"Joe Thomas","Patrick Cobbs",6
"Joe Thomas","Michael Robinson",8
"Joe Thomas","Clint Didier",3
"Joe Thomas","Ronnie Harmon",12
"Joe Thomas","Kent Hull",12
"Joe Thomas","Donald Penn",5
"Joe Thomas","Garrett Wilson",11
"Joe Thomas","Rob Sims",5
"Joe Thomas","Tony Franklin",3
"Joe Thomas","Ken Dallafior",10
"Joe Thomas","Mike Pritchard",2
"Joe Thomas","Brett Goode",5
"Joe Thomas","Calvin Austin III",3
"Joe Thomas","Jelani Woods",3
"Joe Thomas","Dorsey Levens",5
"Joe Thomas","Sean Landeta",2
"Garrett Wilson","Rasheed Walker",3
"Garrett Wilson","Mike Pritchard",4
"Garrett Wilson","Clint Didier",4
"Garrett Wilson","Ken Dallafior",13
"Garrett Wilson","Chris Dressel",3
"Garrett Wilson","Joe Thomas",2
"Garrett Wilson","Michael Robinson",5
"Garrett Wilson","Tony Franklin",2
"Garrett Wilson","Ronnie Harmon",10
"Garrett Wilson","Jason Campbell",5
"Garrett Wilson","Donald Penn",5
"Garrett Wilson","Mark Dixon",4
"Garrett Wilson","Walter Stanley",2
"Garrett Wilson","Kent Hull",14
"Garrett Wilson","Rob Sims",4
"Garrett Wilson","Cedric Jones",2
"Garrett Wilson","Patrick Cobbs",7
"Garrett Wilson","Kurt Quarterman",5
"Garrett Wilson","Scott Player",2
"Garrett Wilson","Chris Burkett",10
"Garrett Wilson","Brett Goode",3
"Garrett Wilson","Ryan O'Callaghan",4
"Garrett Wilson","Samson Satele",3
"Garrett Wilson","Jim Parker",4
"Garrett Wilson","Dorsey Levens",4
"Garrett Wilson","Michael Haddix",3
"Garrett Wilson","Jelani Woods",3
"Jack Jones","Greg Spires",1
"Jack Jones","Greg Kragen",7
"Jack Jones","D.J. Davidson",6
"Jack Jones","Mo Lewis",11
"Jack Jones","Mike Dumas",6
"Jack Jones","Orpheus Roye",8
"Jack Jones","Darren Comeaux",3
"Jack Jones","Christian Harris",3
"Jack Jones","Keyunta Dawson",2
"Jack Jones","Eric Smith",4
"Jack Jones","Al Harris",3
"Jack Jones","Tony Parrish",3
"Jack Jones","Leonard Little",5
"Jack Jones","James Britt",3
"Jack Jones","Ernie Sims",1
"Jack Jones","Jerry Gray",7
"Jack Jones","Greg Myers",1
"JT Woods","Keyunta Dawson",2
"JT Woods","James Griffin",5
"JT Woods","James Britt",3
"JT Woods","Mo Lewis",4
"JT Woods","Steve Nelson",2
"JT Woods","Don Fielder",1
"JT Woods","D.J. Davidson",1
"JT Woods","Leonard Little",8
"JT Woods","Ken Taylor",3
"JT Woods","Tony Parrish",3
"JT Woods","Anthony Montgomery",2
"JT Woods","Jerry Gray",3
"JT Woods","Jack Gibbens",1
"JT Woods","Greg Myers",1
"Kurt Quarterman","Clint Didier",2
"Kurt Quarterman","Garrett Wilson",5
"Kurt Quarterman","Chris Dressel",1
"Kurt Quarterman","Rob Sims",4
"Kurt Quarterman","Scott Player",2
"Kurt Quarterman","Mark Dixon",4
"Kurt Quarterman","Joe Thomas",2
"Kurt Quarterman","Jason Campbell",3
"Kurt Quarterman","Donald Penn",1
"Kurt Quarterman","Max Lane",4
"Orpheus Roye","Tony Parrish",3
"Orpheus Roye","Greg Kragen",3
"Orpheus Roye","Darren Comeaux",1
"Orpheus Roye","D.J. Davidson",1
"Orpheus Roye","James Griffin",6
"Orpheus Roye","Don Fielder",1
"Orpheus Roye","Christian Harris",3
"Orpheus Roye","Sam Williams",4
"Orpheus Roye","Eric Smith",3
"Orpheus Roye","Mike Dumas",1
"Orpheus Roye","Mo Lewis",5
"Orpheus Roye","Edward Johnson",1
"Orpheus Roye","Charles Haley",4
"Orpheus Roye","Anthony Montgomery",4
"Mike Pritchard","Kurt Quarterman",5
"Mike Pritchard","Ken Dallafior",2
"Mike Pritchard","Kent Hull",3
"Mike Pritchard","Mark Dixon",3
"Mike Pritchard","Ronnie Harmon",2
"Mike Pritchard","Ryan O'Callaghan",4
"Mike Pritchard","Brady Quinn",3
"DeAngelo Williams","Jason Campbell",4
"DeAngelo Williams","Rob Sims",1
"DeAngelo Williams","Garrett Wilson",2
"DeAngelo Williams","Michael Haddix",3
"DeAngelo Williams","Ryan O'Callaghan",3
"Rob Sims","Gary Hogeboom",1
"Rob Sims","Jason Campbell",5
"Rob Sims","Mike Sherrard",2
"Rob Sims","DeAngelo Williams",2
"Rob Sims","Kent Hull",2
"Rob Sims","Joe Thomas",5
"Rob Sims","Mark Dixon",3
"Rob Sims","Ronnie Harmon",4
"Rob Sims","Rasheed Walker",1
"Rob Sims","Walter Stanley",7
"Rob Sims","Patrick Cobbs",9
"Rob Sims","Garrett Wilson",5
"Rob Sims","Kurt Quarterman",5
"Rob Sims","Donald Penn",8
"Rob Sims","Michael Robinson",5
"Rob Sims","Ken Dallafior",2
"Clint Didier","Brett Goode",3
"Clint Didier","Ken Dallafior",4
"Clint Didier","Garrett Wilson",2
"Clint Didier","Ronnie Harmon",1
"Clint Didier","Donald Penn",2
"Clint Didier","Chris Dressel",2
"Clint Didier","Kurt Quarterman",4
"Clint Didier","Joe Thomas",2
"Clint Didier","Rasheed Walker",5
"Clint Didier","Chris Burkett",2
"Clint Didier","Michael Robinson",2
"Clint Didier","Jason Campbell",1
"Chris Dressel","Tony Franklin",3
"Chris Dressel","Chris Burkett",11
"Chris Dressel","Walter Stanley",1
"Chris Dressel","Donald Penn",12
"Chris Dressel","Kent Hull",4
"Chris Dressel","Joe Thomas",2
"Chris Dressel","Patrick Cobbs",1
"Chris Dressel","Ken Dallafior",10
"Chris Dressel","Rasheed Walker",1
"Chris Dressel","Mark Dixon",2
"Chris Dressel","Garrett Wilson",5
"Chris Dressel","Ronnie Harmon",3
"Chris Dressel","Clint Didier",1
"Chris Dressel","Sean Landeta",1
"Jason Campbell","DeAngelo Williams",3
"Jason Campbell","Chris Dressel",5
"Jason Campbell","Tony Franklin",2
"Jason Campbell","Rob Sims",7
"Jason Campbell","Kurt Quarterman",7
"Jason Campbell","Patrick Cobbs",16
"Jason Campbell","Mark Dixon",12
"Jason Campbell","Donald Penn",15
"Jason Campbell","Kent Hull",4
"Jason Campbell","Mike Pritchard",4
"Jason Campbell","Walter Stanley",7
"Jason Campbell","Ronnie Harmon",4
"Jason Campbell","Cedric Jones",1
"Jason Campbell","Joe Thomas",10
"Jason Campbell","Chris Burkett",13
"Jason Campbell","Brett Goode",1
"Jason Campbell","Ken Dallafior",5
"Jason Campbell","Brady Quinn",4
"Jason Campbell","Max Lane",3
"Jason Campbell","Jim Parker",2
"Jason Campbell","Garrett Wilson",1
"Jason Campbell","Michael Haddix",3
"Chris Burkett","DeAngelo Williams",4
"Chris Burkett","Rob Sims",1
"Chris Burkett","Brett Goode",1
"Chris Burkett","Joe Thomas",6
"Chris Burkett","Clint Didier",4
"Chris Burkett","Kent Hull",1
"Chris Burkett","Chris Dressel",3
"Chris Burkett","Garrett Wilson",7
"Chris Burkett","Jason Campbell",11
"Chris Burkett","Walter Stanley",18
"Chris Burkett","Rasheed Walker",2
"Chris Burkett","Ronnie Harmon",6
"Chris Burkett","Patrick Cobbs",8
"Chris Burkett","Tony Franklin",5
"Chris Burkett","Michael Robinson",1
"Chris Burkett","Max Lane",1
"Chris Burkett","Michael Haddix",5
"Chris Burkett","Dorsey Levens",2
"Chris Burkett","Brady Quinn",5
"Chris Burkett","Donald Penn",1
"Charles Haley","Greg Kragen",13
"Charles Haley","Mo Lewis",4
"Charles Haley","James Britt",7
"Charles Haley","Mike Dumas",6
"Charles Haley","Orpheus Roye",2
"Charles Haley","Darren Comeaux",2
"Charles Haley","Don Fielder",5
"Charles Haley","Steve Nelson",2
"Charles Haley","Leonard Little",2
"Charles Haley","Sam Williams",8
"Charles Haley","D.J. Davidson",1
"Charles Haley","James Griffin",2
"Charles Haley","Micah McFadden",1
"Charles Haley","D'Marco Farr",5
"Charles Haley","Christian Harris",2
"Charles Haley","Jack Jones",4
"Al Harris","Mo Lewis",2
"Al Harris","Steve Nelson",3
"Al Harris","Darryl Tapp",5
"Al Harris","James Britt",2
"Al Harris","Tony Parrish",1
"Al Harris","Leonard Little",4
"Al Harris","D.J. Davidson",4
"Al Harris","Eric Smith",11
"Al Harris","Orpheus Roye",4
"Al Harris","Jack Jones",7
"Al Harris","Sam Williams",3
"Al Harris","Mike Dumas",8
"Al Harris","Greg Kragen",3
"Al Harris","Brent Grimes",1
"Al Harris","James Griffin",3
"Al Harris","Christian Harris",5
"Al Harris","Keyunta Dawson",2
"Al Harris","John Swain",1
"Al Harris","Anthony Montgomery",2
"Al Harris","Ernie Sims",1
"Al Harris","Ken Taylor",4
"Al Harris","Greg Myers",4
"Kent Hull","Eric Sanders",1
"Kent Hull","Mike Sherrard",3
"Kent Hull","Mark Dixon",1
"Kent Hull","Joe Thomas",10
"Kent Hull","Patrick Cobbs",9
"Kent Hull","Walter Stanley",6
"Kent Hull","Chris Dressel",3
"Kent Hull","Garrett Wilson",8
"Kent Hull","Rob Sims",1
"Kent Hull","Ronnie Harmon",7
"Kent Hull","Michael Robinson",1
"Kent Hull","Ken Dallafior",3
"Kent Hull","Chris Burkett",6
"Kent Hull","Jason Campbell",4
"Kent Hull","Kurt Quarterman",2
"Kent Hull","Mike Pritchard",1
"Kent Hull","Jelani Woods",4
"Kent Hull","Michael Haddix",2
"Kent Hull","Steve Sewell",4
"Kent Hull","Dorsey Levens",5
"Ronnie Harmon","Gary Hogeboom",2
"Ronnie Harmon","Chris Dressel",11
"Ronnie Harmon","Tyler Thigpen",2
"Ronnie Harmon","Donald Penn",15
"Ronnie Harmon","Joe Thomas",6
"Ronnie Harmon","Chris Burkett",6
"Ronnie Harmon","Mike Pritchard",7
"Ronnie Harmon","Patrick Cobbs",1
"Ronnie Harmon","Jason Campbell",8
"Ronnie Harmon","Cedric Jones",3
"Ronnie Harmon","Walter Stanley",20
"Ronnie Harmon","Garrett Wilson",1
"Ronnie Harmon","Mark Dixon",12
"Ronnie Harmon","Kurt Quarterman",4
"Ronnie Harmon","Scott Player",2
"Ronnie Harmon","Kent Hull",3
"Ronnie Harmon","Ken Dallafior",4
"Ronnie Harmon","Samson Satele",1
"Ronnie Harmon","Alec Pierce",3
"Ronnie Harmon","Mike Gruttadauria",2
"Ronnie Harmon","Sean Landeta",2
"Leonard Little","James Griffin",3
"Leonard Little","Mike Dumas",1
"Leonard Little","D.J. Davidson",1
"Leonard Little","Charles Haley",5
"Leonard Little","Mo Lewis",6
"Leonard Little","Keyunta Dawson",4
"Leonard Little","James Britt",2
"Leonard Little","Greg Kragen",3
"Leonard Little","Ernie Sims",5
"Leonard Little","Jack Gibbens",2
"Leonard Little","JT Woods",3
"Leonard Little","Jack Jones",3
"Leonard Little","Orpheus Roye",2
"Tony Parrish","Darryl Tapp",1
"Tony Parrish","Mike Dumas",6
"Tony Parrish","Greg Kragen",3
"Tony Parrish","D'Marco Farr",1
"Ken Taylor","Leonard Little",4
"Scott Player","DeAngelo Williams",3
"Scott Player","Garrett Wilson",6
"Scott Player","Kent Hull",8
"Scott Player","Cedric Jones",3
"Scott Player","Michael Robinson",4
"Scott Player","Mike Pritchard",3
"Scott Player","Clint Didier",3
"Scott Player","Donald Penn",2
"Scott Player","Kurt Quarterman",1
"Scott Player","Jason Campbell",3
"Scott Player","Ronnie Harmon",2
"Scott Player","Walter Stanley",4
"Scott Player","Jim Parker",1
"Scott Player","Chris Burkett",2
"Scott Player","Alec Pierce",1
"Jim Parker","Jason Campbell",4
"Jim Parker","Chris Dressel",3
"Jim Parker","Dorsey Levens",4
"Jim Parker","Joe Thomas",2
"Jim Parker","Mark Dixon",2
"Jim Parker","Scott Player",4
"Jim Parker","Mike Pritchard",2
"Jim Parker","Donald Penn",5
"Jim Parker","Steve Sewell",3
"Jerry Gray","Don Rogers",1
"Jerry Gray","Samari Rolle",5
"Jerry Gray","Billy Ray Smith",3
"Jerry Gray","Tramon Williams",5
"Jerry Gray","LaMarr Woodley",4
"Jerry Gray","Andre Waters",2
"Jerry Gray","Gerald Alexander",3
"Jerry Gray","Brady Smith",4
"Jerry Gray","Reggie McKenzie",1
"Jerry Gray","Daxton Hill",2
"Jerry Gray","Mark Robinson LB",14
"Jerry Gray","Aidan Hutchinson",3
"Jerry Gray","Mike Pitts",3
"Jerry Gray","Tim Green",6
"Jerry Gray","Leo Chenal",7
"Jerry Gray","Art Donovan",1
"Jerry Gray","Seth Joyner",1
"Jerry Gray","Greg Myers",6
"Jerry Gray","D'Marco Farr",4
"Jerry Gray","James Britt",3
"Jerry Gray","Charles Haley",2
"Jerry Gray","Mo Lewis",4
"Jerry Gray","Tony Parrish",3
"Jerry Gray","Jack Gibbens",2
"Dorsey Levens","Chris Burkett",4
"Dorsey Levens","Kurt Quarterman",2
"Dorsey Levens","Ryan O'Callaghan",2
"Dorsey Levens","Donald Penn",7
"Dorsey Levens","Joe Thomas",6
"Dorsey Levens","Samson Satele",3
"Dorsey Levens","Steve Sewell",9
"Dorsey Levens","Sean Landeta",5
"Dorsey Levens","Ken Dallafior",3
"Dorsey Levens","Garrett Wilson",3
"Dorsey Levens","Jelani Woods",1
"Dorsey Levens","Ali Haji-Sheikh",2
"D'Marco Farr","Christian Harris",2
"D'Marco Farr","Jack Gibbens",3
"Max Lane","Ryan O'Callaghan",4
"Max Lane","Mark Dixon",1
"Max Lane","Chris Dressel",3
"Max Lane","Dorsey Levens",2
"Max Lane","Mike Gruttadauria",3
"Glenn Foley","Chris Burkett",1
"Glenn Foley","Jim Parker",2
"Glenn Foley","Walter Stanley",1
"Micah McFadden","Roman Harper",1
"Micah McFadden","Leon Hall",2
"Micah McFadden","Patrick Willis",3
"Micah McFadden","Pio Sagapolutele",1
"Micah McFadden","Aaron Beasley",1
"Micah McFadden","Keith Willis",6
"Micah McFadden","Jalen Pitre",3
"Micah McFadden","Vaughan Johnson",3
"Micah McFadden","Keith Traylor",1
"Micah McFadden","Garin Veris",3
"Micah McFadden","Al Harris",10
"Micah McFadden","Anthony Montgomery",3
"Micah McFadden","Tony Parrish",2
"Micah McFadden","Leonard Little",2
"Micah McFadden","Edward Johnson",3
"Christian Harris","John Swain",6
"Christian Harris","Greg Kragen",7
"Christian Harris","Sam Williams",4
"Christian Harris","Keyunta Dawson",11
"Christian Harris","Mike Dumas",2
"Christian Harris","Orpheus Roye",7
"Christian Harris","Don Fielder",2
"Christian Harris","JT Woods",1
"Christian Harris","Mo Lewis",5
"Christian Harris","Eric Smith",1
"Christian Harris","James Britt",7
"Christian Harris","Darren Comeaux",1
"Christian Harris","Ken Taylor",3
"Christian Harris","Brent Grimes",5
"Christian Harris","Jack Jones",1
"Christian Harris","Leonard Little",2
"Christian Harris","Greg Myers",1
"Christian Harris","D'Marco Farr",3
"Christian Harris","Ernie Sims",4
"Christian Harris","Jerry Gray",4
"Jack Gibbens","Joe Salave'a",6
"Jack Gibbens","Eric Brown",2
"Jack Gibbens","John Bostic",2
"Jack Gibbens","Clint Ingram",6
"Jack Gibbens","E.J. Junior",7
"Jack Gibbens","Leon Lett",1
"Jack Gibbens","Joshua Williams",9
"Jack Gibbens","Colin Cole",8
"Jack Gibbens","Scott Case",2
"Jack Gibbens","Ray Lewis",1
"Jack Gibbens","Garth Jax",3
"Jack Gibbens","Darrelle Revis",1
"Jack Gibbens","William Fuller",4
"Jack Gibbens","James Houston IV",7
"Jack Gibbens","Mo Lewis",7
"Jack Gibbens","Charles Haley",4
"Jack Gibbens","Jerry Gray",2
"Keyunta Dawson","John Swain",2
"Keyunta Dawson","Orpheus Roye",8
"Keyunta Dawson","Mike Dumas",1
"Keyunta Dawson","Mo Lewis",8
"Keyunta Dawson","Charles Haley",1
"Keyunta Dawson","Greg Kragen",2
"Keyunta Dawson","Christian Harris",1
"Keyunta Dawson","Ken Taylor",5
"Keyunta Dawson","Al Harris",2
"Keyunta Dawson","James Britt",6
"Keyunta Dawson","D'Marco Farr",3
"Keyunta Dawson","Greg Myers",6
"Brady Quinn","Chris Liwienski",1
"Brady Quinn","Preston Gothard",4
"Brady Quinn","Glenn Foley",2
"Brady Quinn","Clint Didier",2
"Brady Quinn","Chris Burkett",1
"Brady Quinn","Chris Dressel",3
"Mo Lewis","Jack Jones",7
"Mo Lewis","Al Harris",6
"Mo Lewis","Don Fielder",4
"Mo Lewis","Sam Williams",7
"Mo Lewis","Christian Harris",11
"Mo Lewis","Charles Haley",15
"Mo Lewis","Mike Dumas",3
"Mo Lewis","Orpheus Roye",6
"Mo Lewis","James Britt",12
"Mo Lewis","Darryl Tapp",3
"Mo Lewis","Eric Smith",4
"Mo Lewis","Greg Kragen",3
"Mo Lewis","Leonard Little",1
"Mo Lewis","D.J. Davidson",4
"Mo Lewis","Garin Veris",5
"Mo Lewis","Edward Johnson",1
"Mo Lewis","Channing Tindall",2
"Mo Lewis","Greg Myers",3
"Mo Lewis","Ernie Sims",8
"Mo Lewis","Keyunta Dawson",2
"Eric Smith","Mike Dumas",10
"Eric Smith","JT Woods",2
"Eric Smith","Charles Haley",3
"Eric Smith","Keyunta Dawson",2
"Eric Smith","Darren Comeaux",1
"Eric Smith","Sam Williams",3
"Eric Smith","John Swain",3
"Eric Smith","Leonard Little",4
"Eric Smith","Ken Taylor",5
"Eric Smith","Jack Jones",2
"Eric Smith","Tony Parrish",3
"Ernie Sims","Derion Kendrick",2
"Ernie Sims","Norman Hand",5
"Ernie Sims","Curly Lambeau",3
"Ernie Sims","Lee Williams",6
"Ernie Sims","Richard Dent",3
"Ernie Sims","Quay Walker",4
"Ernie Sims","Michael Carter",7
"Ernie Sims","Eddie Anderson",5
"Ernie Sims","Sam Seale",1
"Ernie Sims","James Britt",3
"Ernie Sims","Garin Veris",2
"Ernie Sims","Al Harris",3
"Ernie Sims","D'Marco Farr",8
"Ernie Sims","Leonard Little",1
"Ernie Sims","Jack Jones",1
"Ernie Sims","Jack Gibbens",2
"Ernie Sims","Mo Lewis",1
"Donald Penn","Ronnie Harmon",6
"Donald Penn","Rob Sims",4
"Donald Penn","Eric Sanders",3
"Donald Penn","Mike Pritchard",6
"Donald Penn","Garrett Wilson",19
"Donald Penn","Clint Didier",5
"Donald Penn","Chris Burkett",6
"Donald Penn","Kent Hull",6
"Donald Penn","Mark Dixon",4
"Donald Penn","Rasheed Walker",7
"Donald Penn","Jason Campbell",12
"Donald Penn","Joe Thomas",7
"Donald Penn","Chris Dressel",9
"Donald Penn","Cedric Jones",3
"Donald Penn","Ken Dallafior",6
"Donald Penn","Patrick Cobbs",7
"Donald Penn","Kurt Quarterman",2
"Donald Penn","Walter Stanley",2
"Donald Penn","Brett Goode",3
"Donald Penn","DeAngelo Williams",4
"Donald Penn","Ryan O'Callaghan",4
"Donald Penn","Jelani Woods",4
"Donald Penn","Michael Haddix",3
"Donald Penn","Sean Landeta",5
"Donald Penn","Ali Haji-Sheikh",3
"Donald Penn","Dorsey Levens",4
"Ken Dallafior","Chris Burkett",15
"Ken Dallafior","Cedric Jones",5
"Ken Dallafior","Ronnie Harmon",1
"Ken Dallafior","Walter Stanley",8
"Ken Dallafior","Patrick Cobbs",1
"Ken Dallafior","Michael Robinson",2
"Ken Dallafior","Kent Hull",2
"Ken Dallafior","Mark Dixon",5
"Ken Dallafior","Rob Sims",3
"Ken Dallafior","Dorsey Levens",5
"Ken Dallafior","Steve Sewell",4
"Ken Dallafior","Sean Landeta",1
"Ken Dallafior","Michael Haddix",3
"Ken Dallafior","Chris Dressel",4
"James Britt","Brent Grimes",6
"James Britt","Mike Dumas",4
"James Britt","Tony Parrish",8
"James Britt","D.J. Davidson",9
"James Britt","Keyunta Dawson",7
"James Britt","Charles Haley",13
"James Britt","Greg Kragen",7
"James Britt","Orpheus Roye",7
"James Britt","Leonard Little",6
"James Britt","Mo Lewis",6
"James Britt","James Griffin",4
"James Britt","Don Fielder",1
"James Britt","Sam Williams",7
"James Britt","Darren Comeaux",1
"James Britt","Jack Jones",2
"James Britt","Eric Smith",4
"James Britt","JT Woods",2
"James Britt","Christian Harris",4
"James Britt","D'Marco Farr",4
"James Britt","Ernie Sims",1
"James Britt","Jack Gibbens",8
"Walter Stanley","Chris Burkett",21
"Walter Stanley","Brett Goode",3
"Walter Stanley","Rasheed Walker",10
"Walter Stanley","Garrett Wilson",23
"Walter Stanley","Kurt Quarterman",16
"Walter Stanley","Kent Hull",14
"Walter Stanley","Clint Didier",1
"Walter Stanley","Jason Campbell",5
"Walter Stanley","Joe Thomas",9
"Walter Stanley","Donald Penn",10
"Walter Stanley","Cedric Jones",2
"Walter Stanley","Chris Dressel",15
"Walter Stanley","Mark Dixon",7
"Walter Stanley","Ken Dallafior",2
"Walter Stanley","Michael Robinson",3
"Walter Stanley","Scott Player",2
"Walter Stanley","Ronnie Harmon",6
"Walter Stanley","Eric Sanders",4
"Walter Stanley","Brady Quinn",2
"Walter Stanley","Samson Satele",2
"Walter Stanley","Ryan O'Callaghan",5
"Walter Stanley","Jim Parker",1
"Walter Stanley","Steve Sewell",1
"Walter Stanley","Jelani Woods",2
"Walter Stanley","Calvin Austin III",2
"Walter Stanley","Dorsey Levens",2
"Garin Veris","Shaun Gayle",3
"Garin Veris","Bob Nelson",3
"Garin Veris","Ken Strong",3
"Garin Veris","Gerald Robinson",3
"Garin Veris","Michael Carter",1
"Garin Veris","Brian Asamoah II",2
"Garin Veris","Greg Myers",10
"Garin Veris","Anthony Montgomery",3
"Garin Veris","Eric Smith",2
"Garin Veris","Jack Gibbens",6
"Garin Veris","Charles Haley",2
"Garin Veris","Jerry Gray",2
"Jelani Woods","Victor Riley",2
"Jelani Woods","Owen Daniels",1
"Jelani Woods","Nick Cole",1
"Jelani Woods","Clint Didier",2
"Jelani Woods","Mike Pritchard",2
"Jelani Woods","Ken Dallafior",2
"Jelani Woods","Dorsey Levens",5
"Jelani Woods","Calvin Austin III",4
"Jelani Woods","Garrett Wilson",8
"Jelani Woods","Chris Dressel",2
"Jelani Woods","Donald Penn",4
"Jelani Woods","Joe Thomas",1
"Channing Tindall","Keith Browner",2
"Channing Tindall","Curly Lambeau",1
"Channing Tindall","Bob Nelson",2
"Channing Tindall","Ervin Randle",4
"Samson Satele","Ryan O'Callaghan",3
"Samson Satele","Calvin Austin III",2
"Samson Satele","Mark Dixon",4
"Greg Myers","Lemar Parrish",4
"Greg Myers","Vonnie Holliday",4
"Greg Myers","Dave Butz II",4
"Greg Myers","Mark Lee",5
"Greg Myers","Rulon Jones",4
"Greg Myers","Rickey Jackson",2
"Greg Myers","Derion Kendrick",1
"Greg Myers","Al Harris",3
"Greg Myers","Christian Harris",5
"Greg Myers","Jack Jones",3
"Greg Myers","Charles Haley",2
"Greg Myers","Orpheus Roye",5
"Greg Myers","Keyunta Dawson",3
"Greg Myers","Anthony Montgomery",2
"Greg Myers","Garin Veris",2
"Mike Gruttadauria","Carson Strong",1
"Mike Gruttadauria","Roy Foster",1
"Mike Gruttadauria","Gary Anderson K",2
"Mike Gruttadauria","Abraham Lucas",1
"Mike Gruttadauria","Earnest Byner",2
"Mike Gruttadauria","Marcedes Lewis",2
"Mike Gruttadauria","Mike Alstott",2
"Mike Gruttadauria","Henry Ellard",2
"Ali Haji-Sheikh","Dwayne Bowe",5
"Ali Haji-Sheikh","Ryan Cook",3
"Ali Haji-Sheikh","Warren Moon",3
"Ali Haji-Sheikh","Az-Zahir Hakim",1
"Ali Haji-Sheikh","John Teltschik",1
"Ali Haji-Sheikh","Braxton Jones",1
"Ali Haji-Sheikh","Preston Gothard",4
"Ali Haji-Sheikh","Devin Hester",3
"Ali Haji-Sheikh","Chris Kuper",2
"Ali Haji-Sheikh","Michael Haddix",7
"Ali Haji-Sheikh","Alec Pierce",1
"Ali Haji-Sheikh","Rob Sims",3
"Sean Landeta","Evan Pilgrim",4
"Sean Landeta","Jim Brown",4
"Sean Landeta","Lionel Manuel",2
"Sean Landeta","Marshal Yanda",4
"Sean Landeta","Fred Taylor",3
"Sean Landeta","Randall Cunningham",3
"Sean Landeta","Garrett Wilson",3
"Michael Haddix","Samson Satele",1
"Michael Haddix","Alec Pierce",6
"Michael Haddix","Jelani Woods",3
"Michael Haddix","Donald Penn",3
"Steve Sewell","Guy Bingham",4
"Steve Sewell","Jim Everett",1
"Steve Sewell","Willie Davis",7
"Steve Sewell","Jimmy Conzelman",7
"Steve Sewell","Jeff Hartings",4
"Steve Sewell","Jim Ritcher",2
"Steve Sewell","Bubba Paris",14
"Steve Sewell","Alvin Harper",5
"Steve Sewell","Ken Ruettgers",9
"Steve Sewell","Malik Willis",1
"Steve Sewell","Mark Duper",2
"Steve Sewell","Reggie Langhorne",8
"Steve Sewell","Morten Andersen",4
"Steve Sewell","Gene Williams",3
"Steve Sewell","Terry Allen",3
"Steve Sewell","LenDale White",2
"Steve Sewell","George Halas",6
"Steve Sewell","Dan Turk",4
"Steve Sewell","Glenn Foley",4
"Steve Sewell","Dorsey Levens",6
"Steve Sewell","Ronnie Harmon",1
"Steve Sewell","Jelani Woods",4
"Steve Sewell","Jason Campbell",8
"Steve Sewell","Calvin Austin III",4
"Steve Sewell","Ali Haji-Sheikh",1
"Steve Sewell","Ken Dallafior",3
"Steve Sewell","Kent Hull",2
"Alec Pierce","Ahman Green",1
"Alec Pierce","Jeff Chadwick",4
"Alec Pierce","Henry Ellard",4
"Alec Pierce","Earnest Byner",2
"Alec Pierce","Marcedes Lewis",6
"Alec Pierce","Eric Martin",3
"Alec Pierce","Jameson Williams",6
"Alec Pierce","Mike Alstott",5
"Alec Pierce","Duval Love",3
"Alec Pierce","Jeff Dellenbach",4
"Alec Pierce","Gary Anderson K",2
"Alec Pierce","Matt Birk",3
"Alec Pierce","Abraham Lucas",1
"Alec Pierce","Roy Foster",2
"Alec Pierce","Jon Runyan",3
"Alec Pierce","Jason Campbell",2
"Alec Pierce","Joe Thomas",5
"Calvin Austin III","Ken Lanier",3
"Calvin Austin III","Eric Young",3
"Calvin Austin III","Nick Muse",2
"Calvin Austin III","Broderick Thompson",4
"Calvin Austin III","Rob Sims",2
"Calvin Austin III","Chris Dressel",3
"Calvin Austin III","Ken Dallafior",6
"Calvin Austin III","Dorsey Levens",4
"Ryan O'Callaghan","Mike Pritchard",8
"Ryan O'Callaghan","Jim Parker",2
"Ryan O'Callaghan","Donald Penn",1
"Ryan O'Callaghan","DeAngelo Williams",3
"Anthony Montgomery","Carl Banks",7
"Anthony Montgomery","Regan Upshaw",3
"Anthony Montgomery","Turk McBride",2
"Anthony Montgomery","Perry Phenix",3
"Anthony Montgomery","Alfred Williams",3
"Anthony Montgomery","Mark Haynes",4
"Anthony Montgomery","Tommy Nobis",10
"Anthony Montgomery","Knute Rockne",2
"Anthony Montgomery","Leonard Little",8
"Anthony Montgomery","Greg Myers",1
"Anthony Montgomery","Jerry Gray",5
"Anthony Montgomery","Keyunta Dawson",3
"Anthony Montgomery","Tony Parrish",2
"Mike Sherrard","Eric Sanders",3
"Mike Sherrard","Mark Dixon",5
"Mike Sherrard","Chris Dressel",4
"Mark Dixon","Patrick Cobbs",4
"Mark Dixon","Kent Hull",6
"Mark Dixon","Cedric Jones",3
"Mark Dixon","Chris Burkett",7
"Mark Dixon","Clint Didier",2
"Mark Dixon","Donald Penn",6
"Mark Dixon","Ronnie Harmon",5
"Mark Dixon","Walter Stanley",2
"Mark Dixon","Ken Dallafior",1
"Mark Dixon","Tony Franklin",4
"Mark Dixon","Jason Campbell",3
"Mark Dixon","Mike Gruttadauria",2
"Mark Dixon","Jim Parker",2
"Darryl Tapp","Darren Comeaux",5
"Darryl Tapp","Christian Harris",2
"Darryl Tapp","Brent Grimes",2
"Fredd Young","John Swain",2
"Fredd Young","Charles Haley",5
"Fredd Young","Jack Jones",4
"Miles Austin","Marcus Allen",11
"Miles Austin","Skylar Thompson",3
"Miles Austin","Hoby Brenner",4
"Miles Austin","Webster Slaughter",6
"Miles Austin","Hank Baskett",2
"Miles Austin","Jamie Dukes",16
"Miles Austin","Tim Spencer",1
"Miles Austin","Alan Faneca",8
"Miles Austin","Herschel Walker",1
"Miles Austin","Daryn Colledge",7
"Miles Austin","Daren Gilbert",5
"Miles Austin","Zach Strief",7
"Miles Austin","Tony Collins",4
"Miles Austin","Fred Jackson",3
"Miles Austin","Richmond McGee",4
"Miles Austin","Brent Celek",3
"Daryn Colledge","Brent Celek",11
"Daryn Colledge","Mike Sims-Walker",8
"Daryn Colledge","Hoby Brenner",5
"Daryn Colledge","Jamie Dukes",9
"Daryn Colledge","Hank Baskett",2
"Daryn Colledge","Tim Spencer",2
"Daryn Colledge","Stan Brock",3
"Daryn Colledge","Miles Austin",2
"Daryn Colledge","Herschel Walker",6
"Daryn Colledge","Dean Miraldi",3
"Daryn Colledge","Vince Young",1
"Daryn Colledge","Santonio Holmes",7
"Daryn Colledge","Daren Gilbert",2
"Daryn Colledge","Tony Collins",4
"Daryn Colledge","Chris Hetherington",2
"Daryn Colledge","Bobby Layne",2
"Daryn Colledge","Ikem Ekwonu",1
"Daryn Colledge","Derrick Deese",4
"Daryn Colledge","Rich Karlis",2
"Daryn Colledge","Raymont Harris",5
"Daryn Colledge","Webster Slaughter",1
"William Thomas","Ray Childress",5
"William Thomas","Jon Beason",12
"William Thomas","Matt Millen",5
"William Thomas","Kevin Ross",17
"William Thomas","Lional Dalton",8
"William Thomas","Pat Ballage",5
"William Thomas","Frank Warren",4
"William Thomas","Jerry Boyarsky",3
"William Thomas","Andrew Booth Jr",8
"William Thomas","Kerby Joseph",8
"William Thomas","Jonathan Fatu",6
"William Thomas","Mark Duda",6
"William Thomas","Luke Masterson",5
"William Thomas","Joe Kelly",3
"William Thomas","Larry Whigham",1
"William Thomas","Ray Edwards",2
"William Thomas","Ron Rivera",3
"William Thomas","Leonard Smith",3
"Jon Beason","Robert Brown",8
"Jon Beason","Leonard Smith",4
"Jon Beason","William Thomas",14
"Jon Beason","Pat Ballage",4
"Jon Beason","Mark Duda",2
"Jon Beason","Reggie Nelson",1
"Jon Beason","Alvin Walton",6
"Jon Beason","Vince Albritton",7
"Jon Beason","Brent Williams",13
"Jon Beason","Frank Warren",3
"Jon Beason","Ron Rivera",12
"Jon Beason","Andrew Booth Jr",2
"Jon Beason","Don Davey",5
"Jon Beason","Lional Dalton",11
"Jon Beason","Ray Childress",2
"Jon Beason","Luke Masterson",9
"Jon Beason","Kevin Ross",5
"Jon Beason","Cedric Griffin",1
"Jon Beason","Jerry Boyarsky",8
"Jon Beason","Jonathan Fatu",8
"Jon Beason","Donnie Abraham",2
"Jon Beason","Joe Kelly",7
"Jon Beason","Dave Waymer",7
"Jon Beason","Chip Banks",1
"Jon Beason","Pat Tillman",5
"Jon Beason","Kerby Joseph",2
"Ray Childress","Andrew Booth Jr",9
"Ray Childress","Joe Kelly",5
"Ray Childress","Ross Browner II",1
"Ray Childress","Reggie Kinlaw",1
"Ray Childress","Leonard Smith",4
"Ray Childress","Vince Albritton",12
"Ray Childress","Don Davey",5
"Ray Childress","Jonathan Fatu",7
"Ray Childress","Kevin Ross",12
"Ray Childress","William Thomas",16
"Ray Childress","Robert Brown",3
"Ray Childress","Ron Rivera",13
"Ray Childress","Jon Beason",9
"Ray Childress","Luke Masterson",1
"Ray Childress","Jerry Boyarsky",2
"Ray Childress","Kerby Joseph",1
"Ray Childress","Brent Williams",4
"Ray Childress","Alvin Walton",1
"Ray Childress","Frank Warren",3
"Ray Childress","Pat Tillman",6
"Ray Childress","Lional Dalton",6
"Ray Childress","Dave Waymer",1
"Zach Strief","Tony Collins",4
"Zach Strief","Skylar Thompson",1
"Zach Strief","Herschel Walker",9
"Zach Strief","Miles Austin",4
"Zach Strief","Rich Karlis",4
"Zach Strief","Stan Brock",5
"Zach Strief","Marcus Allen",2
"Zach Strief","Alan Faneca",9
"Zach Strief","Webster Slaughter",5
"Zach Strief","Daryn Colledge",3
"Zach Strief","Tim Spencer",4
"Zach Strief","Santonio Holmes",8
"Zach Strief","Mike Sims-Walker",11
"Zach Strief","Vince Young",3
"Zach Strief","Derrick Deese",4
"Zach Strief","Joe Panos",2
"Zach Strief","Dwayne Carswell",2
"Zach Strief","Bobby Layne",6
"Zach Strief","Fred Jackson",4
"Zach Strief","Jamie Dukes",3
"Zach Strief","Chris Hetherington",3
"Zach Strief","Mark Bavaro",1
"Mike Sims-Walker","Daren Gilbert",3
"Mike Sims-Walker","Daryn Colledge",2
"Mike Sims-Walker","Miles Austin",6
"Mike Sims-Walker","Santonio Holmes",2
"Mike Sims-Walker","Herschel Walker",2
"Mike Sims-Walker","Tim Spencer",7
"Mike Sims-Walker","Vince Young",6
"Mike Sims-Walker","Alan Faneca",10
"Mike Sims-Walker","Oliver Ross",3
"Mike Sims-Walker","Jeff Chadwick",3
"Mike Sims-Walker","Mark Bavaro",5
"Mike Sims-Walker","Bobby Layne",2
"Mike Sims-Walker","Derrick Deese",1
"Mike Sims-Walker","Zach Strief",5
"Robert Brown","Frank Warren",7
"Robert Brown","William Thomas",3
"Robert Brown","Matt Millen",1
"Robert Brown","Lional Dalton",2
"Robert Brown","Andrew Booth Jr",4
"Robert Brown","Cedric Griffin",3
"Robert Brown","Jonathan Fatu",8
"Robert Brown","Don Fielder",3
"Robert Brown","Luke Masterson",3
"Robert Brown","Mark Duda",2
"Robert Brown","Ray Childress",1
"Robert Brown","Jon Beason",4
"Robert Brown","Donnie Humphrey",1
"Andrew Booth Jr","Vince Albritton",4
"Andrew Booth Jr","Kevin Ross",5
"Andrew Booth Jr","Matt Millen",4
"Andrew Booth Jr","Jon Beason",1
"Andrew Booth Jr","Cedric Griffin",1
"Andrew Booth Jr","Reggie Nelson",2
"Andrew Booth Jr","Lional Dalton",1
"Andrew Booth Jr","Mark Duda",2
"Andrew Booth Jr","William Thomas",2
"Andrew Booth Jr","Frank Warren",3
"Andrew Booth Jr","Brent Williams",3
"Andrew Booth Jr","Pat Ballage",2
"Andrew Booth Jr","Kerby Joseph",1
"Andrew Booth Jr","Luke Masterson",1
"Andrew Booth Jr","Pat Tillman",1
"Daren Gilbert","Marcus Allen",5
"Daren Gilbert","Alan Faneca",3
"Daren Gilbert","Santonio Holmes",5
"Daren Gilbert","Zach Strief",12
"Daren Gilbert","Tony Collins",6
"Daren Gilbert","Chris Dieterich",3
"Daren Gilbert","Mike Sims-Walker",5
"Daren Gilbert","Daryn Colledge",3
"Daren Gilbert","Vince Young",2
"Daren Gilbert","Tim Spencer",1
"Daren Gilbert","Hoby Brenner",1
"Daren Gilbert","Jamie Dukes",2
"Daren Gilbert","Jeff Chadwick",4
"Daren Gilbert","Joe Panos",4
"Daren Gilbert","Chris Hetherington",5
"Daren Gilbert","Miles Austin",2
"Jack Coan","Cooper Wallace",1
"Jack Coan","Hank Baskett",3
"Jack Coan","Marcus Allen",1
"Jack Coan","Herschel Walker",6
"Jack Coan","Miles Austin",6
"Jack Coan","Bobby Layne",4
"Jack Coan","Raymont Harris",3
"Jack Coan","Daren Gilbert",5
"Jack Coan","Santonio Holmes",2
"Jack Coan","Jalen Nailor",5
"Ron Rivera","Jonathan Fatu",12
"Ron Rivera","Alvin Walton",6
"Ron Rivera","Cedric Griffin",3
"Ron Rivera","Kevin Ross",9
"Ron Rivera","Leonard Smith",1
"Ron Rivera","Lional Dalton",4
"Ron Rivera","Mark Duda",14
"Ron Rivera","Jerry Boyarsky",4
"Ron Rivera","Brent Williams",7
"Ron Rivera","Vince Albritton",4
"Ron Rivera","Reggie Nelson",5
"Ron Rivera","Ray Childress",7
"Ron Rivera","Jon Beason",7
"Ron Rivera","Andrew Booth Jr",8
"Ron Rivera","Larry Whigham",2
"Ron Rivera","Ray Edwards",2
"Ron Rivera","Robert Brown",2
"Ron Rivera","Pat Tillman",4
"Leonard Smith","Robert Brown",8
"Leonard Smith","Ron Rivera",4
"Leonard Smith","Jon Beason",6
"Leonard Smith","Lional Dalton",2
"Leonard Smith","Vince Albritton",1
"Leonard Smith","Andrew Booth Jr",1
"Leonard Smith","Pat Tillman",7
"Leonard Smith","Jonathan Fatu",1
"Leonard Smith","Kerby Joseph",2
"Leonard Smith","Luke Masterson",2
"Leonard Smith","Mark Duda",1
"Rich Karlis","Tim Spencer",4
"Rich Karlis","Hank Baskett",4
"Rich Karlis","Daryn Colledge",4
"Rich Karlis","Jeremy Cain",3
"Rich Karlis","Tony Collins",2
"Rich Karlis","Herschel Walker",13
"Rich Karlis","Richmond McGee",2
"Rich Karlis","Chris Hetherington",1
"Rich Karlis","Mike Sims-Walker",2
"Rich Karlis","Raymont Harris",2
"Alan Faneca","Zach Strief",14
"Alan Faneca","Jamie Dukes",6
"Alan Faneca","Daren Gilbert",4
"Alan Faneca","Skylar Thompson",1
"Alan Faneca","Tim Spencer",8
"Alan Faneca","Marcus Allen",3
"Alan Faneca","Herschel Walker",11
"Alan Faneca","Miles Austin",13
"Alan Faneca","Daryn Colledge",4
"Alan Faneca","Jack Coan",2
"Alan Faneca","Webster Slaughter",8
"Alan Faneca","Mike Sims-Walker",11
"Alan Faneca","Santonio Holmes",4
"Alan Faneca","Tony Collins",9
"Alan Faneca","Brent Celek",7
"Alan Faneca","Stan Brock",3
"Alan Faneca","Vince Young",4
"Alan Faneca","Oliver Ross",5
"Alan Faneca","Rich Karlis",4
"Alan Faneca","Chris Hetherington",10
"Alan Faneca","Mark Bavaro",6
"Alan Faneca","Paul Fairchild",3
"Herschel Walker","Hoby Brenner",21
"Herschel Walker","Santonio Holmes",3
"Herschel Walker","Vince Young",9
"Herschel Walker","Zach Strief",3
"Herschel Walker","Ron Solt",2
"Herschel Walker","Jeremy Cain",4
"Herschel Walker","Daryn Colledge",5
"Herschel Walker","Tim Spencer",5
"Herschel Walker","Miles Austin",1
"Herschel Walker","Jamie Dukes",6
"Herschel Walker","Alan Faneca",6
"Herschel Walker","Rich Karlis",4
"Herschel Walker","Mike Sims-Walker",7
"Herschel Walker","Daren Gilbert",4
"Herschel Walker","Dean Miraldi",1
"Herschel Walker","Oliver Ross",1
"Herschel Walker","Ikem Ekwonu",3
"Herschel Walker","Brent Celek",3
"Herschel Walker","Mark Bavaro",3
"Herschel Walker","Derrick Deese",1
"Brent Williams","Pat Tillman",3
"Brent Williams","Andrew Booth Jr",3
"Brent Williams","Jon Beason",3
"Brent Williams","Reggie Kinlaw",1
"Brent Williams","Cedric Griffin",5
"Brent Williams","Leonard Smith",2
"Brent Williams","Pat Ballage",5
"Brent Williams","Matt Millen",3
"Brent Williams","Kevin Ross",3
"Brent Williams","Frank Warren",2
"Brent Williams","Ray Childress",11
"Brent Williams","Jonathan Fatu",5
"Brent Williams","Kerby Joseph",5
"Brent Williams","William Thomas",6
"Brent Williams","Ron Rivera",5
"Brent Williams","Mark Duda",6
"Brent Williams","Don Davey",3
"Brent Williams","Robert Brown",1
"Jonathan Fatu","Mark Gastineau",1
"Jonathan Fatu","Robert Brown",3
"Jonathan Fatu","Jon Beason",2
"Jonathan Fatu","Don Davey",4
"Jonathan Fatu","Ron Rivera",4
"Jonathan Fatu","Ray Childress",3
"Jonathan Fatu","Brent Williams",7
"Jonathan Fatu","Lional Dalton",2
"Jonathan Fatu","Andrew Booth Jr",8
"Jonathan Fatu","Kerby Joseph",4
"Jonathan Fatu","Pat Tillman",8
"Jonathan Fatu","Dave Waymer",4
"Jonathan Fatu","Cedric Griffin",4
"Jonathan Fatu","Alvin Walton",4
"Webster Slaughter","Santonio Holmes",3
"Webster Slaughter","Tony Collins",2
"Webster Slaughter","Hoby Brenner",1
"Webster Slaughter","Vince Young",1
"Webster Slaughter","Hank Baskett",1
"Webster Slaughter","Zach Strief",5
"Webster Slaughter","Herschel Walker",3
"Webster Slaughter","Chuck Belin",3
"Webster Slaughter","Fred Jackson",3
"Webster Slaughter","Oliver Ross",3
"Webster Slaughter","Richmond McGee",1
"Jamie Dukes","Brent Celek",1
"Jamie Dukes","Marcus Allen",1
"Jamie Dukes","Santonio Holmes",5
"Jamie Dukes","Vince Young",4
"Jamie Dukes","Zach Strief",5
"Jamie Dukes","Herschel Walker",6
"Jamie Dukes","Oliver Ross",1
"Jamie Dukes","Miles Austin",1
"Alvin Walton","Andrew Booth Jr",1
"Alvin Walton","Leonard Smith",1
"Alvin Walton","Jerry Boyarsky",3
"Alvin Walton","Ron Rivera",1
"Alvin Walton","Jonathan Fatu",1
"Alvin Walton","Joe Kelly",2
"Alvin Walton","Kerby Joseph",1
"Cedric Griffin","Pat Tillman",5
"Cedric Griffin","Pat Ballage",4
"Cedric Griffin","Jon Beason",10
"Cedric Griffin","Frank Warren",10
"Cedric Griffin","Reggie Kinlaw",5
"Cedric Griffin","Kevin Ross",2
"Cedric Griffin","Brent Williams",16
"Cedric Griffin","Ray Childress",1
"Cedric Griffin","Ron Rivera",4
"Cedric Griffin","Andrew Booth Jr",8
"Cedric Griffin","Alvin Walton",2
"Cedric Griffin","Vince Albritton",3
"Cedric Griffin","William Thomas",2
"Cedric Griffin","Kerby Joseph",3
"Cedric Griffin","Lional Dalton",6
"Cedric Griffin","Mark Duda",5
"Cedric Griffin","Leonard Smith",4
"Cedric Griffin","Jonathan Fatu",1
"Kerby Joseph","Randall Godfrey",1
"Kerby Joseph","Duane Bickett",4
"Kerby Joseph","Cam Taylor-Britt",5
"Kerby Joseph","Tim Harris",4
"Kerby Joseph","Joe Nash",2
"Kerby Joseph","Lional Dalton",6
"Kerby Joseph","Vince Albritton",8
"Kerby Joseph","Jon Beason",5
"Kerby Joseph","Ron Rivera",4
"Kerby Joseph","Jerry Boyarsky",3
"Kerby Joseph","Mark Duda",9
"Kerby Joseph","Andrew Booth Jr",4
"Kerby Joseph","Alvin Walton",8
"Kerby Joseph","Don Davey",1
"Kerby Joseph","Robert Brown",1
"Kerby Joseph","Ray Edwards",2
"Kerby Joseph","William Thomas",2
"Kerby Joseph","Luke Masterson",1
"Kerby Joseph","Dave Waymer",3
"Kerby Joseph","Kevin Ross",3
"Ray Edwards","Alvin Walton",3
"Ray Edwards","Kevin Ross",5
"Ray Edwards","Chip Banks",2
"Ray Edwards","Joe Kelly",2
"Ray Edwards","Mark Duda",3
"Ray Edwards","Pat Tillman",1
"Luke Masterson","Todd Lyght",6
"Luke Masterson","Bryan Cook",2
"Luke Masterson","Ken Strong",2
"Luke Masterson","Roger McCreary",2
"Luke Masterson","Wes Hopkins",3
"Luke Masterson","Cedric Griffin",2
"Luke Masterson","Alvin Walton",1
"Luke Masterson","Mark Duda",4
"Luke Masterson","Don Davey",3
"Luke Masterson","Donnie Abraham",2
"Luke Masterson","Kerby Joseph",1
"Luke Masterson","Ray Childress",3
"Luke Masterson","Pat Tillman",4
"Luke Masterson","Ray Edwards",7
"Luke Masterson","Jonathan Fatu",1
"Luke Masterson","Dave Waymer",4
"Luke Masterson","Don Fielder",7
"Luke Masterson","Robert Brown",2
"Luke Masterson","Jon Beason",1
"Luke Masterson","Donnie Humphrey",3
"Luke Masterson","Lional Dalton",5
"Pat Tillman","Joe Kelly",6
"Pat Tillman","Vince Albritton",2
"Pat Tillman","Brent Williams",1
"Pat Tillman","Lional Dalton",2
"Pat Tillman","Kerby Joseph",4
"Pat Tillman","Jon Beason",6
"Pat Tillman","William Thomas",1
"Pat Tillman","Chip Banks",3
"Pat Tillman","Ron Rivera",8
"Pat Tillman","Ray Childress",2
"Pat Tillman","Andrew Booth Jr",1
"Pat Tillman","Don Fielder",2
"Pat Tillman","Alvin Walton",1
"Kevin Ross","Jeff Davis",1
"Kevin Ross","Jon Beason",2
"Kevin Ross","Ray Childress",14
"Kevin Ross","Andrew Booth Jr",7
"Kevin Ross","Mark Duda",9
"Kevin Ross","Cedric Griffin",14
"Kevin Ross","Leonard Smith",5
"Kevin Ross","Jerry Boyarsky",5
"Kevin Ross","Jonathan Fatu",7
"Kevin Ross","Don Davey",6
"Kevin Ross","Brent Williams",2
"Kevin Ross","William Thomas",11
"Kevin Ross","Lional Dalton",4
"Kevin Ross","Kerby Joseph",1
"Kevin Ross","Pat Ballage",4
"Kevin Ross","Luke Masterson",5
"Kevin Ross","Ray Edwards",2
"Kevin Ross","Chip Banks",3
"Kevin Ross","Robert Brown",1
"Kevin Ross","Ron Rivera",2
"Kevin Ross","Don Fielder",2
"Mark Duda","Ross Browner II",1
"Mark Duda","Brent Williams",5
"Mark Duda","Ron Rivera",9
"Mark Duda","Kevin Ross",18
"Mark Duda","Matt Millen",7
"Mark Duda","Don Davey",4
"Mark Duda","William Thomas",4
"Mark Duda","Kerby Joseph",6
"Mark Duda","Robert Brown",3
"Mark Duda","Jonathan Fatu",1
"Mark Duda","Pat Ballage",4
"Mark Duda","Alvin Walton",1
"Mark Duda","Reggie Nelson",3
"Mark Duda","Ray Childress",3
"Mark Duda","Jon Beason",2
"Mark Duda","Andrew Booth Jr",4
"Mark Duda","Pat Tillman",2
"Mark Duda","Luke Masterson",4
"Richmond McGee","Daryn Colledge",9
"Richmond McGee","Vince Young",7
"Richmond McGee","Tony Collins",4
"Richmond McGee","Jamie Dukes",4
"Richmond McGee","Santonio Holmes",2
"Richmond McGee","Alan Faneca",1
"Richmond McGee","Mike Baab",3
"Richmond McGee","Mike Sims-Walker",5
"Richmond McGee","Derrick Deese",1
"Oliver Ross","Alan Faneca",4
"Oliver Ross","Daryn Colledge",3
"Oliver Ross","Santonio Holmes",1
"Oliver Ross","Jamie Dukes",1
"Oliver Ross","Tony Collins",2
"Oliver Ross","Miles Austin",3
"Oliver Ross","Vince Young",3
"Oliver Ross","Bobby Layne",2
"Oliver Ross","Zach Strief",5
"Lional Dalton","Joe Kelly",3
"Lional Dalton","Brent Williams",2
"Lional Dalton","Alvin Walton",4
"Lional Dalton","Kevin Ross",3
"Lional Dalton","Luke Masterson",5
"Lional Dalton","Robert Brown",5
"Lional Dalton","Andrew Booth Jr",3
"Joe Kelly","Frank Warren",3
"Joe Kelly","Leonard Smith",2
"Joe Kelly","Mark Duda",2
"Joe Kelly","Jon Beason",2
"Joe Kelly","Kevin Ross",5
"Joe Kelly","Mark Gastineau",1
"Joe Kelly","William Thomas",1
"Joe Kelly","Kerby Joseph",2
"Joe Kelly","Andrew Booth Jr",1
"Joe Kelly","Pat Ballage",5
"Joe Kelly","Dave Waymer",3
"Joe Kelly","Donnie Humphrey",5
"Bobby Layne","Fred Jackson",2
"Bobby Layne","Jamie Dukes",5
"Bobby Layne","Oliver Ross",1
"Bobby Layne","Chris Hetherington",6
"Bobby Layne","Herschel Walker",6
"Bobby Layne","Raymont Harris",10
"Bobby Layne","Mark Bavaro",4
"Bobby Layne","Derrick Deese",11
"Bobby Layne","Daryn Colledge",5
"Bobby Layne","Santonio Holmes",2
"Derrick Deese","Chris Hetherington",1
"Derrick Deese","Brent Celek",3
"Derrick Deese","Jeff Chadwick",2
"Derrick Deese","Jamie Dukes",2
"Derrick Deese","Rich Karlis",4
"Derrick Deese","Raymont Harris",7
"Derrick Deese","Mike Sims-Walker",1
"Derrick Deese","Paul Fairchild",2
"Derrick Deese","Santonio Holmes",1
"Derrick Deese","Miles Austin",3
"Dwayne Carswell","Daren Gilbert",1
"Raymont Harris","Fred Jackson",1
"Raymont Harris","Mark Bavaro",7
"Raymont Harris","Mike Sims-Walker",4
"Raymont Harris","Santonio Holmes",3
"Raymont Harris","Herschel Walker",3
"Raymont Harris","Alan Faneca",5
"Raymont Harris","Jamie Dukes",5
"Raymont Harris","Richmond McGee",3
"Raymont Harris","Derrick Deese",1
"Gus Frerotte","Jalen Nailor",4
"Gus Frerotte","Daryn Colledge",1
"Gus Frerotte","Herschel Walker",3
"Gus Frerotte","Daren Gilbert",4
"Joe Panos","Mike Sims-Walker",5
"Joe Panos","Jalen Nailor",4
"Santonio Holmes","Jeremy Cain",1
"Santonio Holmes","Mike Sims-Walker",18
"Santonio Holmes","Herschel Walker",4
"Santonio Holmes","Miles Austin",6
"Santonio Holmes","Daryn Colledge",10
"Santonio Holmes","Brent Celek",1
"Santonio Holmes","Tim Spencer",5
"Santonio Holmes","Ron Solt",5
"Santonio Holmes","Vince Young",7
"Santonio Holmes","Oliver Ross",3
"Santonio Holmes","Alan Faneca",9
"Santonio Holmes","Zach Strief",12
"Santonio Holmes","Hoby Brenner",3
"Santonio Holmes","Richmond McGee",7
"Santonio Holmes","Jamie Dukes",8
"Santonio Holmes","Tony Collins",2
"Santonio Holmes","Daren Gilbert",4
"Santonio Holmes","Derrick Deese",2
"Santonio Holmes","Dwayne Carswell",2
"Santonio Holmes","Chris Hetherington",2
"Jalen Nailor","Brent Celek",2
"Jalen Nailor","Chuck Belin",1
"Jalen Nailor","Fred Jackson",2
"Brent Celek","Marcus Allen",1
"Brent Celek","Zach Strief",9
"Brent Celek","Vince Young",6
"Brent Celek","Stan Brock",4
"Brent Celek","Oliver Ross",1
"Brent Celek","Herschel Walker",9
"Brent Celek","Mike Sims-Walker",4
"Brent Celek","Jeremy Cain",3
"Brent Celek","Daryn Colledge",4
"Brent Celek","Tony Collins",2
"Brent Celek","Miles Austin",1
"Brent Celek","Fred Jackson",2
"Brent Celek","Webster Slaughter",4
"Brent Celek","Mark Bavaro",3
"Fred Jackson","Pete Mandley",4
"Fred Jackson","Daniel Bellinger",2
"Fred Jackson","Will Wolford",5
"Fred Jackson","Az-Zahir Hakim",3
"Fred Jackson","Jamie Dukes",5
"Fred Jackson","Chuck Belin",4
"Fred Jackson","Joe Panos",3
"Fred Jackson","Jalen Nailor",2
"Fred Jackson","Bobby Layne",1
"Fred Jackson","Daren Gilbert",3
"Fred Jackson","Raymont Harris",1
"Jeff Chadwick","Duval Love",1
"Jeff Chadwick","Ahman Green",2
"Jeff Chadwick","Earnest Byner",3
"Jeff Chadwick","Kenny Pickett",1
"Jeff Chadwick","Gary Anderson K",4
"Jeff Chadwick","Jameson Williams",3
"Jeff Chadwick","Richmond McGee",2
"Mark Bavaro","Tootie Robbins",1
"Mark Bavaro","Nick Folk",3
"Mark Bavaro","Dameon Pierce",1
"Mark Bavaro","Mike Arthur",3
"Mark Bavaro","Ken O'Brien",3
"Mark Bavaro","Jeff Hartings",15
"Mark Bavaro","Reggie Bush",4
"Mark Bavaro","Herman Moore",1
"Mark Bavaro","Greg Olsen",1
"Mark Bavaro","Ed Ingram",8
"Mark Bavaro","Russ Grimm",3
"Mark Bavaro","Mike Wahle",17
"Mark Bavaro","Mark Bortz",3
"Mark Bavaro","Muhsin Muhammad",4
"Mark Bavaro","Al Toon",2
"Mark Bavaro","Lomas Brown",2
"Mark Bavaro","Gary Anderson",1
"Mark Bavaro","Jay Cutler",2
"Mark Bavaro","Joe Prokop",1
"Mark Bavaro","Mark Clayton",1
"Mark Bavaro","Derrick Deese",5
"Mark Bavaro","Daryn Colledge",3
"Mark Bavaro","Bobby Layne",1
"Mark Bavaro","Raymont Harris",1
"Mark Bavaro","Santonio Holmes",2
"Mark Bavaro","Herschel Walker",3
"Mark Bavaro","Jamie Dukes",9
"Mark Bavaro","Zach Strief",1
"Chip Banks","Keith Brooking",6
"Chip Banks","Anthony Montgomery",9
"Chip Banks","John Mobley",9
"Chip Banks","Ricky Bell",11
"Chip Banks","Perry Phenix",2
"Chip Banks","Carl Banks",7
"Chip Banks","Ronnie Lippett",4
"Chip Banks","Allen Rossum",5
"Chip Banks","Paul Grasmanis",2
"Chip Banks","Alfred Williams",2
"Chip Banks","Doug Smith DT",4
"Chip Banks","Turk McBride",2
"Chip Banks","Jonathan Fatu",4
"Chip Banks","William Thomas",3
"Chip Banks","Pat Ballage",2
"Chip Banks","Robert Brown",1
"Paul Fairchild","Freeman McNeil",2
"Paul Fairchild","Alan Faneca",1
"Paul Fairchild","Miles Austin",1
"Paul Fairchild","Rich Karlis",1
"Dave Waymer","Nick Cross",6
"Dave Waymer","Devonte Wyatt",2
"Dave Waymer","Everson Walls",7
"Dave Waymer","Mike Mickens",6
"Dave Waymer","David Little",1
"Dave Waymer","Joe Phillips",5
"Dave Waymer","Russell Maryland",3
"Dave Waymer","Reggie White",1
"Dave Waymer","Pat Swilling",7
"Dave Waymer","Darryl Grant",3
"Dave Waymer","Eugene Robinson",6
"Dave Waymer","Mike Singletary",4
"Dave Waymer","Roland James",2
"Dave Waymer","Lawrence Taylor",1
"Dave Waymer","Simeon Rice",1
"Dave Waymer","Kaiir Elam",3
"Dave Waymer","London Fletcher",2
"Dave Waymer","Leonard Smith",3
"Dave Waymer","Kevin Ross",1
"Dave Waymer","Mark Duda",2
"Dave Waymer","Kerby Joseph",1
"Dave Waymer","Don Fielder",2
"Don Fielder","John Swain",3
"Don Fielder","Greg Kragen",3
"Don Fielder","Fredd Young",4
"Don Fielder","Mo Lewis",2
"Don Fielder","Sam Williams",6
"Don Fielder","James Griffin",3
"Don Fielder","Darryl Tapp",6
"Don Fielder","Darren Comeaux",2
"Don Fielder","Al Harris",3
"Don Fielder","Ron Rivera",2
"Don Fielder","Kerby Joseph",2
"Don Fielder","Robert Brown",5
"Chris Hetherington","Mark Boyer",5
"Chris Hetherington","Curt Warner",2
"Chris Hetherington","Jonathan Ogden",2
"Chris Hetherington","Brandon Burlsworth",4
"Chris Hetherington","Jim Kelly",4
"Chris Hetherington","Rickey Dudley",4
"Chris Hetherington","Stephen Gostkowski",4
"Chris Hetherington","Jeff Chadwick",5
"Chris Hetherington","Santonio Holmes",8
"Chris Hetherington","Mike Sims-Walker",1
"Chris Hetherington","Ikem Ekwonu",2
"Chris Hetherington","Alan Faneca",3
"Chris Hetherington","Zach Strief",1
"Chris Hetherington","Daren Gilbert",1
"Chris Hetherington","Jamie Dukes",2
"Ikem Ekwonu","Nick Muse",1
"Ikem Ekwonu","Pete Metzelaars",3
"Ikem Ekwonu","Terry Long",2
"Ikem Ekwonu","Nick Mangold",2
"Ikem Ekwonu","Daren Gilbert",1
"Ikem Ekwonu","Raymont Harris",2
"Ikem Ekwonu","Herschel Walker",3
"Fred Marion","A.J. Hawk",2
"Donnie Humphrey","Ed Reynolds",4
"Donnie Humphrey","Fulton Walker",3
"Donnie Humphrey","Matt Blair II",2
"Donnie Humphrey","Charles Woodson",7
"Donnie Humphrey","Jermaine Johnson II",5
"Chuck Belin","Derrick Deese",4
"Chuck Belin","Webster Slaughter",3
"Chuck Belin","Fred Jackson",3
"Chuck Belin","Daren Gilbert",3
"Tony Elliott","Donte Whitner",2
"Tony Elliott","Clay Matthews",2
"Tony Elliott","Pepper Johnson",4
"Tony Elliott","Elvis Dumervil",3
"Fred Thomas","Vaughan Johnson",1
"Fred Thomas","Jalen Pitre",4
"Pat Ballage","Ross Browner II",5
"Pat Ballage","Frank Warren",1
"Pat Ballage","Alvin Walton",2
"Pat Ballage","Jon Beason",2
"Pat Ballage","Kerby Joseph",3
"Larry Whigham","Robert Brown",2
"Larry Whigham","Chip Banks",4
"Larry Whigham","Mark Duda",2
"Larry Whigham","Don Fielder",1
"Reggie White","London Fletcher",12
"Reggie White","David Little",2
"Reggie White","Tony Casillas",9
"Reggie White","Darryl Grant",10
"Reggie White","Simeon Rice",5
"Reggie White","Mike Singletary",2
"Reggie White","Lawrence Taylor",7
"Reggie White","Everson Walls",18
"Reggie White","Russell Maryland",24
"Reggie White","Marcus Jones CB",7
"Reggie White","Pat Swilling",18
"Reggie White","Eugene Robinson",11
"Reggie White","Dave Waymer",6
"Reggie White","Devonte Wyatt",3
"Reggie White","Nick Cross",6
"Reggie White","Joe Phillips",6
"Reggie White","Jim Stillwagon",5
"Reggie White","Rodney Thomas II",2
"Reggie White","Jesse Solomon",1
"Reggie White","Clint Session",4
"Reggie White","Rodney Harrison",14
"Reggie White","Chad Bratzke",1
"Reggie White","Frostee Rucker",4
"Reggie White","Sauce Gardner",1
"Reggie White","Kaiir Elam",1
"Steve Tasker","Sidney Rice",11
"Steve Tasker","Kyren Williams",3
"Steve Tasker","Anthony Munoz",11
"Steve Tasker","Eric Young",12
"Steve Tasker","Andre Reed",6
"Steve Tasker","Greg Bell",8
"Steve Tasker","Nick Novak",2
"Steve Tasker","Pete Metzelaars",8
"Steve Tasker","Nick Mangold",7
"Steve Tasker","Mike Ngo",9
"Steve Tasker","Tuffy Leemans",3
"Steve Tasker","Cam Jurgens",1
"Steve Tasker","Terry Long",5
"Andre Reed","Steve Tasker",5
"Andre Reed","Nick Mangold",8
"Andre Reed","Jahri Evans",6
"Andre Reed","Cam Jurgens",7
"Andre Reed","Mike Ngo",13
"Andre Reed","Danny Gray",1
"Andre Reed","Nick Novak",4
"Andre Reed","Jake Camarda",3
"Andre Reed","Sidney Rice",6
"Andre Reed","Anthony Munoz",6
"Andre Reed","Terry Long",2
"Andre Reed","Tuffy Leemans",10
"Andre Reed","Pete Metzelaars",7
"Andre Reed","Eric Young",3
"Andre Reed","Broderick Thompson",2
"Andre Reed","Marvin Harrison",1
"Andre Reed","Eric Moulds",9
"Andre Reed","Lou D'Agostino",1
"Andre Reed","Nick Muse",3
"Andre Reed","Joseph Addai",5
"Andre Reed","Winston Justice",3
"Andre Reed","Ryan Kalil",3
"Jahri Evans","Nick Mangold",6
"Jahri Evans","Marvin Harrison",10
"Jahri Evans","Anthony Munoz",4
"Jahri Evans","Cam Jurgens",11
"Jahri Evans","Greg Bell",2
"Jahri Evans","Steve Tasker",2
"Jahri Evans","Matt Corral",4
"Jahri Evans","Eric Young",4
"Jahri Evans","Terry Long",1
"Jahri Evans","Nick Muse",10
"Jahri Evans","Mike Ngo",5
"Jahri Evans","Andre Reed",9
"Jahri Evans","Tuffy Leemans",2
"Jahri Evans","Pete Metzelaars",8
"Jahri Evans","Isaiah Spiller",3
"Jahri Evans","Sidney Rice",3
"Jahri Evans","Joseph Addai",1
"Jahri Evans","Jake Camarda",1
"Nick Mangold","Matt Corral",1
"Nick Mangold","Tuffy Leemans",7
"Nick Mangold","Anthony Munoz",1
"Nick Mangold","Greg Bell",6
"Nick Mangold","Steve Tasker",4
"Nick Mangold","Jahri Evans",7
"Nick Mangold","Pete Metzelaars",15
"Nick Mangold","Nick Muse",5
"Nick Mangold","Andre Reed",6
"Nick Mangold","Ken Lanier",4
"Nick Mangold","Eric Young",6
"Russell Maryland","Marcus Jones CB",5
"Russell Maryland","Devonte Wyatt",2
"Russell Maryland","Eugene Robinson",9
"Russell Maryland","Simeon Rice",4
"Russell Maryland","Darryl Grant",9
"Russell Maryland","Kaiir Elam",4
"Russell Maryland","Joe Phillips",6
"Russell Maryland","Lawrence Taylor",3
"Russell Maryland","Mike Singletary",3
"Russell Maryland","Mike Mickens",1
"Russell Maryland","Everson Walls",4
"Russell Maryland","Nick Cross",5
"Russell Maryland","Reggie White",5
"Russell Maryland","Tony Casillas",6
"Russell Maryland","Dave Waymer",5
"Russell Maryland","Gary Reasons",4
"Russell Maryland","Pat Swilling",1
"Russell Maryland","Chad Bratzke",2
"Russell Maryland","Frostee Rucker",1
"Russell Maryland","Sauce Gardner",8
"Russell Maryland","Christian Benford",3
"Eric Young","Matt Corral",9
"Eric Young","Mike Ngo",7
"Eric Young","Terry Long",3
"Eric Young","Cam Jurgens",11
"Eric Young","Anthony Munoz",9
"Eric Young","Jahri Evans",8
"Eric Young","Greg Bell",13
"Eric Young","Sidney Rice",18
"Eric Young","Nick Mangold",10
"Eric Young","Nick Muse",1
"Eric Young","Pete Metzelaars",10
"Eric Young","Marvin Harrison",6
"Eric Young","Steve Tasker",4
"Eric Young","Doug Flutie",2
"Eric Young","Kenneth Davis",1
"Eric Young","John Jefferson",1
"Mike Singletary","Tony Casillas",7
"Mike Singletary","Nick Cross",9
"Mike Singletary","Russell Maryland",6
"Mike Singletary","David Little",3
"Mike Singletary","Everson Walls",10
"Mike Singletary","Lawrence Taylor",6
"Mike Singletary","Roland James",5
"Mike Singletary","Kaiir Elam",3
"Mike Singletary","Joe Phillips",1
"Mike Singletary","London Fletcher",4
"Mike Singletary","Mike Mickens",2
"Mike Singletary","Eugene Robinson",1
"Mike Singletary","Pat Swilling",9
"Mike Singletary","Dave Waymer",3
"Mike Singletary","Gary Reasons",5
"Mike Singletary","Christian Benford",3
"Mike Singletary","Chad Bratzke",2
"Mike Singletary","Frostee Rucker",7
"Lawrence Taylor","Devonte Wyatt",11
"Lawrence Taylor","London Fletcher",9
"Lawrence Taylor","Russell Maryland",9
"Lawrence Taylor","Mike Singletary",2
"Lawrence Taylor","Tony Casillas",21
"Lawrence Taylor","Marcus Jones CB",11
"Lawrence Taylor","Eugene Robinson",10
"Lawrence Taylor","Pat Swilling",11
"Lawrence Taylor","Reggie White",6
"Lawrence Taylor","Dave Waymer",6
"Lawrence Taylor","Everson Walls",6
"Lawrence Taylor","Joe Phillips",2
"Lawrence Taylor","Mike Mickens",6
"Lawrence Taylor","Roland James",5
"Lawrence Taylor","Kaiir Elam",3
"Lawrence Taylor","Nick Cross",4
"Lawrence Taylor","Darryl Grant",1
"Lawrence Taylor","Simeon Rice",3
"Lawrence Taylor","Chad Bratzke",4
"Lawrence Taylor","Jesse Solomon",3
"Lawrence Taylor","Jim Stillwagon",3
"Lawrence Taylor","Rodney Thomas II",2
"Lawrence Taylor","Frostee Rucker",6
"Lawrence Taylor","Sauce Gardner",5
"Marcus Jones CB","Everson Walls",2
"Marcus Jones CB","Russell Maryland",3
"Marcus Jones CB","Dave Waymer",3
"Marcus Jones CB","London Fletcher",1
"Marcus Jones CB","Joe Phillips",1
"Marcus Jones CB","Mike Singletary",6
"Marcus Jones CB","Reggie White",2
"Marcus Jones CB","Darryl Grant",5
"Marcus Jones CB","Tony Casillas",1
"Marcus Jones CB","Lawrence Taylor",11
"Marcus Jones CB","Simeon Rice",7
"Marcus Jones CB","Sauce Gardner",4
"Marcus Jones CB","Rodney Thomas II",5
"Marcus Jones CB","Devonte Wyatt",1
"Marcus Jones CB","Pat Swilling",3
"Cam Jurgens","Andre Reed",13
"Cam Jurgens","Steve Tasker",6
"Cam Jurgens","Pete Metzelaars",29
"Cam Jurgens","Nick Muse",3
"Cam Jurgens","Nick Mangold",5
"Cam Jurgens","Tuffy Leemans",2
"Cam Jurgens","Mike Ngo",10
"Cam Jurgens","Jahri Evans",9
"Cam Jurgens","Eric Young",6
"Cam Jurgens","Matt Corral",2
"Cam Jurgens","Sidney Rice",7
"Cam Jurgens","Anthony Munoz",5
"Cam Jurgens","Greg Bell",7
"Cam Jurgens","Mike Michalske",1
"Cam Jurgens","John Jefferson",1
"Cam Jurgens","Jake Camarda",4
"Cam Jurgens","Joseph Addai",10
"Cam Jurgens","Winston Justice",1
"Kaiir Elam","Everson Walls",3
"Kaiir Elam","Lawrence Taylor",5
"Kaiir Elam","Darryl Grant",5
"Kaiir Elam","Roland James",3
"Kaiir Elam","Simeon Rice",3
"Kaiir Elam","Nick Cross",1
"Kaiir Elam","Sauce Gardner",2
"Kaiir Elam","Reggie White",7
"Kaiir Elam","Tony Casillas",4
"Kaiir Elam","Rodney Thomas II",2
"Kaiir Elam","Rodney Harrison",3
"Kaiir Elam","Jim Stillwagon",1
"Kaiir Elam","Frostee Rucker",4
"Kaiir Elam","Pat Swilling",3
"Kaiir Elam","Marcus Jones CB",2
"Kaiir Elam","Mike Singletary",3
"Kaiir Elam","Russell Maryland",2
"Kyren Williams","Terry Long",2
"Kyren Williams","Nick Mangold",2
"Kyren Williams","Jahri Evans",1
"Kyren Williams","Nick Muse",3
"Kyren Williams","Cam Jurgens",5
"Kyren Williams","Ron Stone",2
"Pete Metzelaars","Calvin Austin III",4
"Pete Metzelaars","Anthony Munoz",16
"Pete Metzelaars","Marvin Harrison",11
"Pete Metzelaars","Mike Ngo",14
"Pete Metzelaars","Nick Mangold",12
"Pete Metzelaars","Nick Muse",1
"Pete Metzelaars","Andre Reed",11
"Pete Metzelaars","Steve Tasker",10
"Pete Metzelaars","Jake Camarda",5
"Pete Metzelaars","Cam Jurgens",4
"Pete Metzelaars","Sidney Rice",14
"Pete Metzelaars","Greg Bell",2
"Pete Metzelaars","Kyren Williams",3
"Pete Metzelaars","Winston Justice",1
"Eugene Robinson","Joe Phillips",9
"Eugene Robinson","Dave Waymer",1
"Eugene Robinson","Darryl Grant",6
"Eugene Robinson","Reggie White",14
"Eugene Robinson","Marcus Jones CB",4
"Eugene Robinson","Mike Singletary",8
"Eugene Robinson","Tony Casillas",6
"Eugene Robinson","Robert Young",2
"Eugene Robinson","Lawrence Taylor",8
"Eugene Robinson","Devonte Wyatt",9
"Eugene Robinson","Pat Swilling",7
"Eugene Robinson","Simeon Rice",11
"Eugene Robinson","Everson Walls",17
"Eugene Robinson","Nick Cross",3
"Eugene Robinson","Mike Mickens",3
"Eugene Robinson","Roland James",3
"Eugene Robinson","Kaiir Elam",10
"Eugene Robinson","London Fletcher",5
"Eugene Robinson","Russell Maryland",10
"Eugene Robinson","Rodney Thomas II",3
"Eugene Robinson","Rodney Harrison",8
"Mike Ngo","Pete Metzelaars",21
"Mike Ngo","Danny Gray",6
"Mike Ngo","Jahri Evans",7
"Mike Ngo","Steve Tasker",17
"Mike Ngo","Nick Mangold",5
"Mike Ngo","Anthony Munoz",13
"Mike Ngo","Tuffy Leemans",3
"Mike Ngo","Andre Reed",7
"Mike Ngo","Marvin Harrison",5
"Mike Ngo","Greg Bell",6
"Mike Ngo","Eric Young",12
"Mike Ngo","Jake Camarda",4
"Mike Ngo","Sidney Rice",7
"Mike Ngo","Nick Muse",6
"Mike Ngo","Cam Jurgens",2
"Mike Ngo","Broderick Thompson",1
"Mike Ngo","Ikem Ekwonu",1
"Mike Ngo","Ken Lanier",1
"Mike Ngo","Eric Moulds",3
"Mike Ngo","Mike Michalske",5
"Mike Ngo","Ryan Kalil",3
"Mike Ngo","Nick Novak",2
"Sidney Rice","Ken Lanier",3
"Sidney Rice","Ethan Brooks",1
"Sidney Rice","Doug Flutie",1
"Sidney Rice","Mike Ngo",9
"Sidney Rice","Nick Mangold",1
"Sidney Rice","Nick Novak",7
"Sidney Rice","Matt Corral",4
"Sidney Rice","Pete Metzelaars",12
"Sidney Rice","Tuffy Leemans",2
"Sidney Rice","Andre Reed",7
"Sidney Rice","Anthony Munoz",5
"Sidney Rice","Eric Young",2
"Sidney Rice","Danny Gray",3
"Sidney Rice","Jahri Evans",4
"Sidney Rice","Isaiah Spiller",3
"Sidney Rice","Greg Bell",4
"Sidney Rice","Cam Jurgens",6
"Sidney Rice","Nick Muse",5
"Sidney Rice","Larry Lee",2
"Sidney Rice","Winston Justice",4
"Sidney Rice","Eric Moulds",6
"Sidney Rice","Joseph Addai",3
"Sidney Rice","Jake Camarda",2
"Nick Novak","Ikem Ekwonu",4
"Nick Novak","Terry Long",2
"Nick Novak","Calvin Austin III",6
"Nick Novak","Nick Mangold",2
"Nick Novak","Eric Young",1
"Nick Novak","Nick Muse",3
"Nick Novak","Mike Ngo",4
"Nick Novak","Greg Bell",1
"Nick Novak","Marvin Harrison",2
"Nick Novak","Ron Stone",2
"Nick Novak","Pete Metzelaars",2
"Nick Novak","Tuffy Leemans",7
"Tuffy Leemans","Broderick Thompson",2
"Tuffy Leemans","Greg Bell",20
"Tuffy Leemans","Pete Metzelaars",8
"Tuffy Leemans","Anthony Munoz",3
"Tuffy Leemans","Nick Novak",5
"Tuffy Leemans","Marvin Harrison",5
"Tuffy Leemans","Jake Camarda",3
"Tuffy Leemans","Jahri Evans",1
"Tuffy Leemans","Steve Tasker",4
"Tuffy Leemans","Nick Mangold",6
"Tuffy Leemans","Cam Jurgens",6
"Tuffy Leemans","Andre Reed",8
"Tuffy Leemans","Sidney Rice",3
"Tuffy Leemans","Ryan Kalil",4
"Tuffy Leemans","Eric Moulds",3
"Pat Swilling","Lawrence Taylor",8
"Pat Swilling","Reggie White",26
"Pat Swilling","Mike Singletary",21
"Pat Swilling","Devonte Wyatt",4
"Pat Swilling","Eugene Robinson",18
"Pat Swilling","Tony Casillas",5
"Pat Swilling","Joe Phillips",1
"Pat Swilling","Simeon Rice",8
"Pat Swilling","Marcus Jones CB",13
"Pat Swilling","Russell Maryland",10
"Pat Swilling","Mike Mickens",3
"Pat Swilling","Dave Waymer",6
"Pat Swilling","Everson Walls",7
"Pat Swilling","Nick Cross",8
"Pat Swilling","Darryl Grant",3
"Pat Swilling","Kaiir Elam",1
"Pat Swilling","Rodney Thomas II",2
"Pat Swilling","Jim Stillwagon",4
"Pat Swilling","Christian Benford",4
"Pat Swilling","Tito Wooten",3
"Pat Swilling","Rodney Harrison",1
"Pat Swilling","Frostee Rucker",7
"Pat Swilling","Sauce Gardner",5
"London Fletcher","David Little",6
"London Fletcher","Elijah Hicks",4
"London Fletcher","Mike Singletary",2
"London Fletcher","Everson Walls",2
"London Fletcher","Joe Phillips",5
"London Fletcher","Mike Mickens",3
"London Fletcher","Tony Casillas",2
"London Fletcher","Roland James",4
"London Fletcher","Darryl Grant",1
"London Fletcher","Robert Young",3
"London Fletcher","Kaiir Elam",3
"London Fletcher","Rodney Thomas II",4
"London Fletcher","Ruffin Hamilton",2
"London Fletcher","Reggie White",3
"London Fletcher","Lawrence Taylor",3
"London Fletcher","Christian Benford",2
"London Fletcher","Russell Maryland",4
"London Fletcher","Pat Swilling",2
"Tony Casillas","Dave Waymer",9
"Tony Casillas","Darryl Grant",4
"Tony Casillas","Mike Mickens",5
"Tony Casillas","Kaiir Elam",10
"Tony Casillas","Pat Swilling",1
"Tony Casillas","Everson Walls",3
"Tony Casillas","Joe Phillips",3
"Tony Casillas","Lawrence Taylor",1
"Tony Casillas","Nick Cross",2
"Tony Casillas","Reggie White",4
"Tony Casillas","London Fletcher",1
"Tony Casillas","Russell Maryland",2
"Tony Casillas","Eugene Robinson",3
"Tony Casillas","Marcus Jones CB",3
"Tony Casillas","Sauce Gardner",1
"Tony Casillas","Rodney Harrison",2
"Tony Casillas","Jim Stillwagon",3
"Mike Michalske","Greg Bell",1
"Mike Michalske","Pete Metzelaars",3
"Mike Michalske","Matt Corral",7
"Mike Michalske","Andre Reed",3
"Mike Michalske","Steve Tasker",3
"Mike Michalske","Marvin Harrison",3
"Mike Michalske","Danny Gray",2
"Mike Michalske","Ryan Kalil",3
"Mike Michalske","Vince Young",2
"Mike Michalske","Joseph Addai",2
"Mike Michalske","Rashid Shaheed",3
"Doug Flutie","Ken Lanier",2
"Doug Flutie","Pete Metzelaars",1
"Doug Flutie","Nick Novak",1
"Doug Flutie","Steve Tasker",1
"Doug Flutie","Larry Lee",4
"Joe Phillips","Marcus Jones CB",3
"Joe Phillips","Robert Young",1
"Joe Phillips","Roland James",3
"Joe Phillips","Reggie White",2
"Joe Phillips","Mike Singletary",3
"Joe Phillips","Everson Walls",5
"Joe Phillips","Kaiir Elam",9
"Joe Phillips","Lawrence Taylor",1
"Joe Phillips","Jim Stillwagon",2
"Joe Phillips","Jesse Solomon",1
"Joe Phillips","Russell Maryland",3
"Jesse Solomon","Rodney Thomas II",5
"Jesse Solomon","London Fletcher",6
"Jesse Solomon","Kaiir Elam",3
"Jesse Solomon","Ruffin Hamilton",3
"Jesse Solomon","Russell Maryland",4
"Jesse Solomon","Lawrence Taylor",1
"Rodney Harrison","London Fletcher",3
"Rodney Harrison","Lawrence Taylor",11
"Rodney Harrison","Russell Maryland",7
"Rodney Harrison","Joe Phillips",5
"Rodney Harrison","Tito Wooten",3
"Rodney Harrison","Mike Singletary",5
"Rodney Harrison","Sauce Gardner",6
"Rodney Harrison","Marcus Jones CB",2
"Rodney Harrison","Jim Stillwagon",2
"Rodney Harrison","Pat Swilling",2
"Rodney Harrison","Eugene Robinson",1
"Rodney Harrison","Kaiir Elam",5
"Winston Justice","Robert Edwards",3
"Winston Justice","Willie Gault",1
"Winston Justice","Vernon Davis",9
"Winston Justice","Eric Moulds",6
"Winston Justice","Andrew Glover",3
"Winston Justice","Jeff Graham",6
"Winston Justice","Kirk Gibson",5
"Winston Justice","Antone Davis",1
"Winston Justice","Olin Kreutz",2
"Winston Justice","Mike Brisiel",2
"Winston Justice","Billy Ard",1
"Winston Justice","Peyton Manning",5
"Winston Justice","Adam Vinatieri",3
"Winston Justice","Deuce Lutui",2
"Winston Justice","Pete Metzelaars",3
"Winston Justice","Vince Young",4
"Winston Justice","Anthony Munoz",3
"Winston Justice","Greg Bell",4
"Winston Justice","Mike Ngo",1
"Eric Moulds","Andrew Glover",10
"Eric Moulds","Albert Bentley",1
"Eric Moulds","Dwight Clark",5
"Eric Moulds","Robert Edwards",9
"Eric Moulds","Winston Justice",12
"Eric Moulds","Billy Ard",1
"Eric Moulds","Isiah Pacheco",18
"Eric Moulds","Jeff Graham",6
"Eric Moulds","Antone Davis",14
"Eric Moulds","Kirk Gibson",1
"Eric Moulds","Olin Kreutz",4
"Eric Moulds","Peyton Manning",5
"Eric Moulds","Vernon Davis",4
"Eric Moulds","Mike Brisiel",3
"Eric Moulds","Deuce Lutui",4
"Eric Moulds","Adam Vinatieri",5
"Eric Moulds","Harvey Salem",4
"Eric Moulds","Carl Birdsong",2
"Eric Moulds","Nick Muse",3
"Eric Moulds","Jahri Evans",5
"Eric Moulds","Mike Ngo",2
"Eric Moulds","Anthony Munoz",4
"Eric Moulds","Lou D'Agostino",4
"Eric Moulds","Nick Mangold",3
"Eric Moulds","Tuffy Leemans",5
"Eric Moulds","Joseph Addai",5
"Eric Moulds","Cam Jurgens",2
"Sauce Gardner","Dixon Edwards",6
"Sauce Gardner","A.J. Hawk",2
"Sauce Gardner","Brett Maxie",16
"Sauce Gardner","Chris Washington",10
"Sauce Gardner","Chinedum Ndukwe",9
"Sauce Gardner","Stanley Richard",4
"Sauce Gardner","Barry Cofield",15
"Sauce Gardner","David Fulcher",3
"Sauce Gardner","Leonard Marshall",10
"Sauce Gardner","Kader Kohou",5
"Sauce Gardner","Tim Krumrie",6
"Sauce Gardner","Johnny Jolly",6
"Sauce Gardner","Dominique Robinson",3
"Sauce Gardner","Leslie O'Neal",2
"Sauce Gardner","Bobby Butler",1
"Sauce Gardner","Eric Wright",3
"Sauce Gardner","Eric Wright CB",3
"Sauce Gardner","Mike Jones",3
"Sauce Gardner","Lewis Cine",1
"Sauce Gardner","Chad Bratzke",4
"Sauce Gardner","Ruffin Hamilton",2
"Sauce Gardner","London Fletcher",5
"Sauce Gardner","Devonte Wyatt",5
"Sauce Gardner","Pat Swilling",4
"Sauce Gardner","Jesse Solomon",3
"Sauce Gardner","Reggie White",4
"Sauce Gardner","Nick Cross",1
"Sauce Gardner","Tony Casillas",3
"Sauce Gardner","Mike Singletary",3
"Sauce Gardner","Rodney Harrison",2
"Sauce Gardner","Russell Maryland",5
"Sauce Gardner","Lawrence Taylor",4
"Sauce Gardner","Eugene Robinson",1
"Sauce Gardner","Christian Benford",4
"Joseph Addai","Jim Ritcher",2
"Joseph Addai","Alvin Harper",1
"Joseph Addai","Morten Andersen",3
"Joseph Addai","Ken Ruettgers",1
"Joseph Addai","Mike Tice",2
"Joseph Addai","Gene Williams",2
"Joseph Addai","Ken Reeves",3
"Joseph Addai","Pete Holohan",6
"Joseph Addai","Steve Sewell",1
"Joseph Addai","Marques Colston",9
"Joseph Addai","Marcus McNeill",12
"Joseph Addai","Kenyon Green",10
"Joseph Addai","Clay Shiver",8
"Joseph Addai","Tra Thomas",2
"Joseph Addai","James Brooks II",3
"Joseph Addai","Joe Horn",3
"Joseph Addai","Steve Tasker",8
"Joseph Addai","Pete Metzelaars",4
"Joseph Addai","Eric Young",2
"Joseph Addai","Cam Jurgens",5
"Joseph Addai","Andre Reed",1
"Joseph Addai","Jahri Evans",3
"Joseph Addai","Ryan Kalil",1
"Joseph Addai","Nick Muse",1
"Frostee Rucker","Sam Mills",2
"Frostee Rucker","Damone Clark",2
"Frostee Rucker","William Perry",4
"Frostee Rucker","Patrick Allen",2
"Frostee Rucker","Derek Stingley Jr",7
"Frostee Rucker","Lee Williams",1
"Frostee Rucker","Wilber Marshall",2
"Frostee Rucker","Jordan Davis",1
"Frostee Rucker","Kyle Clifton",3
"Frostee Rucker","Simon Fletcher",1
"Frostee Rucker","Chris Gocong",3
"Frostee Rucker","Jake Hummel",5
"Frostee Rucker","Barney Bussey",1
"Frostee Rucker","Reggie White",1
"Frostee Rucker","Mike Singletary",5
"Frostee Rucker","Russell Maryland",5
"Frostee Rucker","Marcus Jones CB",5
"Frostee Rucker","Christian Benford",2
"Frostee Rucker","Tony Casillas",3
"Chad Bratzke","Pat Swilling",3
"Chad Bratzke","Nick Cross",3
"Chad Bratzke","Marcus Jones CB",2
"Chad Bratzke","Joe Phillips",1
"Chad Bratzke","Christian Benford",2
"Chad Bratzke","Mike Singletary",2
"Chad Bratzke","Kaiir Elam",3
"Ron Stone","Nick Mangold",4
"Nick Cross","David Little",9
"Nick Cross","Mike Singletary",4
"Nick Cross","Elijah Hicks",2
"Nick Cross","Darryl Grant",3
"Nick Cross","Devonte Wyatt",2
"Nick Cross","Eugene Robinson",1
"Nick Cross","Pat Swilling",3
"Nick Cross","Russell Maryland",2
"Nick Cross","Lawrence Taylor",5
"Nick Cross","Roland James",1
"Nick Cross","Frostee Rucker",1
"Nick Cross","Christian Benford",3
"Nick Cross","Marcus Jones CB",1
"Jake Camarda","Cam Jurgens",5
"Jake Camarda","Marvin Harrison",1
"Jake Camarda","Anthony Munoz",4
"Jake Camarda","Nick Muse",1
"Jake Camarda","Steve Tasker",7
"Jake Camarda","Sidney Rice",1
"Jake Camarda","Jahri Evans",2
"Jake Camarda","Nick Mangold",5
"Jake Camarda","Mike Ngo",4
"Jake Camarda","Terry Long",1
"Jake Camarda","Doug Flutie",1
"Jake Camarda","Nick Novak",3
"Jake Camarda","Eric Young",2
"Jake Camarda","Tuffy Leemans",4
"Jim Stillwagon","Ronnie Lott",3
"Jim Stillwagon","Amare Barno",6
"Jim Stillwagon","Mike Golic",4
"Jim Stillwagon","Mel Black",1
"Jim Stillwagon","Tory James",3
"Jim Stillwagon","Logan Hall",2
"Jim Stillwagon","Don Davis",3
"Jim Stillwagon","Sean Jones",2
"Jim Stillwagon","Todd Scott",1
"Jim Stillwagon","Buddy Curry",6
"Jim Stillwagon","Keena Turner",3
"Jim Stillwagon","Darrell Green",3
"Jim Stillwagon","Joey Browner",5
"Jim Stillwagon","Albert Lewis",1
"Jim Stillwagon","Mike Wise",3
"Jim Stillwagon","Mike Singletary",4
"Jim Stillwagon","Devonte Wyatt",4
"Jim Stillwagon","Gary Reasons",4
"Jim Stillwagon","Jesse Solomon",2
"Jim Stillwagon","Frostee Rucker",1
"Jim Stillwagon","Rodney Harrison",2
"Devonte Wyatt","Russell Maryland",3
"Devonte Wyatt","Mike Mickens",4
"Devonte Wyatt","Marcus Jones CB",10
"Devonte Wyatt","Pat Swilling",9
"Devonte Wyatt","Joe Phillips",5
"Devonte Wyatt","Reggie White",12
"Devonte Wyatt","Tony Casillas",4
"Devonte Wyatt","London Fletcher",4
"Devonte Wyatt","Kaiir Elam",1
"Devonte Wyatt","Boye Mafe",1
"Devonte Wyatt","Sauce Gardner",3
"Anthony Munoz","Kyren Williams",2
"Anthony Munoz","Sidney Rice",3
"Anthony Munoz","Greg Bell",2
"Anthony Munoz","Cam Jurgens",1
"Anthony Munoz","Andre Reed",7
"Anthony Munoz","Nick Mangold",5
"Anthony Munoz","Steve Tasker",4
"Anthony Munoz","Eric Young",7
"Anthony Munoz","Jake Camarda",4
"Anthony Munoz","Mike Ngo",1
"Vince Young","Santonio Holmes",7
"Vince Young","Brent Celek",5
"Vince Young","Hoby Brenner",9
"Vince Young","Chris Dieterich",2
"Vince Young","Herschel Walker",6
"Vince Young","Marcus Allen",7
"Vince Young","Stan Brock",6
"Vince Young","Daryn Colledge",5
"Vince Young","Tim Spencer",10
"Vince Young","Zach Strief",7
"Vince Young","Jeremy Cain",3
"Vince Young","Richmond McGee",3
"Vince Young","Miles Austin",5
"Vince Young","Alan Faneca",9
"Vince Young","Tony Collins",5
"Vince Young","Jamie Dukes",7
"Vince Young","Hank Baskett",6
"Vince Young","Daren Gilbert",6
"Vince Young","Buford McGee",4
"Vince Young","Mike Sims-Walker",5
"Vince Young","Sidney Rice",1
"Vince Young","Mike Michalske",5
"Vince Young","Eric Young",5
"Vince Young","Nick Muse",1
"Greg Bell","Steve Tasker",3
"Greg Bell","Kyren Williams",2
"Greg Bell","Pete Metzelaars",9
"Greg Bell","Jahri Evans",11
"Greg Bell","Andre Reed",13
"Greg Bell","Tuffy Leemans",4
"Greg Bell","Mike Ngo",3
"Greg Bell","Marvin Harrison",7
"Greg Bell","Eric Young",6
"Greg Bell","Matt Corral",3
"Greg Bell","Nick Mangold",1
"Greg Bell","Ikem Ekwonu",4
"Greg Bell","Sidney Rice",5
"Greg Bell","Terry Long",4
"Greg Bell","Mike Michalske",2
"Greg Bell","Lou D'Agostino",4
"Greg Bell","Cam Jurgens",1
"Rodney Thomas II","Tony Casillas",2
"Rodney Thomas II","Eugene Robinson",4
"Rodney Thomas II","Sauce Gardner",5
"Rodney Thomas II","Christian Benford",5
"Rodney Thomas II","Lawrence Taylor",1
"Rodney Thomas II","Gary Reasons",3
"Rodney Thomas II","Tito Wooten",4
"Christian Benford","Sauce Gardner",4
"Christian Benford","Pat Swilling",2
"Christian Benford","Chad Bratzke",2
"Christian Benford","Rodney Thomas II",1
"Christian Benford","Lawrence Taylor",1
"Ryan Kalil","Joseph Addai",2
"Ryan Kalil","Mike Ngo",5
"Ryan Kalil","Greg Bell",2
"Ryan Kalil","Nick Muse",3
"John Jefferson","Carl Birdsong",3
"John Jefferson","Fred Beasley",3
"John Jefferson","Greg Bell",2
"Clint Session","Mike Jones",8
"Clint Session","Chinedum Ndukwe",2
"Clint Session","Dominique Robinson",2
"Clint Session","David Fulcher",3
"Clint Session","Christian Benford",2
"Clint Session","Kaiir Elam",5
"Clint Session","Tito Wooten",3
"Clint Session","Eugene Robinson",3
"Rashid Shaheed","Marcus Vick",4
"Rashid Shaheed","Derek Kennard",7
"Rashid Shaheed","Tyler Smith",3
"Rashid Shaheed","Bob Brotzki",2
"Rashid Shaheed","Marshawn Lynch",5
"Rashid Shaheed","Alan Veingrad",2
"Rashid Shaheed","Renaldo Nehemiah",5
"Rashid Shaheed","Jake Ferguson",1
"Rashid Shaheed","George Musso",3
"Rashid Shaheed","Mike Saxon II",5
"Rashid Shaheed","Tony Paige",1
"Rashid Shaheed","Jeremy Trueblood",2
"Rashid Shaheed","Mike Baab",1
"Rashid Shaheed","Mike Ngo",7
"Larry Lee","Joe Morris",3
"Larry Lee","Willie Anderson",1
"Larry Lee","Tony Eason",3
"Larry Lee","Brandon Marshall",2
"Larry Lee","Mike Rozier",2
"Larry Lee","Mike Michalske",4
"Nick Muse","Marvin Harrison",9
"Nick Muse","Jahri Evans",7
"Nick Muse","Nick Mangold",2
"Nick Muse","Cam Jurgens",3
"Nick Muse","Steve Tasker",4
"Nick Muse","Greg Bell",1
"Nick Muse","Sidney Rice",2
"Nick Muse","Calvin Austin III",3
"Nick Muse","Rashid Shaheed",4
"Nick Muse","Eric Moulds",2
"Nick Muse","Jake Camarda",2
"Nick Muse","Pete Metzelaars",1
"Lou D'Agostino","Jim Arnold",3
"Lou D'Agostino","Charles McRae",4
"Lou D'Agostino","Bruce Kozerski",8
"Lou D'Agostino","John Michels",3
"Lou D'Agostino","Johnny Unitas",2
"Lou D'Agostino","Ernie Conwell",3
"Lou D'Agostino","Bill Fralic",2
"Ruffin Hamilton","Eugene Robinson",2
"Ruffin Hamilton","Kaiir Elam",1
"Gary Reasons","Eric Weddle",1
"Gary Reasons","Johnny Rembert",6
"Gary Reasons","Dennis Smith",7
"Gary Reasons","Tony Brackens",1
"Gary Reasons","Jamaal Anderson",1
"Gary Reasons","Remi Ayodele",2
"Gary Reasons","Hugh Green",2
"Gary Reasons","Gary Plummer",1
"Gary Reasons","Jesse Solomon",3
"Gary Reasons","Jim Stillwagon",5
"Gary Reasons","Nick Cross",7
"Gary Reasons","Russell Maryland",5
"Gary Reasons","Rodney Harrison",3
"Gary Reasons","Reggie White",2
"Evan Cooper","Matt Millen",2
"Evan Cooper","Roger McCreary",4
"Evan Cooper","Shaun Gayle",2
"Evan Cooper","Bronko Nagurski",4
"Evan Cooper","Ken Strong",2
"Tito Wooten","Tony Casillas",3
"Henry Ellard","Earnest Jackson",2
"Henry Ellard","Jeff Chadwick",3
"Henry Ellard","Ahman Green",13
"Henry Ellard","Roy Foster",6
"Henry Ellard","Matt Birk",5
"Henry Ellard","Jameson Williams",11
"Henry Ellard","Jeff Dellenbach",13
"Henry Ellard","Earnest Byner",23
"Henry Ellard","Chris Gardocki",3
"Henry Ellard","Marcedes Lewis",17
"Henry Ellard","Jon Runyan",5
"Henry Ellard","Alec Pierce",16
"Henry Ellard","Joe Sims",8
"Henry Ellard","Eric Martin",19
"Henry Ellard","Gary Anderson K",3
"Henry Ellard","Mike Gruttadauria",4
"Henry Ellard","Boomer Esiason",7
"Henry Ellard","Abraham Lucas",6
"Henry Ellard","Duval Love",10
"Henry Ellard","Mark Brunell",4
"Henry Ellard","Carson Strong",5
"Henry Ellard","Mike Alstott",3
"Earnest Byner","Kevin Boss",1
"Earnest Byner","Ahman Green",8
"Earnest Byner","Kenny Pickett",2
"Earnest Byner","Jameson Williams",4
"Earnest Byner","Duval Love",7
"Earnest Byner","Boomer Esiason",2
"Earnest Byner","Abraham Lucas",10
"Earnest Byner","Jeff Dellenbach",5
"Earnest Byner","Jon Runyan",4
"Earnest Byner","Matt Birk",2
"Earnest Byner","Henry Ellard",6
"Earnest Byner","Alec Pierce",1
"Earnest Byner","Joe Sims",6
"Earnest Byner","Marcedes Lewis",7
"Earnest Byner","Gary Anderson K",3
"Earnest Byner","Chris Gardocki",3
"Earnest Byner","Mark Brunell",3
"Earnest Byner","Todd Peterson",4
"Richard Johnson","Brian Dawkins",8
"Richard Johnson","Josh Wilson",4
"Richard Johnson","Bobby Hamilton",2
"Richard Johnson","Haloti Ngata",10
"Richard Johnson","Tedy Bruschi",11
"Richard Johnson","Nakobe Dean",5
"Richard Johnson","Melvin Oliver",1
"Richard Johnson","Jay Richardson",2
"Richard Johnson","Larry Chester",8
"Richard Johnson","Deshea Townsend",1
"Richard Johnson","Larry Izzo",3
"Richard Johnson","Gaines Adams",1
"Richard Johnson","Brian Noble",3
"Richard Johnson","Merton Hanks",2
"Richard Johnson","Troy Barnett",1
"Jeff Dellenbach","Alec Pierce",2
"Jeff Dellenbach","Roy Foster",12
"Jeff Dellenbach","Jon Runyan",16
"Jeff Dellenbach","Earnest Byner",6
"Jeff Dellenbach","Ahman Green",10
"Jeff Dellenbach","Eric Martin",19
"Jeff Dellenbach","Abraham Lucas",13
"Jeff Dellenbach","Matt Birk",3
"Jeff Dellenbach","Marcedes Lewis",16
"Jeff Dellenbach","Duval Love",2
"Jeff Dellenbach","Boomer Esiason",4
"Jeff Dellenbach","Chris Gardocki",4
"Jeff Dellenbach","Jameson Williams",12
"Jeff Dellenbach","Mike Alstott",7
"Jeff Dellenbach","Henry Ellard",1
"Jeff Dellenbach","Grant Calcaterra",1
"Jeff Dellenbach","Mark Brunell",5
"Jeff Dellenbach","Todd Peterson",5
"Brian Dawkins","Brian Noble",9
"Brian Dawkins","Daryl Gardener",4
"Brian Dawkins","Bobby Hamilton",16
"Brian Dawkins","Tedy Bruschi",13
"Brian Dawkins","Larry Chester",2
"Brian Dawkins","Gaines Adams",8
"Brian Dawkins","Larry Izzo",3
"Brian Dawkins","Richard Johnson",14
"Brian Dawkins","Vinnie Clark",3
"Brian Dawkins","Merton Hanks",9
"Brian Dawkins","Donnie Edwards",4
"Brian Dawkins","Mark Collins",1
"Brian Dawkins","Melvin Oliver",2
"Brian Dawkins","Josh Wilson",2
"Brian Dawkins","Shawn Miller",4
"Brian Dawkins","Haloti Ngata",10
"Brian Dawkins","Anthony Spencer",10
"Brian Dawkins","Nakobe Dean",5
"Brian Dawkins","Jay Richardson",5
"Tedy Bruschi","Jordan Davis",5
"Tedy Bruschi","Daryl Gardener",2
"Tedy Bruschi","Josh Wilson",11
"Tedy Bruschi","Jerome Woods",3
"Tedy Bruschi","Melvin Oliver",9
"Tedy Bruschi","Brian Noble",9
"Tedy Bruschi","Haloti Ngata",3
"Tedy Bruschi","Bobby Hamilton",11
"Tedy Bruschi","Richard Johnson",5
"Tedy Bruschi","Anthony Spencer",5
"Tedy Bruschi","Shawn Miller",12
"Tedy Bruschi","Larry Chester",1
"Tedy Bruschi","Deshea Townsend",4
"Tedy Bruschi","Larry Izzo",16
"Tedy Bruschi","Brian Dawkins",8
"Tedy Bruschi","Donnie Edwards",3
"Tedy Bruschi","Gaines Adams",2
"Tedy Bruschi","Nakobe Dean",10
"Tedy Bruschi","Ron Rice",1
"Marcedes Lewis","Mike Alstott",11
"Marcedes Lewis","Jeff Chadwick",3
"Marcedes Lewis","Jeff Dellenbach",13
"Marcedes Lewis","Jameson Williams",6
"Marcedes Lewis","Eric Martin",13
"Marcedes Lewis","Duval Love",6
"Marcedes Lewis","Boomer Esiason",4
"Marcedes Lewis","Earnest Byner",7
"Marcedes Lewis","Matt Birk",7
"Marcedes Lewis","Alec Pierce",5
"Marcedes Lewis","Roy Foster",5
"Marcedes Lewis","Henry Ellard",1
"Marcedes Lewis","Ahman Green",6
"Marcedes Lewis","Jon Runyan",5
"Marcedes Lewis","Kevin Boss",3
"Marcedes Lewis","Abraham Lucas",10
"Merton Hanks","Daryl Gardener",9
"Merton Hanks","Jay Richardson",1
"Merton Hanks","Mark Collins",3
"Merton Hanks","Haloti Ngata",3
"Merton Hanks","Brian Noble",7
"Merton Hanks","Larry Izzo",5
"Merton Hanks","Brian Dawkins",9
"Merton Hanks","Donnie Edwards",1
"Merton Hanks","Nakobe Dean",3
"Merton Hanks","Tedy Bruschi",7
"Merton Hanks","Deshea Townsend",1
"Merton Hanks","Richard Johnson",4
"Merton Hanks","Josh Wilson",4
"Merton Hanks","Larry Chester",3
"Merton Hanks","Bobby Hamilton",1
"Merton Hanks","Shawn Miller",2
"Josh Wilson","Tedy Bruschi",7
"Josh Wilson","Bobby Hamilton",8
"Josh Wilson","Merton Hanks",19
"Josh Wilson","Gaines Adams",9
"Josh Wilson","Brian Dawkins",13
"Josh Wilson","Jordan Davis",6
"Josh Wilson","Mark Collins",8
"Josh Wilson","Anthony Spencer",9
"Josh Wilson","Nakobe Dean",8
"Josh Wilson","Haloti Ngata",12
"Josh Wilson","Daryl Gardener",8
"Josh Wilson","Donnie Edwards",7
"Josh Wilson","Vinnie Clark",3
"Josh Wilson","Larry Izzo",6
"Josh Wilson","Melvin Oliver",12
"Josh Wilson","Brian Noble",8
"Josh Wilson","Richard Johnson",10
"Josh Wilson","Larry Chester",1
"Josh Wilson","Shawn Miller",6
"Josh Wilson","Malcolm Rodriguez",4
"Josh Wilson","Jerome Woods",2
"Bobby Hamilton","Larry Izzo",16
"Bobby Hamilton","Brian Noble",21
"Bobby Hamilton","Donnie Edwards",3
"Bobby Hamilton","Josh Wilson",18
"Bobby Hamilton","Gaines Adams",6
"Bobby Hamilton","Merton Hanks",7
"Bobby Hamilton","Tedy Bruschi",9
"Bobby Hamilton","Anthony Spencer",8
"Bobby Hamilton","Haloti Ngata",9
"Bobby Hamilton","Larry Chester",14
"Bobby Hamilton","Deshea Townsend",3
"Bobby Hamilton","Daryl Gardener",5
"Bobby Hamilton","Nakobe Dean",4
"Bobby Hamilton","Brian Dawkins",12
"Bobby Hamilton","Mark Collins",13
"Bobby Hamilton","Melvin Oliver",18
"Bobby Hamilton","Shawn Miller",8
"Bobby Hamilton","Richard Johnson",5
"Bobby Hamilton","Jerome Woods",5
"Bobby Hamilton","Ron Rice",4
"Bobby Hamilton","Jay Richardson",1
"Bobby Hamilton","Troy Barnett",6
"Daryl Gardener","Larry Chester",3
"Daryl Gardener","Mark Collins",2
"Daryl Gardener","Jay Richardson",3
"Daryl Gardener","Haloti Ngata",1
"Daryl Gardener","Bobby Hamilton",2
"Daryl Gardener","Gaines Adams",1
"Daryl Gardener","Tim Bowens",4
"Daryl Gardener","Josh Wilson",1
"Nakobe Dean","Larry Chester",3
"Nakobe Dean","Bobby Hamilton",13
"Nakobe Dean","Josh Wilson",12
"Nakobe Dean","Daryl Gardener",7
"Nakobe Dean","Gaines Adams",8
"Nakobe Dean","Tedy Bruschi",8
"Nakobe Dean","Richard Johnson",17
"Nakobe Dean","Mark Collins",5
"Nakobe Dean","Brian Noble",5
"Nakobe Dean","Donnie Edwards",5
"Nakobe Dean","Haloti Ngata",5
"Nakobe Dean","Shawn Miller",4
"Nakobe Dean","Melvin Oliver",2
"Nakobe Dean","Jerome Woods",1
"Nakobe Dean","Anthony Spencer",1
"Nakobe Dean","Brian Dawkins",12
"Nakobe Dean","Deshea Townsend",1
"Nakobe Dean","Merton Hanks",2
"Nakobe Dean","Jay Richardson",4
"Abraham Lucas","Duval Love",3
"Abraham Lucas","Alec Pierce",7
"Abraham Lucas","Matt Birk",4
"Abraham Lucas","Boomer Esiason",7
"Abraham Lucas","Jeff Dellenbach",11
"Abraham Lucas","Marcedes Lewis",4
"Abraham Lucas","Earnest Byner",7
"Abraham Lucas","Henry Ellard",21
"Abraham Lucas","Roy Foster",8
"Abraham Lucas","Chris Gardocki",3
"Abraham Lucas","Joe Sims",1
"Abraham Lucas","Ahman Green",3
"Jameson Williams","Henry Ellard",5
"Jameson Williams","Duval Love",7
"Jameson Williams","Chris Gardocki",3
"Jameson Williams","Jeff Chadwick",3
"Jameson Williams","Abraham Lucas",8
"Jameson Williams","Ahman Green",5
"Jameson Williams","Jeff Dellenbach",8
"Jameson Williams","Boomer Esiason",7
"Jameson Williams","Earnest Byner",5
"Jameson Williams","Alec Pierce",1
"Jameson Williams","Marcedes Lewis",4
"Jameson Williams","Mike Gruttadauria",5
"Jameson Williams","Matt Birk",2
"Jameson Williams","Mike Alstott",1
"Jameson Williams","Jon Runyan",4
"Jameson Williams","Eric Martin",2
"Jameson Williams","Grant Calcaterra",5
"Jameson Williams","Joe Sims",3
"Malcolm Rodriguez","Bobby Hamilton",1
"Malcolm Rodriguez","Donnie Edwards",5
"Brian Noble","Tedy Bruschi",18
"Brian Noble","Josh Wilson",8
"Brian Noble","Merton Hanks",14
"Brian Noble","Larry Chester",10
"Brian Noble","Bobby Hamilton",5
"Brian Noble","Jerome Woods",4
"Brian Noble","Haloti Ngata",5
"Brian Noble","Jay Richardson",3
"Brian Noble","Gaines Adams",3
"Brian Noble","Brian Dawkins",9
"Brian Noble","Daryl Gardener",2
"Brian Noble","Malcolm Rodriguez",3
"Brian Noble","Deshea Townsend",2
"Brian Noble","Mark Collins",6
"Brian Noble","Larry Izzo",4
"Brian Noble","Richard Johnson",2
"Jon Runyan","Mike Gruttadauria",4
"Jon Runyan","Jeff Dellenbach",15
"Jon Runyan","Matt Birk",6
"Jon Runyan","Earnest Byner",8
"Jon Runyan","Ahmad Bradshaw",2
"Jon Runyan","Henry Ellard",11
"Jon Runyan","Boomer Esiason",4
"Jon Runyan","Chris Gardocki",6
"Jon Runyan","Alec Pierce",8
"Jon Runyan","Mike Alstott",1
"Jon Runyan","Duval Love",2
"Jon Runyan","Marcedes Lewis",11
"Jon Runyan","Jameson Williams",3
"Jon Runyan","Grant Calcaterra",8
"Jon Runyan","Eric Martin",1
"Jon Runyan","Mark Brunell",6
"Jon Runyan","Roy Foster",1
"Duval Love","Jeff Chadwick",6
"Duval Love","Ahman Green",7
"Duval Love","Gary Anderson K",7
"Duval Love","Abraham Lucas",11
"Duval Love","Chris Gardocki",2
"Duval Love","Jeff Dellenbach",8
"Duval Love","Matt Birk",15
"Duval Love","Earnest Byner",7
"Duval Love","Alec Pierce",4
"Duval Love","Marcedes Lewis",11
"Duval Love","Eric Martin",8
"Duval Love","Joe Sims",4
"Duval Love","Jameson Williams",4
"Duval Love","Boomer Esiason",6
"Duval Love","Jon Runyan",2
"Duval Love","Kevin Boss",2
"Duval Love","Tim Ruddy",3
"Roy Foster","Abraham Lucas",21
"Roy Foster","Jameson Williams",3
"Roy Foster","Jeff Dellenbach",10
"Roy Foster","Ahman Green",6
"Roy Foster","Alec Pierce",3
"Roy Foster","Earnest Byner",1
"Roy Foster","Boomer Esiason",1
"Roy Foster","Eric Martin",3
"Roy Foster","Marcedes Lewis",1
"Roy Foster","Jon Runyan",13
"Roy Foster","Matt Birk",3
"Roy Foster","Joe Sims",1
"Roy Foster","Mark Brunell",1
"Roy Foster","Henry Ellard",3
"Chris Gardocki","Raleigh Roundtree",1
"Chris Gardocki","Roy Foster",1
"Chris Gardocki","Earnest Byner",4
"Chris Gardocki","Gary Anderson K",3
"Chris Gardocki","Eric Martin",9
"Chris Gardocki","Jameson Williams",4
"Chris Gardocki","Duval Love",7
"Chris Gardocki","Jon Runyan",8
"Chris Gardocki","Jeff Dellenbach",6
"Chris Gardocki","Boomer Esiason",3
"Chris Gardocki","Tim Ruddy",2
"Chris Gardocki","Joe Sims",3
"Earnest Jackson","Mike Alstott",5
"Earnest Jackson","Earnest Byner",2
"Melvin Oliver","Mark Collins",11
"Melvin Oliver","Merton Hanks",11
"Melvin Oliver","Larry Izzo",4
"Melvin Oliver","Tedy Bruschi",5
"Melvin Oliver","Gaines Adams",1
"Melvin Oliver","Nakobe Dean",4
"Melvin Oliver","Brian Dawkins",3
"Melvin Oliver","Malcolm Rodriguez",1
"Melvin Oliver","Bobby Hamilton",5
"Melvin Oliver","Josh Wilson",2
"Melvin Oliver","Tim Bowens",1
"Eric Martin","Duval Love",10
"Eric Martin","Kenny Pickett",3
"Eric Martin","Ahman Green",11
"Eric Martin","Alec Pierce",2
"Eric Martin","Jeff Dellenbach",15
"Eric Martin","Boomer Esiason",7
"Eric Martin","Earnest Byner",7
"Eric Martin","Abraham Lucas",6
"Eric Martin","Roy Foster",6
"Eric Martin","Mike Alstott",6
"Eric Martin","Mike Gruttadauria",1
"Eric Martin","Jon Runyan",7
"Eric Martin","Matt Birk",3
"Eric Martin","Jameson Williams",9
"Eric Martin","Chris Denman",2
"Eric Martin","Grant Calcaterra",3
"Eric Martin","Mark Brunell",9
"Eric Martin","Joe Sims",3
"Eric Martin","Bert Emanuel",5
"Matt Birk","Eric Martin",15
"Matt Birk","Roy Foster",1
"Matt Birk","Alec Pierce",15
"Matt Birk","Abraham Lucas",13
"Matt Birk","Ahmad Bradshaw",2
"Matt Birk","Boomer Esiason",3
"Matt Birk","Jon Runyan",3
"Matt Birk","Jeff Dellenbach",15
"Matt Birk","Duval Love",9
"Matt Birk","Marcedes Lewis",11
"Matt Birk","Joe Sims",5
"Matt Birk","Earnest Byner",3
"Matt Birk","Ahman Green",6
"Matt Birk","Mike Alstott",2
"Matt Birk","Mike Gruttadauria",2
"Matt Birk","Chris Gardocki",1
"Matt Birk","Henry Ellard",6
"Matt Birk","Jameson Williams",8
"Matt Birk","Mark Brunell",1
"Matt Birk","Khalil Shakir",5
"Ahman Green","Jameson Williams",6
"Ahman Green","Kevin Boss",3
"Ahman Green","Jeff Chadwick",1
"Ahman Green","Marcedes Lewis",2
"Ahman Green","Abraham Lucas",12
"Ahman Green","Eric Martin",11
"Ahman Green","Earnest Byner",12
"Ahman Green","Joe Sims",4
"Ahman Green","Roy Foster",2
"Ahman Green","Chris Gardocki",4
"Ahman Green","Boomer Esiason",5
"Ahman Green","Henry Ellard",7
"Ahman Green","Alec Pierce",2
"Ahman Green","Mike Gruttadauria",1
"Ahman Green","Jeff Dellenbach",2
"Ahman Green","Duval Love",2
"Ahman Green","Matt Birk",1
"Ahman Green","Carson Strong",2
"Ahman Green","Bert Emanuel",3
"Ahman Green","Mark Brunell",4
"Ahman Green","Jon Runyan",3
"Mark Collins","Jordan Davis",4
"Mark Collins","Anthony Spencer",1
"Mark Collins","Brian Noble",9
"Mark Collins","Bobby Hamilton",27
"Mark Collins","Josh Wilson",6
"Mark Collins","Gaines Adams",1
"Mark Collins","Richard Johnson",16
"Mark Collins","Shawn Miller",4
"Mark Collins","Tedy Bruschi",7
"Mark Collins","Haloti Ngata",5
"Mark Collins","Melvin Oliver",4
"Mark Collins","Brian Dawkins",2
"Mark Collins","Daryl Gardener",4
"Mark Collins","Nakobe Dean",5
"Mark Collins","Jay Richardson",2
"Mark Collins","Merton Hanks",5
"Larry Chester","Richard Johnson",1
"Larry Chester","Haloti Ngata",5
"Larry Chester","Jordan Davis",5
"Larry Chester","Donnie Edwards",3
"Larry Chester","Vinnie Clark",4
"Larry Chester","Larry Izzo",2
"Shawn Miller","Lee Williams",1
"Shawn Miller","Kavika Pittman",2
"Shawn Miller","Kyle Clifton",2
"Shawn Miller","William Perry",7
"Shawn Miller","Damone Clark",1
"Shawn Miller","Carl Lee",2
"Shawn Miller","James Ihedigbo",7
"Shawn Miller","Gaines Adams",1
"Shawn Miller","Vinnie Clark",9
"Shawn Miller","Brian Noble",8
"Shawn Miller","Merton Hanks",10
"Shawn Miller","Brian Dawkins",11
"Shawn Miller","Haloti Ngata",1
"Shawn Miller","Richard Johnson",5
"Shawn Miller","Melvin Oliver",5
"Shawn Miller","Deshea Townsend",3
"Shawn Miller","Larry Izzo",3
"Shawn Miller","Daryl Gardener",2
"Shawn Miller","Tedy Bruschi",7
"Larry Izzo","Bobby Hamilton",8
"Larry Izzo","Brian Noble",4
"Larry Izzo","Richard Johnson",15
"Larry Izzo","Mark Collins",7
"Larry Izzo","Haloti Ngata",16
"Larry Izzo","Melvin Oliver",5
"Larry Izzo","Jerome Woods",2
"Larry Izzo","Gaines Adams",4
"Larry Izzo","Shawn Miller",17
"Larry Izzo","Brian Dawkins",9
"Larry Izzo","Merton Hanks",3
"Larry Izzo","Josh Wilson",3
"Larry Izzo","Ron Rice",5
"Larry Izzo","Daryl Gardener",3
"Larry Izzo","Tim Bowens",1
"Larry Izzo","Troy Barnett",5
"Larry Izzo","Tedy Bruschi",3
"Mike Alstott","Ahman Green",11
"Mike Alstott","Boomer Esiason",4
"Mike Alstott","Alec Pierce",4
"Mike Alstott","Joe Sims",3
"Mike Alstott","Marcedes Lewis",8
"Mike Alstott","Henry Ellard",5
"Mike Alstott","Roy Foster",2
"Mike Alstott","Jameson Williams",6
"Mike Alstott","Eric Martin",9
"Mike Alstott","Earnest Byner",3
"Mike Alstott","Jeff Dellenbach",1
"Mike Alstott","Jon Runyan",4
"Mike Alstott","Todd Peterson",3
"Mike Alstott","Bert Emanuel",4
"Joe Sims","Raleigh Roundtree",2
"Joe Sims","Ahman Green",5
"Joe Sims","Matt Birk",7
"Joe Sims","Henry Ellard",2
"Joe Sims","Jeff Dellenbach",1
"Joe Sims","Jameson Williams",8
"Joe Sims","Eric Martin",2
"Joe Sims","Duval Love",3
"Joe Sims","Earnest Byner",4
"Joe Sims","Marcedes Lewis",3
"Joe Sims","Carson Strong",1
"Joe Sims","Bert Emanuel",4
"Vinnie Clark","Gaines Adams",3
"Vinnie Clark","Shawn Miller",2
"Vinnie Clark","Josh Wilson",4
"Vinnie Clark","Haloti Ngata",1
"Vinnie Clark","Merton Hanks",3
"Vinnie Clark","Larry Izzo",1
"Vinnie Clark","Larry Chester",4
"Vinnie Clark","Tedy Bruschi",2
"Vinnie Clark","Brian Noble",1
"Vinnie Clark","Daryl Gardener",1
"Jay Richardson","Mark Collins",5
"Jay Richardson","Tedy Bruschi",2
"Jay Richardson","Nakobe Dean",6
"Jay Richardson","Larry Chester",4
"Jay Richardson","Haloti Ngata",3
"Jay Richardson","Brian Dawkins",1
"Kevin Boss","Carson Strong",2
"Kevin Boss","Jeff Dellenbach",4
"Kevin Boss","Boomer Esiason",4
"Kevin Boss","Henry Ellard",4
"Kevin Boss","Jon Runyan",3
"Kevin Boss","Matt Birk",1
"Mark Brunell","Kevin Boss",2
"Mark Brunell","Ahman Green",1
"Mark Brunell","Grant Calcaterra",1
"Mark Brunell","Matt Birk",5
"Mark Brunell","Henry Ellard",6
"Mark Brunell","Jameson Williams",3
"Mark Brunell","Joe Sims",4
"Tim Bowens","Brian Dawkins",4
"Tim Bowens","Jerome Woods",2
"Tim Bowens","Brian Noble",3
"Tim Bowens","Larry Izzo",4
"David Dixon","Boomer Esiason",2
"David Dixon","Jeff Dellenbach",3
"David Dixon","Tim Ruddy",3
"David Dixon","Jon Runyan",3
"Errict Rhett","Abraham Lucas",1
"Errict Rhett","Henry Ellard",1
"Bert Emanuel","Jeff Dellenbach",1
"Bert Emanuel","Henry Ellard",2
"Bert Emanuel","Khalil Shakir",5
"Trev Alberts","Richard Johnson",3
"Todd Peterson","Earnest Jackson",1
"Todd Peterson","Jameson Williams",3
"Todd Peterson","Roy Foster",1
"Troy Barnett","Brian Dawkins",2
"Troy Barnett","Tim Bowens",6
"Troy Barnett","Brian Noble",4
"Haloti Ngata","Tedy Bruschi",9
"Haloti Ngata","Merton Hanks",7
"Haloti Ngata","Josh Wilson",12
"Haloti Ngata","Richard Johnson",12
"Haloti Ngata","Mark Collins",15
"Haloti Ngata","Brian Dawkins",6
"Haloti Ngata","Jordan Davis",5
"Haloti Ngata","Larry Chester",7
"Haloti Ngata","Brian Noble",6
"Haloti Ngata","Shawn Miller",23
"Haloti Ngata","Bobby Hamilton",10
"Haloti Ngata","Melvin Oliver",7
"Haloti Ngata","Vinnie Clark",3
"Haloti Ngata","Anthony Spencer",5
"Haloti Ngata","Gaines Adams",1
"Haloti Ngata","Nakobe Dean",2
"Haloti Ngata","Larry Izzo",8
"Haloti Ngata","Daryl Gardener",2
"Haloti Ngata","Troy Barnett",2
"Haloti Ngata","Tim Bowens",2
"Khalil Shakir","Earnest Byner",3
"Khalil Shakir","Mark Brunell",2
"Grant Calcaterra","Khalil Shakir",5
"Grant Calcaterra","Matt Birk",2
"Grant Calcaterra","Eric Martin",1
"Grant Calcaterra","Jameson Williams",1
"Carson Strong","Chris Gardocki",4
"Carson Strong","Kenny Pickett",1
"Carson Strong","Earnest Byner",5
"Carson Strong","Joe Sims",4
"Carson Strong","Khalil Shakir",3
"Carson Strong","Mike Alstott",1
"Reggie Nelson","Pat Ballage",4
"Reggie Nelson","Alvin Walton",2
"Reggie Nelson","Lional Dalton",4
"Reggie Nelson","William Thomas",1
"Reggie Nelson","Frank Warren",2
"Reggie Nelson","Leonard Smith",3
"Reggie Nelson","Vince Albritton",3
"Reggie Nelson","Kevin Ross",1
"Reggie Nelson","Jerry Boyarsky",1
"Reggie Nelson","Andrew Booth Jr",4
"Ron Rice","Fulton Walker",3
"Ron Rice","Stewart Bradley",5
"Ron Rice","Terry Kinard",3
"Ron Rice","Ed Reynolds",3
"Ron Rice","Henry Jones",4
"Ron Rice","Antonio Johnson",2
"Ron Rice","Tom Barndt",5
"Ron Rice","Antonio Cromartie",5
"Ron Rice","Stephen Tulloch",1
"Ron Rice","Larry Chester",2
"Ron Rice","Larry Izzo",2
"Ron Rice","Tim Bowens",4
"Ron Rice","Brian Noble",4
"Ron Rice","Bobby Hamilton",4
"Kenny Pickett","Ahmad Bradshaw",1
"Kenny Pickett","Alec Pierce",4
"Kenny Pickett","Duval Love",3
"Kenny Pickett","Jeff Chadwick",3
"Boomer Esiason","Mike Gruttadauria",1
"Boomer Esiason","Jeff Chadwick",4
"Boomer Esiason","Jon Runyan",7
"Boomer Esiason","Abraham Lucas",18
"Boomer Esiason","Gary Anderson K",5
"Boomer Esiason","Henry Ellard",8
"Boomer Esiason","Mike Alstott",11
"Boomer Esiason","Alec Pierce",2
"Boomer Esiason","Jameson Williams",3
"Boomer Esiason","Duval Love",13
"Boomer Esiason","Jeff Dellenbach",8
"Boomer Esiason","Matt Birk",6
"Boomer Esiason","Roy Foster",8
"Boomer Esiason","Earnest Byner",4
"Boomer Esiason","Chris Gardocki",2
"Boomer Esiason","Eric Martin",8
"Boomer Esiason","Ahman Green",2
"Boomer Esiason","Marcedes Lewis",3
"Boomer Esiason","Mark Brunell",1
"Boomer Esiason","Khalil Shakir",2
"Kyle Clifton","Damone Clark",9
"Kyle Clifton","Lee Williams",3
"Kyle Clifton","Sam Mills",22
"Kyle Clifton","Carl Lee",8
"Kyle Clifton","Jamal Williams",10
"Kyle Clifton","Lewis Cine",5
"Kyle Clifton","Barney Bussey",6
"Kyle Clifton","James Ihedigbo",11
"Kyle Clifton","Shawn Miller",3
"Kyle Clifton","Chris Gocong",4
"Kyle Clifton","Derek Stingley Jr",9
"Kyle Clifton","Kavika Pittman",4
"Kyle Clifton","Akayleb Evans",2
"Kyle Clifton","Jordan Davis",9
"Kyle Clifton","Simon Fletcher",12
"Kyle Clifton","Troy Benson",5
"Kyle Clifton","Paul Soliai",4
"Kyle Clifton","Mike Prior",17
"Kyle Clifton","Mike Charles",4
"Kyle Clifton","Wilber Marshall",7
"Kyle Clifton","Damien Robinson",5
"Kyle Clifton","Jake Hummel",1
"Kyle Clifton","Eddie Anderson",3
"Kyle Clifton","Will Blackmon",3
"Kyle Clifton","Alontae Taylor",3
"Kyle Clifton","Simeon Rice",5
"Kyle Clifton","Herman Edwards II",3
"Kyle Clifton","Brentson Buckner",4
"Marcus McNeill","Yancey Thigpen",7
"Marcus McNeill","Brett Basanez",6
"Marcus McNeill","Christian Watson",24
"Marcus McNeill","Justin Blalock",7
"Marcus McNeill","Owen Daniels",16
"Marcus McNeill","Terry Allen",2
"Marcus McNeill","Marques Colston",24
"Marcus McNeill","Chris Kemoeatu",11
"Marcus McNeill","Tra Thomas",14
"Marcus McNeill","Calvin Magee",1
"Marcus McNeill","Kenyon Green",7
"Marcus McNeill","Joseph Addai",2
"Marcus McNeill","Clay Shiver",12
"Marcus McNeill","James Brooks II",15
"Marcus McNeill","Treylon Burks",6
"Marcus McNeill","Norm Johnson",5
"Marcus McNeill","Joe Horn",8
"Marcus McNeill","Dan Marino",15
"Marcus McNeill","Ricky Ervins",2
"Marcus McNeill","Jay Schroeder",3
"Marcus McNeill","Allen Barbre",4
"Marcus McNeill","Kyle Cook",5
"Marcus McNeill","Greg Dulcich",6
"Marcus McNeill","Rick Donnelly",1
"Norm Johnson","Owen Daniels",6
"Norm Johnson","Chris Kemoeatu",4
"Norm Johnson","James Brooks II",3
"Norm Johnson","Treylon Burks",4
"Norm Johnson","Clay Shiver",1
"Norm Johnson","Marques Colston",3
"Norm Johnson","Frank Beede",1
"Norm Johnson","Tra Thomas",3
"Norm Johnson","Kenyon Green",3
"Norm Johnson","Yancey Thigpen",5
"Norm Johnson","Greg Dulcich",2
"Chris Gocong","Kyle Clifton",13
"Chris Gocong","Akayleb Evans",13
"Chris Gocong","Paul Soliai",13
"Chris Gocong","Carl Lee",12
"Chris Gocong","Mike Charles",4
"Chris Gocong","Todd Bowles",4
"Chris Gocong","Lee Williams",4
"Chris Gocong","Sam Mills",10
"Chris Gocong","William Perry",13
"Chris Gocong","Wilber Marshall",2
"Chris Gocong","Damone Clark",9
"Chris Gocong","Lewis Cine",4
"Chris Gocong","Steve Jackson",8
"Chris Gocong","Jake Hummel",4
"Chris Gocong","Simon Fletcher",2
"Chris Gocong","James Ihedigbo",5
"Chris Gocong","Damien Robinson",10
"Chris Gocong","Alontae Taylor",1
"Chris Gocong","Drake Jackson",2
"Chris Gocong","Derek Stingley Jr",3
"Chris Gocong","Simeon Rice",8
"Chris Gocong","Herman Edwards II",2
"Rick Donnelly","Tra Thomas",4
"Rick Donnelly","Victor Riley",3
"Rick Donnelly","Marcus McNeill",1
"Rick Donnelly","Yancey Thigpen",7
"Rick Donnelly","Treylon Burks",1
"Rick Donnelly","Ricky Ervins",2
"Rick Donnelly","Calvin Magee",4
"Rick Donnelly","Dan Marino",5
"Rick Donnelly","Alvin Harper",3
"Rick Donnelly","James Brooks II",4
"Rick Donnelly","Kyle Cook",2
"Rick Donnelly","Kenyon Green",2
"Rick Donnelly","Irv Eatman",2
"Wilber Marshall","Damone Clark",10
"Wilber Marshall","Carl Lee",9
"Wilber Marshall","Shawn Miller",3
"Wilber Marshall","Troy Benson",10
"Wilber Marshall","Mike Charles",9
"Wilber Marshall","William Perry",8
"Wilber Marshall","Lee Williams",5
"Wilber Marshall","Paul Soliai",5
"Wilber Marshall","Derek Stingley Jr",13
"Wilber Marshall","James Ihedigbo",3
"Wilber Marshall","Akayleb Evans",4
"Wilber Marshall","Damien Robinson",5
"Wilber Marshall","Chris Gocong",7
"Wilber Marshall","Kyle Clifton",4
"Wilber Marshall","Sam Mills",13
"Wilber Marshall","Jordan Davis",3
"Wilber Marshall","Barney Bussey",3
"Wilber Marshall","Jamal Williams",5
"Wilber Marshall","Herman Edwards II",5
"Wilber Marshall","Alontae Taylor",3
"Wilber Marshall","Will Blackmon",2
"Wilber Marshall","Mike Prior",2
"Derek Stingley Jr","Kyle Clifton",15
"Derek Stingley Jr","Troy Benson",4
"Derek Stingley Jr","Wilber Marshall",12
"Derek Stingley Jr","Mike Charles",5
"Derek Stingley Jr","Carl Lee",12
"Derek Stingley Jr","Chris Gocong",8
"Derek Stingley Jr","Damone Clark",9
"Derek Stingley Jr","Shawn Miller",3
"Derek Stingley Jr","Lee Williams",4
"Derek Stingley Jr","Akayleb Evans",11
"Derek Stingley Jr","Frostee Rucker",3
"Derek Stingley Jr","Jordan Davis",4
"Derek Stingley Jr","Kavika Pittman",1
"Derek Stingley Jr","Jamal Williams",1
"Derek Stingley Jr","Paul Soliai",2
"Derek Stingley Jr","Mike Prior",2
"Derek Stingley Jr","William Perry",2
"Derek Stingley Jr","Simon Fletcher",2
"Derek Stingley Jr","Damien Robinson",4
"Derek Stingley Jr","Reyna Thompson",4
"Derek Stingley Jr","James Ihedigbo",3
"Derek Stingley Jr","Roman Harper",2
"Derek Stingley Jr","Alontae Taylor",6
"Derek Stingley Jr","Sam Mills",2
"Derek Stingley Jr","Simeon Rice",2
"Damone Clark","Wilber Marshall",4
"Damone Clark","Derek Stingley Jr",7
"Damone Clark","Kavika Pittman",2
"Damone Clark","Todd Bowles",4
"Damone Clark","Carl Lee",8
"Damone Clark","Shawn Miller",5
"Damone Clark","Sam Mills",13
"Damone Clark","Lee Williams",3
"Damone Clark","Damien Robinson",3
"Damone Clark","Kyle Clifton",10
"Damone Clark","Lewis Cine",4
"Damone Clark","Paul Soliai",5
"Damone Clark","James Ihedigbo",13
"Damone Clark","Akayleb Evans",6
"Damone Clark","Frostee Rucker",2
"Damone Clark","William Perry",8
"Damone Clark","Chris Gocong",9
"Damone Clark","Mike Prior",10
"Damone Clark","Simon Fletcher",2
"Damone Clark","Troy Benson",3
"Damone Clark","D'Marco Jackson",3
"Damone Clark","Drake Jackson",3
"Damone Clark","Roman Harper",3
"Damone Clark","Alontae Taylor",6
"Damone Clark","Simeon Rice",7
"Damone Clark","Herman Edwards II",2
"Christian Watson","Kenyon Green",4
"Christian Watson","Justin Blalock",3
"Christian Watson","Marques Colston",5
"Christian Watson","Clay Shiver",2
"Christian Watson","James Brooks II",7
"Christian Watson","Joseph Addai",2
"Christian Watson","Chris Kemoeatu",3
"Christian Watson","Calvin Magee",3
"Christian Watson","Ricky Ervins",2
"Christian Watson","Joe Horn",2
"Christian Watson","Kyle Cook",1
"Kenyon Green","Ricky Ervins",8
"Kenyon Green","Amani Toomer",3
"Kenyon Green","Dan Marino",8
"Kenyon Green","Terry Allen",2
"Kenyon Green","Owen Daniels",3
"Kenyon Green","Christian Watson",5
"Kenyon Green","Clay Shiver",6
"Kenyon Green","Joe Horn",3
"Kenyon Green","Justin Blalock",8
"Kenyon Green","Joseph Addai",1
"Kenyon Green","Tra Thomas",8
"Kenyon Green","James Brooks II",5
"Kenyon Green","Chris Kemoeatu",3
"Kenyon Green","Yancey Thigpen",2
"Kenyon Green","Marcus McNeill",5
"Kenyon Green","Tyler Allgeier",3
"Kenyon Green","Calvin Magee",6
"Kenyon Green","Rick Donnelly",2
"Chris Kemoeatu","Yancey Thigpen",4
"Chris Kemoeatu","Amani Toomer",2
"Chris Kemoeatu","Roger Craig",3
"Chris Kemoeatu","Nick Cole",4
"Chris Kemoeatu","Marcus McNeill",3
"Chris Kemoeatu","Kenyon Green",6
"Chris Kemoeatu","Justin Blalock",3
"Chris Kemoeatu","Joseph Addai",1
"Chris Kemoeatu","Dan Marino",6
"Chris Kemoeatu","Joe Horn",6
"Chris Kemoeatu","Calvin Magee",5
"Chris Kemoeatu","James Brooks II",10
"Chris Kemoeatu","Owen Daniels",4
"Chris Kemoeatu","Brett Basanez",3
"Chris Kemoeatu","Jahan Dotson",3
"Chris Kemoeatu","Levi Brown",1
"Chris Kemoeatu","Marques Colston",5
"Chris Kemoeatu","Irv Eatman",2
"Chris Kemoeatu","Kyle Cook",3
"Dan Marino","Irv Eatman",7
"Dan Marino","Frank Beede",5
"Dan Marino","Marcus McNeill",12
"Dan Marino","Amani Toomer",4
"Dan Marino","Christian Watson",10
"Dan Marino","Calvin Magee",2
"Dan Marino","Chris Kemoeatu",7
"Dan Marino","Nick Cole",5
"Dan Marino","Terry Allen",3
"Dan Marino","James Brooks II",4
"Dan Marino","Owen Daniels",13
"Dan Marino","Joe Horn",3
"Dan Marino","Norm Johnson",5
"Dan Marino","Treylon Burks",4
"Dan Marino","Tra Thomas",13
"Dan Marino","Marques Colston",20
"Dan Marino","Kenyon Green",4
"Dan Marino","Clay Shiver",1
"Dan Marino","Kyle Cook",4
"Dan Marino","Levi Brown",2
"Dan Marino","Yancey Thigpen",3
"James Brooks II","Marcus McNeill",9
"James Brooks II","Owen Daniels",5
"James Brooks II","Kenyon Green",8
"James Brooks II","Treylon Burks",4
"James Brooks II","Joe Horn",6
"James Brooks II","Rick Donnelly",3
"James Brooks II","Dan Marino",5
"James Brooks II","Chris Kemoeatu",6
"James Brooks II","Joseph Addai",8
"James Brooks II","Marques Colston",4
"James Brooks II","Clay Shiver",3
"James Brooks II","Alvin Harper",1
"James Brooks II","Ricky Ervins",3
"James Brooks II","Christian Watson",7
"James Brooks II","Isaiah Spiller",5
"James Brooks II","Tra Thomas",2
"James Brooks II","Irv Eatman",3
"James Brooks II","Yancey Thigpen",4
"James Brooks II","Tyler Allgeier",3
"Joe Horn","Victor Riley",3
"Joe Horn","Treylon Burks",5
"Joe Horn","Kenyon Green",8
"Joe Horn","Owen Daniels",13
"Joe Horn","Roger Craig",3
"Joe Horn","Christian Watson",16
"Joe Horn","Calvin Magee",4
"Joe Horn","Marcus McNeill",16
"Joe Horn","Norm Johnson",3
"Joe Horn","Tra Thomas",3
"Joe Horn","Dan Marino",9
"Joe Horn","James Brooks II",2
"Joe Horn","Marques Colston",15
"Joe Horn","Chris Kemoeatu",3
"Joe Horn","Clay Shiver",1
"Joe Horn","Jahan Dotson",3
"Joe Horn","Frank Beede",2
"Joe Horn","Michael Otto",1
"Joe Horn","Kyle Cook",1
"Joe Horn","Jay Schroeder",1
"Joe Horn","Irv Eatman",3
"Marques Colston","Victor Riley",4
"Marques Colston","Frank Beede",4
"Marques Colston","Larry Moore",1
"Marques Colston","Terry Allen",5
"Marques Colston","Owen Daniels",10
"Marques Colston","Dan Marino",11
"Marques Colston","Marcus McNeill",6
"Marques Colston","James Brooks II",15
"Marques Colston","Kenyon Green",5
"Marques Colston","Joseph Addai",5
"Marques Colston","Chris Kemoeatu",6
"Marques Colston","Tra Thomas",5
"Marques Colston","Justin Blalock",4
"Marques Colston","Ricky Ervins",1
"Marques Colston","Calvin Magee",4
"Marques Colston","Joe Horn",2
"Marques Colston","Jahan Dotson",1
"Marques Colston","Michael Otto",5
"Marques Colston","Levi Brown",4
"Marques Colston","Rick Donnelly",1
"Marques Colston","Yancey Thigpen",4
"Marques Colston","Jay Schroeder",5
"Marques Colston","Christian Watson",2
"Sam Mills","Frostee Rucker",3
"Sam Mills","Mike Charles",5
"Sam Mills","Akayleb Evans",11
"Sam Mills","Shawn Miller",2
"Sam Mills","Patrick Allen",4
"Sam Mills","Kyle Clifton",3
"Sam Mills","Damien Robinson",7
"Sam Mills","Wilber Marshall",6
"Sam Mills","James Ihedigbo",7
"Sam Mills","Derek Stingley Jr",7
"Sam Mills","Damone Clark",16
"Sam Mills","Lewis Cine",6
"Sam Mills","Simon Fletcher",10
"Sam Mills","Kavika Pittman",6
"Sam Mills","Mike Prior",8
"Sam Mills","Carl Lee",2
"Sam Mills","Barney Bussey",4
"Sam Mills","William Perry",7
"Sam Mills","Troy Benson",3
"Sam Mills","Jamal Williams",3
"Sam Mills","Chris Gocong",13
"Sam Mills","Jordan Davis",2
"Sam Mills","Alontae Taylor",1
"Sam Mills","Herman Edwards II",4
"Jamal Williams","Chris Gocong",9
"Jamal Williams","James Ihedigbo",11
"Jamal Williams","Akayleb Evans",1
"Jamal Williams","Steve Jackson",2
"Jamal Williams","Sam Mills",4
"Jamal Williams","Barney Bussey",2
"Jamal Williams","Jordan Davis",3
"Jamal Williams","Mike Prior",9
"Jamal Williams","William Perry",5
"Jamal Williams","Damien Robinson",4
"Jamal Williams","Kavika Pittman",2
"Jamal Williams","Carl Lee",5
"Jamal Williams","Frostee Rucker",1
"Jamal Williams","Simon Fletcher",2
"Jamal Williams","Alontae Taylor",3
"Jamal Williams","Wilber Marshall",1
"Irv Eatman","Marcus McNeill",5
"Irv Eatman","Terry Allen",8
"Irv Eatman","Tra Thomas",2
"Irv Eatman","Victor Riley",1
"Irv Eatman","Marques Colston",4
"Irv Eatman","Clay Shiver",2
"Irv Eatman","Levi Brown",2
"Irv Eatman","Dan Marino",3
"Irv Eatman","Michael Otto",3
"Irv Eatman","Isaiah Spiller",1
"Irv Eatman","Brett Basanez",5
"Irv Eatman","Chris Kemoeatu",5
"Irv Eatman","James Brooks II",2
"Tra Thomas","Brett Basanez",4
"Tra Thomas","Kenyon Green",13
"Tra Thomas","James Brooks II",9
"Tra Thomas","Marques Colston",10
"Tra Thomas","Nick Cole",5
"Tra Thomas","Irv Eatman",3
"Tra Thomas","Calvin Magee",3
"Tra Thomas","Clay Shiver",12
"Tra Thomas","Treylon Burks",4
"Tra Thomas","Rick Donnelly",6
"Tra Thomas","Christian Watson",2
"Tra Thomas","Marcus McNeill",4
"Tra Thomas","Chris Kemoeatu",3
"Tra Thomas","Joseph Addai",3
"Tra Thomas","Justin Blalock",7
"Tra Thomas","Owen Daniels",7
"Tra Thomas","Dan Marino",9
"Tra Thomas","Yancey Thigpen",8
"Tra Thomas","Norm Johnson",2
"Tra Thomas","Ricky Ervins",4
"Tra Thomas","Frank Beede",5
"Tra Thomas","Jay Schroeder",3
"Tra Thomas","Joe Horn",4
"Tra Thomas","Greg Dulcich",7
"Damien Robinson","Kyle Clifton",5
"Damien Robinson","Derek Stingley Jr",4
"Damien Robinson","Akayleb Evans",9
"Damien Robinson","James Ihedigbo",11
"Damien Robinson","Jordan Davis",10
"Damien Robinson","Wilber Marshall",4
"Damien Robinson","Lewis Cine",4
"Damien Robinson","Jamal Williams",1
"Damien Robinson","Troy Benson",3
"Damien Robinson","Kavika Pittman",6
"Damien Robinson","Carl Lee",3
"Damien Robinson","Simon Fletcher",7
"Damien Robinson","Chris Gocong",2
"Damien Robinson","Eddie Anderson",1
"Damien Robinson","Tank Tyler",2
"Damien Robinson","Alontae Taylor",1
"Jordan Davis","Malcolm Rodriguez",3
"Jordan Davis","Merton Hanks",3
"Jordan Davis","Donnie Edwards",3
"Jordan Davis","Haloti Ngata",2
"Jordan Davis","Deshea Townsend",4
"Jordan Davis","Larry Izzo",2
"Jordan Davis","Tedy Bruschi",5
"Jordan Davis","Bobby Hamilton",3
"Jordan Davis","Brian Noble",5
"Jordan Davis","Anthony Spencer",4
"Jordan Davis","Richard Johnson",1
"Jordan Davis","Nakobe Dean",1
"Jordan Davis","William Perry",2
"Jordan Davis","Paul Soliai",3
"Jordan Davis","Akayleb Evans",3
"Jordan Davis","Lewis Cine",1
"Jordan Davis","James Ihedigbo",5
"Jordan Davis","Wilber Marshall",6
"Jordan Davis","Chris Gocong",5
"Jordan Davis","Damone Clark",1
"Jordan Davis","Kyle Clifton",5
"Jordan Davis","Simon Fletcher",5
"Jordan Davis","Sam Mills",6
"Jordan Davis","Carl Lee",1
"Jordan Davis","Damien Robinson",3
"Jordan Davis","Herman Edwards II",1
"Jordan Davis","Derek Stingley Jr",3
"Clay Shiver","Ryan Kalil",4
"Clay Shiver","Jim Brown",2
"Clay Shiver","Dan Fike",2
"Clay Shiver","Matt Suhey",5
"Clay Shiver","Trevor Penning",5
"Clay Shiver","Joseph Addai",2
"Clay Shiver","Tra Thomas",10
"Clay Shiver","James Brooks II",9
"Clay Shiver","Chris Kemoeatu",10
"Clay Shiver","Christian Watson",9
"Clay Shiver","Joe Horn",14
"Clay Shiver","Owen Daniels",8
"Clay Shiver","Calvin Magee",2
"Clay Shiver","Kenyon Green",5
"Clay Shiver","Marques Colston",6
"Clay Shiver","Dan Marino",4
"Clay Shiver","Ricky Ervins",3
"Clay Shiver","Jahan Dotson",2
"Clay Shiver","Allen Barbre",2
"Clay Shiver","Tyler Allgeier",3
"Clay Shiver","Greg Dulcich",7
"Simon Fletcher","Curly Lambeau",8
"Simon Fletcher","Hollis Thomas",3
"Simon Fletcher","Emlen Tunnell",9
"Simon Fletcher","Richard Dent",4
"Simon Fletcher","Mark Murphy",4
"Simon Fletcher","Kamerion Wimbley",1
"Simon Fletcher","Marty Carter",1
"Simon Fletcher","Channing Tindall",5
"Simon Fletcher","Derek Stingley Jr",5
"Simon Fletcher","James Ihedigbo",13
"Simon Fletcher","Damone Clark",6
"Simon Fletcher","Kyle Clifton",10
"Simon Fletcher","Jamal Williams",8
"Simon Fletcher","Chris Gocong",8
"Simon Fletcher","Akayleb Evans",3
"Simon Fletcher","Mike Prior",3
"Simon Fletcher","Carl Lee",4
"Simon Fletcher","William Perry",1
"Simon Fletcher","Steve Jackson",3
"Simon Fletcher","Jordan Davis",3
"Simon Fletcher","Barney Bussey",2
"Mike Prior","Dominique Robinson",4
"Mike Prior","A.J. Hawk",3
"Mike Prior","Brett Maxie",3
"Mike Prior","Fred Marion",1
"Mike Prior","Chris Gocong",7
"Mike Prior","Derek Stingley Jr",4
"Mike Prior","Kavika Pittman",1
"Mike Prior","Carl Lee",7
"Mike Prior","Simon Fletcher",10
"Mike Prior","Kyle Clifton",6
"Mike Prior","Paul Soliai",2
"Mike Prior","Akayleb Evans",3
"Mike Prior","William Perry",2
"Mike Prior","Sam Mills",6
"Mike Prior","Wilber Marshall",5
"Mike Prior","Steve Jackson",1
"Mike Prior","Jordan Davis",4
"Mike Prior","James Ihedigbo",2
"Mike Prior","Barney Bussey",1
"Mike Prior","Will Blackmon",2
"Mike Prior","Damone Clark",4
"Mike Prior","Damien Robinson",3
"Mike Prior","Alontae Taylor",1
"Calvin Magee","Tra Thomas",2
"Calvin Magee","Rick Donnelly",1
"Calvin Magee","Justin Blalock",2
"Calvin Magee","Kenyon Green",1
"Calvin Magee","Dan Marino",4
"Calvin Magee","Jay Schroeder",1
"Frank Beede","Clay Shiver",1
"Frank Beede","James Brooks II",1
"Frank Beede","Kyle Cook",3
"Frank Beede","Tra Thomas",2
"James Ihedigbo","Todd Bowles",1
"James Ihedigbo","Wilber Marshall",12
"James Ihedigbo","Patrick Allen",4
"James Ihedigbo","Paul Soliai",3
"James Ihedigbo","Shawn Miller",2
"James Ihedigbo","Carl Lee",9
"James Ihedigbo","Damien Robinson",8
"James Ihedigbo","Jordan Davis",6
"James Ihedigbo","Jamal Williams",3
"James Ihedigbo","Kyle Clifton",3
"James Ihedigbo","Sam Mills",6
"James Ihedigbo","Derek Stingley Jr",10
"James Ihedigbo","Akayleb Evans",2
"James Ihedigbo","Damone Clark",5
"James Ihedigbo","Chris Gocong",8
"James Ihedigbo","Barney Bussey",2
"James Ihedigbo","Mike Charles",2
"James Ihedigbo","Tank Tyler",1
"James Ihedigbo","Mike Prior",4
"James Ihedigbo","Herman Edwards II",1
"Brett Basanez","Victor Riley",2
"Brett Basanez","Irv Eatman",5
"Brett Basanez","Marcus McNeill",1
"Brett Basanez","Jelani Woods",1
"Brett Basanez","Treylon Burks",1
"Brett Basanez","Marques Colston",4
"Brett Basanez","Chris Kemoeatu",2
"Brett Basanez","Joe Horn",3
"Brett Basanez","Kenyon Green",4
"Brett Basanez","Owen Daniels",3
"Brett Basanez","Christian Watson",2
"Brett Basanez","Allen Barbre",3
"Yancey Thigpen","Jelani Woods",5
"Yancey Thigpen","Ricky Ervins",7
"Yancey Thigpen","Treylon Burks",3
"Yancey Thigpen","Joe Horn",5
"Yancey Thigpen","Irv Eatman",8
"Yancey Thigpen","Kenyon Green",6
"Yancey Thigpen","Tra Thomas",3
"Yancey Thigpen","Justin Blalock",3
"Yancey Thigpen","Calvin Magee",8
"Yancey Thigpen","Isaiah Spiller",5
"Yancey Thigpen","Tyler Allgeier",3
"Yancey Thigpen","Kyle Cook",2
"Yancey Thigpen","Greg Dulcich",3
"Yancey Thigpen","James Brooks II",5
"Yancey Thigpen","Clay Shiver",4
"Yancey Thigpen","Marques Colston",2
"Yancey Thigpen","Dan Marino",3
"Ricky Ervins","Brett Basanez",1
"Ricky Ervins","Terry Allen",3
"Ricky Ervins","Alvin Harper",4
"Ricky Ervins","Marcus McNeill",5
"Ricky Ervins","Kenyon Green",4
"Ricky Ervins","Clay Shiver",1
"Ricky Ervins","Irv Eatman",1
"Ricky Ervins","Christian Watson",2
"Simeon Rice","Tony Casillas",6
"Simeon Rice","Mike Mickens",3
"Simeon Rice","Robert Young",3
"Simeon Rice","Eugene Robinson",5
"Simeon Rice","Nick Cross",2
"Simeon Rice","Everson Walls",2
"Simeon Rice","Pat Swilling",1
"Simeon Rice","Mike Singletary",4
"Simeon Rice","Darryl Grant",2
"Simeon Rice","Dave Waymer",2
"Simeon Rice","Russell Maryland",1
"Simeon Rice","Reggie White",2
"Simeon Rice","Lawrence Taylor",3
"Simeon Rice","Herman Edwards II",3
"Simeon Rice","James Ihedigbo",1
"Simeon Rice","Tank Tyler",1
"Simeon Rice","Mike Prior",1
"Eddie Anderson","Wendell Cason",3
"Eddie Anderson","Clay Matthews",3
"Eddie Anderson","Bruce Pickens",4
"Eddie Anderson","Pepper Johnson",1
"Eddie Anderson","Steve McMichael",2
"Eddie Anderson","Richard Dent",4
"Eddie Anderson","Michael Carter",1
"Eddie Anderson","Ernie Sims",2
"Eddie Anderson","Damone Clark",1
"Eddie Anderson","Amare Barno",1
"Eddie Anderson","Herman Edwards II",3
"Eddie Anderson","Derek Stingley Jr",1
"Eddie Anderson","Sam Mills",2
"Brentson Buckner","William Perry",5
"Greg Dulcich","Eric Moten",1
"Greg Dulcich","Eddie Brown",1
"Greg Dulcich","Jonathan Ogden",1
"Greg Dulcich","Amani Toomer",5
"Greg Dulcich","Pete Mandley",1
"Greg Dulcich","Zach Miller",1
"Greg Dulcich","Norbert Davidds-Garrido",1
"Greg Dulcich","Russ Grimm",1
"Greg Dulcich","Dylan Parham",1
"Greg Dulcich","Gary Zimmerman",2
"Greg Dulcich","Clay Shiver",3
"Greg Dulcich","Dan Marino",4
"Greg Dulcich","Yancey Thigpen",8
"Greg Dulcich","Christian Watson",2
"Greg Dulcich","Kenyon Green",2
"Greg Dulcich","Joe Horn",1
"Tyler Allgeier","Steve Jordan",3
"Tyler Allgeier","Shawn Jefferson",3
"Tyler Allgeier","Tony Scheffler",4
"Tyler Allgeier","Steve McKinney",7
"Tyler Allgeier","Jon Ryan",2
"Tyler Allgeier","Ricky Williams",1
"Tyler Allgeier","Jahan Dotson",3
"Tyler Allgeier","Kyle Cook",3
"Tyler Allgeier","Greg Dulcich",10
"Tyler Allgeier","Marques Colston",2
"Amare Barno","Bill Maas",11
"Amare Barno","Keena Turner",9
"Amare Barno","Roger Wehrli",3
"Amare Barno","Darrell Green",6
"Amare Barno","Richard Byrd",1
"Amare Barno","Logan Hall",8
"Amare Barno","Todd Scott",1
"Amare Barno","Joey Browner",4
"Amare Barno","Albert Lewis",6
"Amare Barno","Don Davis",1
"Amare Barno","Ronnie Lott",4
"Amare Barno","Jim Stillwagon",2
"Amare Barno","Jack Del Rio",4
"Amare Barno","Herman Edwards II",3
"Amare Barno","Troy Benson",1
"Tank Tyler","Jim Jeffcoat",4
"Tank Tyler","Don Griffin",4
"Tank Tyler","Todd Shell",2
"Tank Tyler","Andre Wadsworth",4
"Tank Tyler","Alan Page",8
"Tank Tyler","Percy Ellsworth",3
"Tank Tyler","George Trafton",5
"Tank Tyler","Karl Mecklenburg",2
"Tank Tyler","Jeff Donaldson",2
"Tank Tyler","Shane Burton",4
"Tank Tyler","Kayvon Thibodeaux",3
"Tank Tyler","Damien Robinson",5
"Tank Tyler","Roman Harper",3
"Tank Tyler","Troy Benson",1
"Kyle Cook","Zion Johnson",1
"Kyle Cook","Steve Young",11
"Kyle Cook","Chris Olave",15
"Kyle Cook","Randy Moss",2
"Kyle Cook","Tony Hunter",2
"Kyle Cook","Andrew Whitworth",2
"Kyle Cook","Ryan Stonehouse",3
"Kyle Cook","Erik Williams",2
"Kyle Cook","Tom Newberry",4
"Kyle Cook","Eddie George",10
"Kyle Cook","John L Williams",1
"Kyle Cook","Chris Villarrial",3
"Kyle Cook","Cade Otton",3
"Kyle Cook","Stephen Davis",3
"Kyle Cook","Johnny Lam Jones",2
"Kyle Cook","Allen Barbre",5
"Kyle Cook","James Brooks II",2
"Kyle Cook","Jay Schroeder",2
"Kyle Cook","Isaiah Spiller",4
"Kyle Cook","Dan Marino",4
"Kyle Cook","Greg Dulcich",3
"Kyle Cook","Chris Kemoeatu",3
"Kyle Cook","Yancey Thigpen",2
"Kyle Cook","Marcus McNeill",6
"Kyle Cook","Joe Horn",3
"Kyle Cook","Christian Watson",7
"Will Blackmon","LaMarr Woodley",5
"Will Blackmon","Damone Clark",1
"Roman Harper","Chris Zorich",2
"Roman Harper","Keith Traylor",4
"Roman Harper","Kenny Mixon",2
"Roman Harper","Keith Willis",1
"Roman Harper","Kyle Williams",1
"Roman Harper","Don Davey",3
"Roman Harper","Tank Tyler",2
"Roman Harper","Sam Mills",1
"Roman Harper","Amare Barno",3
"Isaiah Spiller","Terry Long",3
"Isaiah Spiller","Anthony Munoz",5
"Isaiah Spiller","Kenyon Green",2
"Isaiah Spiller","Calvin Magee",4
"Isaiah Spiller","Marcus McNeill",1
"Isaiah Spiller","Marques Colston",5
"Isaiah Spiller","Frank Beede",3
"Isaiah Spiller","Joe Horn",2
"Isaiah Spiller","Tyler Allgeier",2
"Isaiah Spiller","Rick Donnelly",1
"Allen Barbre","Marcus McNeill",4
"Allen Barbre","Michael Otto",3
"Steve Jackson","Kavika Pittman",1
"Steve Jackson","Frostee Rucker",3
"Steve Jackson","Chris Gocong",1
"Steve Jackson","Damien Robinson",1
"Steve Jackson","William Perry",4
"Steve Jackson","Simon Fletcher",3
"Steve Jackson","Akayleb Evans",3
"Kavika Pittman","Carl Lee",3
"Kavika Pittman","Steve Jackson",4
"Kavika Pittman","Chris Gocong",6
"Kavika Pittman","James Ihedigbo",3
"Kavika Pittman","Damone Clark",2
"Kavika Pittman","Shawn Miller",3
"Kavika Pittman","Wilber Marshall",3
"Kavika Pittman","Troy Benson",3
"Kavika Pittman","Derek Stingley Jr",3
"Kavika Pittman","Sam Mills",3
"Kavika Pittman","Akayleb Evans",2
"Kavika Pittman","Simeon Rice",3
"William Perry","Kyle Clifton",2
"William Perry","Wilber Marshall",4
"William Perry","Mike Prior",9
"William Perry","Simon Fletcher",4
"William Perry","Chris Gocong",3
"William Perry","Derek Stingley Jr",6
"William Perry","D'Marco Jackson",1
"William Perry","James Ihedigbo",4
"Jahan Dotson","Frank Beede",2
"Jahan Dotson","Marques Colston",5
"Herman Edwards II","Wendell Cason",2
"Herman Edwards II","Steve McMichael",5
"Herman Edwards II","Doug Reed",2
"Herman Edwards II","Bryan Cox",3
"Herman Edwards II","Trent McDuffie",1
"Herman Edwards II","John Browning",3
"Herman Edwards II","Tony Elliott",4
"Herman Edwards II","Clay Matthews",3
"Herman Edwards II","Mario Williams",3
"Herman Edwards II","Simeon Rice",4
"Herman Edwards II","Sam Mills",5
"Herman Edwards II","Will Blackmon",2
"Treylon Burks","Joe Horn",2
"Treylon Burks","Yancey Thigpen",2
"Treylon Burks","Norm Johnson",1
"Treylon Burks","Joseph Addai",4
"Treylon Burks","Clay Shiver",2
"Treylon Burks","Marcus McNeill",6
"Treylon Burks","Marques Colston",5
"Treylon Burks","Levi Brown",3
"Treylon Burks","Kenyon Green",1
"Treylon Burks","Allen Barbre",3
"Treylon Burks","Greg Dulcich",2
"Treylon Burks","James Brooks II",2
"Treylon Burks","Rick Donnelly",3
"D'Marco Jackson","Roger McCreary",9
"D'Marco Jackson","Troy Andersen",3
"D'Marco Jackson","Chris Doleman",2
"D'Marco Jackson","Simon Fletcher",1
"D'Marco Jackson","Brentson Buckner",3
"D'Marco Jackson","Derek Stingley Jr",3
"D'Marco Jackson","Herman Edwards II",1
"D'Marco Jackson","Jordan Davis",2
"Alontae Taylor","Percy Ellsworth",5
"Alontae Taylor","Don Griffin",5
"Alontae Taylor","Jeff Donaldson",3
"Alontae Taylor","William Judson",1
"Alontae Taylor","Joshua Fatu",1
"Alontae Taylor","Karl Mecklenburg",5
"Alontae Taylor","Travon Walker",2
"Alontae Taylor","Shawn Wooden",5
"Alontae Taylor","Andre Tippett",6
"Alontae Taylor","Tank Tyler",6
"Alontae Taylor","Eddie Anderson",2
"Alontae Taylor","D'Marco Jackson",1
"Alontae Taylor","William Perry",3
"Alontae Taylor","Drake Jackson",2
"Alontae Taylor","James Ihedigbo",3
"Alontae Taylor","Derek Stingley Jr",2
"Alontae Taylor","Sam Mills",3
"Levi Brown","Paul Warfield",4
"Levi Brown","Luke Fortner",3
"Levi Brown","Mark Boyer",1
"Levi Brown","Eddie Brown",3
"Levi Brown","Ken Stabler",1
"Levi Brown","Irv Eatman",3
"Levi Brown","Jay Schroeder",2
"Levi Brown","Allen Barbre",4
"Levi Brown","Tyler Allgeier",3
"Levi Brown","Norm Johnson",1
"Levi Brown","Brett Basanez",2
"Levi Brown","Jahan Dotson",1
"Levi Brown","Joe Horn",1
"Levi Brown","Marques Colston",1
"Jay Schroeder","Rickey Dudley",5
"Jay Schroeder","Romeo Doubs",4
"Jay Schroeder","Charlie Batch",4
"Jay Schroeder","Evan Neal",4
"Jay Schroeder","Pete Mandley",1
"Jay Schroeder","Bernie Kosar",1
"Jay Schroeder","Bobby Engram",4
"Jay Schroeder","Russ Grimm",1
"Jay Schroeder","Quentin Neujahr",3
"Jay Schroeder","Mason Crosby",3
"Jay Schroeder","Norbert Davidds-Garrido",2
"Jay Schroeder","Jermaine Lewis",5
"Jay Schroeder","Yancey Thigpen",2
"Jay Schroeder","Christian Watson",3
"Jay Schroeder","Marques Colston",1
"Jay Schroeder","Frank Beede",2
"Jay Schroeder","Calvin Magee",2
"Jay Schroeder","Tyler Allgeier",2
"Jay Schroeder","Brett Basanez",3
"Jay Schroeder","Joe Horn",1
"Jay Schroeder","Norm Johnson",1
"Jay Schroeder","Kyle Cook",1
"Danny Gray","Steve Tasker",2
"Danny Gray","Pete Metzelaars",2
"Danny Gray","Willie Colon",4
"Danny Gray","Jahri Evans",5
"Danny Gray","Ikem Ekwonu",4
"Danny Gray","Greg Bell",2
"Danny Gray","Chris Kemoeatu",2
"Drake Jackson","Kyle Clifton",4
"Troy Benson","Lee Williams",4
"Troy Benson","Wilber Marshall",2
"Troy Benson","Paul Soliai",2
"Troy Benson","Damone Clark",7
"Troy Benson","Jordan Davis",4
"Troy Benson","Akayleb Evans",5
"Troy Benson","Chris Gocong",4
"Troy Benson","Sam Mills",3
"Troy Benson","Jamal Williams",3
"Troy Benson","Simon Fletcher",2
"Troy Benson","Mike Prior",3
"Danieal Manning","Joe Kelly",4
"Danieal Manning","Eddie Anderson",1
"Guy McIntyre","Joe Montana",3
"Guy McIntyre","Kenneth Davis",1
"Guy McIntyre","Louis Lipps",6
"Guy McIntyre","Tyler Linderbaum",6
"Guy McIntyre","Kirk Lowdermilk",7
"Guy McIntyre","D'Brickashaw Ferguson",15
"Guy McIntyre","Luis Sharpe",10
"Guy McIntyre","Ed McCaffrey",3
"Guy McIntyre","Terrell Owens",16
"Guy McIntyre","David Akers",4
"Guy McIntyre","John Kuhn",5
"Guy McIntyre","Adrian Peterson",18
"Guy McIntyre","Mike Flynn",5
"Guy McIntyre","Charles Cross",1
"Guy McIntyre","Bobby Engram",1
"Guy McIntyre","Kellen Winslow",1
"Jeff Bryant","Leon Lett",1
"Jeff Bryant","Ron Ferrari",2
"Jeff Bryant","Colin Cole",4
"Jeff Bryant","Joe Salave'a",6
"Jeff Bryant","Eric Brown",2
"Jeff Bryant","James Houston IV",7
"Jeff Bryant","Scott Case",2
"Jeff Bryant","Marcus Robertson",1
"Jeff Bryant","Zyon McCollum",4
"Jeff Bryant","Darrelle Revis",3
"Jeff Bryant","Tyoka Jackson",3
"Jeff Bryant","Joshua Williams",1
"Rick Mallory","Adrian Peterson",4
"Rick Mallory","Brad Johnson",4
"Rick Mallory","Charles Cross",2
"Rick Mallory","Laurence Maroney",4
"D'Brickashaw Ferguson","Charles Cross",3
"D'Brickashaw Ferguson","Guy McIntyre",12
"D'Brickashaw Ferguson","Terrell Owens",27
"D'Brickashaw Ferguson","Tyler Linderbaum",21
"D'Brickashaw Ferguson","Rick Mallory",6
"D'Brickashaw Ferguson","Adrian Peterson",16
"D'Brickashaw Ferguson","Ryan Wright",3
"D'Brickashaw Ferguson","John Kuhn",6
"D'Brickashaw Ferguson","Luis Sharpe",8
"D'Brickashaw Ferguson","Louis Lipps",7
"D'Brickashaw Ferguson","Arthur Cox",9
"D'Brickashaw Ferguson","Ed McCaffrey",10
"D'Brickashaw Ferguson","Kellen Winslow",16
"D'Brickashaw Ferguson","Mike Flynn",7
"D'Brickashaw Ferguson","Joe Montana",6
"D'Brickashaw Ferguson","Ken Whisenhunt",1
"John Kuhn","Matt Leinart",2
"John Kuhn","Mark Nichols",3
"John Kuhn","D'Brickashaw Ferguson",20
"John Kuhn","Luis Sharpe",10
"John Kuhn","Kellen Winslow",11
"John Kuhn","Adrian Peterson",8
"John Kuhn","Kirk Lowdermilk",7
"John Kuhn","Louis Lipps",9
"John Kuhn","Tyler Linderbaum",1
"John Kuhn","Terrell Owens",4
"John Kuhn","David Akers",5
"John Kuhn","Guy McIntyre",4
"John Kuhn","Mark Clayton",1
"Clint Ingram","Maurice Douglass",3
"Clint Ingram","Colin Cole",25
"Clint Ingram","Aaron Rouse",9
"Clint Ingram","Zyon McCollum",3
"Clint Ingram","James Houston IV",17
"Clint Ingram","Scott Case",21
"Clint Ingram","William Fuller",5
"Clint Ingram","E.J. Junior",3
"Clint Ingram","Darrelle Revis",12
"Clint Ingram","Ray Lewis",7
"Clint Ingram","Tim Newton",11
"Clint Ingram","Joshua Williams",2
"Clint Ingram","Joe Salave'a",2
"Clint Ingram","Marcus Robertson",11
"Clint Ingram","Jeff Bryant",2
"Clint Ingram","Eric Brown",4
"Clint Ingram","John Bostic",4
"Clint Ingram","David Little",10
"Clint Ingram","Jason Gildon",1
"Leon Lett","Maurice Douglass",1
"Leon Lett","John Bostic",4
"Leon Lett","Darrelle Revis",2
"Leon Lett","William Fuller",4
"Leon Lett","Zyon McCollum",2
"Leon Lett","Clint Ingram",2
"Leon Lett","Marcus Robertson",3
"Leon Lett","E.J. Junior",4
"Leon Lett","Ray Lewis",2
"Leon Lett","Jason Gildon",4
"Leon Lett","Colin Cole",1
"Leon Lett","Tyoka Jackson",2
"Leon Lett","Ron Ferrari",3
"Leon Lett","Tim Newton",1
"Keith Griffin","Terrell Owens",2
"Keith Griffin","Kellen Winslow",3
"Keith Griffin","Mark Nichols",1
"Darrelle Revis","Garth Jax",3
"Darrelle Revis","Clint Ingram",20
"Darrelle Revis","Joshua Williams",27
"Darrelle Revis","Ron Ferrari",8
"Darrelle Revis","Ray Lewis",13
"Darrelle Revis","Jeff Bryant",15
"Darrelle Revis","Colin Cole",28
"Darrelle Revis","James Houston IV",5
"Darrelle Revis","Leon Lett",7
"Darrelle Revis","E.J. Junior",5
"Darrelle Revis","John Bostic",1
"Darrelle Revis","Tim Newton",13
"Darrelle Revis","Zyon McCollum",2
"Darrelle Revis","Marcus Robertson",11
"Darrelle Revis","William Fuller",2
"Darrelle Revis","Maurice Douglass",4
"Darrelle Revis","Scott Case",8
"Darrelle Revis","Jack Gibbens",4
"Darrelle Revis","Joe Salave'a",4
"Darrelle Revis","David Little",2
"Darrelle Revis","Eric Brown",2
"Darrelle Revis","Sam Adams",5
"Adrian Peterson","Mark Nichols",2
"Adrian Peterson","Tyler Linderbaum",11
"Adrian Peterson","David Jones",3
"Adrian Peterson","Mike Young",3
"Adrian Peterson","Ed McCaffrey",8
"Adrian Peterson","Chris Ruhman",1
"Adrian Peterson","Kellen Winslow",8
"Adrian Peterson","D'Brickashaw Ferguson",25
"Adrian Peterson","Ryan Wright",1
"Adrian Peterson","Terrell Owens",11
"Adrian Peterson","Joe Montana",5
"Adrian Peterson","John Kuhn",1
"Adrian Peterson","Louis Lipps",3
"Adrian Peterson","Luis Sharpe",3
"Adrian Peterson","Guy McIntyre",10
"Adrian Peterson","Mike Flynn",10
"Adrian Peterson","Rick Mallory",1
"Adrian Peterson","Bobby Engram",3
"Adrian Peterson","Laurence Maroney",2
"Kirk Lowdermilk","Corey Bradford",3
"Kirk Lowdermilk","Guy McIntyre",21
"Kirk Lowdermilk","Terrell Owens",2
"Kirk Lowdermilk","Tyler Linderbaum",17
"Kirk Lowdermilk","Joe Montana",14
"Kirk Lowdermilk","Ryan Wright",3
"Kirk Lowdermilk","Louis Lipps",15
"Kirk Lowdermilk","Adrian Peterson",2
"Kirk Lowdermilk","Mark Nichols",5
"Kirk Lowdermilk","Luis Sharpe",3
"Kirk Lowdermilk","D'Brickashaw Ferguson",5
"Kirk Lowdermilk","Kellen Winslow",4
"Kirk Lowdermilk","John Kuhn",4
"Kirk Lowdermilk","Arthur Cox",3
"Kirk Lowdermilk","Mark Clayton",3
"Kirk Lowdermilk","Charles Cross",4
"Kirk Lowdermilk","Mike Young",2
"Luis Sharpe","Kirk Lowdermilk",10
"Luis Sharpe","Terrell Owens",4
"Luis Sharpe","Guy McIntyre",8
"Luis Sharpe","Louis Lipps",1
"Luis Sharpe","Joe Montana",7
"Luis Sharpe","D'Brickashaw Ferguson",5
"Luis Sharpe","Kellen Winslow",6
"Luis Sharpe","Ryan Wright",3
"Luis Sharpe","Tyler Linderbaum",7
"Luis Sharpe","David Akers",4
"Luis Sharpe","Ed McCaffrey",4
"Luis Sharpe","Mike Flynn",3
"Luis Sharpe","Arthur Cox",2
"Luis Sharpe","Mark Nichols",4
"Luis Sharpe","Laurence Maroney",4
"Luis Sharpe","Corey Bradford",2
"Luis Sharpe","Bobby Engram",2
"Luis Sharpe","Brad Johnson",1
"Louis Lipps","Matt Leinart",7
"Louis Lipps","Kellen Winslow",19
"Louis Lipps","Arthur Cox",5
"Louis Lipps","Luis Sharpe",9
"Louis Lipps","Ed McCaffrey",4
"Louis Lipps","Joe Montana",16
"Louis Lipps","Adrian Peterson",23
"Louis Lipps","Ryan Wright",5
"Louis Lipps","David Akers",5
"Louis Lipps","Terrell Owens",5
"Louis Lipps","Mark Nichols",3
"Louis Lipps","John Kuhn",4
"Louis Lipps","D'Brickashaw Ferguson",12
"Louis Lipps","Tyler Linderbaum",2
"Louis Lipps","Guy McIntyre",2
"Louis Lipps","Keith Griffin",4
"Louis Lipps","Rick Mallory",4
"Louis Lipps","David Jones",2
"Louis Lipps","Mark Clayton",3
"Louis Lipps","Charles Cross",2
"Louis Lipps","Corey Bradford",3
"Louis Lipps","Laurence Maroney",4
"Tim Newton","Aaron Rouse",6
"Tim Newton","Joshua Williams",6
"Tim Newton","Scott Case",7
"Tim Newton","Darrelle Revis",5
"Tim Newton","William Fuller",2
"Tim Newton","Jack Gibbens",1
"Tim Newton","James Houston IV",11
"Tim Newton","E.J. Junior",4
"Tim Newton","Ray Lewis",2
"Tim Newton","Leon Lett",4
"Tim Newton","Garth Jax",2
"Tim Newton","Ron Ferrari",2
"Tim Newton","John Bostic",2
"Tim Newton","Tyoka Jackson",5
"Tim Newton","David Little",2
"Joe Montana","Laurence Maroney",3
"Joe Montana","Rick Mallory",9
"Joe Montana","Ed McCaffrey",9
"Joe Montana","Guy McIntyre",2
"Joe Montana","Mark Nichols",5
"Joe Montana","Louis Lipps",9
"Joe Montana","John Kuhn",6
"Joe Montana","Kellen Winslow",7
"Joe Montana","Arthur Cox",2
"Joe Montana","Luis Sharpe",10
"Joe Montana","Kirk Lowdermilk",4
"Joe Montana","Tyler Linderbaum",2
"Joe Montana","Terrell Owens",10
"Joe Montana","Mike Flynn",2
"Joe Montana","D'Brickashaw Ferguson",4
"Joe Montana","David Akers",3
"Joe Montana","Adrian Peterson",8
"Joe Montana","David Jones",2
"Joe Montana","Matt Leinart",4
"Joe Montana","Ken Whisenhunt",2
"Ray Lewis","Ron Ferrari",8
"Ray Lewis","Darrelle Revis",21
"Ray Lewis","William Fuller",7
"Ray Lewis","Joe Salave'a",12
"Ray Lewis","Scott Case",28
"Ray Lewis","Joshua Williams",14
"Ray Lewis","Maurice Douglass",8
"Ray Lewis","Leon Lett",15
"Ray Lewis","Zyon McCollum",14
"Ray Lewis","E.J. Junior",9
"Ray Lewis","Jack Gibbens",4
"Ray Lewis","Marcus Robertson",10
"Ray Lewis","Colin Cole",12
"Ray Lewis","James Houston IV",6
"Ray Lewis","Tim Newton",7
"Ray Lewis","Garth Jax",10
"Ray Lewis","Aaron Rouse",3
"Ray Lewis","Clint Ingram",5
"Ray Lewis","Sam Adams",1
"Ray Lewis","Jason Gildon",6
"Ray Lewis","Jeff Bryant",1
"Tyler Linderbaum","Laurence Maroney",3
"Tyler Linderbaum","Arthur Cox",2
"Tyler Linderbaum","Rick Mallory",2
"Tyler Linderbaum","Kirk Lowdermilk",20
"Tyler Linderbaum","Mike Flynn",6
"Tyler Linderbaum","Joe Montana",5
"Tyler Linderbaum","Guy McIntyre",9
"Tyler Linderbaum","Ed McCaffrey",3
"Tyler Linderbaum","Luis Sharpe",7
"Tyler Linderbaum","D'Brickashaw Ferguson",10
"Tyler Linderbaum","Kellen Winslow",15
"Tyler Linderbaum","Mark Nichols",2
"Tyler Linderbaum","Louis Lipps",5
"Tyler Linderbaum","John Kuhn",16
"Tyler Linderbaum","Ryan Wright",9
"Tyler Linderbaum","Terrell Owens",4
"Tyler Linderbaum","Adrian Peterson",7
"Tyler Linderbaum","Chris Fuamatu-Ma'afala",1
"Tyler Linderbaum","Bobby Engram",5
"Tyler Linderbaum","Corey Bradford",1
"Marcus Robertson","Scott Case",5
"Marcus Robertson","James Houston IV",9
"Marcus Robertson","Colin Cole",3
"Marcus Robertson","Jack Gibbens",3
"Marcus Robertson","Leon Lett",6
"Marcus Robertson","Darrelle Revis",13
"Marcus Robertson","E.J. Junior",5
"Marcus Robertson","Clint Ingram",10
"Marcus Robertson","Joe Salave'a",3
"Marcus Robertson","Ray Lewis",3
"Marcus Robertson","Joshua Williams",5
"Marcus Robertson","Garth Jax",4
"Marcus Robertson","William Fuller",5
"Marcus Robertson","Jason Gildon",6
"Marcus Robertson","David Little",4
"Marcus Robertson","Sam Adams",1
"Marcus Robertson","Eric Brown",1
"Marcus Robertson","Tyoka Jackson",2
"Joshua Williams","Aaron Rouse",4
"Joshua Williams","Clint Ingram",9
"Joshua Williams","Darrelle Revis",12
"Joshua Williams","Marcus Robertson",17
"Joshua Williams","John Bostic",1
"Joshua Williams","Colin Cole",8
"Joshua Williams","James Houston IV",14
"Joshua Williams","Jeff Bryant",7
"Joshua Williams","Eric Brown",4
"Joshua Williams","Scott Case",5
"Joshua Williams","E.J. Junior",6
"Joshua Williams","Ray Lewis",4
"Joshua Williams","Tim Newton",1
"Joshua Williams","William Fuller",11
"Joshua Williams","Joe Salave'a",2
"Joshua Williams","Garth Jax",2
"Joshua Williams","Maurice Douglass",4
"Joshua Williams","Jack Gibbens",3
"Joshua Williams","Leon Lett",2
"Joshua Williams","Sam Adams",2
"Charles Cross","Louis Lipps",11
"Charles Cross","Tyler Linderbaum",9
"Charles Cross","Ed McCaffrey",1
"Charles Cross","Terrell Owens",5
"Charles Cross","Kirk Lowdermilk",5
"Charles Cross","Kellen Winslow",2
"Charles Cross","Guy McIntyre",3
"Charles Cross","Luis Sharpe",6
"Charles Cross","Ken Whisenhunt",5
"Charles Cross","Mike Flynn",3
"Charles Cross","Laurence Maroney",3
"Charles Cross","Chris Fuamatu-Ma'afala",3
"Charles Cross","D'Brickashaw Ferguson",1
"Charles Cross","Adrian Peterson",1
"Ken Whisenhunt","Laurence Maroney",2
"Ken Whisenhunt","David Jones",6
"Ken Whisenhunt","Charles Cross",5
"Ken Whisenhunt","Luis Sharpe",4
"Terrell Owens","Kirk Lowdermilk",17
"Terrell Owens","Mark Nichols",3
"Terrell Owens","Rick Mallory",3
"Terrell Owens","Louis Lipps",10
"Terrell Owens","D'Brickashaw Ferguson",15
"Terrell Owens","Guy McIntyre",8
"Terrell Owens","Ed McCaffrey",11
"Terrell Owens","Adrian Peterson",7
"Terrell Owens","Kellen Winslow",7
"Terrell Owens","Matt Leinart",1
"Terrell Owens","Joe Montana",2
"Terrell Owens","Kenneth Davis",2
"Terrell Owens","John Kuhn",1
"Terrell Owens","Ken Whisenhunt",3
"Terrell Owens","David Jones",5
"Terrell Owens","Mark Clayton",3
"Terrell Owens","Charles Cross",2
"William Fuller","Ron Ferrari",3
"William Fuller","Joshua Williams",4
"William Fuller","Darrelle Revis",3
"William Fuller","John Bostic",2
"William Fuller","Joe Salave'a",6
"William Fuller","Jack Gibbens",3
"William Fuller","Leon Lett",6
"William Fuller","Scott Case",19
"William Fuller","James Houston IV",5
"William Fuller","E.J. Junior",3
"William Fuller","Clint Ingram",5
"William Fuller","Jeff Bryant",3
"William Fuller","Tim Newton",1
"William Fuller","Colin Cole",4
"William Fuller","Marcus Robertson",5
"William Fuller","Garth Jax",6
"William Fuller","Maurice Douglass",4
"William Fuller","Tyoka Jackson",4
"Eric Brown","Clint Ingram",6
"Eric Brown","E.J. Junior",1
"Eric Brown","Colin Cole",3
"Eric Brown","Ron Ferrari",3
"Eric Brown","Joe Salave'a",1
"Eric Brown","David Little",5
"Eric Brown","Scott Case",4
"David Akers","David Jones",2
"David Akers","Mark Nichols",3
"David Akers","John Kuhn",1
"David Akers","Terrell Owens",3
"David Akers","Arthur Cox",1
"David Akers","Ed McCaffrey",2
"David Akers","Luis Sharpe",6
"David Akers","Laurence Maroney",1
"David Akers","Charles Cross",6
"David Akers","Keith Griffin",3
"David Akers","Rick Mallory",1
"David Akers","Mike Flanagan",4
"David Akers","Brad Johnson",3
"David Akers","Mike Young",1
"David Akers","Adrian Peterson",2
"David Akers","Guy McIntyre",1
"Maurice Douglass","Zyon McCollum",4
"Maurice Douglass","Colin Cole",8
"Maurice Douglass","Marcus Robertson",8
"Maurice Douglass","Clint Ingram",2
"Maurice Douglass","David Little",1
"Maurice Douglass","Aaron Rouse",3
"Maurice Douglass","Leon Lett",3
"Maurice Douglass","Darrelle Revis",2
"Lynn Dickey II","Kirk Lowdermilk",2
"Lynn Dickey II","Rich Camarillo",4
"Lynn Dickey II","Kellen Winslow",1
"Lynn Dickey II","Charles Cross",4
"Scott Case","Darrelle Revis",16
"Scott Case","Tim Newton",7
"Scott Case","Aaron Rouse",5
"Scott Case","Maurice Douglass",7
"Scott Case","Joe Salave'a",16
"Scott Case","E.J. Junior",28
"Scott Case","Clint Ingram",10
"Scott Case","James Houston IV",8
"Scott Case","Marcus Robertson",7
"Scott Case","Leon Lett",8
"Scott Case","William Fuller",24
"Scott Case","Jeff Bryant",10
"Scott Case","Joshua Williams",17
"Scott Case","Ray Lewis",5
"Scott Case","Jack Gibbens",2
"Scott Case","Zyon McCollum",2
"Scott Case","Colin Cole",3
"Scott Case","Garth Jax",7
"Scott Case","Eric Brown",3
"Scott Case","Ron Ferrari",5
"Scott Case","John Bostic",2
"Scott Case","Jason Gildon",11
"Scott Case","Tyoka Jackson",5
"Scott Case","Sam Adams",4
"Matt Leinart","Adrian Peterson",5
"Matt Leinart","D'Brickashaw Ferguson",3
"Matt Leinart","Louis Lipps",3
"Matt Leinart","Kellen Winslow",3
"Matt Leinart","Tyler Linderbaum",3
"Matt Leinart","Laurence Maroney",4
"Matt Leinart","Terrell Owens",2
"Matt Leinart","Ken Whisenhunt",2
"Matt Leinart","Bobby Engram",3
"Laurence Maroney","Ed McCaffrey",1
"Laurence Maroney","Rick Mallory",4
"Laurence Maroney","Corey Bradford",3
"Laurence Maroney","Adrian Peterson",7
"Laurence Maroney","Ryan Wright",6
"Laurence Maroney","Luis Sharpe",4
"Laurence Maroney","John Kuhn",2
"Laurence Maroney","Mike Young",4
"Laurence Maroney","Mark Clayton",1
"Laurence Maroney","David Jones",3
"Laurence Maroney","Guy McIntyre",5
"Laurence Maroney","Tyler Linderbaum",5
"Laurence Maroney","D'Brickashaw Ferguson",3
"Laurence Maroney","Joe Montana",8
"Colin Cole","James Houston IV",5
"Colin Cole","E.J. Junior",1
"Colin Cole","Eric Brown",4
"Colin Cole","Darrelle Revis",7
"Colin Cole","Scott Case",1
"Colin Cole","Ray Lewis",13
"Colin Cole","Marcus Robertson",7
"Colin Cole","Clint Ingram",3
"Colin Cole","John Bostic",2
"Colin Cole","David Little",2
"Colin Cole","Jeff Bryant",1
"Chris Fuamatu-Ma'afala","Luis Sharpe",2
"Chris Fuamatu-Ma'afala","Tyler Linderbaum",5
"Chris Fuamatu-Ma'afala","Guy McIntyre",1
"Chris Fuamatu-Ma'afala","Rick Mallory",4
"Corey Bradford","Mark Nichols",3
"Corey Bradford","Lynn Dickey II",1
"Corey Bradford","Arthur Cox",2
"Corey Bradford","Kellen Winslow",4
"Corey Bradford","Mike Young",3
"Corey Bradford","Mike Flynn",2
"Corey Bradford","Ken Whisenhunt",2
"Corey Bradford","Louis Lipps",2
"Corey Bradford","Adrian Peterson",2
"Corey Bradford","Terrell Owens",2
"Corey Bradford","Ryan Wright",3
"Chris Ruhman","Lynn Dickey II",1
"Chris Ruhman","Ed McCaffrey",1
"Chris Ruhman","Mark Nichols",2
"Chris Ruhman","David Jones",2
"Chris Ruhman","Kirk Lowdermilk",1
"Chris Ruhman","Louis Lipps",5
"Mike Flynn","Louis Lipps",10
"Mike Flynn","D'Brickashaw Ferguson",2
"Mike Flynn","Mike Flanagan",2
"Mike Flynn","Arthur Cox",1
"Mike Flynn","Terrell Owens",6
"Mike Flynn","Luis Sharpe",1
"Mike Flynn","Kellen Winslow",4
"Mike Flynn","Rick Mallory",3
"Mike Flynn","Corey Bradford",2
"Mike Flynn","Bobby Engram",5
"Mike Flynn","Mark Clayton",3
"Mike Flanagan","D'Brickashaw Ferguson",4
"Mike Flanagan","Adrian Peterson",2
"Joe Salave'a","Clint Ingram",4
"Joe Salave'a","Zyon McCollum",4
"Joe Salave'a","Darrelle Revis",9
"Joe Salave'a","Eric Brown",3
"Joe Salave'a","Maurice Douglass",3
"Joe Salave'a","Garth Jax",10
"Joe Salave'a","James Houston IV",5
"Joe Salave'a","Tim Newton",5
"Joe Salave'a","Marcus Robertson",1
"Joe Salave'a","Ron Ferrari",3
"Joe Salave'a","Jeff Bryant",1
"Garth Jax","Joshua Williams",3
"Garth Jax","Jeff Bryant",1
"Garth Jax","Colin Cole",6
"Garth Jax","Ron Ferrari",3
"Garth Jax","Eric Brown",1
"Sam Adams","David Little",2
"Brad Johnson","Bobby Engram",4
"Brad Johnson","Terrell Owens",4
"Brad Johnson","Charles Cross",1
"Jason Gildon","Sam Adams",5
"Jason Gildon","Eric Brown",4
"Jason Gildon","John Bostic",1
"Jason Gildon","Aaron Rouse",3
"Jason Gildon","Scott Case",3
"Jason Gildon","Clint Ingram",3
"Jason Gildon","Joe Salave'a",2
"Jason Gildon","Darrelle Revis",3
"Jason Gildon","Joshua Williams",1
"Jason Gildon","Tim Newton",1
"Jason Gildon","Jeff Bryant",2
"Jason Gildon","Marcus Robertson",1
"Jason Gildon","Leon Lett",3
"Tyoka Jackson","Jeff Bryant",5
"Tyoka Jackson","Darrelle Revis",7
"Tyoka Jackson","Leon Lett",4
"Tyoka Jackson","Joshua Williams",7
"Tyoka Jackson","Tim Newton",1
"Tyoka Jackson","Marcus Robertson",1
"Kellen Winslow","Terrell Owens",10
"Kellen Winslow","Chris Ruhman",2
"Kellen Winslow","Tyler Linderbaum",8
"Kellen Winslow","Arthur Cox",11
"Kellen Winslow","Joe Montana",10
"Kellen Winslow","Ed McCaffrey",5
"Kellen Winslow","Louis Lipps",6
"Kellen Winslow","Adrian Peterson",10
"Kellen Winslow","Mark Nichols",5
"Kellen Winslow","Guy McIntyre",10
"Kellen Winslow","Laurence Maroney",4
"Kellen Winslow","Kirk Lowdermilk",8
"Kellen Winslow","Luis Sharpe",9
"Kellen Winslow","D'Brickashaw Ferguson",4
"Kellen Winslow","John Kuhn",6
"Kellen Winslow","David Akers",2
"Kellen Winslow","Mike Flynn",1
"Kellen Winslow","Rick Mallory",1
"Kellen Winslow","Charles Cross",9
"Kellen Winslow","Mark Clayton",4
"Ryan Wright","Chris Fuamatu-Ma'afala",5
"Ryan Wright","Louis Lipps",4
"Ryan Wright","Laurence Maroney",6
"Ryan Wright","Kirk Lowdermilk",5
"Ryan Wright","Luis Sharpe",2
"Ryan Wright","Ed McCaffrey",3
"Ryan Wright","Terrell Owens",2
"Ryan Wright","John Kuhn",4
"Ryan Wright","Mark Nichols",3
"Ryan Wright","Arthur Cox",3
"Ryan Wright","David Akers",6
"Ryan Wright","Kellen Winslow",2
"Ryan Wright","Joe Montana",3
"Ryan Wright","Tyler Linderbaum",1
"Ryan Wright","Mike Young",2
"Ryan Wright","Mark Clayton",2
"Ryan Wright","Mike Flynn",2
"Ryan Wright","Adrian Peterson",1
"Aaron Rouse","Clint Ingram",3
"Aaron Rouse","Ron Ferrari",2
"Aaron Rouse","William Fuller",3
"Aaron Rouse","Jeff Bryant",3
"Aaron Rouse","Marcus Robertson",2
"Aaron Rouse","James Houston IV",3
"Aaron Rouse","Tim Newton",2
"Aaron Rouse","Eric Brown",2
"Aaron Rouse","Joshua Williams",2
"Aaron Rouse","Joe Salave'a",2
"Aaron Rouse","Sam Adams",3
"Aaron Rouse","Ray Lewis",3
"Aaron Rouse","Darrelle Revis",3
"David Little","Mike Mickens",5
"David Little","Boye Mafe",3
"David Little","Roland James",6
"David Little","Devonte Wyatt",2
"David Little","Tony Casillas",3
"David Little","Reggie White",2
"David Little","Joe Phillips",1
"David Little","Colin Cole",3
"David Little","Scott Case",4
"David Little","Tim Newton",5
"David Little","William Fuller",4
"David Little","Darrelle Revis",9
"David Little","Jeff Bryant",1
"David Little","Garth Jax",3
"David Little","Marcus Robertson",7
"David Little","Sam Adams",1
"David Little","James Houston IV",2
"David Little","Ray Lewis",3
"Bobby Engram","Uche Nwaneri",5
"Bobby Engram","Greg Jennings",1
"Bobby Engram","Hokie Gajan",9
"Bobby Engram","Herman Heard",1
"Bobby Engram","Quentin Neujahr",1
"Bobby Engram","Bernie Kosar",5
"Bobby Engram","Lomas Brown",3
"Bobby Engram","Adrian Peterson",5
"Bobby Engram","David Jones",3
"Bobby Engram","Louis Lipps",4
"Bobby Engram","Rick Mallory",1
"Bobby Engram","Luis Sharpe",3
"Bobby Engram","Mark Clayton",2
"Bobby Engram","Guy McIntyre",1
"Bobby Engram","Joe Montana",1
"Bobby Engram","Terrell Owens",1
"Bobby Engram","John Kuhn",2
"Bobby Engram","Kellen Winslow",4
"Bobby Engram","David Akers",3
"Ron Ferrari","William Fuller",2
"Ron Ferrari","Eric Brown",4
"Ron Ferrari","Darrelle Revis",5
"Ron Ferrari","Colin Cole",2
"Ron Ferrari","Jeff Bryant",2
"Ron Ferrari","John Bostic",5
"Mike Young","Matt Leinart",2
"John Bostic","Tim Newton",2
"John Bostic","Zyon McCollum",1
"John Bostic","Maurice Douglass",1
"John Bostic","Ray Lewis",7
"John Bostic","William Fuller",3
"John Bostic","Aaron Rouse",6
"John Bostic","Leon Lett",3
"John Bostic","Jason Gildon",2
"John Bostic","Colin Cole",2
"Mark Clayton","Kevin Mack",12
"Mark Clayton","Greg Olsen",4
"Mark Clayton","George Pickens",2
"Mark Clayton","Muhsin Muhammad",6
"Mark Clayton","Mike Arthur",3
"Mark Clayton","Jay Cutler",7
"Mark Clayton","Mike Wahle",6
"Mark Clayton","Herman Moore",6
"Mark Clayton","Ed Ingram",13
"Mark Clayton","Lomas Brown",10
"Mark Clayton","Reggie Bush",9
"Mark Clayton","Mark Bavaro",6
"Mark Clayton","Eric Winston",1
"Mark Clayton","Jeff Hartings",4
"Mark Clayton","Ken Whisenhunt",4
"Mark Clayton","Rick Mallory",4
"Mark Clayton","Kirk Lowdermilk",3
"Mark Clayton","Mike Young",3
"Mark Clayton","Adrian Peterson",1
"Mark Clayton","Joe Jacoby",1
"Mark Clayton","Terrell Owens",3
"Mark Clayton","Kellen Winslow",1
"Mark Clayton","Guy McIntyre",2
"Mark Clayton","Corey Bradford",2
"Joe Jacoby","James Williams",3
"Joe Jacoby","Tony Scheffler",1
"Joe Jacoby","Anthony Carter",4
"Joe Jacoby","Ted Ginn Jr.",9
"Joe Jacoby","Tyler Allgeier",6
"Joe Jacoby","Larry Lee",1
"Joe Jacoby","Mike Rozier",2
"Joe Jacoby","Dylan Parham",3
"Joe Jacoby","Luke Goedeke",3
"Joe Jacoby","Brandon Marshall",9
"Joe Jacoby","Joe Morris",6
"Joe Jacoby","Mike Munchak",13
"Joe Jacoby","Brock Purdy",5
"Joe Jacoby","Scott Blanton",2
"Joe Jacoby","Jerry Rice",7
"Joe Jacoby","Joe Perry",2
"Joe Jacoby","Steve McKinney",8
"Joe Jacoby","Shawn Jefferson",2
"Joe Jacoby","Willie Anderson",9
"Joe Jacoby","Chris Chester",1
"Joe Jacoby","Steve Jordan",2
"Joe Jacoby","Tim Irwin",3
"Joe Jacoby","Charles Cross",1
"Joe Jacoby","Ken Whisenhunt",8
"Joe Jacoby","Rick Mallory",2
"Joe Jacoby","Adrian Peterson",2
"Joe Jacoby","Mike Flynn",1
"Joe Jacoby","Kellen Winslow",2
"James Houston IV","Scott Case",3
"James Houston IV","Ron Ferrari",1
"James Houston IV","Garth Jax",3
"James Houston IV","Clint Ingram",7
"James Houston IV","E.J. Junior",5
"James Houston IV","Leon Lett",7
"James Houston IV","Colin Cole",4
"James Houston IV","Jeff Bryant",1
"James Houston IV","John Bostic",2
"James Houston IV","Jack Gibbens",4
"James Houston IV","Joshua Williams",4
"James Houston IV","David Little",6
"James Houston IV","Marcus Robertson",4
"James Houston IV","Sam Adams",3
"Wayne Milner","Bruce McNorton",2
"Wayne Milner","Hollis Thomas",3
"Wayne Milner","Curly Lambeau",7
"Wayne Milner","Esera Tuaolo",2
"Wayne Milner","Emlen Tunnell",3
"Wayne Milner","Bronko Nagurski",3
"Wayne Milner","Andre Tippett",1
"Wayne Milner","Quay Walker",2
"Wayne Milner","Kingsley Enagbare",5
"Wayne Milner","Ernie Sims",8
"Wayne Milner","Kamerion Wimbley",2
"Wayne Milner","Todd Shell",5
"Wayne Milner","Ervin Randle",2
"Wayne Milner","Sam Seale",5
"Wayne Milner","Richard Dent",5
"Wayne Milner","Takeo Spikes",5
"Wayne Milner","Michael Carter",1
"Wayne Milner","Eric Weddle",2
"Wayne Milner","Stanley Richard",4
"Quay Walker","Keith Browner",1
"Quay Walker","Esera Tuaolo",4
"Quay Walker","Vince Newsome",1
"Quay Walker","Bruce McNorton",3
"Quay Walker","Bronko Nagurski",2
"Quay Walker","Andre Tippett",4
"Quay Walker","Takeo Spikes",1
"Quay Walker","Sam Seale",5
"Quay Walker","Richard Dent",7
"Quay Walker","Hollis Thomas",3
"Quay Walker","Todd Shell",4
"Quay Walker","Ervin Randle",3
"Quay Walker","Tiger Greene",3
"Quay Walker","Kamerion Wimbley",3
"Quay Walker","Joshua Fatu",5
"Quay Walker","Wayne Milner",4
"Quay Walker","Lance Schulters",2
"Quay Walker","Joe Fishback",7
"Quay Walker","Dane Belton",4
"Quay Walker","Clarence Parker",3
"Quay Walker","Curly Lambeau",1
"Quay Walker","Eric Weddle",7
"Quay Walker","Deacon Jones",1
"Quay Walker","Antonio Langham",4
"Aaron Graham","Charlie Johnson",1
"Aaron Graham","Mark May",2
"Aaron Graham","Ricky Sanders",2
"Aaron Graham","Stepfret Williams",4
"Aaron Graham","Amani Toomer",5
"Aaron Graham","Romeo Doubs",4
"Aaron Graham","Jermaine Lewis",1
"Aaron Graham","Roger Craig",1
"Aaron Graham","Jim Brown",1
"Aaron Graham","Russ Grimm",2
"Curly Lambeau","Tiger Greene",3
"Curly Lambeau","Channing Tindall",7
"Curly Lambeau","Keith Browner",5
"Curly Lambeau","Delarrin Turner-Yell",4
"Curly Lambeau","Vince Newsome",3
"Curly Lambeau","Lance Schulters",10
"Curly Lambeau","Quay Walker",7
"Curly Lambeau","Bronko Nagurski",2
"Curly Lambeau","Wayne Milner",7
"Curly Lambeau","Lewis Billups",1
"Curly Lambeau","Andre Tippett",1
"Curly Lambeau","Bruce McNorton",3
"Curly Lambeau","Kamerion Wimbley",10
"Curly Lambeau","Todd Shell",1
"Curly Lambeau","Sam Seale",2
"Curly Lambeau","Richard Dent",8
"Curly Lambeau","Michael Carter",12
"Curly Lambeau","Kingsley Enagbare",3
"Curly Lambeau","Lee Williams",2
"Curly Lambeau","Joe Fishback",5
"Curly Lambeau","Takeo Spikes",8
"Curly Lambeau","Deacon Jones",1
"Curly Lambeau","Tony Brackens",3
"Curly Lambeau","Joshua Fatu",11
"Curly Lambeau","Cameron Thomas",3
"Curly Lambeau","Dixon Edwards",2
"Curly Lambeau","Dane Belton",7
"Richard Dent","Delarrin Turner-Yell",1
"Richard Dent","Andre Tippett",4
"Richard Dent","Hollis Thomas",5
"Richard Dent","Wayne Milner",5
"Richard Dent","Vince Newsome",1
"Richard Dent","Takeo Spikes",10
"Richard Dent","Curly Lambeau",12
"Richard Dent","Sam Seale",1
"Richard Dent","Joe Fishback",6
"Richard Dent","Ervin Randle",4
"Richard Dent","Lance Schulters",6
"Richard Dent","Kamerion Wimbley",5
"Richard Dent","Ernie Sims",7
"Richard Dent","Eddie Anderson",1
"Richard Dent","Lee Williams",5
"Richard Dent","Tony Brackens",7
"Richard Dent","Cameron Thomas",2
"Kamerion Wimbley","Keith Browner",4
"Kamerion Wimbley","Esera Tuaolo",2
"Kamerion Wimbley","Channing Tindall",7
"Kamerion Wimbley","Simon Fletcher",2
"Kamerion Wimbley","Takeo Spikes",4
"Kamerion Wimbley","Bronko Nagurski",1
"Kamerion Wimbley","Sam Seale",6
"Kamerion Wimbley","Curly Lambeau",5
"Kamerion Wimbley","Lee Williams",4
"Kamerion Wimbley","Bob Nelson",5
"Kamerion Wimbley","Joshua Fatu",5
"Kamerion Wimbley","Richard Dent",3
"Kamerion Wimbley","Joe Fishback",4
"Kamerion Wimbley","Lance Schulters",7
"Kamerion Wimbley","Clarence Parker",5
"Kamerion Wimbley","Deacon Jones",4
"Kamerion Wimbley","Cameron Thomas",4
"Gary Zimmerman","Reggie Langhorne",4
"Gary Zimmerman","Greg Jennings",5
"Gary Zimmerman","Lomas Brown",6
"Gary Zimmerman","Ralf Mojsiejenko",7
"Gary Zimmerman","Herman Heard",2
"Gary Zimmerman","Quentin Neujahr",6
"Gary Zimmerman","Bobby Engram",8
"Gary Zimmerman","Bernie Kosar",13
"Gary Zimmerman","Romeo Doubs",5
"Gary Zimmerman","Jim Brown",5
"Gary Zimmerman","Amani Toomer",8
"Gary Zimmerman","Pete Mandley",7
"Gary Zimmerman","Zach Miller",4
"Gary Zimmerman","Jermaine Lewis",7
"Gary Zimmerman","Dylan Parham",9
"Gary Zimmerman","Norbert Davidds-Garrido",2
"Gary Zimmerman","Jay Schroeder",4
"Gary Zimmerman","Ed West",3
"Gary Zimmerman","Stepfret Williams",5
"Gary Zimmerman","Roy Green",1
"Gary Zimmerman","Rich Tylski",2
"Gary Zimmerman","Kyle Turley",5
"Gary Zimmerman","Danny White II",4
"Gary Zimmerman","Roger Craig",1
"Gary Zimmerman","Mason Crosby",3
"Gary Zimmerman","Nevin McCaskill",1
"Gary Zimmerman","Aaron Graham",1
"Takeo Spikes","Keith Browner",1
"Takeo Spikes","Lewis Billups",3
"Takeo Spikes","Hollis Thomas",5
"Takeo Spikes","Andre Tippett",2
"Takeo Spikes","Richard Dent",6
"Takeo Spikes","Kamerion Wimbley",12
"Takeo Spikes","Marty Carter",2
"Takeo Spikes","Michael Carter",9
"Takeo Spikes","Sam Seale",6
"Takeo Spikes","Ernie Sims",1
"Takeo Spikes","Joe Fishback",1
"Takeo Spikes","Kingsley Enagbare",5
"Takeo Spikes","Joshua Fatu",6
"Takeo Spikes","Curly Lambeau",6
"Takeo Spikes","Lee Williams",3
"Takeo Spikes","Tiger Greene",1
"Takeo Spikes","Channing Tindall",3
"Takeo Spikes","Bob Nelson",2
"Takeo Spikes","Tim Krumrie",2
"Takeo Spikes","Eric Weddle",2
"Takeo Spikes","Quay Walker",4
"Takeo Spikes","Deacon Jones",2
"Takeo Spikes","Clarence Parker",2
"Lance Schulters","Simon Fletcher",9
"Lance Schulters","Esera Tuaolo",3
"Lance Schulters","Bruce McNorton",5
"Lance Schulters","Hugh Green",6
"Lance Schulters","Bronko Nagurski",3
"Lance Schulters","Richard Dent",5
"Lance Schulters","Takeo Spikes",9
"Lance Schulters","Emlen Tunnell",1
"Lance Schulters","Wayne Milner",6
"Lance Schulters","Curly Lambeau",13
"Lance Schulters","Sam Seale",2
"Lance Schulters","Kamerion Wimbley",3
"Lance Schulters","Andre Tippett",2
"Lance Schulters","Quay Walker",4
"Lance Schulters","Tiger Greene",3
"Lance Schulters","Ernie Sims",1
"Lance Schulters","Lee Williams",2
"Lance Schulters","Joe Fishback",12
"Lance Schulters","Joshua Fatu",17
"Lance Schulters","Bob Nelson",4
"Lance Schulters","Eddie Anderson",3
"Lance Schulters","Kingsley Enagbare",1
"Lance Schulters","Channing Tindall",2
"Lance Schulters","Cameron Thomas",4
"Lance Schulters","Gaines Adams",1
"Lance Schulters","Eric Weddle",4
"Lance Schulters","Deacon Jones",2
"Lance Schulters","Dane Belton",2
"Ricky Sanders","Herman Heard",3
"Ricky Sanders","Al Bundy",4
"Ricky Sanders","Bernie Kosar",3
"Ricky Sanders","Gary Zimmerman",4
"Ricky Sanders","Jermaine Lewis",5
"Ricky Sanders","Roy Green",3
"Al Bundy","Stephen Alexander",5
"Al Bundy","Nevin McCaskill",4
"Al Bundy","Quentin Neujahr",1
"Al Bundy","Greg Jennings",3
"Al Bundy","Chris Chester",5
"Al Bundy","Reggie Langhorne",2
"Al Bundy","Joe Perry",1
"Al Bundy","Bernie Kosar",8
"Al Bundy","Tyler Allgeier",3
"Al Bundy","Todd Christensen",1
"Al Bundy","Roger Craig",1
"Quentin Neujahr","Reggie Langhorne",7
"Quentin Neujahr","Hokie Gajan",1
"Quentin Neujahr","Mark May",2
"Quentin Neujahr","Lomas Brown",4
"Quentin Neujahr","Bobby Engram",7
"Quentin Neujahr","Jason White",4
"Quentin Neujahr","Gary Zimmerman",7
"Quentin Neujahr","Ralf Mojsiejenko",4
"Quentin Neujahr","Todd Christensen",3
"Quentin Neujahr","Roger Craig",2
"Quentin Neujahr","Ricky Williams",2
"Quentin Neujahr","Russ Grimm",14
"Quentin Neujahr","Bernie Kosar",6
"Quentin Neujahr","Aaron Graham",5
"Quentin Neujahr","Romeo Doubs",4
"Quentin Neujahr","Kyle Turley",7
"Quentin Neujahr","Zach Miller",7
"Quentin Neujahr","Pete Mandley",12
"Quentin Neujahr","Jermaine Lewis",1
"Quentin Neujahr","Norbert Davidds-Garrido",5
"Quentin Neujahr","Greg Dulcich",1
"Quentin Neujahr","Dylan Parham",5
"Quentin Neujahr","Stepfret Williams",1
"Quentin Neujahr","Rich Tylski",2
"Quentin Neujahr","Al Bundy",4
"Bernie Kosar","Tony Scheffler",2
"Bernie Kosar","Shawn Jefferson",2
"Bernie Kosar","Brock Purdy",5
"Bernie Kosar","Ephraim Salaam",2
"Bernie Kosar","James Williams",2
"Bernie Kosar","Willie Anderson",4
"Bernie Kosar","Tyler Allgeier",5
"Bernie Kosar","Dylan Parham",10
"Bernie Kosar","Mike Munchak",3
"Bernie Kosar","Gary Zimmerman",4
"Bernie Kosar","Quentin Neujahr",1
"Bernie Kosar","Pete Mandley",3
"Bernie Kosar","Kyle Turley",3
"Bernie Kosar","Zach Miller",8
"Bernie Kosar","Russ Grimm",5
"Bernie Kosar","Roger Craig",7
"Bernie Kosar","Ralf Mojsiejenko",2
"Bernie Kosar","Norbert Davidds-Garrido",4
"Bernie Kosar","Ed West",3
"Bernie Kosar","Greg Dulcich",6
"Bernie Kosar","Romeo Doubs",2
"Bernie Kosar","Clarence Kay",3
"Bernie Kosar","Jermaine Lewis",1
"Dylan Parham","Jerry Rice",7
"Dylan Parham","Larry Lee",3
"Dylan Parham","Mike Munchak",4
"Dylan Parham","Ted Ginn Jr.",3
"Dylan Parham","Brandon Marshall",3
"Dylan Parham","Anthony Carter",4
"Dylan Parham","Tony Scheffler",3
"Dylan Parham","Bernie Kosar",18
"Dylan Parham","Steve McKinney",2
"Dylan Parham","Shawn Jefferson",5
"Dylan Parham","Greg Jennings",2
"Dylan Parham","Ralf Mojsiejenko",2
"Dylan Parham","Jim Brown",5
"Dylan Parham","Kyle Turley",4
"Dylan Parham","Amani Toomer",14
"Dylan Parham","Pete Mandley",15
"Dylan Parham","Norbert Davidds-Garrido",6
"Dylan Parham","Roger Craig",4
"Dylan Parham","Greg Dulcich",3
"Dylan Parham","Russ Grimm",2
"Dylan Parham","Jermaine Lewis",7
"Dylan Parham","Clarence Kay",5
"Dylan Parham","Gary Zimmerman",5
"Dylan Parham","Bradford Banta",2
"Kingsley Enagbare","Marty Carter",2
"Kingsley Enagbare","Curly Lambeau",14
"Kingsley Enagbare","Takeo Spikes",4
"Kingsley Enagbare","Sam Seale",2
"Kingsley Enagbare","Bob Nelson",10
"Kingsley Enagbare","Lee Williams",2
"Kingsley Enagbare","Ernie Sims",1
"Kingsley Enagbare","Lance Schulters",2
"Kingsley Enagbare","Joe Fishback",7
"Kingsley Enagbare","Joshua Fatu",8
"Kingsley Enagbare","Todd Shell",1
"Kingsley Enagbare","Gaines Adams",4
"Kingsley Enagbare","Eric Weddle",3
"Kingsley Enagbare","Deacon Jones",6
"Kingsley Enagbare","Michael Carter",7
"Kingsley Enagbare","Antonio Langham",7
"Roger Craig","Nick Cole",11
"Roger Craig","Tra Thomas",6
"Roger Craig","Chris Kemoeatu",3
"Roger Craig","Gary Zimmerman",8
"Roger Craig","Bernie Kosar",7
"Roger Craig","Bobby Engram",1
"Roger Craig","Dylan Parham",4
"Roger Craig","Amani Toomer",3
"Roger Craig","Pete Mandley",7
"Roger Craig","Romeo Doubs",4
"Roger Craig","Quentin Neujahr",5
"Roger Craig","Greg Dulcich",5
"Roger Craig","Jim Brown",6
"Roger Craig","Ed West",4
"Roger Craig","Ralf Mojsiejenko",4
"Roger Craig","Kyle Turley",7
"Roger Craig","Jermaine Lewis",6
"Roger Craig","Nevin McCaskill",7
"Roger Craig","Aaron Graham",1
"Roger Craig","Norbert Davidds-Garrido",3
"Roger Craig","Clarence Kay",3
"Romeo Doubs","Greg Dulcich",7
"Romeo Doubs","Hines Ward",6
"Romeo Doubs","Ryan Grant",1
"Romeo Doubs","Tom Toth",3
"Romeo Doubs","Eric Moten",4
"Romeo Doubs","Evan Neal",3
"Romeo Doubs","Curt Warner",3
"Romeo Doubs","Quentin Neujahr",7
"Romeo Doubs","Pete Mandley",7
"Romeo Doubs","Jim Brown",7
"Romeo Doubs","Kyle Turley",11
"Romeo Doubs","Norbert Davidds-Garrido",6
"Romeo Doubs","Ricky Williams",1
"Romeo Doubs","Gary Zimmerman",3
"Romeo Doubs","Amani Toomer",5
"Romeo Doubs","Aaron Graham",2
"Romeo Doubs","Neal Anderson",2
"Romeo Doubs","Dylan Parham",8
"Romeo Doubs","Rich Tylski",5
"Romeo Doubs","Russ Grimm",2
"Romeo Doubs","Bernie Kosar",3
"Romeo Doubs","Jermaine Lewis",2
"Romeo Doubs","Roger Craig",7
"Romeo Doubs","Nevin McCaskill",1
"Romeo Doubs","Bradford Banta",2
"Romeo Doubs","Craig Hentrich",1
"Michael Carter","Bob Nelson",5
"Michael Carter","Shaun Gayle",2
"Michael Carter","Evan Cooper",5
"Michael Carter","Robert Moore",1
"Michael Carter","Chris Doleman",4
"Michael Carter","Wes Hopkins",2
"Michael Carter","La'Roi Glover",2
"Michael Carter","Jack Sanborn",1
"Michael Carter","Bruce Smith",1
"Michael Carter","Roger McCreary",3
"Michael Carter","Kamerion Wimbley",9
"Michael Carter","Quay Walker",6
"Michael Carter","Todd Shell",5
"Michael Carter","Joshua Fatu",5
"Michael Carter","Tiger Greene",3
"Michael Carter","Lance Schulters",4
"Michael Carter","Takeo Spikes",4
"Michael Carter","Marty Carter",3
"Michael Carter","Cameron Thomas",7
"Michael Carter","Richard Dent",1
"Jermaine Lewis","John Elway",5
"Jermaine Lewis","Freeman McNeil",1
"Jermaine Lewis","Jimbo Covert",3
"Jermaine Lewis","Joe Walter",4
"Jermaine Lewis","Robert Meachem",1
"Jermaine Lewis","Brian Robinson Jr",2
"Jermaine Lewis","Amani Toomer",9
"Jermaine Lewis","Roger Craig",4
"Jermaine Lewis","Jim Brown",5
"Jermaine Lewis","Zach Miller",6
"Jermaine Lewis","Bernie Kosar",7
"Jermaine Lewis","Russ Grimm",3
"Jermaine Lewis","Norbert Davidds-Garrido",5
"Jermaine Lewis","Danny White II",2
"Jermaine Lewis","Romeo Doubs",1
"Jermaine Lewis","Rich Tylski",2
"Jermaine Lewis","Pete Mandley",4
"Jermaine Lewis","Dylan Parham",5
"Jermaine Lewis","Clarence Kay",2
"Jim Brown","Lance Smith",3
"Jim Brown","Don Mosebar",8
"Jim Brown","Trevor Penning",7
"Jim Brown","Clay Shiver",1
"Jim Brown","Joe Staley",7
"Jim Brown","Randall Cunningham",5
"Jim Brown","Irving Fryar",1
"Jim Brown","Art Monk",3
"Jim Brown","Marshal Yanda",2
"Jim Brown","Quentin Neujahr",1
"Jim Brown","Jermaine Lewis",15
"Jim Brown","Kyle Turley",9
"Jim Brown","Greg Dulcich",2
"Jim Brown","Dylan Parham",2
"Jim Brown","Amani Toomer",10
"Jim Brown","Gary Zimmerman",16
"Jim Brown","Norbert Davidds-Garrido",8
"Jim Brown","Bobby Engram",5
"Jim Brown","Roger Craig",5
"Jim Brown","Bernie Kosar",4
"Jim Brown","Ralf Mojsiejenko",3
"Jim Brown","Rich Tylski",1
"Jim Brown","Ricky Sanders",11
"Jim Brown","Nevin McCaskill",5
"Jim Brown","Clarence Kay",3
"Jim Brown","Russ Grimm",3
"Jim Brown","Mason Crosby",3
"Jim Brown","Aaron Graham",4
"Jim Brown","Bradford Banta",2
"Amani Toomer","Brett Basanez",2
"Amani Toomer","Jelani Woods",2
"Amani Toomer","Terry Allen",2
"Amani Toomer","Dan Marino",9
"Amani Toomer","Nick Cole",1
"Amani Toomer","Roger Craig",12
"Amani Toomer","Christian Watson",1
"Amani Toomer","Joe Horn",3
"Amani Toomer","Marcus McNeill",2
"Amani Toomer","Quentin Neujahr",4
"Amani Toomer","Ed West",1
"Amani Toomer","Dylan Parham",4
"Amani Toomer","Jim Brown",9
"Amani Toomer","Bernie Kosar",21
"Amani Toomer","Norbert Davidds-Garrido",11
"Amani Toomer","Kyle Turley",8
"Amani Toomer","Ricky Williams",3
"Amani Toomer","Russ Grimm",11
"Amani Toomer","Pete Mandley",7
"Amani Toomer","Gary Zimmerman",11
"Amani Toomer","Ricky Sanders",11
"Amani Toomer","Jermaine Lewis",2
"Amani Toomer","Jay Schroeder",1
"Amani Toomer","Zach Miller",2
"Amani Toomer","Romeo Doubs",7
"Amani Toomer","Bobby Engram",2
"Amani Toomer","Nevin McCaskill",1
"Amani Toomer","Bradford Banta",1
"Russ Grimm","Eric Winston",6
"Russ Grimm","Greg Olsen",5
"Russ Grimm","Mark Bavaro",4
"Russ Grimm","Al Toon",13
"Russ Grimm","George Pickens",3
"Russ Grimm","Lionel James",3
"Russ Grimm","Mike Arthur",2
"Russ Grimm","Jeromey Clary",1
"Russ Grimm","Jeff Hartings",3
"Russ Grimm","Kevin Mack",3
"Russ Grimm","Herman Moore",5
"Russ Grimm","Reggie Bush",2
"Russ Grimm","Nick Folk",1
"Russ Grimm","Mark Clayton",5
"Russ Grimm","Greg Dulcich",6
"Russ Grimm","Bobby Engram",2
"Russ Grimm","Dylan Parham",3
"Russ Grimm","Gary Zimmerman",6
"Russ Grimm","Norbert Davidds-Garrido",16
"Russ Grimm","Quentin Neujahr",20
"Russ Grimm","Roger Craig",10
"Russ Grimm","Jay Schroeder",2
"Russ Grimm","Ralf Mojsiejenko",4
"Russ Grimm","Jim Brown",4
"Russ Grimm","Amani Toomer",6
"Russ Grimm","Mason Crosby",2
"Russ Grimm","Neal Anderson",1
"Russ Grimm","Rich Tylski",3
"Russ Grimm","Greg Hill",3
"Kyle Turley","Greg Olsen",2
"Kyle Turley","Mark Clayton",5
"Kyle Turley","Tootie Robbins",3
"Kyle Turley","Reggie Bush",2
"Kyle Turley","Eric Winston",6
"Kyle Turley","Kevin Mack",2
"Kyle Turley","Nick Folk",2
"Kyle Turley","Russ Grimm",5
"Kyle Turley","Mark Bavaro",3
"Kyle Turley","Ed Ingram",3
"Kyle Turley","Jermaine Lewis",4
"Kyle Turley","Roger Craig",2
"Kyle Turley","Bernie Kosar",11
"Kyle Turley","Greg Dulcich",6
"Kyle Turley","Jim Brown",6
"Kyle Turley","Pete Mandley",3
"Kyle Turley","Zach Miller",1
"Kyle Turley","Norbert Davidds-Garrido",3
"Kyle Turley","Clarence Kay",3
"Kyle Turley","Gary Zimmerman",2
"Kyle Turley","Ricky Sanders",1
"Kyle Turley","Quentin Neujahr",6
"Kyle Turley","Dylan Parham",6
"Kyle Turley","Dave Krieg",3
"Kyle Turley","Amani Toomer",6
"Norbert Davidds-Garrido","Pete Mandley",5
"Norbert Davidds-Garrido","Darrin Nelson",4
"Norbert Davidds-Garrido","Dwayne Bowe",4
"Norbert Davidds-Garrido","Daniel Bellinger",3
"Norbert Davidds-Garrido","John Alt",4
"Norbert Davidds-Garrido","Joel Hilgenberg",3
"Norbert Davidds-Garrido","Gary Zimmerman",9
"Norbert Davidds-Garrido","Quentin Neujahr",8
"Norbert Davidds-Garrido","Russ Grimm",8
"Norbert Davidds-Garrido","Amani Toomer",1
"Norbert Davidds-Garrido","Jim Brown",2
"Norbert Davidds-Garrido","Zach Miller",1
"Norbert Davidds-Garrido","Roger Craig",4
"Norbert Davidds-Garrido","Mason Crosby",2
"Norbert Davidds-Garrido","Bernie Kosar",5
"Norbert Davidds-Garrido","Bobby Engram",4
"Norbert Davidds-Garrido","Greg Dulcich",2
"Norbert Davidds-Garrido","Dylan Parham",6
"Norbert Davidds-Garrido","Clarence Kay",2
"Norbert Davidds-Garrido","Kyle Turley",3
"Norbert Davidds-Garrido","Neal Anderson",4
"Norbert Davidds-Garrido","Ricky Sanders",5
"Norbert Davidds-Garrido","Rich Tylski",1
"Norbert Davidds-Garrido","Jermaine Lewis",4
"Norbert Davidds-Garrido","Aaron Graham",4
"Norbert Davidds-Garrido","Nevin McCaskill",4
"Joshua Fatu","Jeff Donaldson",3
"Joshua Fatu","Lance Schulters",3
"Joshua Fatu","Kamerion Wimbley",1
"Joshua Fatu","Joe Fishback",6
"Joshua Fatu","Todd Shell",2
"Joshua Fatu","Michael Carter",3
"Joshua Fatu","Sam Seale",1
"Joshua Fatu","Eric Weddle",1
"Joshua Fatu","Tiger Greene",3
"Joshua Fatu","Kingsley Enagbare",2
"Joshua Fatu","Deacon Jones",1
"Bob Nelson","Robert Moore",2
"Bob Nelson","Bryan Cook",3
"Bob Nelson","La'Roi Glover",2
"Bob Nelson","Evan Cooper",1
"Bob Nelson","Todd Lyght",1
"Bob Nelson","Lee Williams",3
"Bob Nelson","Ervin Randle",3
"Bob Nelson","Wayne Milner",3
"Bob Nelson","Kamerion Wimbley",5
"Bob Nelson","Joe Fishback",7
"Bob Nelson","Marty Carter",2
"Bob Nelson","Richard Dent",5
"Bob Nelson","Joshua Fatu",2
"Bob Nelson","Quay Walker",4
"Neal Anderson","Romeo Doubs",2
"Neal Anderson","Kyle Turley",4
"Neal Anderson","Ricky Sanders",3
"Neal Anderson","Stepfret Williams",3
"Neal Anderson","Roy Green",1
"Pete Mandley","Chris Kuper",3
"Pete Mandley","Will Wolford",1
"Pete Mandley","Az-Zahir Hakim",4
"Pete Mandley","Ali Haji-Sheikh",1
"Pete Mandley","Kurt Warner",5
"Pete Mandley","Romeo Doubs",8
"Pete Mandley","Bernie Kosar",1
"Pete Mandley","Jim Brown",7
"Pete Mandley","Kyle Turley",2
"Pete Mandley","Zach Miller",2
"Pete Mandley","Russ Grimm",2
"Pete Mandley","Gary Zimmerman",3
"Pete Mandley","Dylan Parham",2
"Pete Mandley","Neal Anderson",2
"Pete Mandley","Rich Tylski",2
"Pete Mandley","Mason Crosby",2
"Pete Mandley","Craig Hentrich",2
"Deacon Jones","Joe Fishback",1
"Deacon Jones","Curly Lambeau",5
"Deacon Jones","Richard Dent",3
"Deacon Jones","Bob Nelson",7
"Deacon Jones","Joshua Fatu",10
"Deacon Jones","Cameron Thomas",3
"Deacon Jones","Takeo Spikes",4
"Deacon Jones","Kamerion Wimbley",3
"Deacon Jones","Quay Walker",4
"Deacon Jones","Dane Belton",1
"Deacon Jones","Dixon Edwards",1
"Deacon Jones","Kingsley Enagbare",3
"Antonio Langham","Deacon Jones",4
"Antonio Langham","Lance Schulters",5
"Craig Hentrich","Russ Grimm",1
"Craig Hentrich","Rich Tylski",2
"Craig Hentrich","Jermaine Lewis",3
"Craig Hentrich","Nevin McCaskill",1
"Craig Hentrich","Ricky Sanders",3
"Bradford Banta","Clarence Kay",5
"Bradford Banta","Romeo Doubs",1
"Bradford Banta","Nevin McCaskill",4
"Bradford Banta","Bernie Kosar",6
"Bradford Banta","Roger Craig",3
"Bradford Banta","Amani Toomer",7
"Bradford Banta","Jermaine Lewis",3
"Bradford Banta","Jim Brown",1
"Bradford Banta","Gary Zimmerman",3
"Greg Hill","Rich Tylski",3
"Greg Hill","Quentin Neujahr",5
"Greg Hill","Kyle Turley",3
"Mason Crosby","Stepfret Williams",2
"Mason Crosby","Zach Miller",7
"Mason Crosby","Chris Hinton",3
"Mason Crosby","Ralf Mojsiejenko",6
"Mason Crosby","Al Bundy",3
"Mason Crosby","Kyle Turley",2
"Mason Crosby","Bernie Kosar",7
"Mason Crosby","Jermaine Lewis",9
"Mason Crosby","Jay Schroeder",1
"Mason Crosby","Pete Mandley",2
"Mason Crosby","Neal Anderson",3
"Mason Crosby","Rich Tylski",3
"Mason Crosby","Ricky Sanders",1
"Mason Crosby","Quentin Neujahr",2
"Dane Belton","Mario Williams",5
"Dane Belton","Bruce Pickens",3
"Dane Belton","Elvis Dumervil",4
"Dane Belton","Kelvin Pritchett",2
"Dane Belton","Doug Reed",10
"Dane Belton","Charles Mincy",3
"Dane Belton","John Browning",1
"Dane Belton","Kingsley Enagbare",3
"Dane Belton","Takeo Spikes",3
"Dane Belton","Cameron Thomas",2
"Dane Belton","Quay Walker",5
"Dane Belton","Joshua Fatu",2
"Dane Belton","Dixon Edwards",1
"Dane Belton","Antonio Langham",2
"Dane Belton","Richard Dent",4
"Dane Belton","Kamerion Wimbley",1
"Dane Belton","Tony Brackens",3
"Dane Belton","Deacon Jones",1
"Dane Belton","Joe Fishback",2
"Eric Weddle","Jonathan Lewis",1
"Eric Weddle","Patrick Surtain",3
"Eric Weddle","Reed Blankenship",2
"Eric Weddle","John McCargo",5
"Eric Weddle","Michael Carter",7
"Eric Weddle","Kingsley Enagbare",1
"Eric Weddle","Quay Walker",1
"Eric Weddle","Kamerion Wimbley",3
"Eric Weddle","Antonio Langham",3
"Eric Weddle","Richard Dent",3
"Eric Weddle","Lance Schulters",1
"Eric Weddle","Curly Lambeau",3
"Eric Weddle","Deacon Jones",2
"Eric Weddle","Cameron Thomas",2
"Cameron Thomas","Joshua Fatu",4
"Cameron Thomas","Robert Lyles",5
"Cameron Thomas","Quay Walker",7
"Cameron Thomas","Tony Brackens",2
"Cameron Thomas","Joe Fishback",2
"Cameron Thomas","Lance Schulters",3
"Cameron Thomas","Clarence Parker",2
"Cameron Thomas","Curly Lambeau",5
"Cameron Thomas","Kingsley Enagbare",6
"Cameron Thomas","Dixon Edwards",3
"Cameron Thomas","Tiger Greene",3
"Cameron Thomas","Antonio Langham",1
"Cameron Thomas","Dane Belton",2
"Cameron Thomas","Kamerion Wimbley",2
"Cameron Thomas","Gaines Adams",1
"Tiger Greene","Sam Seale",1
"Tiger Greene","Curly Lambeau",8
"Tiger Greene","Vince Newsome",3
"Tiger Greene","Hugh Green",1
"Tiger Greene","Wayne Milner",3
"Tiger Greene","Richard Dent",5
"Tiger Greene","Cliff Battles",1
"Tiger Greene","Cameron Thomas",5
"Tiger Greene","Deacon Jones",2
"Tiger Greene","Quay Walker",3
"Tiger Greene","Joe Fishback",3
"Sam Seale","Delarrin Turner-Yell",3
"Sam Seale","Emlen Tunnell",1
"Sam Seale","Keith Browner",4
"Sam Seale","Lance Schulters",3
"Sam Seale","Kamerion Wimbley",5
"Sam Seale","Bob Nelson",4
"Sam Seale","Michael Carter",4
"Sam Seale","Ernie Sims",1
"Clarence Kay","Lance Smith",3
"Clarence Kay","Fred Taylor",3
"Clarence Kay","Cris Collinsworth",3
"Clarence Kay","Marshal Yanda",3
"Clarence Kay","Pete Mandley",3
"Clarence Kay","Jermaine Lewis",3
"Clarence Kay","Rich Tylski",1
"Clarence Kay","Nevin McCaskill",7
"Clarence Kay","Russ Grimm",4
"Dave Krieg","Mike Black",4
"Dave Krieg","James Jones WR",7
"Dave Krieg","J.P. Foschi",3
"Dave Krieg","Jim Ringo",12
"Dave Krieg","Jason Fabini",8
"Dave Krieg","Jim Lachey",1
"Dave Krieg","Gary Clark",10
"Dave Krieg","Sean Rhyan",4
"Dave Krieg","Tom Thayer",2
"Dave Krieg","Trey McBride",3
"Dave Krieg","Breece Hall",13
"Dave Krieg","Ben Coates",7
"Dave Krieg","James Cook",1
"Dave Krieg","Bobby Humphery",1
"Dave Krieg","Russ Grimm",6
"Dave Krieg","Greg Hill",1
"Dave Krieg","Kyle Turley",1
"Roy Green","Sam Howell",4
"Roy Green","Zion Johnson",4
"Roy Green","Danny White II",2
"Roy Green","Chris Olave",2
"Roy Green","Joe Staysniak",3
"Roy Green","Zach Tom",1
"Roy Green","Neal Anderson",3
"Roy Green","Romeo Doubs",4
"Danny White II","Eddie George",2
"Danny White II","Amani Toomer",3
"Danny White II","Mason Crosby",2
"Danny White II","Dave Krieg",3
"Danny White II","Greg Hill",4
"Gaines Adams","Tedy Bruschi",1
"Gaines Adams","Daryl Gardener",3
"Gaines Adams","Haloti Ngata",6
"Gaines Adams","Richard Johnson",3
"Gaines Adams","Mark Collins",5
"Gaines Adams","Jerome Woods",1
"Gaines Adams","Josh Wilson",2
"Gaines Adams","Merton Hanks",5
"Gaines Adams","Jay Richardson",5
"Gaines Adams","Bobby Hamilton",4
"Gaines Adams","Larry Izzo",1
"Gaines Adams","Melvin Oliver",3
"Gaines Adams","Brent Alexander",4
"Joe Fishback","Richard Dent",2
"Joe Fishback","Todd Shell",2
"Joe Fishback","Kamerion Wimbley",1
"Joe Fishback","Quay Walker",7
"Joe Fishback","Wayne Milner",5
"Joe Fishback","Joshua Fatu",15
"Joe Fishback","Michael Carter",5
"Joe Fishback","Sam Seale",1
"Joe Fishback","Takeo Spikes",2
"Joe Fishback","Bob Nelson",3
"Joe Fishback","Dixon Edwards",2
"Joe Fishback","Eric Weddle",7
"Joe Fishback","Clarence Parker",3
"Dixon Edwards","Chris Washington",5
"Dixon Edwards","Fred Marion",2
"Dixon Edwards","Tim Krumrie",1
"Dixon Edwards","Barry Cofield",7
"Dixon Edwards","Leonard Marshall",7
"Dixon Edwards","David Fulcher",6
"Dixon Edwards","Sauce Gardner",2
"Dixon Edwards","Johnny Jolly",13
"Dixon Edwards","Leslie O'Neal",4
"Dixon Edwards","Mike Croel",1
"Dixon Edwards","Dominique Robinson",2
"Dixon Edwards","Kader Kohou",2
"Dixon Edwards","Brett Maxie",7
"Dixon Edwards","Danny Walters",3
"Dixon Edwards","Bobby Butler",2
"Dixon Edwards","Eric Wright",3
"Dixon Edwards","Gaines Adams",1
"Dixon Edwards","Cameron Thomas",5
"Dixon Edwards","Richard Dent",1
"Dixon Edwards","Bob Nelson",1
"Dixon Edwards","Lance Schulters",2
"Rich Tylski","Grant Calcaterra",3
"Rich Tylski","Steve Sewell",4
"Rich Tylski","Guy Bingham",8
"Rich Tylski","Stephone Paige",6
"Rich Tylski","Alvin Harper",1
"Rich Tylski","Jim Ritcher",2
"Rich Tylski","Stepfret Williams",1
"Rich Tylski","Nevin McCaskill",2
"Rich Tylski","Norbert Davidds-Garrido",2
"Tony Brackens","Frank Minnifield",2
"Tony Brackens","Ray Horton",1
"Tony Brackens","Johnny Rembert",1
"Tony Brackens","Jacob Green",1
"Tony Brackens","Dennis Smith",2
"Tony Brackens","Takeo Spikes",3
"Tony Brackens","Lance Schulters",6
"Tony Brackens","Kingsley Enagbare",2
"Tony Brackens","Tiger Greene",3
"Tony Brackens","Quay Walker",5
"Robert Lyles","Deron Cherry",7
"Robert Lyles","Eric Swann",6
"Robert Lyles","Nephi Sewell",5
"Robert Lyles","TJAJRJ Backslashinfourth V",6
"Robert Lyles","Juran Bolden",2
"Robert Lyles","Randy Gradishar",10
"Robert Lyles","Dexter Manley",4
"Robert Lyles","Terrel Bernard",4
"Robert Lyles","Paul Moyer",10
"Robert Lyles","Cobie Durant",2
"Robert Lyles","Cedric Mack",3
"Robert Lyles","Kenny Easley",6
"Robert Lyles","Christopher Hinton",2
"Robert Lyles","Antonio Langham",5
"Robert Lyles","Dixon Edwards",2
"Stanley Richard","Mike Croel",2
"Stanley Richard","Danny Walters",3
"Stanley Richard","Dominique Robinson",4
"Stanley Richard","Johnny Jolly",4
"Stanley Richard","Chinedum Ndukwe",4
"Stanley Richard","Cordale Flott",3
"Brent Alexander","Dane Belton",1
"Brent Alexander","Richard Dent",3
"Stepfret Williams","Joe Perry",4
"Stepfret Williams","Jim Kelly",2
"Stepfret Williams","Bobby Engram",4
"Stepfret Williams","Chris Chester",1
"Stepfret Williams","Neal Anderson",1
"Stepfret Williams","Norbert Davidds-Garrido",4
"Stepfret Williams","Romeo Doubs",4
"Stepfret Williams","Bradford Banta",3
"Stepfret Williams","Nevin McCaskill",5
"Tim Krumrie","Dino Hackett",5
"Tim Krumrie","Eric Wright",3
"Tim Krumrie","Dixon Edwards",6
"Tim Krumrie","Sauce Gardner",4
"Tim Krumrie","David Fulcher",4
"Tim Krumrie","Leslie O'Neal",7
"Tim Krumrie","Mike Jones",6
"Tim Krumrie","Johnny Jolly",3
"Tim Krumrie","Kader Kohou",4
"Tim Krumrie","Bobby Butler",2
"Tim Krumrie","Brett Maxie",7
"Tim Krumrie","Chris Washington",3
"Tim Krumrie","Bob Nelson",1
"Tim Krumrie","Richard Dent",1
"Tim Krumrie","Robert Lyles",4
"Tim Krumrie","Gaines Adams",2
"Ervin Randle","Cliff Battles",1
"Ervin Randle","Wayne Milner",3
"Ervin Randle","Tiger Greene",2
"Ervin Randle","Gaines Adams",2
"Nevin McCaskill","Uche Nwaneri",3
"Nevin McCaskill","Zach Miller",2
"Nevin McCaskill","Al Bundy",2
"Nevin McCaskill","Stepfret Williams",4
"Nevin McCaskill","Danny White II",3
"Nevin McCaskill","Amani Toomer",1
"Nevin McCaskill","Mason Crosby",3
"Nevin McCaskill","Dylan Parham",3
"Nevin McCaskill","Roger Craig",3
"Nevin McCaskill","Norbert Davidds-Garrido",1
"Nevin McCaskill","Jermaine Lewis",1
"Nevin McCaskill","Bernie Kosar",1
"Dave Duerson","Darryl Talley",6
"Dave Duerson","Vaughan Johnson",4
"Dave Duerson","Alphonso Carreker",2
"Dave Duerson","Chad Greenway",11
"Dave Duerson","Kyle Williams",3
"Dave Duerson","Chad Eaton",11
"Dave Duerson","Jalen Pitre",4
"Dave Duerson","Tariq Woolen",8
"Dave Duerson","Duane Clemons",16
"Dave Duerson","Chris Zorich",6
"Dave Duerson","David Ojabo",5
"Dave Duerson","Terry Fair",6
"Dave Duerson","DaRon Bland",4
"Dave Duerson","Fred Thomas",3
"Dave Duerson","Kenny Mixon",3
"Dave Duerson","Pio Sagapolutele",4
"Dave Duerson","Patrick Willis",15
"Dave Duerson","Willie McGinest",4
"Dave Duerson","Keith Traylor",3
"Dave Duerson","Cobie Durant",1
"Eddie George","Chris Villarrial",7
"Eddie George","Zach Tom",4
"Eddie George","Randy Moss",6
"Eddie George","Keith Byars",2
"Eddie George","Erik Williams",13
"Eddie George","Cade Otton",3
"Eddie George","Tony Hunter",5
"Eddie George","Roy Green",1
"Eddie George","Andrew Whitworth",8
"Eddie George","Boyd Dowler",4
"Eddie George","Steve Young",5
"Eddie George","Tom Newberry",10
"Eddie George","Johnny Lam Jones",13
"Eddie George","Stephen Davis",8
"Eddie George","Nicholas Petit-Frere",2
"Eddie George","Eddie Kennison",3
"Eddie George","Ryan Stonehouse",2
"Eddie George","Zion Johnson",6
"Marcus Coleman","Vaughan Johnson",2
"Marcus Coleman","Roman Harper",1
"Marcus Coleman","Tariq Woolen",3
"Marcus Coleman","Patrick Willis",2
"Marcus Coleman","Duane Clemons",1
"Marcus Coleman","Jalen Pitre",6
"Marcus Coleman","Kyle Williams",6
"Marcus Coleman","Aaron Beasley",1
"Marcus Coleman","Leon Hall",6
"Marcus Coleman","Cobie Durant",2
"Marcus Coleman","Chad Eaton",4
"Marcus Coleman","Willie McGinest",1
"Kyle Williams","Patrick Willis",25
"Kyle Williams","Duane Clemons",14
"Kyle Williams","Alphonso Carreker",9
"Kyle Williams","Kenny Mixon",20
"Kyle Williams","Terry Fair",6
"Kyle Williams","Chad Eaton",4
"Kyle Williams","Darryl Talley",3
"Kyle Williams","Jalen Pitre",3
"Kyle Williams","DaRon Bland",6
"Kyle Williams","Dave Duerson",3
"Kyle Williams","Keith Willis",3
"Kyle Williams","Leon Hall",9
"Kyle Williams","Vaughan Johnson",2
"Kyle Williams","Marcus Coleman",3
"Kyle Williams","Tariq Woolen",1
"Kyle Williams","Keith Traylor",2
"Chad Greenway","Keith Willis",1
"Chad Greenway","Terry Fair",6
"Chad Greenway","DaRon Bland",6
"Chad Greenway","Chad Eaton",5
"Chad Greenway","Leon Hall",1
"Chad Greenway","Duane Clemons",6
"Chad Greenway","Kenny Mixon",18
"Chad Greenway","Fred Thomas",4
"Chad Greenway","Patrick Willis",8
"Chad Greenway","David Ojabo",1
"Chad Greenway","Alphonso Carreker",5
"Chad Greenway","Roman Harper",3
"Chad Greenway","Jalen Pitre",4
"Chad Greenway","Chris Zorich",5
"Chad Greenway","Pio Sagapolutele",4
"Chad Greenway","Marcus Coleman",2
"Patrick Willis","Pio Sagapolutele",8
"Patrick Willis","Darryl Talley",6
"Patrick Willis","Tariq Woolen",8
"Patrick Willis","Dave Duerson",6
"Patrick Willis","Marty Carter",2
"Patrick Willis","Aaron Beasley",5
"Patrick Willis","Terry Fair",25
"Patrick Willis","Jalen Pitre",9
"Patrick Willis","Kenny Mixon",11
"Patrick Willis","DaRon Bland",6
"Patrick Willis","Leon Hall",9
"Patrick Willis","Vaughan Johnson",4
"Patrick Willis","Duane Clemons",8
"Patrick Willis","David Ojabo",18
"Patrick Willis","Kyle Williams",9
"Patrick Willis","Alphonso Carreker",11
"Patrick Willis","Keith Willis",3
"Patrick Willis","Chad Eaton",19
"Patrick Willis","Chris Zorich",1
"Patrick Willis","Marcus Coleman",1
"Patrick Willis","Keith Traylor",5
"Leon Hall","Tariq Woolen",6
"Leon Hall","Roman Harper",7
"Leon Hall","Tebucky Jones",4
"Leon Hall","Micah McFadden",1
"Leon Hall","Chad Greenway",3
"Leon Hall","David Ojabo",12
"Leon Hall","Dave Duerson",12
"Leon Hall","Kenny Mixon",3
"Leon Hall","Keith Willis",3
"Leon Hall","Alphonso Carreker",5
"Leon Hall","Jalen Pitre",11
"Leon Hall","Patrick Willis",5
"Leon Hall","Terry Fair",6
"Leon Hall","Kyle Williams",5
"Leon Hall","Duane Clemons",2
"Leon Hall","DaRon Bland",5
"Leon Hall","Chad Eaton",3
"Leon Hall","Fred Thomas",2
"Leon Hall","Willie McGinest",3
"Leon Hall","Keith Traylor",2
"Leon Hall","Cobie Durant",4
"Leon Hall","Pio Sagapolutele",3
"Alphonso Carreker","Chad Eaton",1
"Alphonso Carreker","Kenny Mixon",5
"Alphonso Carreker","Patrick Willis",1
"Alphonso Carreker","Kyle Williams",1
"Alphonso Carreker","Terry Fair",2
"Alphonso Carreker","Darryl Talley",3
"Alphonso Carreker","Keith Willis",1
"Alphonso Carreker","Tariq Woolen",3
"Alphonso Carreker","Leon Hall",1
"Alphonso Carreker","Duane Clemons",4
"Alphonso Carreker","Chris Zorich",3
"Alphonso Carreker","Marcus Coleman",3
"Alphonso Carreker","Vince Albritton",1
"Alphonso Carreker","Jalen Pitre",5
"Alphonso Carreker","Aaron Beasley",3
"Darryl Talley","Dave Duerson",9
"Darryl Talley","Jalen Pitre",16
"Darryl Talley","Patrick Willis",11
"Darryl Talley","Leon Hall",11
"Darryl Talley","Chad Greenway",6
"Darryl Talley","Keith Willis",9
"Darryl Talley","Chris Zorich",2
"Darryl Talley","Tariq Woolen",12
"Darryl Talley","Kenny Mixon",5
"Darryl Talley","Pio Sagapolutele",1
"Darryl Talley","Duane Clemons",12
"Darryl Talley","Micah McFadden",3
"Darryl Talley","Alphonso Carreker",6
"Darryl Talley","Terry Fair",14
"Darryl Talley","Kyle Williams",11
"Darryl Talley","Chad Eaton",7
"Darryl Talley","Marcus Coleman",2
"Darryl Talley","David Ojabo",3
"Darryl Talley","Fred Thomas",5
"Darryl Talley","Vaughan Johnson",1
"Darryl Talley","Aaron Beasley",5
"Darryl Talley","Tebucky Jones",1
"Darryl Talley","Keith Traylor",1
"Darryl Talley","Tyronne Drakeford",3
"Darryl Talley","Willie McGinest",4
"Darryl Talley","Cobie Durant",2
"Tariq Woolen","Roman Harper",2
"Tariq Woolen","Jalen Pitre",9
"Tariq Woolen","Keith Willis",8
"Tariq Woolen","Chad Eaton",9
"Tariq Woolen","Terry Fair",9
"Tariq Woolen","Patrick Willis",9
"Tariq Woolen","Dave Duerson",1
"Tariq Woolen","Vaughan Johnson",12
"Tariq Woolen","Alphonso Carreker",7
"Tariq Woolen","Micah McFadden",6
"Tariq Woolen","Fred Thomas",1
"Tariq Woolen","David Ojabo",8
"Tariq Woolen","Chad Greenway",4
"Tariq Woolen","Marcus Coleman",2
"Tariq Woolen","Darryl Talley",7
"Tariq Woolen","DaRon Bland",3
"Tariq Woolen","Chris Zorich",1
"Tariq Woolen","Vince Albritton",3
"Tariq Woolen","Jim Flanigan",5
"Tariq Woolen","Keith Traylor",2
"Tariq Woolen","Pio Sagapolutele",5
"Tariq Woolen","Willie McGinest",2
"Tariq Woolen","Kyle Williams",4
"Chris Olave","Zion Johnson",9
"Chris Olave","Kimble Anders",3
"Chris Olave","Joe Staysniak",7
"Chris Olave","Erik Williams",7
"Chris Olave","Mike Vanderjagt",2
"Chris Olave","Andrew Whitworth",6
"Chris Olave","Kyle Cook",10
"Chris Olave","Cade Otton",7
"Chris Olave","Tom Newberry",8
"Chris Olave","Steve Young",11
"Chris Olave","Tony Hunter",6
"Chris Olave","Chris Villarrial",11
"Chris Olave","John L Williams",12
"Chris Olave","Randy Moss",9
"Chris Olave","Eddie George",12
"Chris Olave","Zach Tom",1
"Chris Olave","Sam Howell",1
"Chris Olave","Nicholas Petit-Frere",3
"Chris Olave","Keith Byars",7
"Chris Olave","Wayne Gandy",1
"Chris Olave","Eddie Kennison",2
"Chris Olave","Stephen Davis",1
"Jalen Pitre","Leon Hall",4
"Jalen Pitre","Tariq Woolen",6
"Jalen Pitre","Patrick Willis",6
"Jalen Pitre","Kenny Mixon",3
"Jalen Pitre","Terry Fair",10
"Jalen Pitre","Duane Clemons",7
"Jalen Pitre","Kyle Williams",10
"Jalen Pitre","Chad Greenway",1
"Jalen Pitre","Pio Sagapolutele",2
"Jalen Pitre","Darryl Talley",11
"Jalen Pitre","Chad Eaton",2
"Jalen Pitre","Dave Duerson",5
"Jalen Pitre","Roman Harper",4
"Jalen Pitre","David Ojabo",3
"Jalen Pitre","Aaron Beasley",1
"Jalen Pitre","Keith Traylor",1
"Jalen Pitre","Alphonso Carreker",3
"Jalen Pitre","Willie McGinest",1
"Cade Otton","Chris Olave",7
"Cade Otton","Stephen Davis",4
"Cade Otton","Erik Williams",2
"Cade Otton","John L Williams",9
"Cade Otton","Zion Johnson",3
"Cade Otton","Randy Moss",15
"Cade Otton","Eddie George",8
"Cade Otton","Steve Young",3
"Cade Otton","Kyle Cook",4
"Cade Otton","Kimble Anders",3
"Cade Otton","Joe Staysniak",1
"Cade Otton","Boyd Dowler",3
"Cade Otton","Tom Newberry",5
"Cade Otton","Andrew Whitworth",2
"Cade Otton","Kevin Mawae",4
"Cade Otton","Johnny Lam Jones",2
"David Ojabo","Tariq Woolen",5
"David Ojabo","Darryl Talley",10
"David Ojabo","Vaughan Johnson",9
"David Ojabo","Alphonso Carreker",1
"David Ojabo","Chad Greenway",5
"David Ojabo","Keith Traylor",6
"David Ojabo","Terry Fair",5
"David Ojabo","DaRon Bland",1
"David Ojabo","Leon Hall",3
"David Ojabo","Chris Zorich",2
"David Ojabo","Keith Willis",4
"David Ojabo","Chad Eaton",1
"David Ojabo","Dave Duerson",8
"David Ojabo","Kenny Mixon",5
"David Ojabo","Jalen Pitre",7
"David Ojabo","Patrick Willis",2
"David Ojabo","Cobie Durant",1
"David Ojabo","Tyronne Drakeford",3
"David Ojabo","Pio Sagapolutele",2
"David Ojabo","Duane Clemons",3
"Ryan Stonehouse","Chris Villarrial",5
"Ryan Stonehouse","Kyle Cook",6
"Ryan Stonehouse","Zion Johnson",6
"Ryan Stonehouse","Eddie George",3
"Ryan Stonehouse","Steve Young",1
"Ryan Stonehouse","Tony Hunter",1
"Ryan Stonehouse","Randy Moss",6
"Ryan Stonehouse","Erik Williams",9
"Ryan Stonehouse","Joe Staysniak",3
"Ryan Stonehouse","Cade Otton",2
"Ryan Stonehouse","Johnny Lam Jones",2
"Ryan Stonehouse","Mike Vanderjagt",2
"Ryan Stonehouse","John L Williams",3
"Ryan Stonehouse","Kevin Mawae",1
"Ryan Stonehouse","Boyd Dowler",3
"Ryan Stonehouse","Keith Byars",1
"Aaron Beasley","David Ojabo",1
"Aaron Beasley","Marcus Coleman",2
"Aaron Beasley","Vince Albritton",2
"Aaron Beasley","Tariq Woolen",2
"Aaron Beasley","Patrick Willis",2
"Aaron Beasley","Darryl Talley",3
"Aaron Beasley","Chad Greenway",1
"Steve Young","Chris Villarrial",10
"Steve Young","Zach Tom",3
"Steve Young","Johnny Lam Jones",9
"Steve Young","Stephen Davis",4
"Steve Young","Roy Green",7
"Steve Young","John L Williams",8
"Steve Young","Andrew Whitworth",7
"Steve Young","Randy Moss",12
"Steve Young","Kimble Anders",3
"Steve Young","Cade Otton",11
"Steve Young","Kyle Cook",7
"Steve Young","Chris Olave",7
"Steve Young","Eddie George",5
"Steve Young","Erik Williams",10
"Steve Young","Tom Newberry",6
"Steve Young","Joe Staysniak",4
"Steve Young","Tony Hunter",5
"Steve Young","Allen Pinkett",2
"Steve Young","Kevin Mawae",1
"Steve Young","Scott Blanton",1
"Keith Traylor","Tariq Woolen",4
"Keith Traylor","Marcus Coleman",3
"Keith Traylor","Terry Fair",4
"Keith Traylor","Leon Hall",4
"Keith Traylor","Darryl Talley",2
"Keith Traylor","Patrick Willis",1
"Keith Traylor","Chad Greenway",4
"Keith Traylor","Jalen Pitre",4
"Keith Traylor","Alphonso Carreker",2
"Keith Traylor","David Ojabo",5
"Duane Clemons","DaRon Bland",9
"Duane Clemons","Aaron Beasley",3
"Duane Clemons","Dave Duerson",16
"Duane Clemons","Terry Fair",13
"Duane Clemons","Fred Thomas",8
"Duane Clemons","Tariq Woolen",7
"Duane Clemons","Patrick Willis",12
"Duane Clemons","Chad Greenway",11
"Duane Clemons","Jalen Pitre",3
"Duane Clemons","David Ojabo",3
"Duane Clemons","Darryl Talley",2
"Duane Clemons","Keith Willis",1
"Duane Clemons","Kenny Mixon",3
"Duane Clemons","Chris Zorich",2
"Duane Clemons","Chad Eaton",2
"Duane Clemons","Vaughan Johnson",3
"Duane Clemons","Alphonso Carreker",2
"Duane Clemons","Willie McGinest",3
"Duane Clemons","Kyle Williams",3
"Andrew Whitworth","Zion Johnson",2
"Andrew Whitworth","Boyd Dowler",10
"Andrew Whitworth","Johnny Lam Jones",11
"Andrew Whitworth","Erik Williams",19
"Andrew Whitworth","John L Williams",13
"Andrew Whitworth","Keith Byars",3
"Andrew Whitworth","Chris Olave",11
"Andrew Whitworth","Randy Moss",8
"Andrew Whitworth","Stephen Davis",19
"Andrew Whitworth","Mike Vanderjagt",3
"Andrew Whitworth","Tony Hunter",8
"Andrew Whitworth","Steve Young",15
"Andrew Whitworth","Eddie George",10
"Andrew Whitworth","Cade Otton",12
"Andrew Whitworth","Kimble Anders",5
"Andrew Whitworth","Kyle Cook",8
"Andrew Whitworth","Tom Newberry",4
"Andrew Whitworth","Sam Howell",2
"Andrew Whitworth","Mark Tuinei",2
"Andrew Whitworth","Kevin Mawae",2
"Randy Moss","Allen Pinkett",1
"Randy Moss","Chris Villarrial",11
"Randy Moss","Tom Newberry",7
"Randy Moss","Keith Byars",6
"Randy Moss","Cade Otton",10
"Randy Moss","Stephen Davis",10
"Randy Moss","Kyle Cook",11
"Randy Moss","Tony Hunter",6
"Randy Moss","Johnny Lam Jones",8
"Randy Moss","Steve Young",11
"Randy Moss","Andrew Whitworth",7
"Randy Moss","Chris Olave",11
"Randy Moss","John L Williams",4
"Randy Moss","Boyd Dowler",5
"Randy Moss","Eddie George",5
"Randy Moss","Mack Strong",1
"Randy Moss","Scott Blanton",2
"Randy Moss","Erik Williams",3
"Randy Moss","Zion Johnson",2
"Randy Moss","Sam Howell",1
"Randy Moss","Eddie Kennison",1
"Tom Newberry","Roy Green",1
"Tom Newberry","Randy Moss",8
"Tom Newberry","Kyle Cook",10
"Tom Newberry","Chris Villarrial",10
"Tom Newberry","Jalen Tolbert",2
"Tom Newberry","Johnny Lam Jones",17
"Tom Newberry","Tony Hunter",4
"Tom Newberry","Andrew Whitworth",15
"Tom Newberry","Cade Otton",18
"Tom Newberry","Stephen Davis",5
"Tom Newberry","Eddie George",6
"Tom Newberry","Steve Young",1
"Tom Newberry","Erik Williams",13
"Tom Newberry","Chris Olave",12
"Tom Newberry","Boyd Dowler",9
"Tom Newberry","Mike Vanderjagt",4
"Tom Newberry","Joe Staysniak",3
"Tom Newberry","Sam Howell",1
"Tom Newberry","John L Williams",3
"Tom Newberry","Eddie Kennison",5
"Tom Newberry","Kevin Mawae",4
"Tom Newberry","Keith Byars",3
"Kenny Mixon","Roman Harper",1
"Kenny Mixon","Patrick Willis",15
"Kenny Mixon","Chad Eaton",8
"Kenny Mixon","DaRon Bland",2
"Kenny Mixon","Leon Hall",6
"Kenny Mixon","Darryl Talley",4
"Kenny Mixon","Terry Fair",4
"Kenny Mixon","Duane Clemons",7
"Kenny Mixon","Fred Thomas",5
"Kenny Mixon","Kyle Williams",5
"Kenny Mixon","Tariq Woolen",2
"Kenny Mixon","Jalen Pitre",7
"Kenny Mixon","Vaughan Johnson",1
"Kenny Mixon","Chad Greenway",2
"Kenny Mixon","Aaron Beasley",5
"Kenny Mixon","David Ojabo",1
"Kenny Mixon","Willie McGinest",2
"Kenny Mixon","Dave Duerson",3
"Terry Fair","Keith Willis",3
"Terry Fair","David Ojabo",6
"Terry Fair","Tebucky Jones",2
"Terry Fair","Vaughan Johnson",3
"Terry Fair","Jalen Pitre",9
"Terry Fair","Patrick Willis",8
"Terry Fair","DaRon Bland",10
"Terry Fair","Keith Traylor",11
"Terry Fair","Dave Duerson",6
"Terry Fair","Darryl Talley",11
"Terry Fair","Leon Hall",5
"Terry Fair","Roman Harper",1
"Terry Fair","Alphonso Carreker",1
"Terry Fair","Kyle Williams",8
"Terry Fair","Tariq Woolen",12
"Terry Fair","Duane Clemons",8
"Terry Fair","Marcus Coleman",7
"Terry Fair","Pio Sagapolutele",3
"Terry Fair","Chad Eaton",5
"Terry Fair","Chad Greenway",1
"Terry Fair","Fred Thomas",2
"Terry Fair","Cobie Durant",3
"Terry Fair","Willie McGinest",5
"John L Williams","Mike Vanderjagt",2
"John L Williams","Zion Johnson",3
"John L Williams","Tom Newberry",5
"John L Williams","Erik Williams",4
"John L Williams","Boyd Dowler",2
"John L Williams","Eddie George",1
"John L Williams","Steve Young",3
"John L Williams","Sam Howell",3
"John L Williams","Cade Otton",9
"John L Williams","Randy Moss",5
"Boyd Dowler","Johnny Lam Jones",12
"Boyd Dowler","Allen Pinkett",4
"Boyd Dowler","Zion Johnson",4
"Boyd Dowler","Eddie George",5
"Boyd Dowler","John L Williams",4
"Boyd Dowler","Joe Staysniak",2
"Boyd Dowler","Erik Williams",4
"Boyd Dowler","Mike Vanderjagt",1
"Boyd Dowler","Kyle Cook",1
"Boyd Dowler","Stephen Davis",1
"Boyd Dowler","Tony Hunter",1
"Boyd Dowler","Brett Goode",4
"Boyd Dowler","Chris Olave",2
"Boyd Dowler","Steve Young",4
"Boyd Dowler","Kevin Mawae",5
"Boyd Dowler","Andrew Whitworth",3
"Boyd Dowler","Eddie Kennison",3
"Boyd Dowler","Randy Moss",2
"Vaughan Johnson","Don Davey",2
"Vaughan Johnson","David Ojabo",8
"Vaughan Johnson","Patrick Willis",6
"Vaughan Johnson","Duane Clemons",2
"Vaughan Johnson","Darryl Talley",3
"Vaughan Johnson","Pio Sagapolutele",11
"Vaughan Johnson","Winfred Tubbs",3
"Vaughan Johnson","Leon Hall",4
"Vaughan Johnson","Kenny Mixon",2
"Vaughan Johnson","Tariq Woolen",4
"Vaughan Johnson","Chad Eaton",1
"Vaughan Johnson","Dave Duerson",2
"Keith Byars","Tom Newberry",1
"Keith Byars","Erik Williams",9
"Keith Byars","Andrew Whitworth",2
"Keith Byars","Boyd Dowler",3
"Keith Byars","Joe Staysniak",5
"Keith Byars","Stephen Davis",1
"Keith Byars","Wayne Gandy",2
"Keith Byars","Mack Strong",2
"Keith Byars","John L Williams",8
"Keith Byars","Steve Young",3
"Keith Byars","Eddie George",2
"Keith Byars","Sam Howell",5
"Keith Byars","Randy Moss",3
"Stephen Davis","Zach Tom",10
"Stephen Davis","Jalen Tolbert",1
"Stephen Davis","Randy Moss",10
"Stephen Davis","Zion Johnson",3
"Stephen Davis","Sam Howell",3
"Stephen Davis","Steve Young",5
"Stephen Davis","Cade Otton",3
"Stephen Davis","Boyd Dowler",2
"Stephen Davis","Chris Olave",7
"Stephen Davis","Joe Staysniak",4
"Stephen Davis","Erik Williams",1
"Stephen Davis","Eddie George",2
"Stephen Davis","Kyle Cook",3
"Stephen Davis","Chris Villarrial",1
"Stephen Davis","Tony Hunter",3
"Stephen Davis","Kevin Mawae",3
"Stephen Davis","Keith Byars",3
"Stephen Davis","Tom Newberry",1
"Zion Johnson","Zach Tom",3
"Zion Johnson","Samson Satele",1
"Zion Johnson","Randy Moss",2
"Zion Johnson","Tom Newberry",1
"Zion Johnson","Steve Young",5
"Zion Johnson","Eddie George",1
"Zion Johnson","Andrew Whitworth",3
"Zion Johnson","Ryan Stonehouse",1
"Tebucky Jones","Marcus Coleman",3
"Tebucky Jones","Roman Harper",4
"Allen Pinkett","Chris Olave",3
"Allen Pinkett","Nicholas Petit-Frere",1
"Allen Pinkett","Stephen Davis",4
"Allen Pinkett","Keith Byars",4
"Joe Staysniak","Eddie George",4
"Joe Staysniak","Chris Villarrial",1
"Joe Staysniak","Kyle Cook",1
"Joe Staysniak","Boyd Dowler",5
"Joe Staysniak","Stephen Davis",4
"Joe Staysniak","Keith Byars",5
"Joe Staysniak","Kevin Mawae",3
"Joe Staysniak","Nicholas Petit-Frere",3
"Pio Sagapolutele","Keith Traylor",2
"Pio Sagapolutele","Tebucky Jones",9
"Pio Sagapolutele","Kyle Williams",4
"Pio Sagapolutele","Terry Fair",3
"Pio Sagapolutele","Chris Zorich",2
"Pio Sagapolutele","Fred Thomas",1
"Pio Sagapolutele","Leon Hall",4
"Pio Sagapolutele","Chad Greenway",4
"Pio Sagapolutele","Kenny Mixon",4
"Pio Sagapolutele","Aaron Beasley",2
"Pio Sagapolutele","Alphonso Carreker",3
"Pio Sagapolutele","Vaughan Johnson",2
"Pio Sagapolutele","Willie McGinest",2
"Willie McGinest","Vince Albritton",1
"Willie McGinest","Keith Traylor",2
"Willie McGinest","Kenny Mixon",7
"Willie McGinest","Darryl Talley",3
"Willie McGinest","Cobie Durant",2
"Willie McGinest","Chad Eaton",7
"Willie McGinest","Mike Dumas",1
"Willie McGinest","Alphonso Carreker",3
"Willie McGinest","Vaughan Johnson",3
"Willie McGinest","Tariq Woolen",3
"Willie McGinest","Patrick Willis",4
"Kevin Mawae","Neil O'Donnell",1
"Kevin Mawae","Jalen Tolbert",2
"Kevin Mawae","Boyd Dowler",4
"Kevin Mawae","Steve Young",4
"Kevin Mawae","Randy Moss",5
"Kevin Mawae","Chris Olave",5
"Kevin Mawae","Erik Williams",5
"Kevin Mawae","Sam Howell",5
"Kevin Mawae","John L Williams",4
"Kevin Mawae","Eddie Kennison",3
"Kevin Mawae","Eddie George",5
"Kevin Mawae","Andrew Whitworth",2
"Wayne Gandy","Chris Olave",2
"Wayne Gandy","Chris Villarrial",5
"Wayne Gandy","Neil O'Donnell",3
"Wayne Gandy","Eddie George",8
"Wayne Gandy","Boyd Dowler",2
"Wayne Gandy","Tom Newberry",1
"Erik Williams","Tony Hunter",8
"Erik Williams","Mike Vanderjagt",3
"Erik Williams","Tom Newberry",10
"Erik Williams","Chris Olave",5
"Erik Williams","Stephen Davis",10
"Erik Williams","Sam Howell",1
"Erik Williams","Ryan Stonehouse",8
"Erik Williams","Cade Otton",5
"Erik Williams","Kyle Cook",2
"Erik Williams","Eddie George",7
"Erik Williams","Chris Villarrial",4
"Erik Williams","Kimble Anders",3
"Erik Williams","Johnny Lam Jones",6
"Erik Williams","John L Williams",11
"Erik Williams","Steve Young",5
"Erik Williams","Randy Moss",10
"Erik Williams","Andrew Whitworth",6
"Erik Williams","Keith Byars",5
"Erik Williams","Brett Goode",5
"Erik Williams","Zion Johnson",6
"Erik Williams","Boyd Dowler",4
"Erik Williams","Kevin Mawae",2
"Chad Eaton","Marty Carter",1
"Chad Eaton","Pio Sagapolutele",5
"Chad Eaton","Fred Thomas",2
"Chad Eaton","Dave Duerson",6
"Chad Eaton","Duane Clemons",5
"Chad Eaton","Patrick Willis",15
"Chad Eaton","Darryl Talley",9
"Chad Eaton","Jalen Pitre",11
"Chad Eaton","Kenny Mixon",4
"Chad Eaton","Kyle Williams",6
"Chad Eaton","David Ojabo",6
"Chad Eaton","Tariq Woolen",9
"Chad Eaton","Alphonso Carreker",3
"Chad Eaton","Terry Fair",1
"Chad Eaton","Jim Flanigan",1
"Chad Eaton","Aaron Beasley",2
"Chad Eaton","Keith Traylor",1
"Chad Eaton","Marcus Coleman",7
"Johnny Lam Jones","Tony Hunter",12
"Johnny Lam Jones","Chris Olave",9
"Johnny Lam Jones","Roy Green",1
"Johnny Lam Jones","Steve Young",6
"Johnny Lam Jones","Stephen Davis",17
"Johnny Lam Jones","John L Williams",4
"Johnny Lam Jones","Zion Johnson",10
"Johnny Lam Jones","Boyd Dowler",6
"Johnny Lam Jones","Tom Newberry",4
"Johnny Lam Jones","Kyle Cook",11
"Johnny Lam Jones","Sam Howell",7
"Johnny Lam Jones","Joe Staysniak",1
"Johnny Lam Jones","Randy Moss",3
"Johnny Lam Jones","Nicholas Petit-Frere",1
"Johnny Lam Jones","Jalen Tolbert",1
"Johnny Lam Jones","Eddie George",3
"Johnny Lam Jones","Wayne Gandy",4
"Nicholas Petit-Frere","Chris Villarrial",3
"Nicholas Petit-Frere","Chris Olave",4
"Nicholas Petit-Frere","Eddie Kennison",2
"Tony Hunter","Roy Green",3
"Tony Hunter","Steve Young",8
"Tony Hunter","Stephen Davis",8
"Tony Hunter","Keith Byars",5
"Tony Hunter","Pete Kendall",1
"Tony Hunter","Randy Moss",10
"Tony Hunter","Zion Johnson",13
"Tony Hunter","Tom Newberry",6
"Tony Hunter","Johnny Lam Jones",4
"Tony Hunter","Erik Williams",4
"Tony Hunter","Eddie George",12
"Tony Hunter","Cade Otton",1
"Tony Hunter","Boyd Dowler",9
"Tony Hunter","Andrew Whitworth",4
"Tony Hunter","Ryan Stonehouse",4
"Tony Hunter","Chris Olave",4
"Tony Hunter","Kyle Cook",1
"Tony Hunter","John L Williams",3
"Sam Howell","Allen Pinkett",3
"Sam Howell","Eddie George",6
"Sam Howell","Kyle Cook",2
"Sam Howell","Zach Tom",5
"Sam Howell","Erik Williams",2
"Sam Howell","Steve Young",2
"Sam Howell","Randy Moss",3
"Sam Howell","Kevin Mawae",3
"Sam Howell","Tom Newberry",4
"Sam Howell","Brett Goode",3
"Sam Howell","Boyd Dowler",3
"Sam Howell","Tony Hunter",1
"Sam Howell","Keith Byars",3
"Chris Villarrial","Allen Pinkett",1
"Chris Villarrial","Eddie George",5
"Chris Villarrial","Keith Byars",2
"Chris Villarrial","Roy Green",1
"Chris Villarrial","Chris Olave",3
"Chris Villarrial","Andrew Whitworth",1
"Chris Villarrial","Zion Johnson",2
"Chris Villarrial","Sam Howell",2
"Chris Villarrial","Tom Newberry",3
"Chris Villarrial","Steve Young",10
"Chris Villarrial","Kimble Anders",2
"Chris Villarrial","Randy Moss",5
"Chris Villarrial","Cade Otton",7
"Chris Villarrial","Kyle Cook",4
"Chris Villarrial","Tony Hunter",3
"Chris Villarrial","Nicholas Petit-Frere",1
"Chris Villarrial","Scott Blanton",1
"Chris Villarrial","Eddie Kennison",3
"Chris Villarrial","Mack Strong",5
"Vince Albritton","Frank Warren",3
"Vince Albritton","Joe Kelly",3
"Vince Albritton","Matt Millen",7
"Vince Albritton","Ron Rivera",13
"Vince Albritton","Jon Beason",10
"Vince Albritton","Lional Dalton",7
"Vince Albritton","Kevin Ross",3
"Vince Albritton","Andrew Booth Jr",6
"Vince Albritton","Robert Brown",7
"Vince Albritton","Ray Childress",5
"Vince Albritton","Cedric Griffin",5
"Vince Albritton","Jonathan Fatu",8
"Vince Albritton","Alvin Walton",1
"Vince Albritton","Jerry Boyarsky",11
"Vince Albritton","Pat Ballage",4
"Vince Albritton","Kerby Joseph",3
"Vince Albritton","Brent Williams",4
"Vince Albritton","William Thomas",3
"Vince Albritton","Don Davey",1
"Vince Albritton","Luke Masterson",2
"Vince Albritton","Pio Sagapolutele",3
"Vince Albritton","Marcus Coleman",4
"Vince Albritton","Jim Flanigan",5
"Jalen Tolbert","Zach Tom",1
"Jalen Tolbert","Zion Johnson",2
"Jalen Tolbert","Johnny Lam Jones",3
"Jalen Tolbert","Brett Goode",5
"Cobie Durant","Deron Cherry",1
"Cobie Durant","Otis Wilson",4
"Cobie Durant","Juran Bolden",6
"Cobie Durant","Robert Lyles",6
"Cobie Durant","Cedric Mack",3
"Cobie Durant","Randy Gradishar",6
"Cobie Durant","Mike Richardson",1
"Cobie Durant","Christopher Hinton",1
"Cobie Durant","Dexter Manley",3
"Cobie Durant","Ken Clarke",3
"Cobie Durant","Paul Moyer",1
"Cobie Durant","Keith Traylor",2
"Brett Goode","Kent Hull",4
"Brett Goode","Eric Sanders",1
"Brett Goode","Gary Hogeboom",3
"Brett Goode","Joe Thomas",3
"Brett Goode","DeAngelo Williams",3
"Brett Goode","Mike Pritchard",3
"Brett Goode","Kurt Quarterman",1
"Brett Goode","Ronnie Harmon",1
"Brett Goode","Walter Stanley",1
"Brett Goode","Chris Olave",4
"Brett Goode","Charles Johnson",2
"Mike Dumas","Greg Spires",2
"Mike Dumas","Leonard Little",5
"Mike Dumas","Steve Nelson",5
"Mike Dumas","Greg Kragen",7
"Mike Dumas","D.J. Davidson",4
"Mike Dumas","Charles Haley",11
"Mike Dumas","Fredd Young",3
"Mike Dumas","James Britt",8
"Mike Dumas","Keyunta Dawson",8
"Mike Dumas","Orpheus Roye",1
"Mike Dumas","Tony Parrish",2
"Mike Dumas","Christian Harris",4
"Mike Dumas","Sam Williams",6
"Mike Dumas","Darryl Tapp",5
"Mike Dumas","Jack Jones",2
"Mike Dumas","Brent Grimes",1
"Mike Dumas","Don Fielder",2
"Mike Dumas","Mo Lewis",3
"Mike Dumas","James Griffin",2
"Scott Blanton","Joe Jacoby",3
"Scott Blanton","Dylan Parham",2
"Scott Blanton","Shawn Jefferson",1
"Scott Blanton","Brandon Marshall",3
"Scott Blanton","Jerry Rice",3
"Scott Blanton","Chris Olave",3
"Scott Blanton","Joe Staysniak",2
"Eddie Kennison","Skyy Moore",2
"Eddie Kennison","John Wade",2
"Eddie Kennison","Evan Pilgrim",3
"Eddie Kennison","Brett Goode",1
"Eddie Kennison","Chris Olave",1
"Eddie Kennison","Randy Moss",6
"Eddie Kennison","Zion Johnson",3
"Eddie Kennison","Keith Byars",4
"Eddie Kennison","Johnny Lam Jones",1
"Charles Johnson","Mack Strong",2
"Jim Flanigan","Vaughan Johnson",5
"Jim Flanigan","Dave Duerson",1
"Jim Flanigan","Chad Eaton",2
"Jim Flanigan","Kyle Williams",3
"Winfred Tubbs","Tebucky Jones",2
"Winfred Tubbs","Duane Clemons",3
"Winfred Tubbs","Tariq Woolen",4
"John Alt","Ryan Cook",3
"John Alt","Jo-Jo Townsell II",3
"John Alt","Norbert Davidds-Garrido",3
"John Alt","Craig James",2
"John Alt","Az-Zahir Hakim",7
"John Alt","Joel Hilgenberg",11
"John Alt","Warren Moon",10
"John Alt","Kenneth Walker III",11
"John Alt","Braxton Jones",5
"John Alt","Devin Hester",4
"John Alt","Chris Kuper",5
"John Alt","John Teltschik",4
"John Alt","Dwayne Bowe",9
"John Alt","Preston Gothard",4
"John Alt","Jermane Mayberry",4
"John Alt","Dusty Zeigler",2
"John Alt","Chris Hinton",7
"John Alt","Doug Brien",3
"Joel Hilgenberg","Daniel Bellinger",4
"Joel Hilgenberg","Kenneth Walker III",2
"Joel Hilgenberg","Preston Gothard",10
"Joel Hilgenberg","Braxton Jones",2
"Joel Hilgenberg","Warren Moon",2
"Joel Hilgenberg","Dwayne Bowe",6
"Joel Hilgenberg","Jermane Mayberry",10
"Joel Hilgenberg","Craig James",3
"Joel Hilgenberg","Chris Kuper",10
"Joel Hilgenberg","Chris Hinton",10
"Joel Hilgenberg","Devin Hester",1
"Joel Hilgenberg","Az-Zahir Hakim",10
"Joel Hilgenberg","John Teltschik",4
"Joel Hilgenberg","Dusty Zeigler",3
"Joel Hilgenberg","Stephone Paige",8
"Joel Hilgenberg","Jo-Jo Townsell II",3
"Keith Bostic","Jeremiah Trotter",1
"Keith Bostic","Shane Burton",4
"Keith Bostic","Travon Walker",2
"Keith Bostic","George Trafton",7
"William Judson","Travon Walker",5
"William Judson","Tank Tyler",3
"William Judson","George Trafton",11
"William Judson","Alan Page",4
"William Judson","Eric Turner",4
"William Judson","Andre Tippett",5
"William Judson","Percy Ellsworth",6
"William Judson","Jaquan Brisker",2
"William Judson","Shawn Wooden",2
"William Judson","Thad Castle",1
"William Judson","Greg Spires",4
"William Judson","Andre Wadsworth",2
"Preston Gothard","Ali Haji-Sheikh",2
"Preston Gothard","Dwayne Bowe",12
"Preston Gothard","Braxton Jones",9
"Preston Gothard","Joel Hilgenberg",6
"Preston Gothard","Kenneth Walker III",9
"Preston Gothard","John Alt",4
"Preston Gothard","Chris Kuper",8
"Preston Gothard","Stephone Paige",11
"Preston Gothard","Warren Moon",2
"Preston Gothard","Jo-Jo Townsell II",1
"Preston Gothard","Jermane Mayberry",6
"Preston Gothard","Az-Zahir Hakim",7
"Preston Gothard","Dusty Zeigler",2
"Preston Gothard","Kurt Warner",4
"Preston Gothard","Craig James",5
"Alan Page","Jeremiah Trotter",10
"Alan Page","Todd Shell",1
"Alan Page","Roman Phifer",5
"Alan Page","Karl Mecklenburg",11
"Alan Page","Jim Jeffcoat",3
"Alan Page","Don Griffin",3
"Alan Page","Alontae Taylor",4
"Alan Page","Jeff Donaldson",7
"Alan Page","Travon Walker",20
"Alan Page","Shawn Wooden",13
"Alan Page","Jaquan Brisker",15
"Alan Page","Percy Ellsworth",6
"Alan Page","Shane Burton",6
"Alan Page","William Judson",12
"Alan Page","Andre Wadsworth",2
"Alan Page","Kayvon Thibodeaux",9
"Alan Page","Andre Tippett",10
"Alan Page","Tank Tyler",3
"Alan Page","George Trafton",5
"Alan Page","Bryant Young",6
"Alan Page","Greg Spires",4
"Alan Page","Keith Bostic",2
"Alan Page","Aaron Glenn",7
"Alan Page","Thad Castle",3
"Jermane Mayberry","Will Wolford",12
"Jermane Mayberry","Norbert Davidds-Garrido",6
"Jermane Mayberry","Jo-Jo Townsell II",10
"Jermane Mayberry","Devin Hester",13
"Jermane Mayberry","Pete Mandley",3
"Jermane Mayberry","Dwayne Bowe",15
"Jermane Mayberry","Chris Kuper",12
"Jermane Mayberry","Stephone Paige",20
"Jermane Mayberry","Kenneth Walker III",22
"Jermane Mayberry","Joel Hilgenberg",5
"Jermane Mayberry","Braxton Jones",3
"Jermane Mayberry","Warren Moon",5
"Jermane Mayberry","Preston Gothard",10
"Jermane Mayberry","Chris Hinton",6
"Jermane Mayberry","John Alt",5
"Jermane Mayberry","Az-Zahir Hakim",1
"Jermane Mayberry","Craig James",2
"Jermane Mayberry","Perry Klein",1
"Jermane Mayberry","Kirk Botkin",3
"Jermane Mayberry","Wes Bender",1
"Shawn Wooden","Alan Page",5
"Shawn Wooden","Jaquan Brisker",5
"Shawn Wooden","William Judson",12
"Shawn Wooden","Percy Ellsworth",1
"Shawn Wooden","Andre Tippett",1
"Shawn Wooden","Shane Burton",5
"Shawn Wooden","George Trafton",6
"Shawn Wooden","Hiram Eugene",4
"Shawn Wooden","Travon Walker",9
"Shawn Wooden","Alontae Taylor",1
"Shawn Wooden","Jeff Donaldson",2
"Shawn Wooden","Andre Wadsworth",2
"Shawn Wooden","Jim Jeffcoat",1
"Shawn Wooden","Keith Willis",4
"Shawn Wooden","Thad Castle",1
"Devin Hester","Ryan Cook",4
"Devin Hester","Dwayne Bowe",7
"Devin Hester","Az-Zahir Hakim",13
"Devin Hester","Fred Jackson",2
"Devin Hester","Ben Utt",5
"Devin Hester","Preston Gothard",14
"Devin Hester","Joel Hilgenberg",21
"Devin Hester","John Alt",8
"Devin Hester","Chris Kuper",10
"Devin Hester","Daniel Bellinger",8
"Devin Hester","Braxton Jones",13
"Devin Hester","Jermane Mayberry",6
"Devin Hester","Stephone Paige",5
"Devin Hester","Will Wolford",4
"Devin Hester","Chris Hinton",5
"Devin Hester","Kurt Warner",3
"Devin Hester","Craig James",2
"Devin Hester","Kirk Botkin",1
"Devin Hester","Charles Jordan",1
"Devin Hester","Kenneth Walker III",2
"Chris Kuper","John Alt",8
"Chris Kuper","Norbert Davidds-Garrido",2
"Chris Kuper","Jermane Mayberry",17
"Chris Kuper","Ben Utt",7
"Chris Kuper","Ali Haji-Sheikh",3
"Chris Kuper","Warren Moon",16
"Chris Kuper","Preston Gothard",15
"Chris Kuper","Dwayne Bowe",2
"Chris Kuper","Joel Hilgenberg",13
"Chris Kuper","Stephone Paige",15
"Chris Kuper","Az-Zahir Hakim",16
"Chris Kuper","Kenneth Walker III",26
"Chris Kuper","Craig James",2
"Chris Kuper","Braxton Jones",12
"Chris Kuper","John Teltschik",2
"Chris Kuper","Chris Hinton",19
"Chris Kuper","Daniel Bellinger",5
"Chris Kuper","Devin Hester",9
"Chris Kuper","Kurt Warner",3
"Chris Kuper","Jo-Jo Townsell II",4
"George Trafton","Travon Walker",1
"George Trafton","Tank Tyler",8
"George Trafton","Jeremiah Trotter",7
"George Trafton","Jeff Donaldson",2
"George Trafton","Todd Shell",3
"George Trafton","Shane Burton",3
"George Trafton","Karl Mecklenburg",3
"George Trafton","Kayvon Thibodeaux",3
"George Trafton","Shawn Wooden",11
"George Trafton","William Judson",9
"George Trafton","Percy Ellsworth",3
"George Trafton","Alan Page",3
"George Trafton","Don Griffin",3
"George Trafton","Thad Castle",1
"George Trafton","Bryant Young",4
"George Trafton","Greg Spires",4
"George Trafton","Jim Jeffcoat",2
"Dwayne Bowe","Pete Mandley",1
"Dwayne Bowe","Ben Utt",2
"Dwayne Bowe","Norbert Davidds-Garrido",3
"Dwayne Bowe","Devin Hester",11
"Dwayne Bowe","Preston Gothard",21
"Dwayne Bowe","Chris Kuper",6
"Dwayne Bowe","Joel Hilgenberg",7
"Dwayne Bowe","Jermane Mayberry",18
"Dwayne Bowe","Braxton Jones",3
"Dwayne Bowe","Stephone Paige",11
"Dwayne Bowe","Daniel Bellinger",3
"Dwayne Bowe","Kenneth Walker III",15
"Dwayne Bowe","Warren Moon",2
"Dwayne Bowe","Chris Hinton",12
"Dwayne Bowe","Craig James",6
"Dwayne Bowe","Kurt Warner",2
"Dwayne Bowe","Jo-Jo Townsell II",5
"Dwayne Bowe","John Alt",9
"Dwayne Bowe","Az-Zahir Hakim",8
"Dwayne Bowe","Dusty Zeigler",3
"Dwayne Bowe","Charles Jordan",1
"Dwayne Bowe","Kirk Botkin",4
"Travon Walker","Don Griffin",8
"Travon Walker","Tank Tyler",1
"Travon Walker","William Judson",10
"Travon Walker","Roman Phifer",2
"Travon Walker","Jeremiah Trotter",9
"Travon Walker","Todd Shell",1
"Travon Walker","George Trafton",4
"Travon Walker","Jim Jeffcoat",5
"Travon Walker","Jaquan Brisker",6
"Travon Walker","Jeff Donaldson",5
"Travon Walker","Alan Page",14
"Travon Walker","Percy Ellsworth",3
"Travon Walker","Shane Burton",4
"Travon Walker","Karl Mecklenburg",2
"Travon Walker","Alontae Taylor",2
"Travon Walker","Andre Tippett",4
"Travon Walker","Shawn Wooden",3
"Travon Walker","Kayvon Thibodeaux",3
"Travon Walker","Thad Castle",1
"Travon Walker","Aaron Glenn",3
"Travon Walker","Andre Wadsworth",1
"Kayvon Thibodeaux","Tank Tyler",9
"Kayvon Thibodeaux","Roman Phifer",1
"Kayvon Thibodeaux","Jeremiah Trotter",7
"Kayvon Thibodeaux","Travon Walker",8
"Kayvon Thibodeaux","Karl Mecklenburg",13
"Kayvon Thibodeaux","Andre Wadsworth",3
"Kayvon Thibodeaux","Jeff Donaldson",4
"Kayvon Thibodeaux","Percy Ellsworth",9
"Kayvon Thibodeaux","Shane Burton",6
"Kayvon Thibodeaux","William Judson",9
"Kayvon Thibodeaux","Eric Turner",2
"Kayvon Thibodeaux","Joshua Fatu",2
"Kayvon Thibodeaux","Alontae Taylor",5
"Kayvon Thibodeaux","Shawn Wooden",8
"Kayvon Thibodeaux","Alan Page",8
"Kayvon Thibodeaux","George Trafton",2
"Kayvon Thibodeaux","Jim Jeffcoat",8
"Kayvon Thibodeaux","Andre Tippett",8
"Kayvon Thibodeaux","Hiram Eugene",3
"Kayvon Thibodeaux","Jaquan Brisker",8
"Kayvon Thibodeaux","Keith Bostic",5
"Kayvon Thibodeaux","Chris Maumalanga",1
"Kayvon Thibodeaux","Aaron Glenn",3
"Kayvon Thibodeaux","Thad Castle",1
"Jaquan Brisker","Jeremiah Trotter",8
"Jaquan Brisker","Shawn Wooden",9
"Jaquan Brisker","Andre Wadsworth",3
"Jaquan Brisker","Travon Walker",9
"Jaquan Brisker","Jeff Donaldson",12
"Jaquan Brisker","Hiram Eugene",2
"Jaquan Brisker","George Trafton",12
"Jaquan Brisker","Shane Burton",6
"Jaquan Brisker","Alontae Taylor",1
"Jaquan Brisker","Andre Tippett",8
"Jaquan Brisker","Jim Jeffcoat",3
"Jaquan Brisker","Percy Ellsworth",11
"Jaquan Brisker","William Judson",4
"Jaquan Brisker","Tank Tyler",6
"Jaquan Brisker","Keith Bostic",3
"Jaquan Brisker","Bryant Young",3
"Jaquan Brisker","Kayvon Thibodeaux",7
"Jaquan Brisker","Keith Willis",1
"Kenneth Walker III","Chris Kuper",18
"Kenneth Walker III","Darrin Nelson",3
"Kenneth Walker III","Daniel Bellinger",8
"Kenneth Walker III","Fred Jackson",4
"Kenneth Walker III","Craig James",18
"Kenneth Walker III","Ryan Cook",1
"Kenneth Walker III","John Alt",9
"Kenneth Walker III","Joel Hilgenberg",14
"Kenneth Walker III","Jermane Mayberry",9
"Kenneth Walker III","Devin Hester",31
"Kenneth Walker III","Warren Moon",7
"Kenneth Walker III","Dwayne Bowe",4
"Kenneth Walker III","Preston Gothard",18
"Kenneth Walker III","Stephone Paige",11
"Kenneth Walker III","Az-Zahir Hakim",8
"Kenneth Walker III","Chris Hinton",10
"Kenneth Walker III","Ali Haji-Sheikh",3
"Kenneth Walker III","Dusty Zeigler",3
"Kenneth Walker III","Will Wolford",1
"Kenneth Walker III","Tommy Kramer II",1
"Kenneth Walker III","Kurt Warner",3
"Braxton Jones","Warren Moon",3
"Braxton Jones","Joel Hilgenberg",11
"Braxton Jones","John Alt",14
"Braxton Jones","Kurt Warner",4
"Braxton Jones","Stephone Paige",13
"Braxton Jones","Craig James",3
"Braxton Jones","Kenneth Walker III",7
"Braxton Jones","Devin Hester",5
"Braxton Jones","Preston Gothard",9
"Braxton Jones","Daniel Bellinger",5
"Braxton Jones","John Teltschik",6
"Braxton Jones","Jermane Mayberry",3
"Braxton Jones","Will Wolford",4
"Braxton Jones","Chris Kuper",3
"Braxton Jones","Dwayne Bowe",3
"Braxton Jones","Doug Brien",3
"Jo-Jo Townsell II","Ryan Cook",1
"Jo-Jo Townsell II","Craig James",13
"Jo-Jo Townsell II","Az-Zahir Hakim",1
"Jo-Jo Townsell II","Kenneth Walker III",3
"Jo-Jo Townsell II","Stephone Paige",1
"Jo-Jo Townsell II","John Alt",8
"Jo-Jo Townsell II","Devin Hester",2
"Jo-Jo Townsell II","Kirk Botkin",2
"Craig James","Braxton Jones",9
"Craig James","Brady Quinn",3
"Craig James","Jermane Mayberry",2
"Craig James","John Alt",4
"Craig James","Kenneth Walker III",6
"Craig James","Daniel Bellinger",13
"Craig James","Ali Haji-Sheikh",1
"Craig James","Preston Gothard",7
"Craig James","Dwayne Bowe",3
"Craig James","Stephone Paige",13
"Craig James","Dusty Zeigler",2
"Craig James","Joel Hilgenberg",1
"Craig James","Tommy Kramer II",2
"Craig James","Wes Bender",3
"Craig James","Chris Hinton",5
"Percy Ellsworth","Todd Shell",4
"Percy Ellsworth","Keith Bostic",1
"Percy Ellsworth","Jim Jeffcoat",4
"Percy Ellsworth","Alontae Taylor",4
"Percy Ellsworth","Jeff Donaldson",10
"Percy Ellsworth","Kayvon Thibodeaux",7
"Percy Ellsworth","Hiram Eugene",9
"Percy Ellsworth","William Judson",11
"Percy Ellsworth","George Trafton",13
"Percy Ellsworth","Shane Burton",7
"Percy Ellsworth","Shawn Wooden",5
"Percy Ellsworth","Andre Wadsworth",7
"Percy Ellsworth","Jaquan Brisker",2
"Percy Ellsworth","Karl Mecklenburg",5
"Percy Ellsworth","Travon Walker",7
"Percy Ellsworth","Bryant Young",2
"Percy Ellsworth","Andre Tippett",3
"Percy Ellsworth","Keith Willis",2
"Kurt Warner","Fred Jackson",5
"Kurt Warner","Ben Utt",3
"Kurt Warner","Kenneth Walker III",11
"Kurt Warner","Devin Hester",6
"Kurt Warner","Ali Haji-Sheikh",5
"Kurt Warner","Braxton Jones",1
"Kurt Warner","Daniel Bellinger",2
"Kurt Warner","Craig James",7
"Kurt Warner","Will Wolford",1
"Kurt Warner","John Teltschik",8
"Kurt Warner","Chris Kuper",3
"Kurt Warner","Az-Zahir Hakim",1
"Kurt Warner","Preston Gothard",1
"Kurt Warner","Chris Hinton",6
"Kurt Warner","Jermane Mayberry",5
"Don Griffin","George Trafton",4
"Don Griffin","Percy Ellsworth",5
"Don Griffin","Joshua Fatu",3
"Don Griffin","Hiram Eugene",2
"Don Griffin","Andre Tippett",1
"Don Griffin","Roman Phifer",4
"Don Griffin","William Judson",4
"Don Griffin","Jeff Donaldson",5
"Don Griffin","Thad Castle",2
"Az-Zahir Hakim","Craig James",6
"Az-Zahir Hakim","Fred Jackson",12
"Az-Zahir Hakim","Pete Mandley",1
"Az-Zahir Hakim","Will Wolford",3
"Az-Zahir Hakim","Chris Kuper",2
"Az-Zahir Hakim","Chris Hinton",7
"Az-Zahir Hakim","Ali Haji-Sheikh",9
"Az-Zahir Hakim","Daniel Bellinger",2
"Az-Zahir Hakim","Kenneth Walker III",3
"Az-Zahir Hakim","Devin Hester",4
"Az-Zahir Hakim","Kurt Warner",3
"Az-Zahir Hakim","Joel Hilgenberg",3
"Az-Zahir Hakim","Jermane Mayberry",6
"Az-Zahir Hakim","Braxton Jones",3
"Az-Zahir Hakim","Kirk Botkin",9
"Az-Zahir Hakim","Dwayne Bowe",2
"Az-Zahir Hakim","Doug Brien",5
"Will Wolford","Ryan Cook",2
"Will Wolford","Jermane Mayberry",3
"Will Wolford","Darrin Nelson",3
"Will Wolford","Chris Hinton",3
"Will Wolford","Devin Hester",4
"Will Wolford","Warren Moon",2
"Will Wolford","Wes Bender",3
"Jeremiah Trotter","Jim Jeffcoat",7
"Jeremiah Trotter","Andre Wadsworth",2
"Jeremiah Trotter","William Judson",7
"Jeremiah Trotter","Keith Bostic",3
"Jeremiah Trotter","Percy Ellsworth",3
"Jeremiah Trotter","Jeff Donaldson",4
"Jeremiah Trotter","Kayvon Thibodeaux",8
"Jeremiah Trotter","Karl Mecklenburg",2
"Jeremiah Trotter","Alontae Taylor",5
"Jeremiah Trotter","George Trafton",2
"Jeremiah Trotter","Roman Phifer",1
"Jeremiah Trotter","Keith Willis",2
"Jeremiah Trotter","John Thierry",3
"Jeremiah Trotter","Shawn Wooden",8
"Jeremiah Trotter","Thad Castle",3
"Jeremiah Trotter","Don Griffin",2
"Jeremiah Trotter","Andre Tippett",1
"Andre Wadsworth","Jeremiah Trotter",1
"Andre Wadsworth","Shane Burton",4
"Andre Wadsworth","George Trafton",3
"Andre Wadsworth","Alontae Taylor",2
"Andre Wadsworth","Tank Tyler",5
"Andre Wadsworth","Todd Shell",2
"Andre Wadsworth","Alan Page",4
"Andre Wadsworth","Travon Walker",1
"Andre Wadsworth","Don Griffin",2
"Andre Wadsworth","Percy Ellsworth",3
"Chris Liwienski","Chris Kuper",1
"Stephone Paige","Jeff Hartings",4
"Stephone Paige","Jim Everett",4
"Stephone Paige","Ken Reeves",5
"Stephone Paige","Jonathan Hayes",3
"Stephone Paige","Joel Hilgenberg",4
"Stephone Paige","Devin Hester",13
"Stephone Paige","Dwayne Bowe",9
"Stephone Paige","Warren Moon",5
"Stephone Paige","Chris Kuper",11
"Stephone Paige","Craig James",9
"Stephone Paige","Az-Zahir Hakim",8
"Stephone Paige","Fred Jackson",5
"Stephone Paige","Preston Gothard",6
"Stephone Paige","Will Wolford",2
"Stephone Paige","Braxton Jones",7
"Stephone Paige","Kenneth Walker III",5
"Stephone Paige","John Alt",7
"Stephone Paige","Tommy Kramer II",1
"Stephone Paige","Charles Jordan",2
"Stephone Paige","Jermane Mayberry",5
"Stephone Paige","Kurt Warner",2
"Stephone Paige","Wes Bender",1
"Chris Hinton","Steve Bartkowski",2
"Chris Hinton","Jim Kelly",2
"Chris Hinton","Gary Zimmerman",3
"Chris Hinton","Al Bundy",7
"Chris Hinton","Joe Perry",1
"Chris Hinton","Herman Heard",5
"Chris Hinton","Ricky Williams",5
"Chris Hinton","Ricky Sanders",3
"Chris Hinton","Zach Miller",3
"Chris Hinton","Tyler Allgeier",1
"Chris Hinton","Jermane Mayberry",8
"Chris Hinton","Stephone Paige",3
"Chris Hinton","Preston Gothard",6
"Chris Hinton","Devin Hester",5
"Chris Hinton","Joel Hilgenberg",8
"Chris Hinton","Warren Moon",4
"Chris Hinton","Kenneth Walker III",2
"Chris Hinton","Jo-Jo Townsell II",2
"Chris Hinton","Az-Zahir Hakim",7
"Chris Hinton","John Alt",11
"Chris Hinton","Ali Haji-Sheikh",2
"Chris Hinton","Dwayne Bowe",1
"Chris Hinton","Chris Kuper",11
"Chris Hinton","Craig James",5
"Chris Hinton","Kurt Warner",1
"Chris Hinton","Ben Utt",1
"Chris Hinton","Kirk Botkin",2
"Andre Tippett","Drake Jackson",3
"Andre Tippett","Bruce McNorton",12
"Andre Tippett","Takeo Spikes",6
"Andre Tippett","Tiger Greene",4
"Andre Tippett","Lewis Billups",6
"Andre Tippett","Vince Newsome",3
"Andre Tippett","Bronko Nagurski",1
"Andre Tippett","Simon Fletcher",7
"Andre Tippett","Hugh Green",3
"Andre Tippett","Richard Dent",4
"Andre Tippett","Channing Tindall",4
"Andre Tippett","Tank Tyler",11
"Andre Tippett","Jaquan Brisker",7
"Andre Tippett","Andre Wadsworth",11
"Andre Tippett","William Judson",8
"Andre Tippett","Shane Burton",8
"Andre Tippett","Karl Mecklenburg",7
"Andre Tippett","Jim Jeffcoat",5
"Andre Tippett","Alan Page",11
"Andre Tippett","Percy Ellsworth",5
"Andre Tippett","Travon Walker",12
"Andre Tippett","George Trafton",7
"Andre Tippett","Jeff Donaldson",6
"Andre Tippett","Roman Phifer",6
"Andre Tippett","Bryant Young",6
"Andre Tippett","Shawn Wooden",7
"Andre Tippett","Thad Castle",9
"Ben Utt","Craig James",1
"Ben Utt","Az-Zahir Hakim",8
"Ben Utt","John Alt",3
"Ben Utt","Chris Liwienski",4
"Ben Utt","Will Wolford",1
"Jeff Donaldson","Keith Bostic",7
"Jeff Donaldson","Shawn Wooden",12
"Jeff Donaldson","Kayvon Thibodeaux",7
"Jeff Donaldson","Don Griffin",5
"Jeff Donaldson","Jeremiah Trotter",6
"Jeff Donaldson","Todd Shell",3
"Jeff Donaldson","Jim Jeffcoat",10
"Jeff Donaldson","George Trafton",14
"Jeff Donaldson","Eric Turner",4
"Jeff Donaldson","Travon Walker",8
"Jeff Donaldson","Jaquan Brisker",4
"Jeff Donaldson","Alan Page",5
"Jeff Donaldson","Andre Tippett",4
"Jeff Donaldson","William Judson",16
"Jeff Donaldson","Shane Burton",3
"Jeff Donaldson","Tank Tyler",3
"Jeff Donaldson","Percy Ellsworth",3
"Jeff Donaldson","Karl Mecklenburg",6
"Jeff Donaldson","John Thierry",2
"Jeff Donaldson","Roman Phifer",2
"Jim Jeffcoat","Jaquan Brisker",8
"Jim Jeffcoat","Jeff Donaldson",5
"Jim Jeffcoat","Keith Bostic",4
"Jim Jeffcoat","Percy Ellsworth",9
"Jim Jeffcoat","George Trafton",7
"Jim Jeffcoat","Alan Page",1
"Jim Jeffcoat","Tank Tyler",1
"Jim Jeffcoat","Shawn Wooden",1
"Jim Jeffcoat","Kayvon Thibodeaux",13
"Jim Jeffcoat","Jeremiah Trotter",2
"Jim Jeffcoat","Travon Walker",6
"Jim Jeffcoat","Karl Mecklenburg",4
"Jim Jeffcoat","Alontae Taylor",6
"Jim Jeffcoat","Shane Burton",5
"Jim Jeffcoat","Andre Wadsworth",2
"Jim Jeffcoat","Andre Tippett",4
"Jim Jeffcoat","Don Griffin",8
"Jim Jeffcoat","William Judson",3
"Jim Jeffcoat","John Thierry",2
"Jim Jeffcoat","Greg Spires",2
"Jim Jeffcoat","Aaron Glenn",3
"Dusty Zeigler","Dwayne Bowe",3
"Dusty Zeigler","Will Wolford",4
"Dusty Zeigler","Charles Jordan",2
"Roman Phifer","Jim Jeffcoat",3
"Roman Phifer","George Trafton",3
"Roman Phifer","Thad Castle",3
"Roman Phifer","Greg Spires",4
"John Teltschik","Jermane Mayberry",9
"John Teltschik","Braxton Jones",1
"John Teltschik","Daniel Bellinger",2
"John Teltschik","Chris Kuper",4
"John Teltschik","Devin Hester",2
"John Teltschik","Dwayne Bowe",4
"John Teltschik","Chris Liwienski",1
"John Teltschik","Jo-Jo Townsell II",2
"Aaron Glenn","Shawn Wooden",3
"Aaron Glenn","Andre Tippett",5
"Aaron Glenn","John Thierry",3
"Aaron Glenn","George Trafton",1
"Aaron Glenn","Jeff Donaldson",2
"Aaron Glenn","Jim Jeffcoat",4
"Aaron Glenn","Kayvon Thibodeaux",3
"Aaron Glenn","Travon Walker",2
"Aaron Glenn","Jaquan Brisker",1
"Aaron Glenn","Don Griffin",4
"Aaron Glenn","William Judson",3
"Bryant Young","Shawn Wooden",7
"Bryant Young","Percy Ellsworth",4
"Bryant Young","Jaquan Brisker",3
"Bryant Young","Kayvon Thibodeaux",2
"Bryant Young","Keith Willis",1
"Bryant Young","Andre Tippett",6
"Bryant Young","William Judson",3
"Bryant Young","George Trafton",3
"Thad Castle","Jaquan Brisker",2
"Thad Castle","Jeff Donaldson",3
"Thad Castle","Jeremiah Trotter",1
"Thad Castle","Aaron Glenn",2
"Thad Castle","Andre Tippett",7
"Thad Castle","George Trafton",3
"Thad Castle","Travon Walker",1
"Thad Castle","Don Griffin",4
"Thad Castle","Percy Ellsworth",3
"Thad Castle","Alan Page",5
"Tommy Kramer II","John Alt",1
"Tommy Kramer II","Chris Kuper",3
"Tommy Kramer II","Kurt Warner",1
"Tommy Kramer II","Chris Liwienski",2
"John Thierry","George Trafton",3
"Doug Brien","Dusty Zeigler",5
"Doug Brien","Kenneth Walker III",1
"Doug Brien","Chris Liwienski",2
"Doug Brien","Dwayne Bowe",2
"Doug Brien","Az-Zahir Hakim",3
"Doug Brien","Chris Hinton",1
"Doug Brien","Preston Gothard",1
"Wes Bender","Kenneth Walker III",2
"Kirk Botkin","Craig James",4
"Kirk Botkin","Jermane Mayberry",1
"Kirk Botkin","Dusty Zeigler",1
"Kirk Botkin","Az-Zahir Hakim",9
"Kirk Botkin","Chris Kuper",2
"Kirk Botkin","John Alt",5
"Kirk Botkin","John Teltschik",6
"Kirk Botkin","Jo-Jo Townsell II",1
"Perry Klein","Dwayne Bowe",3
"Keith Willis","Pio Sagapolutele",3
"Keith Willis","Dave Duerson",7
"Keith Willis","Kyle Williams",1
"Keith Willis","Chad Greenway",4
"Keith Willis","DaRon Bland",2
"Keith Willis","Jalen Pitre",5
"Keith Willis","Fred Thomas",2
"Keith Willis","Kenny Mixon",2
"Keith Willis","Patrick Willis",1
"Keith Willis","Darryl Talley",2
"Keith Willis","Terry Fair",2
"Keith Willis","David Ojabo",3
"Keith Willis","Travon Walker",4
"Keith Willis","Kayvon Thibodeaux",3
"Keith Willis","John Thierry",1
"Keith Willis","Aaron Glenn",1
"Keith Willis","Shawn Wooden",1
"Keith Willis","George Trafton",1
"Keith Willis","Greg Spires",1
"Keith Willis","Jaquan Brisker",1
"Keith Willis","Bryant Young",3
"Herman Heard","Mercury Hayes",3
"Herman Heard","Stephen Alexander",5
"Herman Heard","Todd Christensen",3
"Herman Heard","Bobby Engram",2
"Herman Heard","Ricky Williams",3
"Herman Heard","Greg Jennings",2
"Herman Heard","Zach Miller",4
"Herman Heard","Chris Chester",5
"Herman Heard","Perry Klein",1
"Herman Heard","Kirk Botkin",4
"Greg Spires","Keith Bostic",2
"Greg Spires","William Judson",1
"Greg Spires","George Trafton",3
"Greg Spires","Shawn Wooden",3
"Greg Spires","John Thierry",3
"Greg Spires","Bryant Young",1
"Greg Spires","Jaquan Brisker",4
"Roman Fortin","Sammy Winder",5
"Roman Fortin","Shawn Jefferson",2
"Roman Fortin","Ron Hallstrom",3
"Roman Fortin","Brock Purdy",3
"Roman Fortin","Mike Munchak",2
"Roman Fortin","Larry Lee",4
"Bruce Matthews","Jermaine Lewis",1
"Bruce Matthews","Marcus Robinson",5
"Bruce Matthews","Isaiah Likely",10
"Bruce Matthews","Kevin Glover",9
"Bruce Matthews","Jim Sweeney",12
"Bruce Matthews","Jimbo Covert",5
"Bruce Matthews","Mike Williams",10
"Bruce Matthews","Robert Meachem",4
"Bruce Matthews","Greg Jennings",16
"Bruce Matthews","Jordan Stout",4
"Bruce Matthews","Flozell Adams",11
"Bruce Matthews","Marcus Allen",15
"Bruce Matthews","Brian Robinson Jr",3
"Bruce Matthews","Wan'Dale Robinson",8
"Bruce Matthews","Elvis Grbac",3
"Bruce Matthews","Ryan Cook",5
"Bruce Matthews","Gene Chilton",5
"Bruce Matthews","John Elway",8
"Bruce Matthews","Anthony Carter",1
"Jimbo Covert","Robert Meachem",11
"Jimbo Covert","Flozell Adams",3
"Jimbo Covert","James Jones FB II",6
"Jimbo Covert","Jermaine Lewis",8
"Jimbo Covert","Jordan Stout",3
"Jimbo Covert","John Elway",4
"Jimbo Covert","Brian Robinson Jr",5
"Jimbo Covert","Kevin Glover",3
"Jimbo Covert","Mike Williams",10
"Jimbo Covert","Rodney Holman",9
"Jimbo Covert","Bruce Matthews",5
"Jimbo Covert","Jamaree Salyer",1
"Jimbo Covert","Jim Sweeney",9
"Jimbo Covert","Isaiah Likely",9
"Jimbo Covert","Marcus Allen",9
"Jimbo Covert","Wan'Dale Robinson",14
"Jimbo Covert","Greg Jennings",12
"Jimbo Covert","LeShon Johnson",5
"Jimbo Covert","Ryan Cook",2
"Jimbo Covert","Luke Goedeke",3
"Jimbo Covert","Matt Stover",1
"Jimbo Covert","Everett McIver",3
"Jimbo Covert","Clarence Verdin",1
"Duane Bickett","Randall Godfrey",4
"Duane Bickett","Joe Nash",11
"Duane Bickett","Mark Robinson",4
"Duane Bickett","Tim Harris",6
"Duane Bickett","Keith Ellison",4
"Duane Bickett","Corey Chavous",5
"Duane Bickett","George Karlaftis",2
"Duane Bickett","Kyle Hamilton",2
"Duane Bickett","Keith Millard",4
"Duane Bickett","Devin Lloyd",4
"Duane Bickett","Clyde Simmons",8
"Duane Bickett","David Harris",11
"Duane Bickett","Lawyer Milloy",6
"Duane Bickett","Eugene Daniel",10
"Duane Bickett","Brandon McKinney",14
"Duane Bickett","Lester Lyles",3
"Duane Bickett","R.W. McQuarters",9
"Duane Bickett","Cam Taylor-Britt",3
"Eugene Daniel","Mark Robinson",8
"Eugene Daniel","Lester Lyles",1
"Eugene Daniel","Elbert Foules",2
"Eugene Daniel","Clyde Simmons",4
"Eugene Daniel","Joe Nash",6
"Eugene Daniel","Tim Harris",1
"Eugene Daniel","David Harris",3
"Eugene Daniel","Devin Lloyd",1
"Eugene Daniel","Corey Chavous",3
"Eugene Daniel","Kyle Hamilton",4
"Eugene Daniel","Keith Ellison",3
"Eugene Daniel","Duane Bickett",2
"Eugene Daniel","George Karlaftis",1
"Joe Nash","George Karlaftis",2
"Joe Nash","Keith Ellison",3
"Joe Nash","Cam Taylor-Britt",8
"Joe Nash","Lester Lyles",7
"Joe Nash","Randall Godfrey",4
"Joe Nash","Corey Chavous",1
"Joe Nash","Keith Millard",7
"Joe Nash","Brodrick Bunkley",3
"Joe Nash","Lawyer Milloy",4
"Joe Nash","R.W. McQuarters",4
"Joe Nash","Devin Lloyd",1
"Joe Nash","Boye Mafe",3
"Joe Nash","Tim Harris",1
"Joe Nash","Kyle Hamilton",3
"Joe Nash","Brandon McKinney",3
"Joe Nash","David Harris",4
"Joe Nash","Bucky Brooks",3
"Joe Nash","Clyde Simmons",2
"Joe Nash","Dan Hampton",2
"Randall Godfrey","Brodrick Bunkley",1
"Randall Godfrey","Geoffrey Pope",3
"Randall Godfrey","Kyle Hamilton",4
"Randall Godfrey","Eugene Daniel",8
"Randall Godfrey","R.W. McQuarters",15
"Randall Godfrey","Corey Chavous",5
"Randall Godfrey","Joe Nash",15
"Randall Godfrey","Lester Lyles",10
"Randall Godfrey","Cam Taylor-Britt",4
"Randall Godfrey","David Harris",8
"Randall Godfrey","Devin Lloyd",3
"Randall Godfrey","Keith Millard",2
"Randall Godfrey","Brandon McKinney",2
"Randall Godfrey","Tim Harris",2
"Randall Godfrey","Chad Muma",1
"Randall Godfrey","George Karlaftis",3
"Randall Godfrey","Duane Bickett",5
"Randall Godfrey","Hollis Thomas",9
"Randall Godfrey","Lawyer Milloy",7
"Randall Godfrey","Keith Ellison",3
"Randall Godfrey","Bucky Brooks",1
"Mike Williams","Joe Walter",3
"Mike Williams","Steve Van Buren",7
"Mike Williams","Brian Robinson Jr",2
"Mike Williams","Dean Miraldi",2
"Mike Williams","John Elway",4
"Mike Williams","Isaiah Likely",7
"Mike Williams","Matt Stover",4
"Mike Williams","Flozell Adams",13
"Mike Williams","Jim Sweeney",20
"Mike Williams","Freeman McNeil",1
"Mike Williams","James Jones FB II",5
"Mike Williams","Greg Jennings",11
"Mike Williams","Robert Meachem",8
"Mike Williams","Kevin Glover",2
"Mike Williams","Bruce Matthews",5
"Mike Williams","Rodney Holman",2
"Mike Williams","Wan'Dale Robinson",2
"Mike Williams","Anthony Carter",3
"Matt Stover","Paul Fairchild",3
"Matt Stover","Mike Tomczak",1
"Matt Stover","Jordan Stout",4
"Matt Stover","Dennis McKinnon",2
"Matt Stover","Jimbo Covert",5
"Matt Stover","Trent Dilfer",2
"Matt Stover","Jamaree Salyer",4
"Matt Stover","Wan'Dale Robinson",4
"Matt Stover","Zach Miller",4
"Keith Ellison","Brodrick Bunkley",2
"Keith Ellison","Randall Godfrey",3
"Keith Ellison","Kyle Hamilton",4
"Keith Ellison","R.W. McQuarters",8
"Keith Ellison","Duane Bickett",9
"Keith Ellison","David Harris",2
"Keith Ellison","Cam Taylor-Britt",2
"Keith Ellison","Clyde Simmons",2
"Keith Ellison","Eugene Daniel",3
"Keith Ellison","Hollis Thomas",4
"Keith Ellison","Corey Chavous",4
"Keith Ellison","Keith Millard",3
"Keith Ellison","Kyler Gordon",3
"David Harris","Kyle Hamilton",8
"David Harris","George Karlaftis",2
"David Harris","Duane Bickett",5
"David Harris","Keith Ellison",6
"David Harris","Randall Godfrey",3
"David Harris","Devin Lloyd",3
"David Harris","R.W. McQuarters",7
"David Harris","Mark Robinson",3
"David Harris","Lester Lyles",3
"David Harris","Lawyer Milloy",9
"David Harris","Geoffrey Pope",5
"David Harris","Tim Harris",4
"David Harris","Brandon McKinney",2
"David Harris","Cam Taylor-Britt",3
"David Harris","Keith Millard",11
"David Harris","Corey Chavous",3
"Keith Millard","Lawyer Milloy",4
"Keith Millard","Corey Chavous",3
"Keith Millard","Tim Harris",3
"Keith Millard","Brandon McKinney",8
"Keith Millard","Cam Taylor-Britt",6
"Keith Millard","Mark Robinson",4
"Keith Millard","Joe Nash",2
"Keith Millard","R.W. McQuarters",3
"Keith Millard","David Harris",2
"Keith Millard","Geoffrey Pope",1
"Keith Millard","Eugene Daniel",1
"Keith Millard","Dan Hampton",2
"Mark Robinson","Lester Lyles",8
"Mark Robinson","Geoffrey Pope",3
"Mark Robinson","David Harris",3
"Mark Robinson","Cam Taylor-Britt",2
"Mark Robinson","Eugene Daniel",4
"Mark Robinson","Kyle Hamilton",7
"Mark Robinson","Devin Lloyd",3
"Mark Robinson","Brodrick Bunkley",9
"Mark Robinson","Corey Chavous",4
"Mark Robinson","R.W. McQuarters",3
"Mark Robinson","Keith Ellison",2
"Lawyer Milloy","Devin Lloyd",1
"Lawyer Milloy","Geoffrey Pope",1
"Lawyer Milloy","Kerby Joseph",1
"Lawyer Milloy","Tim Harris",2
"Lawyer Milloy","Joe Nash",8
"Lawyer Milloy","Cam Taylor-Britt",3
"Lawyer Milloy","Brodrick Bunkley",5
"Lawyer Milloy","Corey Chavous",7
"Lawyer Milloy","Mark Robinson",2
"Lawyer Milloy","Keith Millard",8
"Lawyer Milloy","Duane Bickett",6
"Lawyer Milloy","Kyle Hamilton",8
"Lawyer Milloy","Randall Godfrey",1
"Lawyer Milloy","Eugene Daniel",3
"Lawyer Milloy","Clyde Simmons",6
"Lawyer Milloy","Chad Muma",4
"Lawyer Milloy","Elbert Foules",2
"Lawyer Milloy","Hollis Thomas",4
"Lawyer Milloy","Dan Hampton",7
"Lawyer Milloy","Bucky Brooks",1
"John Elway","Freeman McNeil",3
"John Elway","Jamaree Salyer",9
"John Elway","Brian Robinson Jr",6
"John Elway","Flozell Adams",11
"John Elway","Mike Williams",7
"John Elway","Jim Sweeney",8
"John Elway","Jimbo Covert",13
"John Elway","Rodney Holman",11
"John Elway","Kevin Glover",18
"John Elway","Wan'Dale Robinson",13
"John Elway","Isaiah Likely",3
"John Elway","Jermaine Lewis",5
"John Elway","Matt Stover",2
"John Elway","Greg Jennings",9
"John Elway","Robert Meachem",3
"John Elway","Bruce Matthews",5
"John Elway","Jordan Stout",4
"John Elway","Marcus Allen",2
"John Elway","Luke Goedeke",1
"John Elway","Anthony Carter",6
"John Elway","Marcus Robinson",8
"John Elway","Larry Allen",6
"John Elway","James Jones FB II",3
"John Elway","Gene Chilton",3
"Kyle Hamilton","Duane Bickett",10
"Kyle Hamilton","Lester Lyles",7
"Kyle Hamilton","Cam Taylor-Britt",17
"Kyle Hamilton","R.W. McQuarters",4
"Kyle Hamilton","David Harris",1
"Kyle Hamilton","Tim Harris",3
"Kyle Hamilton","Mark Robinson",5
"Kyle Hamilton","Joe Nash",5
"Kyle Hamilton","Lawyer Milloy",9
"Kyle Hamilton","Keith Millard",5
"Kyle Hamilton","Brodrick Bunkley",5
"Kyle Hamilton","Brandon McKinney",4
"Kyle Hamilton","Corey Chavous",2
"Kyle Hamilton","George Karlaftis",3
"Kyle Hamilton","Bucky Brooks",1
"Kyle Hamilton","Randall Godfrey",2
"Kyle Hamilton","Keith Ellison",1
"Cam Taylor-Britt","Brandon McKinney",8
"Cam Taylor-Britt","Keith Ellison",2
"Cam Taylor-Britt","Eugene Daniel",4
"Cam Taylor-Britt","Geoffrey Pope",2
"Cam Taylor-Britt","Randall Godfrey",11
"Cam Taylor-Britt","Devin Lloyd",6
"Cam Taylor-Britt","Corey Chavous",6
"Cam Taylor-Britt","Lester Lyles",8
"Cam Taylor-Britt","David Harris",12
"Cam Taylor-Britt","Duane Bickett",6
"Cam Taylor-Britt","Mark Robinson",3
"Cam Taylor-Britt","George Karlaftis",6
"Cam Taylor-Britt","Boye Mafe",2
"Cam Taylor-Britt","Kyler Gordon",3
"Cam Taylor-Britt","Lawyer Milloy",5
"Cam Taylor-Britt","Dan Hampton",6
"George Karlaftis","Lester Lyles",1
"George Karlaftis","Chad Muma",4
"George Karlaftis","Brodrick Bunkley",5
"George Karlaftis","Kyle Hamilton",11
"George Karlaftis","Tim Harris",8
"George Karlaftis","Geoffrey Pope",1
"George Karlaftis","Cam Taylor-Britt",8
"George Karlaftis","Lawyer Milloy",10
"George Karlaftis","Duane Bickett",2
"George Karlaftis","Clyde Simmons",6
"George Karlaftis","Keith Ellison",6
"George Karlaftis","Brandon McKinney",7
"George Karlaftis","Boye Mafe",1
"George Karlaftis","R.W. McQuarters",3
"George Karlaftis","Corey Chavous",3
"George Karlaftis","Joe Nash",4
"George Karlaftis","Randall Godfrey",4
"George Karlaftis","Hollis Thomas",2
"Brian Robinson Jr","Robert Meachem",5
"Brian Robinson Jr","Rodney Holman",2
"Brian Robinson Jr","Flozell Adams",3
"Brian Robinson Jr","Marcus Robinson",2
"Brian Robinson Jr","Isaiah Likely",6
"Brian Robinson Jr","Mike Williams",1
"Brian Robinson Jr","Ron Mattes",3
"Brian Robinson Jr","Marcus Allen",3
"Brian Robinson Jr","Greg Jennings",9
"Brian Robinson Jr","Kevin Glover",3
"Brian Robinson Jr","Mike Tomczak",2
"Brian Robinson Jr","Jamaree Salyer",4
"Brian Robinson Jr","Ryan Cook",4
"Brian Robinson Jr","Matt Stover",2
"Brian Robinson Jr","Anthony Carter",4
"Brian Robinson Jr","Bruce Matthews",2
"Brian Robinson Jr","Larry Allen",3
"Brian Robinson Jr","John Elway",3
"Wan'Dale Robinson","Rodney Holman",1
"Wan'Dale Robinson","Jim Sweeney",7
"Wan'Dale Robinson","Joe Walter",1
"Wan'Dale Robinson","Jermaine Lewis",4
"Wan'Dale Robinson","Jimbo Covert",6
"Wan'Dale Robinson","Kevin Glover",12
"Wan'Dale Robinson","Freeman McNeil",4
"Wan'Dale Robinson","Jamaree Salyer",1
"Wan'Dale Robinson","Bruce Matthews",4
"Wan'Dale Robinson","John Elway",11
"Wan'Dale Robinson","Isaiah Likely",6
"Wan'Dale Robinson","Marcus Allen",6
"Wan'Dale Robinson","Greg Jennings",2
"Wan'Dale Robinson","Robert Meachem",7
"Wan'Dale Robinson","Brian Robinson Jr",7
"Wan'Dale Robinson","Zach Miller",4
"Wan'Dale Robinson","Marcus Robinson",4
"Wan'Dale Robinson","Ryan Cook",1
"Wan'Dale Robinson","Gene Chilton",2
"Wan'Dale Robinson","Jordan Stout",1
"Wan'Dale Robinson","James Jones FB II",3
"Wan'Dale Robinson","Larry Allen",8
"Devin Lloyd","Kyle Hamilton",13
"Devin Lloyd","Randall Godfrey",10
"Devin Lloyd","Chad Muma",9
"Devin Lloyd","Mark Robinson",3
"Devin Lloyd","Duane Bickett",4
"Devin Lloyd","George Karlaftis",10
"Devin Lloyd","Joe Nash",1
"Devin Lloyd","Eugene Daniel",2
"Devin Lloyd","David Harris",3
"Devin Lloyd","Cam Taylor-Britt",3
"Devin Lloyd","Keith Millard",4
"Devin Lloyd","R.W. McQuarters",3
"Devin Lloyd","Clyde Simmons",5
"Devin Lloyd","Tim Harris",3
"Devin Lloyd","Corey Chavous",7
"Devin Lloyd","Keith Ellison",3
"Devin Lloyd","Dan Hampton",2
"Isaiah Likely","Jermaine Lewis",7
"Isaiah Likely","Mike Williams",6
"Isaiah Likely","Kevin Glover",3
"Isaiah Likely","Wan'Dale Robinson",10
"Isaiah Likely","Brian Robinson Jr",8
"Isaiah Likely","Jim Sweeney",9
"Isaiah Likely","Freeman McNeil",6
"Isaiah Likely","Rodney Holman",3
"Isaiah Likely","Bruce Matthews",3
"Isaiah Likely","John Elway",7
"Isaiah Likely","Flozell Adams",10
"Isaiah Likely","Marcus Allen",5
"Isaiah Likely","Jimbo Covert",11
"Isaiah Likely","Greg Jennings",5
"Isaiah Likely","Gene Chilton",7
"Isaiah Likely","Ryan Cook",2
"Isaiah Likely","Marcus Robinson",4
"Isaiah Likely","Jordan Stout",3
"Jamaree Salyer","Isaiah Likely",7
"Jamaree Salyer","Jim Sweeney",2
"Jamaree Salyer","Brian Robinson Jr",4
"Jamaree Salyer","Freeman McNeil",2
"Jamaree Salyer","Jermaine Lewis",2
"Jamaree Salyer","Dean Miraldi",3
"Jamaree Salyer","Mike Williams",1
"Jamaree Salyer","Dennis McKinnon",3
"Jamaree Salyer","Gene Chilton",4
"Jamaree Salyer","Flozell Adams",2
"Jordan Stout","Dennis McKinnon",2
"Jordan Stout","Jimbo Covert",3
"Jordan Stout","Matt Stover",1
"Jordan Stout","Jermaine Lewis",3
"Jordan Stout","Rodney Holman",3
"Jordan Stout","James Jones FB II",2
"Jordan Stout","Bruce Matthews",2
"Jordan Stout","Wan'Dale Robinson",6
"Jordan Stout","Greg Jennings",2
"Jordan Stout","Brian Robinson Jr",3
"Jordan Stout","Marcus Allen",7
"Jordan Stout","Mike Arthur",5
"Jordan Stout","Gene Chilton",2
"Jordan Stout","Flozell Adams",2
"Jordan Stout","Zach Miller",5
"Brandon McKinney","Keith Ellison",3
"Brandon McKinney","George Karlaftis",8
"Brandon McKinney","Keith Millard",4
"Brandon McKinney","Duane Bickett",1
"Brandon McKinney","R.W. McQuarters",3
"Brandon McKinney","Mark Robinson",1
"Brandon McKinney","Devin Lloyd",10
"Brandon McKinney","Eugene Daniel",6
"Brandon McKinney","Chad Muma",2
"Brandon McKinney","Lawyer Milloy",2
"Brandon McKinney","Joe Nash",4
"Brandon McKinney","Boye Mafe",4
"Brandon McKinney","Kyler Gordon",2
"Brandon McKinney","Corey Chavous",1
"Brandon McKinney","Randall Godfrey",4
"Brandon McKinney","Bucky Brooks",4
"Lester Lyles","Corey Chavous",5
"Lester Lyles","Brodrick Bunkley",1
"Lester Lyles","Cam Taylor-Britt",4
"Lester Lyles","David Harris",4
"Lester Lyles","Geoffrey Pope",4
"Lester Lyles","Duane Bickett",2
"Lester Lyles","George Karlaftis",2
"Lester Lyles","Clyde Simmons",3
"Lester Lyles","Tim Harris",2
"Lester Lyles","Lawyer Milloy",4
"Lester Lyles","Mark Robinson",4
"Lester Lyles","Keith Ellison",1
"Lester Lyles","Randall Godfrey",1
"Lester Lyles","Eugene Daniel",1
"Lester Lyles","Keith Millard",2
"Brodrick Bunkley","Kerby Joseph",3
"Brodrick Bunkley","Lawyer Milloy",2
"Brodrick Bunkley","Brandon McKinney",4
"Brodrick Bunkley","Duane Bickett",3
"Brodrick Bunkley","Joe Nash",2
"Brodrick Bunkley","Mark Robinson",4
"Brodrick Bunkley","R.W. McQuarters",3
"James Jones FB II","John Elway",1
"James Jones FB II","Jimbo Covert",4
"James Jones FB II","Marcus Allen",7
"James Jones FB II","Greg Jennings",3
"James Jones FB II","Mike Williams",8
"James Jones FB II","Dennis McKinnon",1
"James Jones FB II","Matt Stover",5
"James Jones FB II","Brian Robinson Jr",4
"Rodney Holman","Jamaree Salyer",4
"Rodney Holman","Jim Sweeney",4
"Rodney Holman","Jermaine Lewis",2
"Rodney Holman","Jimbo Covert",1
"Rodney Holman","Flozell Adams",1
"Rodney Holman","Mike Williams",1
"Rodney Holman","Robert Meachem",2
"Rodney Holman","Freeman McNeil",5
"Rodney Holman","Kevin Glover",1
"Rodney Holman","Isaiah Likely",5
"Clyde Simmons","David Harris",13
"Clyde Simmons","R.W. McQuarters",9
"Clyde Simmons","Devin Lloyd",10
"Clyde Simmons","Lawyer Milloy",15
"Clyde Simmons","Brodrick Bunkley",7
"Clyde Simmons","Joe Nash",18
"Clyde Simmons","Geoffrey Pope",5
"Clyde Simmons","Kyle Hamilton",2
"Clyde Simmons","Eugene Daniel",5
"Clyde Simmons","Randall Godfrey",1
"Clyde Simmons","Keith Ellison",9
"Clyde Simmons","Corey Chavous",3
"Clyde Simmons","Mark Robinson",8
"Clyde Simmons","George Karlaftis",2
"Clyde Simmons","Lester Lyles",7
"Clyde Simmons","Tim Harris",2
"Clyde Simmons","Chad Muma",4
"Clyde Simmons","Elbert Foules",3
"Clyde Simmons","Keith Millard",1
"Clyde Simmons","Hollis Thomas",3
"Clyde Simmons","Bucky Brooks",2
"Clyde Simmons","Brandon McKinney",4
"Clyde Simmons","Kyler Gordon",3
"R.W. McQuarters","George Karlaftis",5
"R.W. McQuarters","Devin Lloyd",5
"R.W. McQuarters","Lester Lyles",1
"R.W. McQuarters","Keith Millard",5
"R.W. McQuarters","Randall Godfrey",6
"R.W. McQuarters","Duane Bickett",12
"R.W. McQuarters","Chad Muma",4
"R.W. McQuarters","David Harris",5
"R.W. McQuarters","Brandon McKinney",4
"R.W. McQuarters","Mark Robinson",4
"R.W. McQuarters","Joe Nash",8
"R.W. McQuarters","Lawyer Milloy",2
"R.W. McQuarters","Tim Harris",3
"R.W. McQuarters","Clyde Simmons",5
"R.W. McQuarters","Elbert Foules",2
"R.W. McQuarters","Dan Hampton",9
"R.W. McQuarters","Brodrick Bunkley",1
"R.W. McQuarters","Corey Chavous",2
"Tim Harris","George Karlaftis",3
"Tim Harris","Eugene Daniel",5
"Tim Harris","Duane Bickett",11
"Tim Harris","David Harris",5
"Tim Harris","Brodrick Bunkley",6
"Tim Harris","Keith Millard",8
"Tim Harris","Randall Godfrey",15
"Tim Harris","Kyle Hamilton",1
"Tim Harris","Clyde Simmons",7
"Tim Harris","Keith Ellison",10
"Tim Harris","Brandon McKinney",3
"Tim Harris","Geoffrey Pope",9
"Tim Harris","R.W. McQuarters",2
"Tim Harris","Cam Taylor-Britt",1
"Tim Harris","Lawyer Milloy",2
"Tim Harris","Devin Lloyd",2
"Tim Harris","Bucky Brooks",1
"Flozell Adams","Wan'Dale Robinson",8
"Flozell Adams","Jim Sweeney",5
"Flozell Adams","Isaiah Likely",8
"Flozell Adams","Rodney Holman",5
"Flozell Adams","Jermaine Lewis",4
"Flozell Adams","Brian Robinson Jr",13
"Flozell Adams","Jordan Stout",4
"Flozell Adams","John Elway",11
"Flozell Adams","Kevin Glover",2
"Flozell Adams","Robert Meachem",2
"Flozell Adams","Marcus Allen",4
"Flozell Adams","Greg Jennings",15
"Flozell Adams","Freeman McNeil",4
"Flozell Adams","James Jones FB II",3
"Flozell Adams","Joe Walter",1
"Flozell Adams","Mike Williams",5
"Flozell Adams","Anthony Carter",13
"Flozell Adams","Jamaree Salyer",3
"Flozell Adams","Bruce Matthews",5
"Flozell Adams","Jimbo Covert",5
"Corey Chavous","Geoffrey Pope",6
"Corey Chavous","Randall Godfrey",14
"Corey Chavous","George Karlaftis",5
"Corey Chavous","Brodrick Bunkley",2
"Corey Chavous","Keith Millard",8
"Corey Chavous","Joe Nash",8
"Corey Chavous","R.W. McQuarters",8
"Corey Chavous","Lawyer Milloy",13
"Corey Chavous","Tim Harris",2
"Corey Chavous","Duane Bickett",2
"Corey Chavous","Cam Taylor-Britt",4
"Corey Chavous","Kyle Hamilton",7
"Corey Chavous","David Harris",8
"Corey Chavous","Devin Lloyd",2
"Corey Chavous","Eugene Daniel",4
"Corey Chavous","Clyde Simmons",1
"Corey Chavous","Chad Muma",3
"Corey Chavous","Brant Boyer",1
"Corey Chavous","Bucky Brooks",1
"Corey Chavous","Keith Ellison",1
"Gene Chilton","Dean Miraldi",3
"Gene Chilton","Dennis McKinnon",1
"Gene Chilton","Mike Tomczak",2
"Gene Chilton","Flozell Adams",3
"Gene Chilton","Jermaine Lewis",2
"Gene Chilton","Rodney Holman",1
"Gene Chilton","Isaiah Likely",11
"Gene Chilton","Zach Miller",3
"Gene Chilton","Marcus Robinson",3
"Gene Chilton","Bruce Matthews",5
"Gene Chilton","Marcus Allen",2
"Gene Chilton","James Jones FB II",4
"Gene Chilton","Anthony Carter",4
"Gene Chilton","Jimbo Covert",2
"Ron Mattes","Jim Zorn II",1
"Ron Mattes","Flozell Adams",2
"Ron Mattes","Marcus Allen",1
"Marcus Robinson","Jermaine Lewis",4
"Marcus Robinson","Matt Stover",3
"Marcus Robinson","LeShon Johnson",4
"Marcus Robinson","Marcus Allen",5
"Marcus Robinson","Wan'Dale Robinson",3
"Marcus Robinson","Greg Jennings",2
"Marcus Robinson","Isaiah Likely",3
"Marcus Robinson","Bruce Matthews",5
"Marcus Allen","Oliver Ross",4
"Marcus Allen","Hank Baskett",3
"Marcus Allen","Brent Celek",4
"Marcus Allen","Alan Faneca",1
"Marcus Allen","Hoby Brenner",4
"Marcus Allen","Miles Austin",5
"Marcus Allen","Zach Strief",2
"Marcus Allen","Stan Brock",4
"Marcus Allen","John Elway",12
"Marcus Allen","Isaiah Likely",12
"Marcus Allen","Mike Williams",4
"Marcus Allen","Kevin Glover",2
"Marcus Allen","Wan'Dale Robinson",11
"Marcus Allen","Flozell Adams",4
"Marcus Allen","Jim Sweeney",3
"Marcus Allen","Gene Chilton",5
"Marcus Allen","Greg Jennings",1
"Marcus Allen","Mike Arthur",4
"Marcus Allen","Marcus Robinson",6
"Marcus Allen","Ryan Cook",1
"Marcus Allen","Anthony Carter",7
"Marcus Allen","Jimbo Covert",3
"Marcus Allen","Brian Robinson Jr",3
"Marcus Allen","Zach Miller",5
"Greg Jennings","Hokie Gajan",4
"Greg Jennings","Nevin McCaskill",2
"Greg Jennings","Bobby Engram",1
"Greg Jennings","Gary Zimmerman",1
"Greg Jennings","Al Bundy",4
"Greg Jennings","Zach Miller",1
"Greg Jennings","Jason White",1
"Greg Jennings","Quentin Neujahr",3
"Greg Jennings","Mike Williams",7
"Greg Jennings","Bruce Matthews",9
"Greg Jennings","James Jones FB II",4
"Greg Jennings","Kevin Glover",5
"Greg Jennings","Wan'Dale Robinson",9
"Greg Jennings","Brian Robinson Jr",1
"Greg Jennings","Mike Tomczak",4
"Greg Jennings","John Elway",14
"Greg Jennings","Jim Sweeney",8
"Greg Jennings","Marcus Robinson",2
"Greg Jennings","Flozell Adams",6
"Greg Jennings","Ryan Cook",5
"Greg Jennings","Joe Patton",1
"Greg Jennings","Jimbo Covert",5
"Greg Jennings","Gene Chilton",12
"Greg Jennings","Jamaree Salyer",3
"Greg Jennings","Anthony Carter",1
"Larry Allen","Joe Patton",1
"Larry Allen","Bruce Matthews",3
"Larry Allen","Jamaree Salyer",4
"Larry Allen","John Elway",5
"Larry Allen","Greg Jennings",2
"Larry Allen","Gene Chilton",2
"Larry Allen","Marcus Allen",4
"Larry Allen","Flozell Adams",2
"Mike Arthur","George Pickens",2
"Mike Arthur","Ken O'Brien",2
"Mike Arthur","Tootie Robbins",4
"Elvis Grbac","Brian Robinson Jr",6
"Elvis Grbac","Ryan Cook",3
"Elvis Grbac","Jamaree Salyer",2
"Elvis Grbac","Rodney Holman",4
"LeShon Johnson","Everett McIver",5
"LeShon Johnson","Larry Allen",7
"LeShon Johnson","Greg Jennings",3
"LeShon Johnson","Zach Miller",3
"LeShon Johnson","Trent Dilfer",1
"Everett McIver","Larry Allen",5
"Everett McIver","Trent Dilfer",4
"Luke Goedeke","Ryan Cook",1
"Luke Goedeke","Zach Miller",2
"Luke Goedeke","Jimbo Covert",2
"Boye Mafe","Marcus Jones CB",2
"Boye Mafe","Christian Benford",1
"Boye Mafe","David Little",5
"Boye Mafe","Tony Casillas",3
"Boye Mafe","Clyde Simmons",3
"Boye Mafe","Keith Millard",1
"Boye Mafe","Joe Nash",4
"Boye Mafe","Dan Hampton",2
"Boye Mafe","Corey Chavous",2
"Boye Mafe","Brodrick Bunkley",1
"Dan Hampton","Henry Jones",7
"Dan Hampton","Travis Jones",9
"Dan Hampton","Greg Townsend",14
"Dan Hampton","Antonio Cromartie",4
"Dan Hampton","Andy Russell",2
"Dan Hampton","Matt Blair II",4
"Dan Hampton","Patrick Hunter",6
"Dan Hampton","Terry Kinard",5
"Dan Hampton","Ron Rice",5
"Dan Hampton","Ed Reynolds",2
"Dan Hampton","Charles Woodson",2
"Dan Hampton","Donnie Humphrey",3
"Dan Hampton","Fulton Walker",5
"Dan Hampton","Antonio Johnson",1
"Dan Hampton","Tom Barndt",10
"Dan Hampton","Jermaine Johnson II",2
"Dan Hampton","Hollis Thomas",8
"Dan Hampton","Tim Harris",4
"Dan Hampton","Brandon McKinney",1
"Dan Hampton","Keith Ellison",1
"Dan Hampton","Lawyer Milloy",3
"Dan Hampton","R.W. McQuarters",8
"Dan Hampton","Duane Bickett",4
"Dan Hampton","Randall Godfrey",4
"Dan Hampton","Cam Taylor-Britt",1
"Dan Hampton","Keith Millard",4
"Dan Hampton","David Harris",4
"Kyler Gordon","Trent McDuffie",2
"Kyler Gordon","Bryan Cox",2
"Kyler Gordon","Brodrick Bunkley",8
"Kyler Gordon","Brandon McKinney",2
"Kyler Gordon","R.W. McQuarters",1
"Ryan Cook","Az-Zahir Hakim",2
"Ryan Cook","Craig James",2
"Ryan Cook","Kurt Warner",2
"Ryan Cook","Brian Robinson Jr",3
"Ryan Cook","Gene Chilton",3
"Ryan Cook","Elvis Grbac",4
"Ryan Cook","Zach Miller",4
"Ryan Cook","Mike Arthur",1
"Hollis Thomas","Hugh Green",7
"Hollis Thomas","Simon Fletcher",3
"Hollis Thomas","Keith Browner",3
"Hollis Thomas","Bronko Nagurski",2
"Hollis Thomas","Wayne Milner",4
"Hollis Thomas","Sam Seale",3
"Hollis Thomas","Chris Doleman",1
"Hollis Thomas","Emlen Tunnell",4
"Hollis Thomas","Ken Strong",3
"Hollis Thomas","Gerald Robinson",2
"Hollis Thomas","Devin Lloyd",3
"Hollis Thomas","Kyle Hamilton",3
"Hollis Thomas","Corey Chavous",1
"Hollis Thomas","Cam Taylor-Britt",3
"Hollis Thomas","Brandon McKinney",2
"Hollis Thomas","Boye Mafe",4
"Hollis Thomas","R.W. McQuarters",4
"Zach Miller","Chris Hinton",1
"Zach Miller","Lomas Brown",6
"Zach Miller","Joe Perry",3
"Zach Miller","Reggie Langhorne",2
"Zach Miller","Herman Heard",3
"Zach Miller","Aaron Graham",2
"Zach Miller","Jason White",4
"Zach Miller","Gary Zimmerman",4
"Zach Miller","Norbert Davidds-Garrido",2
"Zach Miller","Jim Brown",4
"Zach Miller","Pete Mandley",11
"Zach Miller","Romeo Doubs",3
"Zach Miller","Roger Craig",5
"Zach Miller","Amani Toomer",5
"Zach Miller","Bobby Engram",3
"Zach Miller","Jermaine Lewis",4
"Zach Miller","Jordan Stout",5
"Anthony Carter","Brock Purdy",4
"Anthony Carter","Mike Munchak",3
"Anthony Carter","Bernie Kosar",4
"Anthony Carter","Joe Morris",6
"Anthony Carter","Jerry Rice",10
"Anthony Carter","Mike Rozier",2
"Anthony Carter","Jon Ryan",3
"Anthony Carter","Willie Anderson",3
"Anthony Carter","Steve Jordan",11
"Anthony Carter","Joe Jacoby",6
"Anthony Carter","Chris Chester",4
"Anthony Carter","Brandon Marshall",7
"Anthony Carter","Ted Ginn Jr.",2
"Anthony Carter","Jimbo Covert",5
"Anthony Carter","Rodney Holman",3
"Anthony Carter","Larry Allen",8
"Anthony Carter","Wan'Dale Robinson",6
"Anthony Carter","Greg Jennings",4
"Anthony Carter","John Elway",4
"Anthony Carter","Ryan Cook",1
"Anthony Carter","James Jones FB II",1
"Anthony Carter","Flozell Adams",1
"Anthony Carter","Marcus Allen",2
"Anthony Carter","Isaiah Likely",4
"Anthony Carter","Bruce Matthews",4
"Anthony Carter","Brian Robinson Jr",2
"Trent Dilfer","Joe Patton",4
"Trent Dilfer","Larry Allen",7
"Joe Patton","Marcus Allen",4
"Jerry Rice","Shawn Jefferson",5
"Jerry Rice","Sammy Winder",5
"Jerry Rice","Mike Munchak",18
"Jerry Rice","Roman Fortin",3
"Jerry Rice","James Williams",2
"Jerry Rice","Tony Eason",5
"Jerry Rice","Casey Wiegmann",4
"Jerry Rice","Steve McKinney",2
"Jerry Rice","Steve Jordan",14
"Jerry Rice","Bernie Kosar",3
"Jerry Rice","Brandon Marshall",7
"Jerry Rice","Anthony Carter",6
"Jerry Rice","Tony Scheffler",13
"Jerry Rice","Joe Morris",5
"Jerry Rice","Jon Ryan",3
"Jerry Rice","Willie Anderson",11
"Jerry Rice","Chris Chester",7
"Jerry Rice","Ted Ginn Jr.",5
"Jerry Rice","Joe Jacoby",4
"Jerry Rice","Mike Rozier",7
"Jerry Rice","Brock Purdy",9
"Jerry Rice","Ron Hallstrom",4
"Jerry Rice","Joe Staley",5
"Jerry Rice","Ben Grubbs",3
"Jerry Rice","Joe Perry",7
"Jerry Rice","Mel Baltazar",3
"Mike Munchak","Anthony Carter",14
"Mike Munchak","Brock Purdy",13
"Mike Munchak","Mike Rozier",6
"Mike Munchak","Brandon Marshall",17
"Mike Munchak","Sammy Winder",3
"Mike Munchak","James Williams",5
"Mike Munchak","Bernie Kosar",2
"Mike Munchak","Dylan Parham",1
"Mike Munchak","Steve Jordan",6
"Mike Munchak","Jerry Rice",13
"Mike Munchak","Joe Perry",13
"Mike Munchak","Scott Blanton",1
"Mike Munchak","Willie Anderson",7
"Mike Munchak","Shawn Jefferson",8
"Mike Munchak","Tim Irwin",8
"Mike Munchak","Joe Jacoby",4
"Mike Munchak","Ted Ginn Jr.",3
"Mike Munchak","Chris Chester",9
"Mike Munchak","Joe Morris",2
"Mike Munchak","Mel Baltazar",2
"Mike Munchak","Casey Wiegmann",4
"Mike Munchak","Anthony Fasano",4
"Mike Munchak","Steve McKinney",5
"Johnny Rembert","Mike Merriweather",5
"Johnny Rembert","Frank Minnifield",23
"Johnny Rembert","Mathias Kiwanuka",3
"Johnny Rembert","Gary Plummer",7
"Johnny Rembert","Dawan Landry",4
"Johnny Rembert","Eric Weddle",3
"Johnny Rembert","Dennis Smith",2
"Johnny Rembert","Ray Horton",7
"Johnny Rembert","Nik Bonitto",7
"Johnny Rembert","Freddie Joe Nunn",11
"Johnny Rembert","Jamaal Anderson",3
"Johnny Rembert","Patrick Surtain",11
"Johnny Rembert","Jonathan Lewis",6
"Johnny Rembert","Charles Mann",4
"Johnny Rembert","Remi Ayodele",4
"Johnny Rembert","Reed Blankenship",10
"Johnny Rembert","Cortland Finnegan",3
"Johnny Rembert","Tony Brackens",2
"Johnny Rembert","Robert Young",4
"Johnny Rembert","John McCargo",3
"Johnny Rembert","Joey Browner",2
"Johnny Rembert","Sean Jones",3
"Johnny Rembert","Donnie Edwards",3
"Willie Anderson","Steve Jordan",12
"Willie Anderson","Steve McKinney",16
"Willie Anderson","Brandon Marshall",24
"Willie Anderson","Dylan Parham",1
"Willie Anderson","Tyler Allgeier",2
"Willie Anderson","Joe Jacoby",11
"Willie Anderson","Joe Morris",1
"Willie Anderson","Mike Munchak",1
"Willie Anderson","Joe Perry",3
"Willie Anderson","Brock Purdy",12
"Willie Anderson","Jon Ryan",2
"Willie Anderson","Jerry Rice",6
"Willie Anderson","Mike Rozier",1
"Willie Anderson","Anthony Carter",2
"Willie Anderson","Ted Ginn Jr.",11
"Willie Anderson","Tim Irwin",3
"Willie Anderson","Ahmad Bradshaw",2
"Willie Anderson","Chris Chester",2
"Willie Anderson","Ephraim Salaam",1
"Willie Anderson","Darnay Scott",9
"Willie Anderson","Joe Staley",2
"Willie Anderson","Mel Baltazar",2
"Willie Anderson","Anthony Fasano",1
"Willie Anderson","James Williams",5
"Willie Anderson","Casey Wiegmann",2
"Brandon Marshall","Tyler Allgeier",3
"Brandon Marshall","Brock Purdy",2
"Brandon Marshall","Ephraim Salaam",2
"Brandon Marshall","Shawn Jefferson",5
"Brandon Marshall","Mike Rozier",1
"Brandon Marshall","Anthony Carter",3
"Brandon Marshall","Joe Perry",4
"Brandon Marshall","Jerry Rice",6
"Brandon Marshall","Willie Anderson",4
"Brandon Marshall","Joe Morris",3
"Brandon Marshall","Steve Jordan",22
"Brandon Marshall","Scott Blanton",1
"Brandon Marshall","Joe Jacoby",3
"Brandon Marshall","Chris Chester",4
"Brandon Marshall","Steve McKinney",4
"Brandon Marshall","Mike Munchak",2
"Brandon Marshall","Darnay Scott",3
"Brandon Marshall","Casey Wiegmann",2
"Brandon Marshall","Ahmad Bradshaw",1
"Brandon Marshall","Ted Ginn Jr.",4
"John Jurkovic","Reed Blankenship",3
"John Jurkovic","Remi Ayodele",7
"John Jurkovic","Jacob Green",5
"John Jurkovic","Freddie Joe Nunn",9
"John Jurkovic","Nik Bonitto",2
"John Jurkovic","Charles Mann",4
"John Jurkovic","Ray Horton",5
"John Jurkovic","Frank Minnifield",1
"John Jurkovic","Hugh Green",2
"John Jurkovic","Jonathan Lewis",8
"John Jurkovic","Josh Gattis",2
"Steve Jordan","Shawn Jefferson",5
"Steve Jordan","Bernie Kosar",3
"Steve Jordan","Ephraim Salaam",5
"Steve Jordan","Jerry Rice",16
"Steve Jordan","Sammy Winder",10
"Steve Jordan","Tony Scheffler",3
"Steve Jordan","Anthony Carter",13
"Steve Jordan","Joe Morris",10
"Steve Jordan","Scott Blanton",2
"Steve Jordan","Joe Perry",22
"Steve Jordan","Joe Jacoby",2
"Steve Jordan","Brandon Marshall",3
"Steve Jordan","Willie Anderson",9
"Steve Jordan","Brock Purdy",6
"Steve Jordan","Mike Munchak",11
"Steve Jordan","Casey Wiegmann",2
"Steve Jordan","Jon Ryan",1
"Steve Jordan","Ted Ginn Jr.",2
"Steve Jordan","Anthony Fasano",2
"Steve Jordan","James Williams",3
"Steve Jordan","Ahmad Bradshaw",4
"Steve Jordan","Steve McKinney",3
"Steve Jordan","Mel Baltazar",1
"Steve Jordan","Chris Chester",1
"Freddie Joe Nunn","Tim McKyer",2
"Freddie Joe Nunn","Dennis Smith",8
"Freddie Joe Nunn","Mathias Kiwanuka",3
"Freddie Joe Nunn","Johnny Rembert",14
"Freddie Joe Nunn","Jonathan Lewis",2
"Freddie Joe Nunn","Jacob Green",9
"Freddie Joe Nunn","Mike Merriweather",2
"Freddie Joe Nunn","Remi Ayodele",6
"Freddie Joe Nunn","Frank Minnifield",7
"Freddie Joe Nunn","Charles Mann",10
"Freddie Joe Nunn","Reed Blankenship",15
"Freddie Joe Nunn","Ray Horton",5
"Freddie Joe Nunn","Gary Plummer",5
"Freddie Joe Nunn","Tony Brackens",4
"Freddie Joe Nunn","Cortland Finnegan",3
"Freddie Joe Nunn","Hugh Green",4
"Freddie Joe Nunn","Patrick Surtain",6
"Freddie Joe Nunn","Nik Bonitto",5
"Freddie Joe Nunn","John Jurkovic",1
"Freddie Joe Nunn","Josh Gattis",3
"Freddie Joe Nunn","Sean Jones",2
"John McCargo","Dawan Landry",4
"John McCargo","Gary Reasons",1
"John McCargo","Ray Horton",3
"John McCargo","Patrick Surtain",3
"John McCargo","Walt Harris",5
"Ted Ginn Jr.","Jerry Rice",2
"Ted Ginn Jr.","Steve Jordan",5
"Ted Ginn Jr.","Roman Fortin",2
"Ted Ginn Jr.","Ron Hallstrom",2
"Ted Ginn Jr.","Luke Goedeke",2
"Ted Ginn Jr.","Tyler Allgeier",7
"Ted Ginn Jr.","Dylan Parham",3
"Ted Ginn Jr.","Sammy Winder",3
"Ted Ginn Jr.","Anthony Carter",4
"Ted Ginn Jr.","Joe Jacoby",2
"Ted Ginn Jr.","Mike Rozier",2
"Ted Ginn Jr.","Tim Irwin",6
"Ted Ginn Jr.","Chris Chester",4
"Ted Ginn Jr.","Willie Anderson",7
"Ted Ginn Jr.","Jon Ryan",3
"Ted Ginn Jr.","Ben Grubbs",1
"Ted Ginn Jr.","Mike Munchak",3
"Ted Ginn Jr.","Brock Purdy",3
"Ted Ginn Jr.","Brandon Marshall",5
"Ted Ginn Jr.","Steve McKinney",2
"Ted Ginn Jr.","James Williams",3
"Ted Ginn Jr.","Mel Baltazar",3
"Ray Horton","Dawan Landry",3
"Ray Horton","Jonathan Lewis",1
"Ray Horton","Gary Reasons",1
"Ray Horton","Mathias Kiwanuka",5
"Ray Horton","Nik Bonitto",3
"Ray Horton","Charles Mann",1
"Ray Horton","Frank Minnifield",8
"Ray Horton","Reed Blankenship",9
"Ray Horton","Jacob Green",3
"Ray Horton","Dennis Smith",2
"Ray Horton","John McCargo",1
"Ray Horton","Jamaal Anderson",5
"Ray Horton","John Jurkovic",5
"Ray Horton","Patrick Surtain",1
"Ray Horton","Freddie Joe Nunn",5
"Brock Purdy","Mike Munchak",13
"Brock Purdy","Willie Anderson",9
"Brock Purdy","Ted Ginn Jr.",18
"Brock Purdy","Jerry Rice",4
"Brock Purdy","Chris Chester",11
"Brock Purdy","Anthony Carter",4
"Brock Purdy","Shawn Jefferson",7
"Brock Purdy","Joe Perry",11
"Brock Purdy","Joe Jacoby",1
"Brock Purdy","Brandon Marshall",22
"Brock Purdy","Steve McKinney",10
"Brock Purdy","Jon Ryan",2
"Brock Purdy","Joe Morris",2
"Brock Purdy","Steve Jordan",4
"Brock Purdy","James Williams",3
"Brock Purdy","Tony Eason",3
"Brock Purdy","Robert Meachem",5
"Brock Purdy","Anthony Fasano",3
"Brock Purdy","Ahmad Bradshaw",3
"Brock Purdy","Mel Baltazar",3
"Reed Blankenship","Jacob Green",7
"Reed Blankenship","Tim McKyer",4
"Reed Blankenship","Jonathan Lewis",15
"Reed Blankenship","Nik Bonitto",11
"Reed Blankenship","Charles Mann",11
"Reed Blankenship","Patrick Surtain",14
"Reed Blankenship","Remi Ayodele",4
"Reed Blankenship","Freddie Joe Nunn",14
"Reed Blankenship","Mathias Kiwanuka",3
"Reed Blankenship","Dennis Smith",4
"Reed Blankenship","Hugh Green",5
"Reed Blankenship","Cortland Finnegan",1
"Reed Blankenship","Jamaal Anderson",3
"Reed Blankenship","Frank Minnifield",8
"Reed Blankenship","John Jurkovic",2
"Reed Blankenship","John McCargo",4
"Reed Blankenship","Tony Brackens",2
"Reed Blankenship","Gary Plummer",9
"Reed Blankenship","Walt Harris",3
"Reed Blankenship","Johnny Rembert",3
"Reed Blankenship","Dawan Landry",7
"Reed Blankenship","Mike Wells",3
"Reed Blankenship","Josh Gattis",3
"Reed Blankenship","Robert Young",4
"Reed Blankenship","Donnie Edwards",1
"Reed Blankenship","Ray Horton",3
"Nik Bonitto","Tim McKyer",4
"Nik Bonitto","John Jurkovic",3
"Nik Bonitto","Ray Horton",10
"Nik Bonitto","Frank Minnifield",4
"Nik Bonitto","Reed Blankenship",2
"Nik Bonitto","Dennis Smith",5
"Nik Bonitto","Jonathan Lewis",3
"Nik Bonitto","Gary Plummer",4
"Nik Bonitto","Charles Mann",1
"Nik Bonitto","Walt Harris",3
"Nik Bonitto","Mathias Kiwanuka",1
"Nik Bonitto","Patrick Surtain",3
"Nik Bonitto","Andre Roussimoff",4
"Nik Bonitto","Josh Gattis",1
"Walt Harris","Dawan Landry",4
"Walt Harris","Freddie Joe Nunn",2
"Walt Harris","Johnny Rembert",7
"Walt Harris","Jamaal Anderson",3
"Walt Harris","Tony Brackens",1
"Walt Harris","Dennis Smith",5
"Walt Harris","Mathias Kiwanuka",3
"Walt Harris","John Jurkovic",2
"Walt Harris","Tim McKyer",4
"Walt Harris","Ray Horton",2
"Ron Hallstrom","Sammy Winder",4
"Ron Hallstrom","Chris Chester",2
"Ron Hallstrom","Casey Wiegmann",2
"Ron Hallstrom","Steve McKinney",1
"Ron Hallstrom","Jeff Wilkins",5
"Dawan Landry","Nik Bonitto",3
"Dawan Landry","Cortland Finnegan",1
"Dawan Landry","Dennis Smith",2
"Dawan Landry","Reed Blankenship",1
"Dawan Landry","Robert Young",3
"Dawan Landry","Fernando Smith",2
"Dawan Landry","Sean Jones",1
"Dawan Landry","Charles Mann",2
"Dawan Landry","Gary Plummer",2
"Patrick Surtain","Jonathan Lewis",9
"Patrick Surtain","Eric Weddle",1
"Patrick Surtain","Frank Minnifield",8
"Patrick Surtain","Charles Mann",15
"Patrick Surtain","Reed Blankenship",6
"Patrick Surtain","Mike Merriweather",2
"Patrick Surtain","Remi Ayodele",6
"Patrick Surtain","John Jurkovic",11
"Patrick Surtain","Ray Horton",10
"Patrick Surtain","Hugh Green",5
"Patrick Surtain","Dennis Smith",4
"Patrick Surtain","Freddie Joe Nunn",4
"Patrick Surtain","Johnny Rembert",6
"Patrick Surtain","Nik Bonitto",6
"Patrick Surtain","Gary Plummer",3
"Patrick Surtain","Terry Kinard",3
"Patrick Surtain","Mathias Kiwanuka",4
"Patrick Surtain","Kimo von Oelhoffen",3
"Patrick Surtain","Josh Gattis",3
"Patrick Surtain","Tim McKyer",2
"Patrick Surtain","Andre Roussimoff",1
"Gary Plummer","Remi Ayodele",5
"Gary Plummer","Jamaal Anderson",3
"Gary Plummer","Tim McKyer",2
"Gary Plummer","Ray Horton",8
"Gary Plummer","Freddie Joe Nunn",1
"Gary Plummer","Hugh Green",4
"Gary Plummer","Charles Mann",2
"Gary Plummer","Reed Blankenship",3
"Gary Plummer","Jonathan Lewis",3
"Gary Plummer","Johnny Rembert",7
"Gary Plummer","John McCargo",4
"Gary Plummer","Calvin Jackson",2
"Gary Plummer","Walt Harris",3
"Gary Plummer","Nik Bonitto",2
"Steve McKinney","Roman Fortin",3
"Steve McKinney","Casey Wiegmann",5
"Steve McKinney","Dylan Parham",5
"Steve McKinney","Joe Jacoby",13
"Steve McKinney","Jerry Rice",6
"Steve McKinney","Mike Munchak",9
"Steve McKinney","Ted Ginn Jr.",3
"Steve McKinney","Willie Anderson",10
"Steve McKinney","Steve Jordan",8
"Steve McKinney","Anthony Carter",7
"Steve McKinney","Joe Morris",4
"Steve McKinney","Ben Grubbs",1
"Steve McKinney","James Williams",2
"Steve McKinney","Brandon Marshall",8
"Steve McKinney","Mel Baltazar",3
"Steve McKinney","Chris Chester",3
"Steve McKinney","Anthony Fasano",1
"Tim McKyer","Johnny Rembert",4
"Tim McKyer","Cortland Finnegan",4
"Tim McKyer","Freddie Joe Nunn",6
"Tim McKyer","Gary Plummer",2
"Tim McKyer","Gary Reasons",5
"Tim McKyer","Dennis Smith",3
"Tim McKyer","Ray Horton",5
"Tim McKyer","Mike Merriweather",1
"Tim McKyer","Mathias Kiwanuka",4
"Tim McKyer","Walt Harris",3
"Tim McKyer","Donnie Edwards",1
"Ephraim Salaam","Tyler Allgeier",4
"Ephraim Salaam","Brock Purdy",1
"Ephraim Salaam","Steve Jordan",3
"Ephraim Salaam","Tony Eason",2
"Ephraim Salaam","Ron Hallstrom",3
"Ephraim Salaam","James Williams",2
"Ephraim Salaam","Jon Ryan",2
"Ephraim Salaam","Jerry Rice",4
"Casey Wiegmann","Roman Fortin",2
"Casey Wiegmann","Larry Lee",2
"Casey Wiegmann","Tony Scheffler",1
"Casey Wiegmann","Steve McKinney",3
"Jason White","Chris Hinton",3
"Jason White","Aaron Graham",3
"Jason White","Gary Zimmerman",3
"Jason White","Joe Perry",3
"Jason White","Lomas Brown",5
"Jason White","Ralf Mojsiejenko",3
"Jason White","Ricky Williams",3
"Jason White","James Williams",3
"Jason White","Ephraim Salaam",1
"Joe Perry","Reggie Langhorne",5
"Joe Perry","Hokie Gajan",2
"Joe Perry","Lomas Brown",3
"Joe Perry","Herman Heard",3
"Joe Perry","Zach Miller",8
"Joe Perry","Quentin Neujahr",1
"Joe Perry","Chris Chester",15
"Joe Perry","Joe Morris",7
"Joe Perry","Anthony Carter",3
"Joe Perry","Steve Jordan",8
"Joe Perry","Willie Anderson",4
"Joe Perry","Joe Jacoby",10
"Joe Perry","Ted Ginn Jr.",1
"Joe Perry","Brandon Marshall",9
"Joe Perry","Mike Rozier",3
"Joe Perry","Brock Purdy",5
"Joe Perry","Steve McKinney",1
"Joe Perry","Mike Munchak",3
"Joe Perry","Jerry Rice",7
"Joe Perry","Scott Blanton",3
"Joe Perry","James Williams",10
"Joe Perry","Ron Hallstrom",1
"Joe Perry","Joe Staley",5
"Joe Perry","Anthony Fasano",3
"Chris Chester","Gary Zimmerman",2
"Chris Chester","Zach Miller",4
"Chris Chester","Nevin McCaskill",1
"Chris Chester","Jim Kelly",2
"Chris Chester","Ricky Sanders",4
"Chris Chester","Quentin Neujahr",3
"Chris Chester","Herman Heard",2
"Chris Chester","Aaron Graham",4
"Chris Chester","Joe Perry",4
"Chris Chester","Jerry Rice",9
"Chris Chester","Brandon Marshall",8
"Chris Chester","Willie Anderson",4
"Chris Chester","Brock Purdy",7
"Chris Chester","Steve Jordan",7
"Chris Chester","Mike Munchak",6
"Chris Chester","Ted Ginn Jr.",6
"Chris Chester","Joe Morris",3
"Chris Chester","Mike Rozier",3
"Chris Chester","James Williams",14
"Chris Chester","Joe Staley",5
"Chris Chester","Steve McKinney",2
"Chris Chester","Tony Eason",1
"Chris Chester","Robert Meachem",1
"Chris Chester","Ahmad Bradshaw",5
"James Williams","Dylan Parham",13
"James Williams","Brock Purdy",6
"James Williams","Willie Anderson",4
"James Williams","Tony Scheffler",2
"James Williams","Sammy Winder",1
"James Williams","Jerry Rice",2
"James Williams","Anthony Carter",1
"James Williams","Joe Perry",6
"James Williams","Chris Chester",3
"James Williams","Steve McKinney",2
"James Williams","Brandon Marshall",9
"James Williams","Ted Ginn Jr.",7
"James Williams","Anthony Fasano",3
"James Williams","Steve Jordan",11
"James Williams","Ephraim Salaam",1
"James Williams","Casey Wiegmann",3
"Derrick Ransom","Jonathan Lewis",1
"Hugh Green","Kamerion Wimbley",3
"Hugh Green","Channing Tindall",5
"Hugh Green","Quay Walker",2
"Hugh Green","Esera Tuaolo",2
"Hugh Green","Emlen Tunnell",1
"Hugh Green","Simon Fletcher",5
"Hugh Green","Hollis Thomas",3
"Hugh Green","Bronko Nagurski",2
"Hugh Green","Ray Horton",16
"Hugh Green","Nik Bonitto",1
"Hugh Green","Frank Minnifield",2
"Hugh Green","Tim McKyer",1
"Hugh Green","Gary Reasons",2
"Hugh Green","Jonathan Lewis",4
"Hugh Green","Freddie Joe Nunn",1
"Hugh Green","Tony Brackens",3
"Hugh Green","Cortland Finnegan",1
"Hugh Green","Johnny Rembert",7
"Hugh Green","Andre Roussimoff",3
"Hugh Green","Joey Browner",4
"Hugh Green","Patrick Surtain",4
"Hugh Green","John Jurkovic",6
"Hugh Green","Charles Mann",12
"Mathias Kiwanuka","Gary Reasons",3
"Mathias Kiwanuka","Freddie Joe Nunn",5
"Mathias Kiwanuka","Walt Harris",3
"Mathias Kiwanuka","Mike Merriweather",2
"Mathias Kiwanuka","Nik Bonitto",3
"Mathias Kiwanuka","Jonathan Lewis",5
"Mathias Kiwanuka","Frank Minnifield",10
"Mathias Kiwanuka","Charles Mann",4
"Mathias Kiwanuka","Remi Ayodele",1
"Mathias Kiwanuka","Tim McKyer",7
"Mathias Kiwanuka","Reed Blankenship",2
"Mathias Kiwanuka","Tony Brackens",3
"Mathias Kiwanuka","Josh Gattis",2
"Mathias Kiwanuka","Kimo von Oelhoffen",2
"Jonathan Lewis","Eric Weddle",3
"Jonathan Lewis","Johnny Rembert",9
"Jonathan Lewis","Charles Mann",7
"Jonathan Lewis","Nik Bonitto",2
"Jonathan Lewis","Mike Merriweather",1
"Jonathan Lewis","Tony Brackens",4
"Jonathan Lewis","Remi Ayodele",2
"Jonathan Lewis","Reed Blankenship",1
"Jonathan Lewis","Freddie Joe Nunn",2
"Jonathan Lewis","Tim McKyer",1
"Jonathan Lewis","Dennis Smith",3
"Jonathan Lewis","Ray Horton",3
"Andre Roussimoff","Johnny Rembert",4
"Andre Roussimoff","Tim McKyer",6
"Andre Roussimoff","Mathias Kiwanuka",4
"Andre Roussimoff","Reed Blankenship",6
"Mel Baltazar","Ahmad Bradshaw",5
"Mel Baltazar","Mike Munchak",1
"Mel Baltazar","James Williams",3
"Mel Baltazar","Steve McKinney",2
"Mel Baltazar","Ted Ginn Jr.",3
"Mel Baltazar","Joe Perry",3
"Mel Baltazar","Joe Staley",2
"Mel Baltazar","Darnay Scott",2
"Darnay Scott","Ahmad Bradshaw",2
"Darnay Scott","Tony Eason",3
"Darnay Scott","Jerry Rice",1
"Darnay Scott","Chris Chester",4
"Darnay Scott","Ted Ginn Jr.",3
"Kimo von Oelhoffen","Johnny Rembert",1
"Kimo von Oelhoffen","Reed Blankenship",1
"Jeff Wilkins","Jerry Rice",1
"Jeff Wilkins","Ron Hallstrom",3
"Calvin Jackson","Terry Kinard",2
"Calvin Jackson","Robert Young",2
"Calvin Jackson","Mathias Kiwanuka",2
"Calvin Jackson","Charles Mann",2
"Josh Gattis","Johnny Rembert",1
"Josh Gattis","John Jurkovic",4
"Josh Gattis","Reed Blankenship",5
"Josh Gattis","Donnie Edwards",6
"Josh Gattis","Hugh Green",3
"Josh Gattis","Frank Minnifield",3
"Josh Gattis","Ray Horton",2
"Donnie Edwards","Mark Collins",3
"Donnie Edwards","Gary Plummer",4
"Donnie Edwards","John Jurkovic",2
"Donnie Edwards","Kimo von Oelhoffen",2
"Donnie Edwards","Robert Young",2
"Donnie Edwards","Charles Mann",7
"Donnie Edwards","Freddie Joe Nunn",4
"Donnie Edwards","Nik Bonitto",3
"Donnie Edwards","Frank Minnifield",2
"Donnie Edwards","Jonathan Lewis",1
"Donnie Edwards","Andre Roussimoff",2
"Donnie Edwards","Ray Horton",1
"Charles Mann","Cortland Finnegan",3
"Charles Mann","Gary Plummer",1
"Charles Mann","Frank Minnifield",4
"Charles Mann","Mike Merriweather",1
"Charles Mann","Nik Bonitto",13
"Charles Mann","Tony Brackens",6
"Charles Mann","Walt Harris",6
"Charles Mann","Johnny Rembert",4
"Charles Mann","Dennis Smith",4
"Charles Mann","Jonathan Lewis",6
"Charles Mann","Ray Horton",5
"Charles Mann","Jamaal Anderson",3
"Charles Mann","Patrick Surtain",3
"Charles Mann","John Jurkovic",2
"Charles Mann","Freddie Joe Nunn",13
"Charles Mann","Reed Blankenship",3
"Charles Mann","Hugh Green",1
"Charles Mann","Josh Gattis",1
"Charles Mann","Andre Roussimoff",4
"Joey Browner","Jim Stillwagon",6
"Joey Browner","Richard Byrd",10
"Joey Browner","Lonnie Young",2
"Joey Browner","Roger Wehrli",8
"Joey Browner","Bill Maas",14
"Joey Browner","Buddy Curry",9
"Joey Browner","Don Davis",3
"Joey Browner","Amare Barno",15
"Joey Browner","Mike Golic",5
"Joey Browner","Darrell Green",11
"Joey Browner","Logan Hall",15
"Joey Browner","Todd Scott",10
"Joey Browner","Sean Jones",17
"Joey Browner","Albert Lewis",7
"Joey Browner","Keena Turner",8
"Joey Browner","Ronnie Lott",5
"Joey Browner","Jack Del Rio",2
"Joey Browner","Greg Ellis",1
"Joey Browner","Nik Bonitto",11
"Joey Browner","Hugh Green",3
"Joey Browner","Andre Roussimoff",4
"Joey Browner","Terry Kinard",3
"Joey Browner","Donnie Edwards",5
"Joey Browner","Freddie Joe Nunn",9
"Joey Browner","Frank Minnifield",5
"Joey Browner","Jonathan Lewis",4
"Joey Browner","Reed Blankenship",3
"Joey Browner","Charles Mann",7
"Joey Browner","John McCargo",1
"Sammy Winder","Joe Morris",4
"Sammy Winder","Tony Eason",1
"Sammy Winder","Steve Jordan",1
"Sammy Winder","Mike Munchak",3
"Sammy Winder","Joe Jacoby",1
"Sammy Winder","Steve McKinney",3
"Sammy Winder","Ted Ginn Jr.",4
"Sammy Winder","Willie Anderson",1
"Sammy Winder","Ron Hallstrom",5
"Sammy Winder","Brandon Marshall",3
"Sammy Winder","Robert Meachem",3
"Sammy Winder","Ephraim Salaam",3
"Sean Jones","Logan Hall",6
"Sean Jones","Mike Golic",5
"Sean Jones","Bill Maas",5
"Sean Jones","Ronnie Lott",8
"Sean Jones","Darrell Green",4
"Sean Jones","Albert Lewis",21
"Sean Jones","Jim Stillwagon",6
"Sean Jones","Keena Turner",8
"Sean Jones","Joey Browner",10
"Sean Jones","Buddy Curry",6
"Sean Jones","Calvin Jackson",2
"Sean Jones","Dawan Landry",3
"Sean Jones","Ray Horton",3
"Sean Jones","Tim McKyer",4
"Sean Jones","Freddie Joe Nunn",1
"Jon Ryan","Joe Jacoby",1
"Jon Ryan","Jerry Rice",2
"Jon Ryan","Joe Morris",2
"Jon Ryan","Mike Rozier",4
"Jon Ryan","Brock Purdy",1
"Jon Ryan","Ted Ginn Jr.",4
"Jon Ryan","Willie Anderson",4
"Jon Ryan","Tony Scheffler",2
"Jon Ryan","Shawn Jefferson",2
"Jon Ryan","Casey Wiegmann",2
"Jon Ryan","Joe Perry",2
"Jon Ryan","Steve McKinney",5
"Jon Ryan","Brandon Marshall",1
"Frank Minnifield","Tim McKyer",4
"Frank Minnifield","Dennis Smith",10
"Frank Minnifield","Jonathan Lewis",8
"Frank Minnifield","Nik Bonitto",4
"Frank Minnifield","Cortland Finnegan",5
"Frank Minnifield","Freddie Joe Nunn",10
"Frank Minnifield","Mathias Kiwanuka",3
"Frank Minnifield","Mike Merriweather",1
"Frank Minnifield","Hugh Green",8
"Frank Minnifield","Charles Mann",7
"Frank Minnifield","Jamaal Anderson",5
"Frank Minnifield","Tony Brackens",3
"Frank Minnifield","Jacob Green",6
"Frank Minnifield","Gary Plummer",5
"Frank Minnifield","Reed Blankenship",1
"Frank Minnifield","John Jurkovic",13
"Frank Minnifield","Donnie Edwards",4
"Frank Minnifield","Joey Browner",8
"Frank Minnifield","Andre Roussimoff",1
"Frank Minnifield","Johnny Rembert",2
"Frank Minnifield","Robert Young",2
"Frank Minnifield","Josh Gattis",5
"Frank Minnifield","Sean Jones",2
"Robert Meachem","Jimbo Covert",10
"Robert Meachem","Jordan Stout",5
"Robert Meachem","Gene Chilton",1
"Robert Meachem","Flozell Adams",1
"Robert Meachem","Wan'Dale Robinson",6
"Robert Meachem","Kevin Glover",8
"Robert Meachem","Marcus Allen",3
"Robert Meachem","James Jones FB II",2
"Robert Meachem","Mike Williams",2
"Robert Meachem","Bruce Matthews",3
"Robert Meachem","Isaiah Likely",4
"Robert Meachem","Matt Stover",2
"Robert Meachem","Anthony Fasano",3
"Robert Meachem","Steve Jordan",5
"Robert Meachem","Mike Munchak",2
"Robert Meachem","Tony Eason",3
"Robert Meachem","Chris Chester",3
"Robert Meachem","Brandon Marshall",4
"Robert Meachem","Sammy Winder",2
"Robert Meachem","Ted Ginn Jr.",6
"Joe Staley","Ryan Kalil",2
"Joe Staley","Evan Pilgrim",4
"Joe Staley","Clay Shiver",2
"Joe Staley","Randall Cunningham",4
"Joe Staley","Don Mosebar",7
"Joe Staley","Forrest Gump",5
"Joe Staley","Fred Taylor",8
"Joe Staley","Lance Smith",8
"Joe Staley","Art Monk",4
"Joe Staley","Cris Collinsworth",5
"Joe Staley","Skyy Moore",7
"Joe Staley","Clarence Kay",3
"Joe Staley","Lionel Manuel",4
"Joe Staley","Trevor Penning",1
"Joe Staley","Irving Fryar",1
"Joe Staley","Sammy Winder",3
"Joe Staley","Jeff Wilkins",2
"Joe Staley","Ben Grubbs",3
"Joe Staley","Tony Eason",4
"Ben Grubbs","Neil O'Donnell",2
"Ben Grubbs","Bob Brotzki",3
"Ben Grubbs","Mel Gray",2
"Ben Grubbs","Derek Kennard",6
"Ben Grubbs","Alan Veingrad",4
"Ben Grubbs","George Musso",3
"Ben Grubbs","Renaldo Nehemiah",3
"Ben Grubbs","Tony Paige",2
"Ben Grubbs","Joe Staley",2
"Ben Grubbs","Mike Munchak",2
"Ben Grubbs","Ephraim Salaam",1
"Ben Grubbs","Brandon Marshall",3
"Ben Grubbs","Tony Eason",2
"Ben Grubbs","Steve McKinney",3
"Ahmad Bradshaw","Mike Alstott",1
"Ahmad Bradshaw","Jon Runyan",2
"Ahmad Bradshaw","Jeff Chadwick",1
"Ahmad Bradshaw","Mike Munchak",2
"Ahmad Bradshaw","Jerry Rice",3
"Ahmad Bradshaw","Brock Purdy",1
"Ahmad Bradshaw","Steve Jordan",7
"Ahmad Bradshaw","Brandon Marshall",2
"Ahmad Bradshaw","Casey Wiegmann",3
"Ahmad Bradshaw","Robert Meachem",1
"Anthony Fasano","Paul Warfield",2
"Anthony Fasano","Hines Ward",4
"Anthony Fasano","Eric Moten",2
"Anthony Fasano","Ron Hallstrom",1
"Anthony Fasano","Mike Munchak",3
"Anthony Fasano","Brandon Marshall",3
"Anthony Fasano","Brock Purdy",1
"Anthony Fasano","Jerry Rice",6
"Anthony Fasano","Mel Baltazar",2
"Anthony Fasano","Joe Perry",1
"Anthony Fasano","Willie Anderson",4
"Tony Eason","Steve Jordan",1
"Tony Eason","Chris Chester",1
"Tony Eason","Willie Anderson",2
"Tony Eason","Darnay Scott",1
"Tony Eason","Jerry Rice",1
"Tony Eason","Ron Hallstrom",4
"Tony Eason","Ted Ginn Jr.",1
"Tony Eason","Robert Meachem",2
"Robert Young","Tony Casillas",5
"Robert Young","Mike Mickens",4
"Robert Young","Everson Walls",2
"Robert Young","Nik Bonitto",3
"Robert Young","Terry Kinard",2
"Robert Young","Donnie Edwards",10
"Robert Young","Andre Roussimoff",4
"Robert Young","Josh Gattis",2
"Robert Young","Jonathan Lewis",1
"Robert Young","Freddie Joe Nunn",1
"Robert Young","Charles Mann",3
"Robert Young","Patrick Surtain",2
"Robert Young","Tim McKyer",1
"Terry Kinard","Ed Reynolds",10
"Terry Kinard","Jermaine Johnson II",8
"Terry Kinard","Arnold Ebiketie",10
"Terry Kinard","Donnie Humphrey",9
"Terry Kinard","Matt Blair II",4
"Terry Kinard","Henry Jones",7
"Terry Kinard","Dan Hampton",7
"Terry Kinard","Tom Barndt",8
"Terry Kinard","Charles Woodson",15
"Terry Kinard","Phil Hansen",4
"Terry Kinard","Andy Russell",3
"Terry Kinard","Ron Rice",3
"Terry Kinard","Antonio Johnson",1
"Terry Kinard","Travis Jones",9
"Terry Kinard","Antonio Cromartie",3
"Terry Kinard","Greg Townsend",4
"Terry Kinard","Patrick Hunter",1
"Terry Kinard","Johnny Rembert",2
"Terry Kinard","Reed Blankenship",2
"Terry Kinard","Patrick Surtain",7
"Terry Kinard","Tim McKyer",3
"Terry Kinard","Nik Bonitto",1
"Terry Kinard","Joey Browner",5
"Fernando Smith","Dawan Landry",2
"Greg Townsend","Matt Blair II",1
"Greg Townsend","Travis Jones",7
"Greg Townsend","Dan Hampton",17
"Greg Townsend","Arnold Ebiketie",6
"Greg Townsend","Patrick Hunter",2
"Greg Townsend","Henry Jones",14
"Greg Townsend","Antonio Johnson",1
"Greg Townsend","Charles Woodson",19
"Greg Townsend","Fulton Walker",1
"Greg Townsend","Jermaine Johnson II",2
"Greg Townsend","Andy Russell",3
"Greg Townsend","Ed Reynolds",4
"Greg Townsend","Donnie Humphrey",3
"Greg Townsend","Stewart Bradley",3
"Greg Townsend","Benny Perrin",4
"Greg Townsend","Dennis Smith",3
"Greg Townsend","Antonio Cromartie",1
"Greg Townsend","E.J. Junior",2
"Greg Townsend","Sam Rogers",3
"Greg Townsend","Don Davis",2
"Vance Johnson","Calvin Johnson",13
"Vance Johnson","Terry Glenn",13
"Vance Johnson","Bill Brooks",8
"Vance Johnson","Jim McMahon",17
"Vance Johnson","Maurice Jones-Drew",8
"Vance Johnson","Crawford Ker",2
"Vance Johnson","Rueben Mayes",3
"Vance Johnson","Cole Strange",6
"Vance Johnson","David Hughes",13
"Vance Johnson","Adam Stenavich",11
"Vance Johnson","Tim McGee",8
"Vance Johnson","Jay Hilgenberg",9
"Vance Johnson","Stephon Heyer",9
"Vance Johnson","Pat Beach",2
"Vance Johnson","Joe Namath",11
"Vance Johnson","Nate Newton",9
"Vance Johnson","Chigoziem Okonkwo",3
"Vance Johnson","Tim Wrightman",4
"Vance Johnson","Steve Cox",4
"Vance Johnson","Dameon Pierce",1
"Vance Johnson","Joe Andruzzi",1
"Vance Johnson","Germane Crowell",1
"Vance Johnson","Owen Daniels",1
"Phil Hansen","Greg Townsend",5
"Phil Hansen","Stephen Tulloch",3
"Phil Hansen","Fulton Walker",2
"Phil Hansen","Tom Barndt",3
"Phil Hansen","Jermaine Johnson II",3
"Phil Hansen","Charles Woodson",8
"Phil Hansen","Donnie Humphrey",5
"Phil Hansen","Andy Russell",3
"Phil Hansen","Antonio Cromartie",3
"Phil Hansen","Eric Turner",7
"Phil Hansen","Patrick Hunter",3
"Phil Hansen","DaRon Bland",1
"Phil Hansen","Antonio Johnson",2
"Terry Glenn","Rueben Mayes",3
"Terry Glenn","Maurice Jones-Drew",15
"Terry Glenn","Calvin Johnson",5
"Terry Glenn","Todd Weiner",1
"Terry Glenn","Tim Wrightman",1
"Terry Glenn","Vance Johnson",11
"Terry Glenn","David Hughes",11
"Terry Glenn","Joe Namath",6
"Terry Glenn","Nate Newton",1
"Terry Glenn","Bill Brooks",3
"Terry Glenn","Adam Stenavich",3
"Terry Glenn","Chigoziem Okonkwo",3
"Terry Glenn","Stephon Heyer",2
"Terry Glenn","Tim McGee",8
"Terry Glenn","Cole Strange",1
"Terry Glenn","Carl McCullough",9
"Terry Glenn","Owen Daniels",3
"Calvin Johnson","Vance Johnson",7
"Calvin Johnson","Grant Williams",5
"Calvin Johnson","Nate Newton",1
"Calvin Johnson","Cole Strange",3
"Calvin Johnson","Jay Hilgenberg",12
"Calvin Johnson","Rueben Mayes",4
"Calvin Johnson","David Hughes",1
"Calvin Johnson","Raul Allegre",3
"Calvin Johnson","Stephon Heyer",1
"Calvin Johnson","Adam Stenavich",4
"Calvin Johnson","Terry Glenn",15
"Calvin Johnson","Maurice Jones-Drew",8
"Calvin Johnson","Joe Namath",5
"Calvin Johnson","Bill Brooks",2
"Calvin Johnson","Germane Crowell",3
"Calvin Johnson","Dameon Pierce",4
"Calvin Johnson","Todd Weiner",4
"Calvin Johnson","Carl McCullough",5
"David Hughes","Vance Johnson",10
"David Hughes","Stephon Heyer",3
"David Hughes","Tim McGee",8
"David Hughes","Nate Newton",6
"David Hughes","Calvin Johnson",5
"David Hughes","Jay Hilgenberg",2
"David Hughes","Jim McMahon",1
"David Hughes","Steve Cox",1
"David Hughes","Joe Namath",2
"David Hughes","Adam Stenavich",3
"David Hughes","Terry Glenn",1
"David Hughes","Cole Strange",4
"David Hughes","Bill Brooks",3
"David Hughes","Crawford Ker",4
"David Hughes","Maurice Jones-Drew",8
"David Hughes","Rueben Mayes",5
"David Hughes","Carl Birdsong",1
"Tom Barndt","Stewart Bradley",4
"Tom Barndt","Patrick Hunter",4
"Tom Barndt","Greg Townsend",5
"Tom Barndt","Dan Hampton",3
"Tom Barndt","Travis Jones",8
"Tom Barndt","Jermaine Johnson II",6
"Tom Barndt","Antonio Johnson",2
"Tom Barndt","Phil Hansen",6
"Tom Barndt","Ed Reynolds",9
"Tom Barndt","Terry Kinard",3
"Tom Barndt","Matt Blair II",3
"Tom Barndt","DaRon Bland",1
"Tom Barndt","Mean Joe Greene",3
"Tom Barndt","E.J. Junior",2
"Cole Strange","Stephon Heyer",6
"Cole Strange","Vance Johnson",9
"Cole Strange","David Hughes",9
"Cole Strange","Maurice Jones-Drew",3
"Cole Strange","Terry Glenn",15
"Cole Strange","Nate Newton",4
"Cole Strange","Raul Allegre",2
"Cole Strange","Joe Namath",9
"Cole Strange","Chigoziem Okonkwo",4
"Cole Strange","Tim McGee",3
"Cole Strange","Jay Hilgenberg",2
"Cole Strange","Calvin Johnson",6
"Cole Strange","Adam Stenavich",9
"Cole Strange","Rueben Mayes",1
"Cole Strange","Carl McCullough",1
"Cole Strange","Owen Daniels",1
"Cole Strange","Germane Crowell",1
"Cole Strange","Tracy Greene",1
"Travis Jones","Terry Kinard",9
"Travis Jones","Charles Woodson",3
"Travis Jones","Dan Hampton",4
"Travis Jones","Greg Townsend",10
"Travis Jones","Henry Jones",2
"Travis Jones","Antonio Johnson",5
"Travis Jones","Donnie Humphrey",3
"Travis Jones","Matt Blair II",1
"Travis Jones","Antonio Cromartie",11
"Travis Jones","Andy Russell",4
"Travis Jones","Tom Barndt",2
"Travis Jones","Everson Walls",2
"Travis Jones","Don Davis",5
"Travis Jones","Patrick Hunter",4
"Travis Jones","Bernard Whittington",4
"Jermaine Johnson II","Antonio Cromartie",16
"Jermaine Johnson II","Donnie Humphrey",4
"Jermaine Johnson II","Antonio Johnson",13
"Jermaine Johnson II","Ed Reynolds",6
"Jermaine Johnson II","Travis Jones",11
"Jermaine Johnson II","Terry Kinard",2
"Jermaine Johnson II","Andy Russell",6
"Jermaine Johnson II","Tom Barndt",3
"Jermaine Johnson II","Matt Blair II",2
"Jermaine Johnson II","Fulton Walker",2
"Jermaine Johnson II","Patrick Hunter",1
"Jermaine Johnson II","Henry Jones",5
"Jermaine Johnson II","Mean Joe Greene",8
"Jermaine Johnson II","Don Davis",3
"Jermaine Johnson II","DaRon Bland",2
"Jermaine Johnson II","Bernard Whittington",4
"Jermaine Johnson II","Charles Woodson",1
"Jermaine Johnson II","Phil Hansen",4
"Jermaine Johnson II","Sam Rogers",3
"Arnold Ebiketie","Greg Townsend",2
"Arnold Ebiketie","Stewart Bradley",5
"Arnold Ebiketie","Terry Kinard",1
"Arnold Ebiketie","Dan Hampton",6
"Arnold Ebiketie","Antonio Johnson",3
"Arnold Ebiketie","Ed Reynolds",3
"Arnold Ebiketie","Fulton Walker",2
"Arnold Ebiketie","Donnie Humphrey",2
"Arnold Ebiketie","Travis Jones",5
"Arnold Ebiketie","Phil Hansen",2
"Arnold Ebiketie","Tom Barndt",1
"Arnold Ebiketie","Patrick Hunter",1
"Arnold Ebiketie","Antonio Cromartie",1
"Arnold Ebiketie","Bernard Whittington",3
"Arnold Ebiketie","Jermaine Johnson II",1
"Arnold Ebiketie","Henry Jones",2
"Arnold Ebiketie","Mean Joe Greene",2
"Arnold Ebiketie","Dennis Smith",1
"Charles Woodson","Donnie Humphrey",3
"Charles Woodson","Phil Hansen",3
"Charles Woodson","Henry Jones",10
"Charles Woodson","Jermaine Johnson II",3
"Charles Woodson","Ed Reynolds",9
"Charles Woodson","Andy Russell",5
"Charles Woodson","Patrick Hunter",2
"Charles Woodson","Antonio Cromartie",5
"Charles Woodson","Tom Barndt",1
"Charles Woodson","Travis Jones",2
"Charles Woodson","Matt Blair II",10
"Charles Woodson","Terry Kinard",5
"Charles Woodson","Stewart Bradley",7
"Charles Woodson","Antonio Johnson",9
"Charles Woodson","Greg Townsend",6
"Charles Woodson","Don Davis",7
"Charles Woodson","Mean Joe Greene",5
"Nate Newton","Stephon Heyer",11
"Nate Newton","Joe Namath",4
"Nate Newton","Tim Wrightman",7
"Nate Newton","Cole Strange",3
"Nate Newton","Johnny Hector",8
"Nate Newton","Adam Stenavich",3
"Nate Newton","Maurice Jones-Drew",4
"Nate Newton","David Hughes",5
"Nate Newton","Terry Glenn",5
"Nate Newton","Chigoziem Okonkwo",3
"Nate Newton","Calvin Johnson",3
"Nate Newton","Steve Cox",1
"Nate Newton","Germane Crowell",3
"Nate Newton","Jay Hilgenberg",7
"Nate Newton","Carl McCullough",4
"Nate Newton","Jim McMahon",5
"Nate Newton","Rueben Mayes",2
"Joe Namath","Grant Williams",2
"Joe Namath","Vance Johnson",3
"Joe Namath","Johnny Hector",6
"Joe Namath","Tim McGee",2
"Joe Namath","David Hughes",5
"Joe Namath","Adam Stenavich",5
"Joe Namath","Rueben Mayes",1
"Joe Namath","Jay Hilgenberg",7
"Joe Namath","Chigoziem Okonkwo",1
"Joe Namath","Nate Newton",5
"Joe Namath","Germane Crowell",5
"Joe Namath","Stephon Heyer",7
"Joe Namath","Jim McMahon",3
"Joe Namath","Crawford Ker",2
"Patrick Hunter","Matt Blair II",7
"Patrick Hunter","Dan Hampton",4
"Patrick Hunter","Fulton Walker",3
"Patrick Hunter","Greg Townsend",10
"Patrick Hunter","Ed Reynolds",5
"Patrick Hunter","Charles Woodson",6
"Patrick Hunter","Arnold Ebiketie",4
"Patrick Hunter","Terry Kinard",1
"Patrick Hunter","Phil Hansen",2
"Patrick Hunter","Antonio Cromartie",5
"Patrick Hunter","Andy Russell",3
"Patrick Hunter","Henry Jones",5
"Patrick Hunter","Tom Barndt",2
"Patrick Hunter","Jermaine Johnson II",5
"Patrick Hunter","Travis Jones",3
"Patrick Hunter","Eric Turner",3
"Patrick Hunter","Sam Rogers",2
"Joe Andruzzi","Crawford Ker",4
"Joe Andruzzi","Jim McMahon",2
"Joe Andruzzi","David Hughes",4
"Joe Andruzzi","Calvin Johnson",1
"Joe Andruzzi","Germane Crowell",4
"Joe Andruzzi","Dameon Pierce",1
"Joe Andruzzi","Todd Weiner",2
"Germane Crowell","Vance Johnson",1
"Germane Crowell","Raul Allegre",1
"Germane Crowell","Calvin Johnson",1
"Todd Weiner","Nate Newton",5
"Todd Weiner","Chigoziem Okonkwo",3
"Todd Weiner","Jim McMahon",1
"Todd Weiner","Jeff Van Note II",2
"Todd Weiner","Raul Allegre",3
"Todd Weiner","Cole Strange",2
"Bill Brooks","Tim McGee",2
"Bill Brooks","Vance Johnson",5
"Bill Brooks","Joe Namath",2
"Bill Brooks","Nate Newton",3
"Benny Perrin","Henry Jones",5
"Benny Perrin","Fulton Walker",5
"Benny Perrin","Charles Woodson",1
"Benny Perrin","Everson Walls",1
"Crawford Ker","Johnny Hector",8
"Crawford Ker","Joe Namath",7
"Crawford Ker","Maurice Jones-Drew",1
"Crawford Ker","Vance Johnson",7
"Crawford Ker","Rueben Mayes",4
"Crawford Ker","Nate Newton",9
"Crawford Ker","Adam Stenavich",3
"Crawford Ker","Cole Strange",5
"Crawford Ker","Tracy Greene",1
"Crawford Ker","Bill Brooks",3
"Crawford Ker","Jeff Van Note II",2
"Raul Allegre","Cole Strange",3
"Raul Allegre","Jay Hilgenberg",4
"Raul Allegre","David Hughes",2
"Raul Allegre","Crawford Ker",1
"Raul Allegre","Dameon Pierce",3
"Grant Williams","Calvin Johnson",1
"Grant Williams","Maurice Jones-Drew",2
"Grant Williams","Rueben Mayes",2
"Adam Stenavich","Grant Williams",2
"Adam Stenavich","David Hughes",7
"Adam Stenavich","Damon Huard",5
"Adam Stenavich","Nate Newton",6
"Adam Stenavich","Maurice Jones-Drew",13
"Adam Stenavich","Jay Hilgenberg",18
"Adam Stenavich","Terry Glenn",9
"Adam Stenavich","Vance Johnson",9
"Adam Stenavich","Cole Strange",19
"Adam Stenavich","Jim McMahon",12
"Adam Stenavich","Germane Crowell",4
"Adam Stenavich","Calvin Johnson",12
"Adam Stenavich","Rueben Mayes",1
"Adam Stenavich","Stephon Heyer",14
"Adam Stenavich","Raul Allegre",2
"Adam Stenavich","Steve Cox",5
"Adam Stenavich","Tim McGee",4
"Adam Stenavich","Tim Wrightman",1
"Adam Stenavich","Crawford Ker",9
"Adam Stenavich","Bill Brooks",3
"Adam Stenavich","Carl McCullough",9
"Antonio Cromartie","Dan Hampton",12
"Antonio Cromartie","Terry Kinard",7
"Antonio Cromartie","Matt Blair II",14
"Antonio Cromartie","Travis Jones",5
"Antonio Cromartie","Andy Russell",10
"Antonio Cromartie","Ed Reynolds",5
"Antonio Cromartie","Charles Woodson",6
"Antonio Cromartie","Jermaine Johnson II",3
"Antonio Cromartie","Patrick Hunter",10
"Antonio Cromartie","Greg Townsend",2
"Antonio Cromartie","Fulton Walker",2
"Antonio Cromartie","Stewart Bradley",3
"Antonio Cromartie","Antonio Johnson",6
"Antonio Cromartie","Don Davis",7
"Antonio Cromartie","Mean Joe Greene",4
"Antonio Cromartie","Eric Turner",2
"Antonio Johnson","Stewart Bradley",7
"Antonio Johnson","Phil Hansen",2
"Antonio Johnson","Ed Reynolds",2
"Antonio Johnson","Donnie Humphrey",4
"Antonio Johnson","Tom Barndt",3
"Antonio Johnson","Greg Townsend",7
"Antonio Johnson","Arnold Ebiketie",3
"Antonio Johnson","Travis Jones",1
"Antonio Johnson","Matt Blair II",3
"Antonio Johnson","Andy Russell",1
"Antonio Johnson","Dan Hampton",1
"Antonio Johnson","Dennis Smith",1
"Antonio Johnson","E.J. Junior",4
"Antonio Johnson","Jermaine Johnson II",3
"Damon Huard","Todd Weiner",4
"Damon Huard","Ray Donaldson",3
"Damon Huard","Grant Williams",3
"Damon Huard","Maurice Jones-Drew",2
"Damon Huard","Dameon Pierce",2
"Damon Huard","Jason Mathews",2
"Damon Huard","Tim McGee",1
"Rueben Mayes","Johnny Hector",1
"Rueben Mayes","Calvin Johnson",2
"Rueben Mayes","Chigoziem Okonkwo",1
"Rueben Mayes","Tim Wrightman",4
"Rueben Mayes","Maurice Jones-Drew",3
"Rueben Mayes","Adam Stenavich",2
"Rueben Mayes","Stephon Heyer",3
"Rueben Mayes","Vance Johnson",5
"Rueben Mayes","Joe Andruzzi",3
"Rueben Mayes","Bill Brooks",1
"Rueben Mayes","Owen Daniels",5
"Rueben Mayes","Todd Weiner",2
"Tim McGee","Maurice Jones-Drew",1
"Tim McGee","Terry Glenn",7
"Tim McGee","Rueben Mayes",3
"Tim McGee","Adam Stenavich",8
"Tim McGee","Cole Strange",7
"Tim McGee","Raul Allegre",4
"Tim McGee","Vance Johnson",4
"Tim McGee","Tim Wrightman",7
"Tim McGee","Calvin Johnson",5
"Tim McGee","Germane Crowell",3
"Tim McGee","Jim McMahon",7
"Tim McGee","Carl Birdsong",3
"Tim McGee","Tracy Greene",1
"Tim McGee","Owen Daniels",4
"Tim McGee","Nate Newton",5
"Mean Joe Greene","Antonio Johnson",4
"Mean Joe Greene","Sam Rogers",2
"Mean Joe Greene","Eric Turner",3
"Mean Joe Greene","Travis Jones",4
"Mean Joe Greene","Everson Walls",3
"Mean Joe Greene","Don Davis",7
"Mean Joe Greene","Antonio Cromartie",4
"Mean Joe Greene","E.J. Junior",5
"Mean Joe Greene","Phil Hansen",1
"Owen Daniels","Irv Eatman",2
"Owen Daniels","Treylon Burks",3
"Owen Daniels","Terry Allen",1
"Owen Daniels","Ricky Ervins",4
"Owen Daniels","Joe Horn",6
"Owen Daniels","Christian Watson",6
"Owen Daniels","Marques Colston",10
"Owen Daniels","Amani Toomer",1
"Owen Daniels","Chris Kemoeatu",10
"Owen Daniels","Clay Shiver",7
"Owen Daniels","Tra Thomas",7
"Owen Daniels","Brett Basanez",2
"Owen Daniels","Calvin Magee",3
"Owen Daniels","Kenyon Green",3
"Owen Daniels","Joseph Addai",2
"Owen Daniels","Norm Johnson",2
"Owen Daniels","Dan Marino",1
"Owen Daniels","Joe Namath",5
"Owen Daniels","Crawford Ker",5
"Owen Daniels","Cole Strange",3
"Owen Daniels","Jim McMahon",4
"Owen Daniels","Vance Johnson",4
"Owen Daniels","Maurice Jones-Drew",2
"Owen Daniels","Carl McCullough",2
"Owen Daniels","Jay Hilgenberg",1
"Jeff Van Note II","Joe Andruzzi",5
"Jeff Van Note II","Jason Mathews",3
"Sam Rogers","Mean Joe Greene",3
"Sam Rogers","Tom Barndt",2
"Sam Rogers","Patrick Hunter",1
"Sam Rogers","Phil Hansen",1
"Sam Rogers","Ed Reynolds",1
"Sam Rogers","Antonio Cromartie",2
"Sam Rogers","Antonio Johnson",4
"Carl McCullough","Jim McMahon",2
"Carl McCullough","Calvin Johnson",3
"Carl McCullough","Todd Weiner",2
"Carl McCullough","Nate Newton",1
"Bernard Whittington","Arnold Ebiketie",7
"Bernard Whittington","Greg Townsend",2
"Bernard Whittington","Ed Reynolds",5
"Bernard Whittington","Sam Rogers",3
"Bernard Whittington","Antonio Cromartie",2
"Bernard Whittington","Patrick Hunter",1
"Bernard Whittington","Travis Jones",5
"Bernard Whittington","Tom Barndt",2
"Bernard Whittington","Jermaine Johnson II",1
"Bernard Whittington","Charles Woodson",3
"Bernard Whittington","Phil Hansen",5
"Bernard Whittington","DaRon Bland",3
"Tracy Greene","Rueben Mayes",2
"Tracy Greene","Maurice Jones-Drew",4
"Tracy Greene","Nate Newton",3
"Tracy Greene","Calvin Johnson",3
"Maurice Jones-Drew","Johnny Hector",4
"Maurice Jones-Drew","Stephon Heyer",18
"Maurice Jones-Drew","Crawford Ker",2
"Maurice Jones-Drew","Damon Huard",3
"Maurice Jones-Drew","Terry Glenn",14
"Maurice Jones-Drew","Calvin Johnson",14
"Maurice Jones-Drew","Adam Stenavich",6
"Maurice Jones-Drew","David Hughes",6
"Maurice Jones-Drew","Rueben Mayes",2
"Maurice Jones-Drew","Joe Namath",2
"Maurice Jones-Drew","Tim Wrightman",2
"Maurice Jones-Drew","Nate Newton",4
"Maurice Jones-Drew","Vance Johnson",19
"Maurice Jones-Drew","Cole Strange",16
"Maurice Jones-Drew","Tim McGee",4
"Maurice Jones-Drew","Jay Hilgenberg",13
"Maurice Jones-Drew","Bill Brooks",5
"Maurice Jones-Drew","Germane Crowell",8
"Maurice Jones-Drew","Jeff Van Note II",3
"Maurice Jones-Drew","Jim McMahon",3
"Maurice Jones-Drew","Carl McCullough",4
"Maurice Jones-Drew","Owen Daniels",3
"Maurice Jones-Drew","Tracy Greene",3
"DaRon Bland","Chad Eaton",10
"DaRon Bland","Bo Eason",3
"DaRon Bland","Pio Sagapolutele",1
"DaRon Bland","Terry Fair",10
"DaRon Bland","Tebucky Jones",1
"DaRon Bland","Marcus Coleman",4
"DaRon Bland","David Ojabo",12
"DaRon Bland","Jalen Pitre",6
"DaRon Bland","Patrick Willis",7
"DaRon Bland","Tariq Woolen",2
"DaRon Bland","Kenny Mixon",13
"DaRon Bland","Leon Hall",7
"DaRon Bland","Micah McFadden",1
"DaRon Bland","Duane Clemons",9
"DaRon Bland","Keith Willis",1
"Stewart Bradley","Jermaine Johnson II",4
"Stewart Bradley","Terry Kinard",10
"Stewart Bradley","Dan Hampton",3
"Stewart Bradley","Patrick Hunter",3
"Stewart Bradley","Henry Jones",2
"Stewart Bradley","Fulton Walker",2
"Stewart Bradley","Tom Barndt",6
"Stewart Bradley","Antonio Johnson",7
"Stewart Bradley","Greg Townsend",4
"Stewart Bradley","Ed Reynolds",4
"Stewart Bradley","Travis Jones",2
"Stewart Bradley","Donnie Humphrey",6
"Stewart Bradley","Matt Blair II",5
"Stewart Bradley","Andy Russell",2
"Stewart Bradley","Everson Walls",4
"Stewart Bradley","Arnold Ebiketie",5
"Stewart Bradley","Phil Hansen",3
"Chris Thome","Terry Glenn",1
"Henry Jones","Jermaine Johnson II",1
"Henry Jones","Benny Perrin",5
"Henry Jones","Phil Hansen",3
"Henry Jones","Matt Blair II",1
"Henry Jones","Donnie Humphrey",8
"Henry Jones","Greg Townsend",5
"Henry Jones","Travis Jones",10
"Henry Jones","Andy Russell",5
"Henry Jones","Antonio Johnson",11
"Henry Jones","Arnold Ebiketie",1
"Henry Jones","Terry Kinard",9
"Henry Jones","Patrick Hunter",6
"Henry Jones","Fulton Walker",3
"Henry Jones","Ron Rice",2
"Henry Jones","Charles Woodson",8
"Henry Jones","Ed Reynolds",2
"Henry Jones","Dan Hampton",3
"Henry Jones","Tom Barndt",2
"Henry Jones","Dennis Smith",3
"Henry Jones","Bernard Whittington",1
"Henry Jones","Stewart Bradley",4
"Don Davis","Bill Maas",6
"Don Davis","Ronnie Lott",1
"Don Davis","Tory James",1
"Don Davis","Albert Lewis",1
"Don Davis","Richard Byrd",6
"Don Davis","Jim Stillwagon",4
"Don Davis","Mike Golic",4
"Don Davis","Sean Jones",6
"Don Davis","Todd Scott",2
"Don Davis","Keena Turner",2
"Don Davis","Darrell Green",6
"Don Davis","Amare Barno",1
"Don Davis","Roger Wehrli",2
"Don Davis","Antonio Johnson",3
"Don Davis","Patrick Hunter",3
"Don Davis","Eric Turner",6
"Don Davis","Travis Jones",1
"Don Davis","Charles Woodson",2
"Don Davis","Sam Rogers",6
"Ed Reynolds","Charles Woodson",10
"Ed Reynolds","Ron Rice",1
"Ed Reynolds","Arnold Ebiketie",16
"Ed Reynolds","Phil Hansen",3
"Ed Reynolds","Greg Townsend",2
"Ed Reynolds","Antonio Cromartie",10
"Ed Reynolds","Donnie Humphrey",10
"Ed Reynolds","Jermaine Johnson II",4
"Ed Reynolds","Henry Jones",1
"Ed Reynolds","Andy Russell",9
"Ed Reynolds","Dan Hampton",3
"Ed Reynolds","Terry Kinard",2
"Ed Reynolds","Matt Blair II",2
"Ed Reynolds","Benny Perrin",5
"Ed Reynolds","Mean Joe Greene",13
"Ed Reynolds","Tom Barndt",4
"Ed Reynolds","Don Davis",1
"Ed Reynolds","E.J. Junior",3
"Ed Reynolds","Bernard Whittington",6
"Ed Reynolds","Travis Jones",2
"Ed Reynolds","Eric Turner",3
"Ed Reynolds","DaRon Bland",1
"E.J. Junior","James Houston IV",1
"E.J. Junior","John Bostic",2
"E.J. Junior","Darrelle Revis",11
"E.J. Junior","Clint Ingram",3
"E.J. Junior","Aaron Rouse",3
"E.J. Junior","Joshua Williams",3
"E.J. Junior","Colin Cole",3
"E.J. Junior","Tim Newton",6
"E.J. Junior","Scott Case",7
"E.J. Junior","Eric Brown",2
"E.J. Junior","Jeff Bryant",2
"E.J. Junior","Marcus Robertson",11
"E.J. Junior","Leon Lett",9
"E.J. Junior","William Fuller",6
"E.J. Junior","Ray Lewis",7
"E.J. Junior","Bernard Whittington",4
"E.J. Junior","Arnold Ebiketie",6
"E.J. Junior","Ed Reynolds",3
"E.J. Junior","Patrick Hunter",5
"E.J. Junior","Eric Turner",1
"E.J. Junior","Everson Walls",4
"E.J. Junior","Charles Woodson",4
"E.J. Junior","Travis Jones",5
"E.J. Junior","Tom Barndt",3
"Dennis Smith","Jacob Green",10
"Dennis Smith","Freddie Joe Nunn",4
"Dennis Smith","John Jurkovic",2
"Dennis Smith","Patrick Surtain",1
"Dennis Smith","Gary Plummer",2
"Dennis Smith","Mathias Kiwanuka",1
"Dennis Smith","Johnny Rembert",15
"Dennis Smith","Charles Mann",7
"Dennis Smith","Reed Blankenship",7
"Dennis Smith","Nik Bonitto",1
"Dennis Smith","Jamaal Anderson",3
"Dennis Smith","Jonathan Lewis",2
"Dennis Smith","Walt Harris",2
"Dennis Smith","Ray Horton",3
"Dennis Smith","Frank Minnifield",6
"Dennis Smith","Tom Barndt",3
"Dennis Smith","Everson Walls",1
"Dennis Smith","Antonio Johnson",2
"Jim McMahon","Tim Wrightman",4
"Jim McMahon","Ray Donaldson",1
"Jim McMahon","Grant Williams",4
"Jim McMahon","David Hughes",3
"Jim McMahon","Cole Strange",9
"Jim McMahon","Tim McGee",2
"Jim McMahon","Calvin Johnson",5
"Jim McMahon","Steve Cox",1
"Jim McMahon","Adam Stenavich",4
"Jim McMahon","Jay Hilgenberg",5
"Jim McMahon","Bill Brooks",1
"Jim McMahon","Stephon Heyer",8
"Jim McMahon","Jeff Van Note II",5
"Jim McMahon","Nate Newton",1
"Jim McMahon","Dameon Pierce",3
"Jim McMahon","Owen Daniels",5
"Jim McMahon","Vance Johnson",2
"Jim McMahon","Carl McCullough",2
"Everson Walls","Joe Phillips",12
"Everson Walls","Pat Swilling",5
"Everson Walls","Tony Casillas",3
"Everson Walls","Eugene Robinson",7
"Everson Walls","Marcus Jones CB",4
"Everson Walls","Dave Waymer",4
"Everson Walls","Russell Maryland",3
"Everson Walls","Simeon Rice",4
"Everson Walls","Lawrence Taylor",4
"Everson Walls","Kaiir Elam",1
"Everson Walls","Darryl Grant",3
"Everson Walls","Reggie White",3
"Everson Walls","Sam Rogers",7
"Everson Walls","Andy Russell",2
"Everson Walls","Arnold Ebiketie",3
"Everson Walls","Greg Townsend",4
"Jay Hilgenberg","Stephon Heyer",16
"Jay Hilgenberg","Terry Glenn",9
"Jay Hilgenberg","Grant Williams",1
"Jay Hilgenberg","Cole Strange",2
"Jay Hilgenberg","Adam Stenavich",14
"Jay Hilgenberg","Nate Newton",15
"Jay Hilgenberg","Rueben Mayes",4
"Jay Hilgenberg","Maurice Jones-Drew",18
"Jay Hilgenberg","Calvin Johnson",8
"Jay Hilgenberg","Pat Beach",2
"Jay Hilgenberg","David Hughes",4
"Jay Hilgenberg","Tim Wrightman",2
"Jay Hilgenberg","Vance Johnson",4
"Jay Hilgenberg","Tim McGee",3
"Jay Hilgenberg","Joe Namath",6
"Jay Hilgenberg","Crawford Ker",3
"Jay Hilgenberg","Raul Allegre",1
"Jay Hilgenberg","Owen Daniels",8
"Jay Hilgenberg","Jim McMahon",3
"Jay Hilgenberg","Carl McCullough",3
"Stephon Heyer","Cole Strange",8
"Stephon Heyer","Jim McMahon",7
"Stephon Heyer","Bill Brooks",8
"Stephon Heyer","Joe Namath",7
"Stephon Heyer","Todd Weiner",2
"Stephon Heyer","Jay Hilgenberg",15
"Stephon Heyer","Terry Glenn",16
"Stephon Heyer","Vance Johnson",24
"Stephon Heyer","Calvin Johnson",8
"Stephon Heyer","David Hughes",5
"Stephon Heyer","Adam Stenavich",15
"Stephon Heyer","Maurice Jones-Drew",23
"Stephon Heyer","Germane Crowell",4
"Stephon Heyer","Nate Newton",9
"Stephon Heyer","Rueben Mayes",8
"Stephon Heyer","Tim McGee",2
"Stephon Heyer","Carl Birdsong",1
"Stephon Heyer","Owen Daniels",3
"Stephon Heyer","Carl McCullough",2
"Eric Turner","Phil Hansen",1
"Eric Turner","Patrick Hunter",5
"Eric Turner","Andy Russell",1
"Eric Turner","Ed Reynolds",2
"Eric Turner","Antonio Cromartie",3
"Eric Turner","DaRon Bland",1
"Eric Turner","Charles Woodson",3
"Eric Turner","Jermaine Johnson II",1
"Eric Turner","Arnold Ebiketie",3
"Carl Birdsong","Billy Ard",3
"Carl Birdsong","Dwight Clark",2
"Carl Birdsong","Eric Moulds",3
"Carl Birdsong","Antone Davis",5
"Carl Birdsong","Kirk Gibson",2
"Carl Birdsong","Jeff Graham",1
"Carl Birdsong","Fred Beasley",2
"Carl Birdsong","Willie Gault",2
"Carl Birdsong","Olin Kreutz",1
"Carl Birdsong","Peyton Manning",1
"Carl Birdsong","Jason Mathews",1
"Carl Birdsong","Germane Crowell",2
"Carl Birdsong","Jay Hilgenberg",1
"Carl Birdsong","Raul Allegre",3
"Carl Birdsong","Tracy Greene",1
"Carl Birdsong","Owen Daniels",1
"Carl Birdsong","Carl McCullough",3
"Nephi Sewell","Otis Wilson",1
"Nephi Sewell","Juran Bolden",3
"Nephi Sewell","Terrel Bernard",12
"Nephi Sewell","Dexter Manley",7
"Nephi Sewell","Paul Moyer",4
"Nephi Sewell","Mike Richardson",7
"Nephi Sewell","Phillip Daniels",5
"Nephi Sewell","Eric Swann",4
"Nephi Sewell","Kenny Easley",3
"Nephi Sewell","Christopher Hinton",3
"Nephi Sewell","Randy Gradishar",10
"Nephi Sewell","Robert Lyles",1
"Nephi Sewell","Cedric Mack",7
"Nephi Sewell","Larry Roberts",2
"Nephi Sewell","Cobie Durant",1
"Jason Mathews","Bill Brooks",5
"Dameon Pierce","John Hannah",4
"Dameon Pierce","Muhsin Muhammad",3
"Dameon Pierce","Kyle Turley",8
"Dameon Pierce","Lionel James",1
"Dameon Pierce","Nick Folk",4
"Dameon Pierce","Jay Cutler",2
"Dameon Pierce","Eric Winston",3
"Dameon Pierce","Joe Andruzzi",1
"Dameon Pierce","Jim McMahon",1
"Dameon Pierce","Crawford Ker",4
"Andy Russell","Jermaine Johnson II",6
"Andy Russell","Charles Woodson",8
"Andy Russell","Antonio Johnson",8
"Andy Russell","Dan Hampton",2
"Andy Russell","Patrick Hunter",17
"Andy Russell","Terry Kinard",5
"Andy Russell","Tom Barndt",6
"Andy Russell","Donnie Humphrey",3
"Andy Russell","Travis Jones",5
"Andy Russell","Matt Blair II",1
"Andy Russell","Fulton Walker",2
"Andy Russell","Ed Reynolds",1
"Andy Russell","Antonio Cromartie",6
"Andy Russell","Arnold Ebiketie",1
"Andy Russell","Henry Jones",6
"Andy Russell","Eric Turner",3
"Andy Russell","E.J. Junior",2
"Rickey Jackson","Larry Brown",19
"Rickey Jackson","Rulon Jones",10
"Rickey Jackson","DeMeco Ryans",1
"Rickey Jackson","Dexter Manley",1
"Rickey Jackson","Mark Lee",2
"Rickey Jackson","Howie Long",12
"Rickey Jackson","Phidarian Mathis",1
"Rickey Jackson","Gill Byrd",4
"Rickey Jackson","Dave Butz II",7
"Rickey Jackson","Harry Hamilton",9
"Rickey Jackson","Zach Thomas",6
"Rickey Jackson","Vonnie Holliday",7
"Rickey Jackson","Jaylen Watson",13
"Rickey Jackson","Chuck Howley",9
"Rickey Jackson","Lemar Parrish",4
"Rickey Jackson","Zyon McCollum",3
"Rickey Jackson","Kevin Greene",1
"Rickey Jackson","Vince Newsome",1
"Rickey Jackson","Derion Kendrick",4
"Gill Byrd","Howie Long",15
"Gill Byrd","DeMeco Ryans",5
"Gill Byrd","Norman Hand",10
"Gill Byrd","Dave Butz II",7
"Gill Byrd","Lemar Parrish",5
"Gill Byrd","Larry Brown",8
"Gill Byrd","Rickey Jackson",9
"Gill Byrd","Vonnie Holliday",5
"Gill Byrd","Harry Hamilton",9
"Gill Byrd","Zach Thomas",16
"Gill Byrd","Mark Lee",1
"Gill Byrd","Rulon Jones",4
"Gill Byrd","Chuck Howley",3
"Gill Byrd","Derion Kendrick",2
"Gill Byrd","Kevin Greene",4
"Gill Byrd","Zyon McCollum",2
"Jay Cutler","Ken O'Brien",5
"Jay Cutler","Eric Winston",10
"Jay Cutler","Muhsin Muhammad",10
"Jay Cutler","Jeromey Clary",6
"Jay Cutler","Kyle Turley",4
"Jay Cutler","Nick Folk",3
"Jay Cutler","Herman Moore",13
"Jay Cutler","Russ Grimm",1
"Jay Cutler","Mark Bavaro",4
"Jay Cutler","Ed Ingram",5
"Jay Cutler","Mark Clayton",2
"Jay Cutler","Kevin Mack",12
"Jay Cutler","Greg Olsen",1
"Jay Cutler","Mike Wahle",5
"Jay Cutler","Lomas Brown",5
"Jay Cutler","Joe Prokop",3
"Jay Cutler","George Pickens",1
"Jay Cutler","Al Toon",21
"Jay Cutler","Jeff Hartings",13
"Jay Cutler","Mark Bortz",5
"Jay Cutler","Lionel James",2
"Jay Cutler","John Lee",3
"Jay Cutler","Reggie Bush",9
"Jay Cutler","Joe Jurevicius",2
"Jay Cutler","Tootie Robbins",1
"Reggie Bush","Jeromey Clary",1
"Reggie Bush","John Hannah",4
"Reggie Bush","Eric Winston",5
"Reggie Bush","Muhsin Muhammad",9
"Reggie Bush","Ed Ingram",11
"Reggie Bush","Mark Bavaro",19
"Reggie Bush","Joe Jurevicius",5
"Reggie Bush","Joe Prokop",4
"Reggie Bush","Herman Moore",5
"Reggie Bush","Kyle Turley",5
"Reggie Bush","George Pickens",11
"Reggie Bush","Jeff Hartings",16
"Reggie Bush","Nick Folk",2
"Reggie Bush","Al Toon",11
"Reggie Bush","Mark Clayton",6
"Reggie Bush","Jay Cutler",25
"Reggie Bush","Kevin Mack",10
"Reggie Bush","Lomas Brown",2
"Reggie Bush","John Lee",8
"Reggie Bush","Mike Wahle",4
"Reggie Bush","Isiah Pacheco",7
"Reggie Bush","Jeremy Ruckert",3
"Reggie Bush","Tootie Robbins",1
"Reggie Bush","Jim Sweeney",3
"Reggie Bush","Hank Baskett",2
"DeMeco Ryans","Phidarian Mathis",12
"DeMeco Ryans","Earl Holmes",1
"DeMeco Ryans","Norman Hand",1
"DeMeco Ryans","Zach Thomas",10
"DeMeco Ryans","Rulon Jones",1
"DeMeco Ryans","Chuck Howley",5
"DeMeco Ryans","Howie Long",5
"DeMeco Ryans","Mark Lee",3
"DeMeco Ryans","Martin Bayless",3
"DeMeco Ryans","Rickey Jackson",3
"DeMeco Ryans","Gill Byrd",4
"DeMeco Ryans","Derion Kendrick",5
"DeMeco Ryans","Nate Landman",1
"DeMeco Ryans","Jaylen Watson",5
"DeMeco Ryans","Vonnie Holliday",1
"DeMeco Ryans","Larry Brown",2
"Eric Winston","John Hannah",1
"Eric Winston","Lionel James",3
"Eric Winston","Mark Clayton",12
"Eric Winston","Muhsin Muhammad",1
"Eric Winston","Joe Jurevicius",3
"Eric Winston","Dan Turk",2
"Eric Winston","Mark Bavaro",12
"Eric Winston","Al Toon",11
"Eric Winston","Jeff Hartings",7
"Eric Winston","Ed Ingram",5
"Eric Winston","George Pickens",10
"Eric Winston","Jay Cutler",13
"Eric Winston","Reggie Bush",7
"Eric Winston","Mike Wahle",5
"Eric Winston","Lomas Brown",5
"Eric Winston","Greg Olsen",5
"Eric Winston","Kevin Mack",3
"Eric Winston","Tony Scheffler",4
"Eric Winston","Isiah Pacheco",11
"Eric Winston","Jim Sweeney",1
"Larry Brown","Dexter Manley",1
"Larry Brown","Lemar Parrish",7
"Larry Brown","Vonnie Holliday",8
"Larry Brown","Derion Kendrick",7
"Larry Brown","Howie Long",8
"Larry Brown","Norman Hand",11
"Larry Brown","Kevin Greene",8
"Larry Brown","Gill Byrd",22
"Larry Brown","Dave Butz II",11
"Larry Brown","Rickey Jackson",15
"Larry Brown","Jaylen Watson",23
"Larry Brown","Phidarian Mathis",3
"Larry Brown","DeMeco Ryans",18
"Larry Brown","Chuck Howley",5
"Larry Brown","Zach Thomas",14
"Larry Brown","Mark Lee",1
"Larry Brown","Rulon Jones",1
"Larry Brown","Harry Hamilton",11
"Larry Brown","Andy Headen",3
"Larry Brown","LaRon Landry",1
"Larry Brown","Dominique Robinson",1
"Lemar Parrish","Gill Byrd",13
"Lemar Parrish","Norman Hand",8
"Lemar Parrish","Mark Lee",3
"Lemar Parrish","Martin Bayless",2
"Lemar Parrish","Howie Long",4
"Lemar Parrish","Harry Hamilton",7
"Lemar Parrish","DeMeco Ryans",5
"Lemar Parrish","Kevin Greene",28
"Lemar Parrish","Rickey Jackson",11
"Lemar Parrish","Larry Brown",12
"Lemar Parrish","Zach Thomas",15
"Lemar Parrish","Dave Butz II",6
"Lemar Parrish","Chuck Howley",7
"Lemar Parrish","Jaylen Watson",1
"Lemar Parrish","Derion Kendrick",5
"Lemar Parrish","Vonnie Holliday",5
"Lemar Parrish","Jerry Boyarsky",4
"Rick Bryan","Zach Thomas",2
"Al Toon","Greg Olsen",6
"Al Toon","Herman Moore",7
"Al Toon","Nick Folk",3
"Al Toon","Eric Winston",13
"Al Toon","Mark Bavaro",2
"Al Toon","Joe Jurevicius",4
"Al Toon","Kevin Mack",12
"Al Toon","Russ Grimm",1
"Al Toon","Reggie Bush",3
"Al Toon","Muhsin Muhammad",3
"Al Toon","Dameon Pierce",7
"Al Toon","Tootie Robbins",5
"Al Toon","Ed Ingram",6
"Al Toon","Ken O'Brien",5
"Al Toon","Jeff Hartings",4
"Al Toon","George Halas",1
"Al Toon","Mike Wahle",2
"Al Toon","Jay Cutler",1
"Al Toon","Joe Prokop",3
"Al Toon","Isiah Pacheco",3
"Al Toon","Ray Finkle",2
"Al Toon","Jim Sweeney",3
"Al Toon","Tony Scheffler",4
"Howie Long","Andy Headen",4
"Howie Long","Ernie Sims",2
"Howie Long","Larry Brown",14
"Howie Long","Kevin Greene",15
"Howie Long","Chuck Howley",5
"Howie Long","Zach Thomas",9
"Howie Long","Jaylen Watson",19
"Howie Long","Norman Hand",6
"Howie Long","Lemar Parrish",14
"Howie Long","Mark Lee",10
"Howie Long","Rulon Jones",3
"Howie Long","Rickey Jackson",12
"Howie Long","Phidarian Mathis",7
"Howie Long","Gill Byrd",22
"Howie Long","Vonnie Holliday",9
"Howie Long","DeMeco Ryans",2
"Howie Long","Dave Butz II",8
"Howie Long","Harry Hamilton",9
"Howie Long","Derion Kendrick",7
"Howie Long","Greg Myers",3
"Howie Long","LaRon Landry",3
"Howie Long","Deron Cherry",1
"Howie Long","Cordale Flott",2
"Howie Long","Marty Carter",1
"Herman Moore","Russ Grimm",1
"Herman Moore","Dan Turk",3
"Herman Moore","Greg Olsen",4
"Herman Moore","Al Toon",8
"Herman Moore","Reggie Bush",7
"Herman Moore","Mark Bavaro",4
"Herman Moore","Jeff Hartings",7
"Herman Moore","Lomas Brown",5
"Herman Moore","Ed Ingram",6
"Herman Moore","Mark Clayton",10
"Herman Moore","Eric Winston",4
"Herman Moore","Kevin Mack",1
"Herman Moore","John Lee",2
"Herman Moore","George Pickens",8
"Herman Moore","Mike Wahle",11
"Herman Moore","Lionel James",3
"Herman Moore","Dameon Pierce",1
"Herman Moore","Isiah Pacheco",4
"Herman Moore","Jim Sweeney",2
"Herman Moore","Jay Cutler",3
"Herman Moore","Muhsin Muhammad",3
"George Pickens","Jalen Nailor",2
"George Pickens","Dameon Pierce",3
"George Pickens","Al Toon",12
"George Pickens","Kyle Turley",2
"George Pickens","Mark Bavaro",2
"George Pickens","Ed Ingram",7
"George Pickens","Kevin Mack",5
"George Pickens","Muhsin Muhammad",2
"George Pickens","Eric Winston",3
"George Pickens","Hank Baskett",4
"George Pickens","Reggie Bush",2
"George Pickens","Joe Prokop",4
"George Pickens","Lomas Brown",3
"George Pickens","Isiah Pacheco",2
"George Pickens","Ray Finkle",3
"George Pickens","Jeff Hartings",2
"Ed Ingram","Eric Winston",11
"Ed Ingram","George Pickens",4
"Ed Ingram","Kyle Turley",3
"Ed Ingram","Herman Moore",3
"Ed Ingram","Jeff Hartings",13
"Ed Ingram","Nick Folk",1
"Ed Ingram","Mark Clayton",19
"Ed Ingram","Russ Grimm",3
"Ed Ingram","Reggie Bush",8
"Ed Ingram","Mike Wahle",3
"Ed Ingram","Mark Bavaro",7
"Ed Ingram","Dameon Pierce",1
"Ed Ingram","Jay Cutler",7
"Ed Ingram","Al Toon",2
"Ed Ingram","Joe Prokop",3
"Ed Ingram","Muhsin Muhammad",8
"Ed Ingram","Lomas Brown",3
"Ed Ingram","Mark Bortz",3
"Ed Ingram","Isiah Pacheco",1
"Ed Ingram","Tootie Robbins",1
"Ed Ingram","Jeremy Ruckert",1
"Ed Ingram","Jim Sweeney",3
"Desmond Ridder","Mike Arthur",1
"Desmond Ridder","Dameon Pierce",2
"Desmond Ridder","Mark Bavaro",3
"Desmond Ridder","Eric Winston",2
"Desmond Ridder","Tony Collins",4
"Desmond Ridder","Hank Baskett",4
"Desmond Ridder","Al Toon",2
"Desmond Ridder","Broderick Thompson",2
"Desmond Ridder","Reggie Bush",1
"Harry Hamilton","Larry Brown",6
"Harry Hamilton","Howie Long",5
"Harry Hamilton","Chuck Howley",5
"Harry Hamilton","Norman Hand",8
"Harry Hamilton","Kevin Greene",7
"Harry Hamilton","Derion Kendrick",7
"Harry Hamilton","Zach Thomas",11
"Harry Hamilton","Phidarian Mathis",3
"Harry Hamilton","Andy Headen",4
"Harry Hamilton","Dave Butz II",4
"Harry Hamilton","Lemar Parrish",3
"Harry Hamilton","Cordale Flott",5
"Harry Hamilton","Zyon McCollum",3
"Kevin Mack","Kyle Turley",2
"Kevin Mack","Ken O'Brien",3
"Kevin Mack","Mark Clayton",12
"Kevin Mack","Jeff Hartings",14
"Kevin Mack","Mark Bavaro",2
"Kevin Mack","Mike Wahle",12
"Kevin Mack","Russ Grimm",1
"Kevin Mack","Muhsin Muhammad",4
"Kevin Mack","Al Toon",6
"Kevin Mack","Jay Cutler",1
"Kevin Mack","Reggie Bush",2
"Kevin Mack","Herman Moore",5
"Kevin Mack","George Pickens",1
"Kevin Mack","John Lee",4
"Kevin Mack","Desmond Ridder",3
"Kevin Mack","Jeromey Clary",2
"Kevin Mack","Tootie Robbins",2
"Kevin Mack","Evan Pilgrim",2
"Kevin Mack","Jeremy Ruckert",2
"Kevin Mack","Tony Scheffler",3
"Kevin Mack","Joe Prokop",3
"Kevin Mack","Jim Sweeney",3
"Kevin Mack","Ed Ingram",1
"Kevin Mack","Lomas Brown",2
"Zach Thomas","Gill Byrd",5
"Zach Thomas","Phidarian Mathis",4
"Zach Thomas","Kevin Greene",9
"Zach Thomas","Larry Brown",7
"Zach Thomas","Norman Hand",7
"Zach Thomas","Mark Lee",6
"Zach Thomas","Rickey Jackson",1
"Zach Thomas","Howie Long",6
"Zach Thomas","Vonnie Holliday",3
"Zach Thomas","Harry Hamilton",13
"Zach Thomas","Lemar Parrish",9
"Zach Thomas","Jaylen Watson",7
"Zach Thomas","Greg Myers",6
"Zach Thomas","Zyon McCollum",4
"Zach Thomas","Jerry Boyarsky",1
"Chuck Howley","Earl Holmes",2
"Chuck Howley","Mark Lee",5
"Chuck Howley","Harry Hamilton",13
"Chuck Howley","Derion Kendrick",5
"Chuck Howley","Rickey Jackson",13
"Chuck Howley","Phidarian Mathis",3
"Chuck Howley","Norman Hand",6
"Chuck Howley","Gill Byrd",12
"Chuck Howley","Kevin Greene",13
"Chuck Howley","Zach Thomas",17
"Chuck Howley","Dave Butz II",9
"Chuck Howley","Jaylen Watson",9
"Chuck Howley","Howie Long",9
"Chuck Howley","Vonnie Holliday",7
"Chuck Howley","Lemar Parrish",10
"Chuck Howley","DeMeco Ryans",9
"Chuck Howley","Larry Brown",9
"Chuck Howley","Rulon Jones",4
"Chuck Howley","Cordale Flott",8
"Chuck Howley","Marty Carter",1
"Vonnie Holliday","Larry Brown",3
"Vonnie Holliday","Mark Lee",3
"Vonnie Holliday","Norman Hand",2
"Vonnie Holliday","Marty Carter",2
"Vonnie Holliday","Kevin Greene",2
"Mike Wahle","John Hannah",2
"Mike Wahle","Al Toon",8
"Mike Wahle","Eric Winston",7
"Mike Wahle","Desmond Ridder",2
"Mike Wahle","Ed Ingram",3
"Mike Wahle","Mark Bavaro",5
"Mike Wahle","Mark Clayton",7
"Mike Wahle","Lomas Brown",7
"Mike Wahle","Joe Prokop",2
"Mike Wahle","Jeff Hartings",5
"Mike Wahle","Reggie Bush",7
"Mike Wahle","Herman Moore",9
"Mike Wahle","Jay Cutler",6
"Mike Wahle","Muhsin Muhammad",6
"Mike Wahle","Greg Olsen",1
"Mike Wahle","Ken O'Brien",4
"Mike Wahle","Jeromey Clary",5
"Mike Wahle","Jim Sweeney",4
"Mike Wahle","Isiah Pacheco",2
"Mike Wahle","Kevin Mack",4
"Mike Wahle","Jeremy Ruckert",1
"Joe Jurevicius","Russ Grimm",7
"Joe Jurevicius","Greg Olsen",3
"Joe Jurevicius","Jay Cutler",3
"Joe Jurevicius","Tony Scheffler",3
"Joe Jurevicius","Joe Prokop",3
"Jeff Hartings","Guy Bingham",4
"Jeff Hartings","LenDale White",2
"Jeff Hartings","Stephone Paige",4
"Jeff Hartings","Mark Bavaro",15
"Jeff Hartings","Mike Wahle",22
"Jeff Hartings","Jay Cutler",7
"Jeff Hartings","Reggie Bush",11
"Jeff Hartings","George Pickens",4
"Jeff Hartings","Russ Grimm",2
"Jeff Hartings","Kyle Turley",1
"Jeff Hartings","Ed Ingram",6
"Jeff Hartings","Joe Jurevicius",4
"Jeff Hartings","Al Toon",6
"Jeff Hartings","Lomas Brown",7
"Jeff Hartings","Kevin Mack",2
"Jeff Hartings","Mark Bortz",8
"Jeff Hartings","Eric Winston",21
"Jeff Hartings","Joe Prokop",4
"Jeff Hartings","Mark Clayton",7
"Jeff Hartings","Herman Moore",3
"Jeff Hartings","Isiah Pacheco",3
"Jeff Hartings","Tony Scheffler",2
"Jeff Hartings","Jim Sweeney",5
"Jeff Hartings","Muhsin Muhammad",1
"Jeff Hartings","Jeremy Ruckert",2
"Kevin Greene","Ken Clarke",8
"Kevin Greene","Larry Roberts",2
"Kevin Greene","Chuck Howley",15
"Kevin Greene","Harry Hamilton",15
"Kevin Greene","Gill Byrd",12
"Kevin Greene","Norman Hand",12
"Kevin Greene","Howie Long",2
"Kevin Greene","Phidarian Mathis",3
"Kevin Greene","Rulon Jones",3
"Kevin Greene","Greg Myers",3
"Kevin Greene","Jaylen Watson",3
"Kevin Greene","Derion Kendrick",3
"Kevin Greene","Lemar Parrish",3
"Kevin Greene","Dave Butz II",3
"Kevin Greene","DeMeco Ryans",2
"Kevin Greene","Rickey Jackson",8
"Kevin Greene","Cordale Flott",5
"Kevin Greene","Jerry Boyarsky",4
"Kevin Greene","Larry Brown",5
"Lomas Brown","Joe Perry",3
"Lomas Brown","Jim Kelly",1
"Lomas Brown","Aaron Graham",2
"Lomas Brown","Jason White",4
"Lomas Brown","Gary Zimmerman",7
"Lomas Brown","Chris Chester",1
"Lomas Brown","Quentin Neujahr",3
"Lomas Brown","Bobby Engram",5
"Lomas Brown","Al Bundy",2
"Lomas Brown","Ricky Williams",1
"Lomas Brown","Jeff Hartings",8
"Lomas Brown","Greg Olsen",2
"Lomas Brown","Kevin Mack",2
"Lomas Brown","Jay Cutler",25
"Lomas Brown","Joe Prokop",5
"Lomas Brown","Mike Wahle",11
"Lomas Brown","Ed Ingram",17
"Lomas Brown","Al Toon",3
"Lomas Brown","Eric Winston",7
"Lomas Brown","Mark Bavaro",1
"Lomas Brown","Reggie Bush",4
"Lomas Brown","George Pickens",4
"Lomas Brown","Herman Moore",8
"Lomas Brown","Muhsin Muhammad",4
"Lomas Brown","Mark Bortz",2
"Lomas Brown","Tony Scheffler",4
"Lomas Brown","Desmond Ridder",4
"Lomas Brown","Tootie Robbins",3
"Lomas Brown","Isiah Pacheco",4
"Lomas Brown","Jeremy Ruckert",4
"Lomas Brown","Jim Sweeney",5
"Tootie Robbins","Dan Turk",4
"Tootie Robbins","Al Toon",4
"Tootie Robbins","Mark Clayton",4
"Tootie Robbins","George Pickens",4
"Tootie Robbins","Greg Olsen",5
"Tootie Robbins","Ken O'Brien",1
"Tootie Robbins","Desmond Ridder",4
"Tootie Robbins","Mark Bavaro",2
"Tootie Robbins","John Lee",2
"Tootie Robbins","Kevin Mack",3
"Tootie Robbins","Muhsin Muhammad",3
"Tootie Robbins","Ed Ingram",2
"Joe Prokop","Kyle Turley",5
"Joe Prokop","Herman Moore",3
"Joe Prokop","Dameon Pierce",4
"Joe Prokop","Tootie Robbins",4
"Joe Prokop","Al Toon",4
"Joe Prokop","Lionel James",3
"Joe Prokop","Nick Folk",1
"Joe Prokop","Jeff Hartings",2
"Joe Prokop","Muhsin Muhammad",4
"Joe Prokop","Reggie Bush",9
"Joe Prokop","Eric Winston",7
"Muhsin Muhammad","Jeromey Clary",2
"Muhsin Muhammad","John Hannah",6
"Muhsin Muhammad","Russ Grimm",5
"Muhsin Muhammad","Al Toon",8
"Muhsin Muhammad","George Pickens",1
"Muhsin Muhammad","Greg Olsen",5
"Muhsin Muhammad","Jay Cutler",11
"Muhsin Muhammad","Kyle Turley",1
"Muhsin Muhammad","Reggie Bush",10
"Muhsin Muhammad","Eric Winston",4
"Muhsin Muhammad","Kevin Mack",9
"Muhsin Muhammad","Herman Moore",3
"Muhsin Muhammad","Mike Wahle",2
"Muhsin Muhammad","Mark Bavaro",10
"Muhsin Muhammad","Mark Clayton",3
"Muhsin Muhammad","Jeff Hartings",1
"Muhsin Muhammad","Ken O'Brien",1
"Muhsin Muhammad","Jeremy Ruckert",3
"Muhsin Muhammad","Isiah Pacheco",4
"Muhsin Muhammad","Ed Ingram",2
"Muhsin Muhammad","Lomas Brown",2
"Isiah Pacheco","Eric Moulds",9
"Isiah Pacheco","Andrew Glover",2
"Isiah Pacheco","Albert Bentley",1
"Isiah Pacheco","Kirk Gibson",10
"Isiah Pacheco","Dwight Clark",3
"Isiah Pacheco","Peyton Manning",5
"Isiah Pacheco","Mike Brisiel",4
"Isiah Pacheco","Vernon Davis",9
"Isiah Pacheco","Fred Beasley",4
"Isiah Pacheco","Carl Birdsong",5
"Isiah Pacheco","Winston Justice",3
"Isiah Pacheco","Harvey Salem",2
"Isiah Pacheco","Jeff Graham",7
"Isiah Pacheco","Adam Vinatieri",4
"Isiah Pacheco","Olin Kreutz",5
"Isiah Pacheco","Robert Edwards",2
"Isiah Pacheco","Jeromey Clary",3
"Isiah Pacheco","Ed Ingram",2
"Isiah Pacheco","Desmond Ridder",1
"Isiah Pacheco","George Halas",5
"Isiah Pacheco","Hank Baskett",3
"Isiah Pacheco","Muhsin Muhammad",1
"Isiah Pacheco","Jay Cutler",2
"Isiah Pacheco","George Pickens",2
"Isiah Pacheco","Kevin Mack",3
"Isiah Pacheco","Mike Wahle",2
"Jim Sweeney","Bruce Matthews",12
"Jim Sweeney","Kevin Glover",12
"Jim Sweeney","Mike Williams",12
"Jim Sweeney","Flozell Adams",3
"Jim Sweeney","Joe Walter",1
"Jim Sweeney","Jermaine Lewis",6
"Jim Sweeney","John Elway",2
"Jim Sweeney","Dean Miraldi",2
"Jim Sweeney","Freeman McNeil",1
"Jim Sweeney","Wan'Dale Robinson",5
"Jim Sweeney","Jimbo Covert",3
"Jim Sweeney","Isaiah Likely",9
"Jim Sweeney","Matt Stover",3
"Jim Sweeney","Brian Robinson Jr",1
"Jim Sweeney","James Jones FB II",1
"Jim Sweeney","Robert Meachem",2
"Jim Sweeney","Greg Jennings",2
"Jim Sweeney","Jamaree Salyer",1
"Jim Sweeney","Herman Moore",1
"Jim Sweeney","Tootie Robbins",1
"Jim Sweeney","Joe Jurevicius",3
"Jim Sweeney","Jay Cutler",3
"Jim Sweeney","Eric Winston",5
"Jim Sweeney","Lomas Brown",3
"Jim Sweeney","Isiah Pacheco",4
"Jim Sweeney","George Pickens",7
"Jim Sweeney","Reggie Bush",1
"Jim Sweeney","Mike Wahle",4
"Jim Sweeney","Jeff Hartings",3
"Jim Sweeney","Al Toon",2
"Jim Sweeney","Broderick Thompson",1
"Dave Butz II","Vonnie Holliday",2
"Dave Butz II","Norman Hand",1
"Dave Butz II","Larry Brown",13
"Dave Butz II","Harry Hamilton",14
"Dave Butz II","Gill Byrd",5
"Dave Butz II","Rickey Jackson",4
"Dave Butz II","Rulon Jones",2
"Dave Butz II","Mark Lee",2
"Dave Butz II","Zach Thomas",5
"Dave Butz II","Lemar Parrish",3
"Dave Butz II","Kevin Greene",5
"Dave Butz II","Jaylen Watson",2
"Dave Butz II","Earl Holmes",2
"Dave Butz II","Chuck Howley",1
"Dave Butz II","Vince Newsome",1
"Ray Finkle","Ed Ingram",5
"Ray Finkle","Jim Sweeney",3
"Ray Finkle","Muhsin Muhammad",4
"Ray Finkle","Mike Wahle",1
"Ray Finkle","Isiah Pacheco",3
"Vince Newsome","Curly Lambeau",3
"Vince Newsome","Hollis Thomas",1
"Vince Newsome","Sam Seale",1
"Vince Newsome","Emlen Tunnell",1
"Vince Newsome","Lance Schulters",5
"Vince Newsome","Kamerion Wimbley",2
"Vince Newsome","Bronko Nagurski",1
"Jeremy Ruckert","Marshal Yanda",3
"Jeremy Ruckert","Ed West",1
"Jeremy Ruckert","Reggie Bush",3
"Jeremy Ruckert","Kevin Mack",3
"Jeremy Ruckert","Jeff Hartings",1
"Jeremy Ruckert","Jay Cutler",2
"Jeremy Ruckert","Muhsin Muhammad",2
"Jeremy Ruckert","Eric Winston",3
"Jeremy Ruckert","Jim Sweeney",2
"Jeremy Ruckert","Herman Moore",5
"Jeremy Ruckert","Al Toon",1
"Nate Landman","Kevin Greene",4
"Nate Landman","Zach Thomas",4
"Jaylen Watson","Phidarian Mathis",1
"Jaylen Watson","Mark Lee",12
"Jaylen Watson","Vonnie Holliday",7
"Jaylen Watson","Martin Bayless",1
"Jaylen Watson","Kevin Greene",6
"Jaylen Watson","Rickey Jackson",8
"Jaylen Watson","Howie Long",5
"Jaylen Watson","Rulon Jones",2
"Jaylen Watson","Lemar Parrish",7
"Jaylen Watson","Larry Brown",12
"Jaylen Watson","Harry Hamilton",2
"Jaylen Watson","DeMeco Ryans",1
"Jaylen Watson","Dave Butz II",6
"Jaylen Watson","Chuck Howley",5
"Jaylen Watson","Norman Hand",2
"Jaylen Watson","Andy Headen",1
"Jaylen Watson","Derion Kendrick",6
"Jaylen Watson","Gill Byrd",2
"Zyon McCollum","Jack Gibbens",3
"Zyon McCollum","Tim Newton",2
"Zyon McCollum","Marcus Robertson",9
"Zyon McCollum","Garth Jax",4
"Zyon McCollum","Ron Ferrari",3
"Zyon McCollum","William Fuller",1
"Zyon McCollum","Leon Lett",2
"Zyon McCollum","Larry Brown",3
"Derion Kendrick","Rickey Jackson",5
"Derion Kendrick","Ernie Sims",2
"Derion Kendrick","Howie Long",6
"Derion Kendrick","Mark Lee",5
"Derion Kendrick","Vonnie Holliday",4
"Derion Kendrick","DeMeco Ryans",3
"Derion Kendrick","Chuck Howley",1
"LaRon Landry","Kyler Gordon",5
"LaRon Landry","Trent McDuffie",4
"LaRon Landry","Edgar Jones",4
"LaRon Landry","Tamba Hali",4
"LaRon Landry","Mike Flores",1
"LaRon Landry","Vonnie Holliday",3
"LaRon Landry","Lemar Parrish",1
"LaRon Landry","Kevin Greene",3
"Jeromey Clary","John Hannah",1
"Jeromey Clary","Mark Clayton",3
"Jeromey Clary","Mark Bavaro",8
"Jeromey Clary","Mike Arthur",1
"Jeromey Clary","Reggie Bush",3
"Jeromey Clary","Joe Jurevicius",3
"Jeromey Clary","George Pickens",1
"Gerald Alexander","Tramon Williams",2
"Gerald Alexander","LaMarr Woodley",2
"Gerald Alexander","Andre Waters",9
"Gerald Alexander","Vince Newsome",2
"Gerald Alexander","Dave Butz II",5
"Jeremy Cain","Stan Brock",9
"Jeremy Cain","Richmond McGee",3
"Jeremy Cain","Jamie Dukes",2
"Jeremy Cain","Mike Sims-Walker",2
"Jeremy Cain","Daryn Colledge",2
"Jeremy Cain","Santonio Holmes",7
"Jeremy Cain","Alan Faneca",3
"Jeremy Cain","Zach Strief",2
"Jeremy Cain","Rich Karlis",1
"Jeremy Cain","Tony Collins",1
"Jeremy Cain","Desmond Ridder",3
"Jeremy Cain","Broderick Thompson",1
"Earl Holmes","Harry Hamilton",4
"Earl Holmes","LaRon Landry",4
"Earl Holmes","Derion Kendrick",4
"Tony Scheffler","Ted Ginn Jr.",13
"Tony Scheffler","Luke Goedeke",6
"Tony Scheffler","Roman Fortin",2
"Tony Scheffler","Ephraim Salaam",1
"Tony Scheffler","Brandon Marshall",8
"Tony Scheffler","Anthony Carter",1
"Tony Scheffler","Dylan Parham",1
"Tony Scheffler","Scott Blanton",4
"Tony Scheffler","Joe Jacoby",6
"Tony Scheffler","Mike Munchak",3
"Tony Scheffler","Joe Perry",3
"Tony Scheffler","Chris Chester",3
"Tony Scheffler","Steve McKinney",2
"Tony Scheffler","Jerry Rice",2
"Tony Scheffler","Hank Baskett",2
"Tony Scheffler","Kevin Mack",3
"Tony Scheffler","George Pickens",4
"Tony Scheffler","Eric Winston",4
"Tony Scheffler","Isiah Pacheco",5
"Jerry Boyarsky","Kevin Ross",14
"Jerry Boyarsky","William Thomas",1
"Jerry Boyarsky","Luke Masterson",3
"Jerry Boyarsky","Jon Beason",6
"Jerry Boyarsky","Pat Ballage",1
"Jerry Boyarsky","Mark Duda",2
"Jerry Boyarsky","Ron Rivera",9
"Jerry Boyarsky","Robert Brown",3
"Jerry Boyarsky","Ray Childress",2
"Jerry Boyarsky","Vonnie Holliday",2
"Jerry Boyarsky","Howie Long",1
"Martin Bayless","Jaylen Watson",3
"Broderick Thompson","Tuffy Leemans",4
"Broderick Thompson","Doug Flutie",1
"Broderick Thompson","Al Toon",5
"Broderick Thompson","Ray Finkle",4
"Broderick Thompson","Tootie Robbins",3
"Broderick Thompson","Jeromey Clary",2
"Marty Carter","Marcus Coleman",2
"Marty Carter","Chad Eaton",3
"Marty Carter","Pio Sagapolutele",1
"Marty Carter","Vaughan Johnson",3
"Marty Carter","Fred Thomas",3
"Marty Carter","Jalen Pitre",3
"Marty Carter","Curly Lambeau",5
"Marty Carter","Lance Schulters",4
"Marty Carter","Emlen Tunnell",1
"Marty Carter","Joshua Fatu",1
"Marty Carter","Quay Walker",4
"Marty Carter","Michael Carter",3
"Marty Carter","Dominique Robinson",3
"Deron Cherry","Mike Richardson",3
"Deron Cherry","Christopher Hinton",3
"Deron Cherry","Phillip Daniels",1
"Deron Cherry","Otis Wilson",1
"Deron Cherry","Cedric Mack",1
"Deron Cherry","Paul Moyer",4
"Deron Cherry","Robert Lyles",3
"Deron Cherry","Eric Swann",3
"Deron Cherry","Jaylen Watson",4
"Deron Cherry","Lemar Parrish",2
"Deron Cherry","DeMeco Ryans",2
"Deron Cherry","Derion Kendrick",2
"Hank Baskett","Alan Faneca",2
"Hank Baskett","Skylar Thompson",1
"Hank Baskett","Webster Slaughter",3
"Hank Baskett","Daryn Colledge",2
"Hank Baskett","George Halas",1
"Hank Baskett","Kevin Mack",8
"Hank Baskett","Ray Finkle",4
"Dominique Robinson","Sauce Gardner",11
"Dominique Robinson","David Fulcher",1
"Dominique Robinson","Clint Session",4
"Dominique Robinson","Leslie O'Neal",2
"Dominique Robinson","Mike Prior",1
"Dominique Robinson","Leonard Marshall",3
"Dominique Robinson","Chris Washington",1
"George Halas","TJAJRJ Backslashinfourth V",1
"George Halas","Alvin Harper",3
"George Halas","Pete Holohan",7
"George Halas","Jonathan Hayes",6
"George Halas","Jimmy Conzelman",3
"George Halas","Dan Turk",7
"George Halas","Ken Reeves",1
"George Halas","Gene Williams",10
"George Halas","Morten Andersen",1
"George Halas","Terry Allen",10
"George Halas","Ken Ruettgers",4
"George Halas","D'Pez Poopsie",7
"George Halas","Steve Sewell",4
"George Halas","Jim Ritcher",1
"George Halas","Reggie Langhorne",5
"George Halas","LenDale White",2
"George Halas","Jeromey Clary",3
"George Halas","Broderick Thompson",2
"George Halas","Reggie Bush",3
"Cordale Flott","Chinedum Ndukwe",4
"Evan Pilgrim","Lionel Manuel",3
"Evan Pilgrim","Trevor Penning",3
"Evan Pilgrim","Cris Collinsworth",4
"Evan Pilgrim","Joe Staley",3
"Evan Pilgrim","Dan Fike",3
"Evan Pilgrim","Forrest Gump",4
"Evan Pilgrim","George Halas",5
"Tony Collins","Chris Dieterich",2
"Tony Collins","Daryn Colledge",3
"Tony Collins","Richmond McGee",2
"Tony Collins","Vince Young",6
"Tony Collins","Hank Baskett",3
"Tony Collins","Santonio Holmes",3
"Neil O'Donnell","Tony Hill",3
"Neil O'Donnell","Kevin Dyson",2
"Neil O'Donnell","Renaldo Nehemiah",4
"Neil O'Donnell","Tony Paige",2
"Neil O'Donnell","Cap Boso",5
"Neil O'Donnell","Marshawn Lynch",3
"Neil O'Donnell","George Musso",3
"Neil O'Donnell","Mack Strong",1
"Chris Doleman","Ken Strong",13
"Chris Doleman","Michael Carter",13
"Chris Doleman","D'Marco Jackson",3
"Chris Doleman","Brian Asamoah II",14
"Chris Doleman","Roger McCreary",2
"Chris Doleman","Troy Andersen",6
"Chris Doleman","Evan Cooper",6
"Chris Doleman","Bruce Smith",14
"Chris Doleman","Chris Green",6
"Chris Doleman","Dick LeBeau",16
"Chris Doleman","Emlen Tunnell",9
"Chris Doleman","Bob Nelson",3
"Chris Doleman","Garin Veris",1
"Chris Doleman","La'Roi Glover",22
"Chris Doleman","Todd Lyght",10
"Chris Doleman","Jack Sanborn",6
"Chris Doleman","Shaun Gayle",5
"Chris Doleman","Bronko Nagurski",8
"Chris Doleman","John Offerdahl",3
"Bruce Smith","Todd Lyght",7
"Bruce Smith","La'Roi Glover",5
"Bruce Smith","Dick LeBeau",3
"Bruce Smith","Brian Asamoah II",8
"Bruce Smith","Garin Veris",2
"Bruce Smith","Chris Doleman",4
"Bruce Smith","Wes Hopkins",2
"Bruce Smith","Roger McCreary",13
"Bruce Smith","Ken Strong",4
"Bruce Smith","Emlen Tunnell",6
"Bruce Smith","Matt Millen",1
"Bruce Smith","Bronko Nagurski",7
"Bruce Smith","Hollis Thomas",2
"Bruce Smith","Evan Cooper",7
"Bruce Smith","Chris Green",1
"Bruce Smith","Shaun Gayle",4
"Bruce Smith","Domata Peko",3
"Bruce Smith","Dan Wilkinson",4
"Bruce Smith","John Offerdahl",3
"Bruce Smith","Jack Sanborn",8
"Bruce Smith","Troy Andersen",2
"Jonathan Ogden","Tom Toth",5
"Jonathan Ogden","Ryan Grant",8
"Jonathan Ogden","Rickey Dudley",9
"Jonathan Ogden","Paul Warfield",12
"Jonathan Ogden","Luke Fortner",5
"Jonathan Ogden","Tom Rathman",8
"Jonathan Ogden","Rohn Stark",1
"Jonathan Ogden","Stephen Gostkowski",5
"Jonathan Ogden","Evan Neal",15
"Jonathan Ogden","Steve Wallace",4
"Jonathan Ogden","Levi Brown",2
"Jonathan Ogden","Mark Tuinei",2
"Jonathan Ogden","Eric Moten",13
"Jonathan Ogden","Curt Warner",7
"Jonathan Ogden","Eddie Brown",5
"Jonathan Ogden","Chris Hetherington",4
"Jonathan Ogden","Brandon Burlsworth",8
"Jonathan Ogden","Rachaad White",3
"Jonathan Ogden","Jim Kelly",2
"La'Roi Glover","Bob Nelson",1
"La'Roi Glover","Domata Peko",3
"La'Roi Glover","Robert Moore",4
"La'Roi Glover","Ken Strong",4
"La'Roi Glover","Chris Doleman",1
"La'Roi Glover","Evan Cooper",1
"La'Roi Glover","Shaun Gayle",2
"La'Roi Glover","Bruce Smith",2
"La'Roi Glover","Dick LeBeau",6
"La'Roi Glover","Jack Sanborn",2
"La'Roi Glover","Emlen Tunnell",3
"La'Roi Glover","Bryan Cook",5
"La'Roi Glover","Todd Lyght",5
"La'Roi Glover","Gerald Robinson",5
"Paul Warfield","Ryan Grant",13
"Paul Warfield","Ken Stabler",5
"Paul Warfield","Eddie Brown",6
"Paul Warfield","Jay Schroeder",2
"Paul Warfield","Greg Dulcich",3
"Paul Warfield","Jonathan Ogden",4
"Paul Warfield","Rohn Stark",1
"Paul Warfield","Rickey Dudley",2
"Paul Warfield","Tom Rathman",11
"Paul Warfield","Hines Ward",3
"Paul Warfield","Kevin Donnalley",1
"Paul Warfield","Steve Wallace",5
"Paul Warfield","Curt Warner",12
"Paul Warfield","Eric Moten",12
"Paul Warfield","Mark Tuinei",5
"Paul Warfield","Evan Neal",5
"Paul Warfield","Brandon Burlsworth",8
"Paul Warfield","Luke Fortner",5
"Paul Warfield","Mark Boyer",1
"Paul Warfield","Tom Toth",1
"Paul Warfield","Ray Brown",4
"Paul Warfield","Jim Kelly",1
"Stephen Gostkowski","Kevin Donnalley",3
"Stephen Gostkowski","Tom Rathman",2
"Stephen Gostkowski","Curt Warner",1
"Stephen Gostkowski","Eric Moten",8
"Stephen Gostkowski","Hines Ward",2
"Stephen Gostkowski","Daniel Bellinger",5
"Ken Stabler","Mark Tuinei",3
"Ken Stabler","Jay Schroeder",1
"Ken Stabler","Eric Moten",2
"Ken Stabler","Steve Wallace",3
"Ken Stabler","Ryan Grant",5
"Ken Stabler","Greg Dulcich",2
"Ken Stabler","Brandon Burlsworth",8
"Ken Stabler","Curt Warner",12
"Ken Stabler","Luke Fortner",1
"Ken Stabler","Jonathan Ogden",1
"Ken Stabler","Daniel Bellinger",3
"Ryan Grant","Jonathan Ogden",5
"Ryan Grant","Charlie Batch",6
"Ryan Grant","Levi Brown",2
"Ryan Grant","Rickey Dudley",8
"Ryan Grant","Eric Moten",3
"Ryan Grant","Ken Stabler",2
"Ryan Grant","Curt Warner",7
"Ryan Grant","Eddie Brown",6
"Ryan Grant","Greg Dulcich",1
"Ryan Grant","Steve Wallace",4
"Ryan Grant","Brandon Burlsworth",7
"Ryan Grant","Hines Ward",9
"Ryan Grant","Jim Kelly",6
"Ryan Grant","Tom Rathman",5
"Ryan Grant","Luke Fortner",2
"Ryan Grant","Paul Warfield",5
"Ryan Grant","Mark Tuinei",2
"Ryan Grant","Evan Neal",3
"Ryan Grant","Chris Hetherington",3
"Ryan Grant","Tom Toth",3
"Ryan Grant","Rachaad White",2
"Ryan Grant","Ray Brown",4
"Rickey Dudley","Ray Brown",5
"Rickey Dudley","Ryan Grant",10
"Rickey Dudley","Brandon Burlsworth",19
"Rickey Dudley","Jonathan Ogden",10
"Rickey Dudley","Romeo Doubs",6
"Rickey Dudley","Paul Warfield",18
"Rickey Dudley","Mark Tuinei",2
"Rickey Dudley","Eric Moten",10
"Rickey Dudley","Tom Rathman",3
"Rickey Dudley","Hines Ward",14
"Rickey Dudley","Curt Warner",9
"Rickey Dudley","Evan Neal",11
"Rickey Dudley","Eddie Brown",10
"Rickey Dudley","Kevin Donnalley",3
"Rickey Dudley","Jim Kelly",13
"Rickey Dudley","Anthony Fasano",4
"Rickey Dudley","Chris Hetherington",2
"Rickey Dudley","Tom Toth",7
"Rickey Dudley","Stephen Gostkowski",5
"Rickey Dudley","Luke Fortner",1
"Eddie Brown","Jonathan Ogden",7
"Eddie Brown","Curt Warner",3
"Eddie Brown","Ken Stabler",4
"Eddie Brown","Eric Moten",9
"Eddie Brown","Evan Neal",15
"Eddie Brown","Greg Dulcich",3
"Eddie Brown","Brandon Burlsworth",3
"Eddie Brown","Steve Wallace",5
"Eddie Brown","Tom Rathman",12
"Eddie Brown","Rickey Dudley",6
"Eddie Brown","Rod Rutledge",3
"Eddie Brown","Rohn Stark",2
"Eddie Brown","Jim Kelly",9
"Eddie Brown","Stephen Alexander",4
"Eddie Brown","Hines Ward",2
"Eddie Brown","Rich Braham",4
"Eddie Brown","Luke Fortner",4
"Eddie Brown","Paul Warfield",1
"Eddie Brown","Stephen Gostkowski",3
"Eddie Brown","Daniel Bellinger",1
"Dick LeBeau","Roger McCreary",17
"Dick LeBeau","Garin Veris",1
"Dick LeBeau","Troy Andersen",11
"Dick LeBeau","Jack Sanborn",4
"Dick LeBeau","Michael Carter",1
"Dick LeBeau","Ken Taylor",2
"Dick LeBeau","Wes Hopkins",4
"Dick LeBeau","Bruce Smith",4
"Dick LeBeau","Brian Asamoah II",2
"Dick LeBeau","Chris Doleman",11
"Dick LeBeau","La'Roi Glover",6
"Dick LeBeau","Matt Millen",7
"Dick LeBeau","Hollis Thomas",4
"Dick LeBeau","Todd Lyght",5
"Dick LeBeau","Shaun Gayle",1
"Dick LeBeau","Domata Peko",7
"Dick LeBeau","Evan Cooper",2
"Dick LeBeau","Emlen Tunnell",6
"Dick LeBeau","Bronko Nagurski",4
"Dick LeBeau","Chris Green",5
"Dick LeBeau","Martin Emerson Jr",1
"Dick LeBeau","Ken Strong",4
"Todd Lyght","Jack Sanborn",4
"Todd Lyght","Chris Doleman",14
"Todd Lyght","John Offerdahl",7
"Todd Lyght","Bruce Smith",12
"Todd Lyght","Shaun Gayle",11
"Todd Lyght","Roger McCreary",8
"Todd Lyght","La'Roi Glover",8
"Todd Lyght","Ken Taylor",1
"Todd Lyght","Troy Andersen",3
"Todd Lyght","Hollis Thomas",1
"Todd Lyght","Brian Asamoah II",11
"Todd Lyght","Bronko Nagurski",8
"Todd Lyght","Emlen Tunnell",16
"Todd Lyght","Gerald Robinson",8
"Todd Lyght","Domata Peko",6
"Todd Lyght","D'Marco Jackson",2
"Todd Lyght","Chris Green",6
"Todd Lyght","Dick LeBeau",2
"Todd Lyght","Martin Emerson Jr",5
"Roger McCreary","Robert Moore",2
"Roger McCreary","Brian Asamoah II",12
"Roger McCreary","Dick LeBeau",4
"Roger McCreary","Evan Cooper",7
"Roger McCreary","Ken Strong",5
"Roger McCreary","Bruce Smith",13
"Roger McCreary","Wes Hopkins",3
"Roger McCreary","Todd Lyght",9
"Roger McCreary","Shaun Gayle",9
"Roger McCreary","La'Roi Glover",6
"Roger McCreary","Emlen Tunnell",6
"Roger McCreary","Chris Doleman",9
"Roger McCreary","Jack Sanborn",7
"Roger McCreary","Domata Peko",2
"Roger McCreary","Troy Andersen",2
"Brandon Burlsworth","Tom Toth",6
"Brandon Burlsworth","Rickey Dudley",19
"Brandon Burlsworth","Steve Wallace",1
"Brandon Burlsworth","Ryan Grant",9
"Brandon Burlsworth","Hines Ward",13
"Brandon Burlsworth","Ken Stabler",7
"Brandon Burlsworth","Eddie Brown",22
"Brandon Burlsworth","Greg Dulcich",3
"Brandon Burlsworth","Curt Warner",12
"Brandon Burlsworth","Paul Warfield",6
"Brandon Burlsworth","Eric Moten",8
"Brandon Burlsworth","Rod Rutledge",2
"Brandon Burlsworth","Jonathan Ogden",10
"Brandon Burlsworth","Jim Kelly",13
"Brandon Burlsworth","Chris Hetherington",1
"Brandon Burlsworth","Evan Neal",3
"Brandon Burlsworth","Mark Tuinei",1
"Brandon Burlsworth","Luke Fortner",12
"Brandon Burlsworth","Rohn Stark",2
"Brandon Burlsworth","Ray Brown",2
"Brandon Burlsworth","Tom Rathman",13
"Brandon Burlsworth","Stephen Gostkowski",3
"Jack Sanborn","Gerald Robinson",1
"Jack Sanborn","Bryan Cook",5
"Jack Sanborn","Dick LeBeau",11
"Jack Sanborn","Chris Doleman",8
"Jack Sanborn","D'Marco Jackson",2
"Jack Sanborn","Roger McCreary",16
"Jack Sanborn","Bruce Smith",11
"Jack Sanborn","Brian Asamoah II",9
"Jack Sanborn","La'Roi Glover",15
"Jack Sanborn","Ken Taylor",3
"Jack Sanborn","Evan Cooper",1
"Jack Sanborn","Matt Millen",2
"Jack Sanborn","Bronko Nagurski",11
"Jack Sanborn","Troy Andersen",2
"Jack Sanborn","Domata Peko",3
"Jack Sanborn","Emlen Tunnell",4
"Jack Sanborn","Shaun Gayle",5
"Jack Sanborn","Ken Strong",6
"Jack Sanborn","Robert Moore",2
"Jack Sanborn","Dan Wilkinson",3
"Jack Sanborn","Todd Lyght",8
"Jack Sanborn","John Offerdahl",3
"Brian Asamoah II","Robert Moore",2
"Brian Asamoah II","John Offerdahl",6
"Brian Asamoah II","Michael Carter",10
"Brian Asamoah II","Ken Strong",4
"Brian Asamoah II","Todd Lyght",11
"Brian Asamoah II","Dick LeBeau",17
"Brian Asamoah II","Troy Andersen",12
"Brian Asamoah II","Jack Sanborn",20
"Brian Asamoah II","La'Roi Glover",8
"Brian Asamoah II","Shaun Gayle",6
"Brian Asamoah II","Chris Doleman",10
"Brian Asamoah II","Garin Veris",1
"Brian Asamoah II","Bruce Smith",16
"Brian Asamoah II","Emlen Tunnell",25
"Brian Asamoah II","D'Marco Jackson",3
"Brian Asamoah II","Evan Cooper",5
"Brian Asamoah II","Bronko Nagurski",5
"Brian Asamoah II","Charles Johnson",4
"Bryan Cook","Ken Strong",2
"Bryan Cook","Chris Doleman",4
"Bryan Cook","Brian Asamoah II",5
"Bryan Cook","Luke Masterson",3
"Bryan Cook","Rob Fredrickson",1
"Bryan Cook","Emlen Tunnell",4
"Bryan Cook","La'Roi Glover",1
"Bryan Cook","Jack Sanborn",5
"Bryan Cook","Todd Lyght",3
"Troy Andersen","Robert Moore",4
"Troy Andersen","Todd Lyght",7
"Troy Andersen","Dick LeBeau",8
"Troy Andersen","Roger McCreary",9
"Troy Andersen","Wes Hopkins",3
"Troy Andersen","Bruce Smith",7
"Troy Andersen","Jack Sanborn",5
"Troy Andersen","Shaun Gayle",6
"Troy Andersen","Emlen Tunnell",12
"Troy Andersen","D'Marco Jackson",4
"Troy Andersen","Bronko Nagurski",9
"Troy Andersen","Ken Strong",2
"Troy Andersen","Matt Millen",3
"Troy Andersen","La'Roi Glover",3
"Troy Andersen","Domata Peko",1
"Troy Andersen","Brian Asamoah II",2
"Troy Andersen","Chris Doleman",7
"Rachaad White","Levi Brown",5
"Rachaad White","Greg Dulcich",3
"Rachaad White","Rickey Dudley",5
"Rachaad White","Ryan Grant",2
"Rachaad White","Rich Braham",1
"Rachaad White","Eddie Brown",1
"Rachaad White","Mark Boyer",3
"Rachaad White","Brandon Burlsworth",3
"Rachaad White","Daniel Bellinger",3
"Shaun Gayle","Ken Strong",7
"Shaun Gayle","Robert Moore",3
"Shaun Gayle","Wes Hopkins",3
"Shaun Gayle","Dick LeBeau",5
"Shaun Gayle","La'Roi Glover",2
"Shaun Gayle","Evan Cooper",3
"Shaun Gayle","Todd Lyght",1
"Shaun Gayle","Chris Doleman",7
"Shaun Gayle","Brian Asamoah II",8
"Shaun Gayle","Emlen Tunnell",3
"Shaun Gayle","Bruce Smith",5
"Shaun Gayle","Troy Andersen",4
"Shaun Gayle","Matt Millen",4
"Shaun Gayle","John Offerdahl",3
"Shaun Gayle","Bryan Cook",1
"Shaun Gayle","Jack Sanborn",2
"Luke Fortner","Curt Warner",9
"Luke Fortner","Levi Brown",4
"Luke Fortner","Jonathan Ogden",9
"Luke Fortner","Paul Warfield",5
"Luke Fortner","Ken Stabler",5
"Luke Fortner","Evan Neal",9
"Luke Fortner","Rickey Dudley",9
"Luke Fortner","Greg Dulcich",1
"Luke Fortner","Romeo Doubs",3
"Luke Fortner","Tom Rathman",3
"Luke Fortner","Brandon Burlsworth",6
"Luke Fortner","Ryan Grant",11
"Luke Fortner","Chris Hetherington",8
"Luke Fortner","Eric Moten",3
"Luke Fortner","Mark Tuinei",1
"Luke Fortner","Eddie Brown",2
"Luke Fortner","Hines Ward",8
"Luke Fortner","Rich Braham",2
"Eric Moten","Ryan Grant",15
"Eric Moten","Evan Neal",14
"Eric Moten","Steve Wallace",5
"Eric Moten","Rickey Dudley",7
"Eric Moten","Brandon Burlsworth",10
"Eric Moten","Eddie Brown",8
"Eric Moten","Jonathan Ogden",12
"Eric Moten","Tom Rathman",4
"Eric Moten","Curt Warner",10
"Eric Moten","Stephen Gostkowski",7
"Eric Moten","Paul Warfield",7
"Eric Moten","Anthony Fasano",6
"Eric Moten","Luke Fortner",2
"Eric Moten","Jim Kelly",6
"Eric Moten","Chris Hetherington",1
"Eric Moten","Mark Tuinei",1
"Eric Moten","Charlie Batch",2
"Eric Moten","Hines Ward",8
"Eric Moten","Rod Rutledge",3
"Domata Peko","Roger McCreary",4
"Domata Peko","Garin Veris",2
"Domata Peko","Michael Carter",3
"Domata Peko","Evan Cooper",3
"Domata Peko","Ken Strong",4
"Domata Peko","Rob Fredrickson",1
"Rohn Stark","Ray Brown",4
"Rohn Stark","Ken Stabler",3
"Rohn Stark","Oronde Gadsden",4
"Rohn Stark","Jonathan Ogden",5
"Rohn Stark","Romeo Doubs",4
"Rohn Stark","Evan Neal",2
"Rohn Stark","Curt Warner",2
"Rohn Stark","Paul Warfield",3
"Rohn Stark","Luke Fortner",2
"Rohn Stark","Ryan Grant",2
"Rohn Stark","Brandon Burlsworth",2
"Curt Warner","Eddie Brown",13
"Curt Warner","Brandon Burlsworth",15
"Curt Warner","Eric Moten",5
"Curt Warner","Evan Neal",13
"Curt Warner","Ryan Grant",5
"Curt Warner","Hines Ward",9
"Curt Warner","Rickey Dudley",18
"Curt Warner","Luke Fortner",7
"Curt Warner","Tom Toth",1
"Curt Warner","Mark Tuinei",7
"Curt Warner","Rohn Stark",7
"Curt Warner","Tom Rathman",4
"Curt Warner","Chris Hetherington",4
"Curt Warner","Paul Warfield",2
"Hines Ward","Curt Warner",9
"Hines Ward","Paul Warfield",9
"Hines Ward","Eric Moten",10
"Hines Ward","Rickey Dudley",9
"Hines Ward","Evan Neal",11
"Hines Ward","Ken Stabler",9
"Hines Ward","Eddie Brown",11
"Hines Ward","Jonathan Ogden",12
"Hines Ward","Ryan Grant",9
"Hines Ward","Brandon Burlsworth",1
"Hines Ward","Rohn Stark",1
"Hines Ward","Mark Tuinei",2
"Hines Ward","Jim Kelly",10
"Hines Ward","Tom Rathman",5
"Hines Ward","Rachaad White",2
"Hines Ward","Tom Toth",3
"Hines Ward","Rich Braham",5
"Hines Ward","Ray Brown",3
"Ken Strong","Bob Nelson",2
"Ken Strong","Bryan Cook",6
"Ken Strong","Luke Masterson",2
"Ken Strong","Roger McCreary",5
"Ken Strong","Michael Carter",4
"Ken Strong","Ken Taylor",1
"Ken Strong","Wes Hopkins",4
"Ken Strong","Jack Sanborn",8
"Ken Strong","Chris Doleman",3
"Ken Strong","Brian Asamoah II",1
"Ken Strong","Todd Lyght",8
"Ken Strong","Matt Millen",2
"Ken Strong","La'Roi Glover",5
"Ken Strong","Dick LeBeau",8
"Ken Strong","Domata Peko",4
"Ken Strong","Bruce Smith",10
"Ken Strong","Robert Moore",4
"Ken Strong","Troy Andersen",2
"Tom Rathman","Luke Fortner",6
"Tom Rathman","Jonathan Ogden",11
"Tom Rathman","Eric Moten",5
"Tom Rathman","Evan Neal",9
"Tom Rathman","Ryan Grant",15
"Tom Rathman","Greg Dulcich",2
"Tom Rathman","Brandon Burlsworth",12
"Tom Rathman","Curt Warner",4
"Tom Rathman","Ken Stabler",3
"Tom Rathman","Eddie Brown",14
"Tom Rathman","Kevin Donnalley",2
"Tom Rathman","Levi Brown",4
"Tom Rathman","Mark Tuinei",3
"Tom Rathman","Rachaad White",3
"Tom Rathman","Charlie Batch",2
"Tom Rathman","Steve Wallace",5
"Tom Rathman","Jim Kelly",3
"Tom Rathman","Hines Ward",1
"Tom Rathman","Rickey Dudley",1
"Tom Rathman","Paul Warfield",3
"Tom Rathman","Stephen Gostkowski",2
"Ray Brown","Eddie Brown",5
"Ray Brown","Romeo Doubs",2
"Ray Brown","Rickey Dudley",2
"Ray Brown","Jay Schroeder",4
"Ray Brown","Evan Neal",2
"Ray Brown","Eric Moten",3
"Ray Brown","Luke Fortner",1
"Gerald Robinson","Roger McCreary",5
"Gerald Robinson","Domata Peko",2
"Gerald Robinson","Troy Andersen",1
"Gerald Robinson","Dan Wilkinson",3
"Gerald Robinson","John Offerdahl",1
"Steve Wallace","Rickey Dudley",2
"Steve Wallace","Tom Toth",8
"Steve Wallace","Luke Fortner",5
"Steve Wallace","Eddie Brown",8
"Steve Wallace","Mark Boyer",6
"Steve Wallace","Mark Tuinei",3
"Steve Wallace","Hines Ward",1
"Steve Wallace","Curt Warner",4
"Steve Wallace","Tom Rathman",2
"Steve Wallace","Ryan Grant",3
"Steve Wallace","Paul Warfield",2
"Steve Wallace","Brandon Burlsworth",2
"Ernest Givins","Mercury Hayes",1
"Ernest Givins","Aaron Graham",3
"Ernest Givins","Tyler Allgeier",2
"Ernest Givins","Stephen Gostkowski",2
"Ernest Givins","Hines Ward",2
"Ernest Givins","Eddie Brown",3
"Ernest Givins","Stephen Alexander",3
"Ernest Givins","Mark Boyer",2
"Ernest Givins","Rachaad White",6
"Bronko Nagurski","Jerry Boyarsky",1
"Bronko Nagurski","Lance Schulters",8
"Bronko Nagurski","Delarrin Turner-Yell",1
"Bronko Nagurski","Tiger Greene",4
"Bronko Nagurski","Kamerion Wimbley",1
"Bronko Nagurski","Richard Dent",3
"Bronko Nagurski","Andre Tippett",5
"Bronko Nagurski","Vince Newsome",3
"Bronko Nagurski","Takeo Spikes",2
"Bronko Nagurski","Curly Lambeau",3
"Bronko Nagurski","Lewis Billups",2
"Bronko Nagurski","Todd Lyght",11
"Bronko Nagurski","Evan Cooper",3
"Bronko Nagurski","Dick LeBeau",9
"Bronko Nagurski","Chris Doleman",8
"Bronko Nagurski","Garin Veris",5
"Bronko Nagurski","Roger McCreary",8
"Bronko Nagurski","Jack Sanborn",7
"Bronko Nagurski","D'Marco Jackson",1
"Bronko Nagurski","La'Roi Glover",6
"Bronko Nagurski","Shaun Gayle",6
"Bronko Nagurski","Bruce Smith",11
"Bronko Nagurski","Troy Andersen",9
"Bronko Nagurski","Brian Asamoah II",5
"Bronko Nagurski","Chris Green",4
"Bronko Nagurski","Robert Moore",1
"Bronko Nagurski","Ken Strong",3
"Bronko Nagurski","Gerald Robinson",9
"Bronko Nagurski","Martin Emerson Jr",3
"Emlen Tunnell","Hugh Green",5
"Emlen Tunnell","Quay Walker",9
"Emlen Tunnell","Mark Murphy",1
"Emlen Tunnell","Takeo Spikes",2
"Emlen Tunnell","Channing Tindall",3
"Emlen Tunnell","Bruce McNorton",4
"Emlen Tunnell","Simon Fletcher",1
"Emlen Tunnell","Andre Tippett",6
"Emlen Tunnell","Kamerion Wimbley",7
"Emlen Tunnell","Hollis Thomas",4
"Emlen Tunnell","Curly Lambeau",3
"Emlen Tunnell","Wayne Milner",6
"Emlen Tunnell","Marty Carter",4
"Emlen Tunnell","Jack Sanborn",10
"Emlen Tunnell","Dick LeBeau",14
"Emlen Tunnell","Brian Asamoah II",5
"Emlen Tunnell","Bronko Nagurski",6
"Emlen Tunnell","Matt Millen",9
"Emlen Tunnell","Chris Doleman",6
"Emlen Tunnell","Shaun Gayle",21
"Emlen Tunnell","La'Roi Glover",2
"Emlen Tunnell","Todd Lyght",13
"Emlen Tunnell","Ken Strong",5
"Emlen Tunnell","Gerald Robinson",2
"Emlen Tunnell","Evan Cooper",3
"Emlen Tunnell","Troy Andersen",15
"Emlen Tunnell","Bruce Smith",13
"Emlen Tunnell","Bryan Cook",5
"Emlen Tunnell","Roger McCreary",1
"Jim Kelly","Ricky Williams",3
"Jim Kelly","Stephen Alexander",2
"Jim Kelly","Chris Chester",3
"Jim Kelly","Zach Miller",7
"Jim Kelly","Aaron Graham",1
"Jim Kelly","Eric Moten",8
"Jim Kelly","Mark Tuinei",7
"Jim Kelly","Paul Warfield",17
"Jim Kelly","Curt Warner",6
"Jim Kelly","Jonathan Ogden",5
"Jim Kelly","Hines Ward",5
"Jim Kelly","Eddie Brown",9
"Jim Kelly","Brandon Burlsworth",3
"Jim Kelly","Chris Hetherington",2
"Jim Kelly","Rachaad White",3
"Jim Kelly","Ryan Grant",2
"Jim Kelly","Evan Neal",9
"Jim Kelly","Rickey Dudley",10
"Jim Kelly","Luke Fortner",1
"Jim Kelly","Mark Boyer",3
"Jim Kelly","Rohn Stark",4
"Jim Kelly","Stephen Gostkowski",9
"Jim Kelly","Tom Rathman",2
"John Offerdahl","Chris Green",1
"John Offerdahl","Gerald Robinson",6
"John Offerdahl","Ken Strong",6
"John Offerdahl","Bruce Smith",4
"John Offerdahl","Charles Johnson",4
"John Offerdahl","Jack Sanborn",1
"Mark Boyer","Steve Wallace",3
"Mark Boyer","Brandon Burlsworth",3
"Mark Boyer","Oronde Gadsden",3
"Mark Boyer","Tom Rathman",2
"Mark Boyer","Evan Neal",5
"Mark Boyer","Jonathan Ogden",3
"Mark Boyer","Rich Braham",4
"Mark Boyer","Paul Warfield",4
"Mark Boyer","Ryan Grant",4
"Mark Boyer","Jim Kelly",2
"Evan Neal","Brandon Burlsworth",9
"Evan Neal","Tom Rathman",15
"Evan Neal","Rachaad White",1
"Evan Neal","Jonathan Ogden",10
"Evan Neal","Curt Warner",6
"Evan Neal","Paul Warfield",9
"Evan Neal","Eddie Brown",11
"Evan Neal","Mark Tuinei",1
"Evan Neal","Hines Ward",3
"Evan Neal","Rickey Dudley",2
"Evan Neal","Rohn Stark",1
"Evan Neal","Jim Kelly",5
"Evan Neal","Stephen Gostkowski",2
"Evan Neal","Ken Stabler",5
"Evan Neal","Charlie Batch",2
"Evan Neal","Ray Brown",1
"Evan Neal","Eric Moten",4
"Charlie Batch","Kevin Donnalley",2
"Charlie Batch","Jay Schroeder",2
"Charlie Batch","Luke Fortner",3
"Charlie Batch","Hines Ward",1
"Charlie Batch","Mark Tuinei",3
"Charlie Batch","Eric Moten",2
"Charlie Batch","Jim Kelly",2
"Charlie Batch","Curt Warner",3
"Charlie Batch","Jonathan Ogden",1
"Oronde Gadsden","Rachaad White",1
"Oronde Gadsden","Tom Toth",3
"Oronde Gadsden","Steve Wallace",2
"Oronde Gadsden","Curt Warner",2
"Rod Rutledge","Brandon Burlsworth",1
"Rod Rutledge","Ryan Grant",4
"Stephen Alexander","Herman Heard",2
"Stephen Alexander","Gary Zimmerman",2
"Stephen Alexander","Quentin Neujahr",4
"Stephen Alexander","Evan Neal",3
"Stephen Alexander","Eddie Brown",5
"Stephen Alexander","Luke Fortner",3
"Stephen Alexander","Ryan Grant",10
"Stephen Alexander","Ernest Givins",1
"Tom Toth","Ryan Grant",4
"Tom Toth","Jonathan Ogden",4
"Tom Toth","Ray Brown",4
"Tom Toth","Luke Fortner",2
"Tom Toth","Steve Wallace",1
"Tom Toth","Curt Warner",1
"Robert Moore","La'Roi Glover",3
"Robert Moore","Bob Nelson",4
"Robert Moore","Bryan Cook",3
"Robert Moore","Michael Carter",1
"Robert Moore","Domata Peko",5
"Robert Moore","Troy Andersen",2
"Robert Moore","Shaun Gayle",1
"Robert Moore","Dick LeBeau",1
"Robert Moore","Bronko Nagurski",1
"Robert Moore","Ken Strong",2
"Robert Moore","Charles Johnson",6
"Rich Braham","Ryan Grant",2
"Rich Braham","Hines Ward",1
"Rich Braham","Luke Fortner",1
"Dan Wilkinson","Ken Strong",3
"Dan Wilkinson","Roger McCreary",2
"Dan Wilkinson","Bronko Nagurski",2
"Dan Wilkinson","Brian Asamoah II",1
"Chris Boniol","Luke Fortner",4
"Chris Boniol","Jonathan Ogden",2
"Daniel Bellinger","Warren Moon",2
"Daniel Bellinger","Jermane Mayberry",3
"Daniel Bellinger","Chris Kuper",10
"Daniel Bellinger","Stephone Paige",5
"Daniel Bellinger","Az-Zahir Hakim",10
"Daniel Bellinger","Devin Hester",4
"Daniel Bellinger","Chris Hinton",1
"Daniel Bellinger","Dwayne Bowe",1
"Daniel Bellinger","Joel Hilgenberg",8
"Daniel Bellinger","Tom Rathman",3
"Daniel Bellinger","Ray Brown",3
"Daniel Bellinger","Eric Moten",5
"Martin Emerson Jr","Gerald Alexander",4
"Martin Emerson Jr","Andre Waters",4
"Martin Emerson Jr","Brady Smith",1
"Martin Emerson Jr","Claude Wroten",4
"Martin Emerson Jr","Reggie McKenzie",1
"Martin Emerson Jr","Mike Pitts",5
"Martin Emerson Jr","LaMarr Woodley",3
"Martin Emerson Jr","Mark Kelso",2
"Martin Emerson Jr","Gerald Robinson",1
"Martin Emerson Jr","Dick LeBeau",2
"Martin Emerson Jr","Troy Andersen",4
"Martin Emerson Jr","Emlen Tunnell",2
"Martin Emerson Jr","La'Roi Glover",2
"Pierre Strong Jr","Brandon Burlsworth",3
"Charles Johnson","Todd Lyght",4
"Charles Johnson","Dan Wilkinson",2
"Charles Johnson","Martin Emerson Jr",2
"Charles Johnson","John Offerdahl",1
"Charles Johnson","Shaun Gayle",1
"Charles Johnson","Bruce Smith",3
"Bill Fralic","Mike Goff",5
"Bill Fralic","Bruce Kozerski",4
"Bill Fralic","Jake Reed",18
"Bill Fralic","John Michels",2
"Bill Fralic","O.J. Simpson",11
"Bill Fralic","Jason Spitz",5
"Bill Fralic","Irv Pankey",4
"Bill Fralic","Johnny Unitas",13
"Bill Fralic","Eric Dickerson",11
"Bill Fralic","Mike Quick",5
"Bill Fralic","Drake London",10
"Bill Fralic","Tim Dwight",16
"Bill Fralic","Lou D'Agostino",2
"Bill Fralic","Charles McRae",1
"Bill Fralic","Ernie Conwell",15
"Bill Fralic","Neil Lomax",10
"Bill Fralic","Tony Hill",3
"Bill Fralic","Raleigh McKenzie",1
"Bill Fralic","Jonathan Hayes",4
"Johnny Unitas","Oliver Luck",3
"Johnny Unitas","Jake Reed",8
"Johnny Unitas","Bruce Kozerski",5
"Johnny Unitas","Irv Pankey",8
"Johnny Unitas","Tim Dwight",3
"Johnny Unitas","Jason Spitz",7
"Johnny Unitas","Drake London",17
"Johnny Unitas","Al Del Greco",5
"Johnny Unitas","LeBron James",10
"Johnny Unitas","Ernie Conwell",5
"Johnny Unitas","Bill Fralic",6
"Johnny Unitas","Mike Quick",6
"Johnny Unitas","Eric Dickerson",6
"Johnny Unitas","Mike Goff",1
"Johnny Unitas","Jaylen Warren",4
"Johnny Unitas","O.J. Simpson",3
"Johnny Unitas","Heath Shuler",3
"Johnny Unitas","John Michels",1
"Johnny Unitas","Bernard Williams",1
"Johnny Unitas","Stan Brock",1
"Knute Rockne","Alex Molden",1
"Knute Rockne","Nesby Glasgow",2
"Knute Rockne","Paul Grasmanis",3
"Knute Rockne","Russ Yeast",1
"Knute Rockne","Jim Burt",2
"Knute Rockne","Anthony Montgomery",4
"Knute Rockne","John Mobley",3
"Knute Rockne","Regan Upshaw",3
"Knute Rockne","Allen Rossum",3
"Knute Rockne","Keith Brooking",5
"Knute Rockne","Norman Hand",4
"Carl Banks","Doug Smith DT",12
"Carl Banks","Knute Rockne",3
"Carl Banks","Allen Rossum",10
"Carl Banks","Mark Haynes",5
"Carl Banks","Lamar McGriggs",4
"Carl Banks","Alfred Williams",9
"Carl Banks","Turk McBride",3
"Carl Banks","Perry Phenix",2
"Carl Banks","Russ Yeast",3
"Carl Banks","Chip Banks",5
"Carl Banks","John Mobley",7
"Carl Banks","Keith Brooking",4
"Carl Banks","Ricky Bell",4
"Carl Banks","Nesby Glasgow",4
"Carl Banks","Regan Upshaw",5
"Carl Banks","Anthony Montgomery",4
"Carl Banks","Johnathan Joseph",7
"Carl Banks","Tommy Nobis",3
"Carl Banks","Eric Williams",2
"Carl Banks","Don Wilson",5
"Carl Banks","Billy Ray Smith",2
"Carl Banks","Mark Lee",2
"Tommy Nobis","Allen Rossum",13
"Tommy Nobis","Anthony Montgomery",8
"Tommy Nobis","Eric Williams",4
"Tommy Nobis","Alfred Williams",8
"Tommy Nobis","Johnathan Joseph",4
"Tommy Nobis","Keith Brooking",1
"Tommy Nobis","Ricky Bell",9
"Tommy Nobis","Doug Smith DT",10
"Tommy Nobis","John Mobley",6
"Tommy Nobis","Russ Yeast",7
"Tommy Nobis","Nesby Glasgow",4
"Tommy Nobis","Turk McBride",2
"Tommy Nobis","Lamar McGriggs",5
"Tommy Nobis","Don Wilson",2
"Tommy Nobis","Knute Rockne",5
"Tommy Nobis","Billy Ray Smith",2
"Tommy Nobis","Regan Upshaw",4
"Alfred Williams","Turk McBride",2
"Alfred Williams","Mark Haynes",8
"Alfred Williams","Allen Rossum",11
"Alfred Williams","Regan Upshaw",11
"Alfred Williams","Paul Grasmanis",4
"Alfred Williams","Ricky Bell",9
"Alfred Williams","Ronnie Lippett",4
"Alfred Williams","John Mobley",4
"Alfred Williams","Carl Banks",4
"Alfred Williams","Russ Yeast",7
"Alfred Williams","Chip Banks",1
"Alfred Williams","Lamar McGriggs",7
"Alfred Williams","Keith Brooking",6
"Alfred Williams","Johnathan Joseph",5
"Alfred Williams","Doug Smith DT",2
"Alfred Williams","Lee Williams",3
"Alfred Williams","Tommy Nobis",4
"Alfred Williams","Norman Hand",1
"Alfred Williams","Phidarian Mathis",3
"Alfred Williams","Mossy Cade",4
"Alfred Williams","Don Wilson",3
"Alfred Williams","Shane Burton",1
"Alfred Williams","Keith Browner",2
"John Michels","Bill Fralic",6
"John Michels","Jake Reed",8
"John Michels","Mike Goff",7
"John Michels","Charles McRae",2
"John Michels","Drake London",8
"John Michels","Mike Quick",10
"John Michels","Irv Pankey",11
"John Michels","Jason Spitz",8
"John Michels","Eric Dickerson",7
"John Michels","Johnny Unitas",15
"John Michels","LeBron James",3
"John Michels","Ernie Conwell",2
"John Michels","Mitch Berger",5
"John Michels","Tony Hill",3
"John Michels","Stan Brock",4
"John Michels","Nick Cole",2
"John Michels","Raleigh McKenzie",1
"John Michels","Billy Ard",3
"Raleigh McKenzie","Bill Fralic",4
"Raleigh McKenzie","Eric Dickerson",4
"Raleigh McKenzie","Chuck Long",2
"Raleigh McKenzie","John Michels",4
"Raleigh McKenzie","Jaylen Warren",1
"Raleigh McKenzie","Al Del Greco",5
"Raleigh McKenzie","Irv Pankey",5
"Raleigh McKenzie","Mike Quick",1
"Raleigh McKenzie","Mike Goff",3
"Raleigh McKenzie","O.J. Simpson",3
"Raleigh McKenzie","Joshua Ezeudu",2
"Raleigh McKenzie","Ernie Conwell",3
"Raleigh McKenzie","Johnny Unitas",3
"Raleigh McKenzie","Billy Ard",1
"Raleigh McKenzie","Mitch Berger",2
"Eric Dickerson","Raleigh McKenzie",13
"Eric Dickerson","O.J. Simpson",7
"Eric Dickerson","Johnny Unitas",20
"Eric Dickerson","John Spagnola",8
"Eric Dickerson","Mike Goff",4
"Eric Dickerson","Bill Fralic",9
"Eric Dickerson","Mike Quick",19
"Eric Dickerson","Ernie Conwell",2
"Eric Dickerson","John Michels",18
"Eric Dickerson","Jake Reed",10
"Eric Dickerson","Irv Pankey",8
"Eric Dickerson","Drake London",13
"Eric Dickerson","Jason Spitz",4
"Eric Dickerson","LeBron James",13
"Eric Dickerson","Charles McRae",3
"Eric Dickerson","Bruce Kozerski",4
"Eric Dickerson","Nick Cole",1
"Eric Dickerson","Neil Lomax",3
"Eric Dickerson","Billy Ard",2
"Eric Dickerson","Stan Brock",3
"Eric Dickerson","Joshua Ezeudu",5
"Al Del Greco","Ernie Conwell",5
"Al Del Greco","Bill Fralic",1
"Al Del Greco","Jim Arnold",5
"Al Del Greco","Drake London",1
"Al Del Greco","Charles McRae",3
"Al Del Greco","Mike Goff",2
"Al Del Greco","Tim Dwight",2
"Al Del Greco","Mike Quick",4
"Al Del Greco","Eric Dickerson",4
"Al Del Greco","Billy Ard",5
"Al Del Greco","Irv Pankey",3
"Al Del Greco","John Michels",2
"Al Del Greco","Nick Cole",1
"Al Del Greco","Mitch Berger",1
"Al Del Greco","Jake Reed",3
"O.J. Simpson","Mike Quick",3
"O.J. Simpson","Raleigh McKenzie",4
"O.J. Simpson","Johnny Unitas",7
"O.J. Simpson","Jason Spitz",2
"O.J. Simpson","Drake London",2
"O.J. Simpson","Bruce Kozerski",3
"O.J. Simpson","LeBron James",3
"O.J. Simpson","Eric Dickerson",4
"O.J. Simpson","Nick Cole",2
"O.J. Simpson","Tim Dwight",5
"O.J. Simpson","Irv Pankey",4
"O.J. Simpson","Billy Ard",1
"O.J. Simpson","Ernie Conwell",1
"O.J. Simpson","Bill Fralic",1
"O.J. Simpson","Stan Brock",3
"Ernie Conwell","Bill Fralic",8
"Ernie Conwell","Bruce Kozerski",3
"Ernie Conwell","Al Del Greco",3
"Ernie Conwell","Steve Breaston",1
"Ernie Conwell","Lou D'Agostino",7
"Ernie Conwell","Raleigh McKenzie",3
"Ernie Conwell","Jason Spitz",4
"Ernie Conwell","Drake London",13
"Ernie Conwell","Irv Pankey",4
"Ernie Conwell","Johnny Unitas",4
"Ernie Conwell","Mike Quick",5
"Ernie Conwell","Jake Reed",5
"Ernie Conwell","John Michels",4
"Ernie Conwell","LeBron James",2
"Ernie Conwell","Nick Cole",5
"Ernie Conwell","Stan Brock",7
"Ernie Conwell","Tim Dwight",2
"Ernie Conwell","Mike Goff",4
"Ernie Conwell","Billy Ard",4
"Drake London","Tim Dwight",4
"Drake London","Steve Breaston",1
"Drake London","Mike Goff",4
"Drake London","Mike Quick",16
"Drake London","Jason Spitz",12
"Drake London","Irv Pankey",6
"Drake London","Jim Arnold",5
"Drake London","Eric Dickerson",7
"Drake London","Johnny Unitas",5
"Drake London","John Michels",4
"Drake London","O.J. Simpson",3
"Drake London","Bill Fralic",12
"Drake London","LeBron James",9
"Drake London","Bruce Kozerski",5
"Drake London","Jake Reed",12
"Drake London","Tony Hill",2
"Drake London","Neil Lomax",3
"Drake London","Billy Ard",1
"Drake London","Joshua Ezeudu",2
"Drake London","Raleigh McKenzie",4
"Johnathan Joseph","Jim Burt",3
"Johnathan Joseph","Allen Rossum",2
"Johnathan Joseph","Regan Upshaw",1
"Johnathan Joseph","Lamar McGriggs",3
"Johnathan Joseph","Ronnie Lippett",3
"Johnathan Joseph","Nesby Glasgow",1
"Johnathan Joseph","Russ Yeast",2
"Johnathan Joseph","Tommy Nobis",4
"Johnathan Joseph","Carl Banks",1
"Johnathan Joseph","Shane Burton",1
"Johnathan Joseph","Don Wilson",1
"John Mobley","Anthony Montgomery",9
"John Mobley","Lamar McGriggs",5
"John Mobley","Carl Banks",15
"John Mobley","Mark Haynes",6
"John Mobley","Allen Rossum",10
"John Mobley","Chip Banks",10
"John Mobley","Alfred Williams",5
"John Mobley","Russ Yeast",11
"John Mobley","Johnathan Joseph",3
"John Mobley","Paul Grasmanis",3
"John Mobley","Keith Brooking",8
"John Mobley","Ronnie Lippett",3
"John Mobley","Ricky Bell",2
"John Mobley","Nesby Glasgow",5
"Regan Upshaw","Turk McBride",4
"Regan Upshaw","Mark Haynes",2
"Regan Upshaw","Lamar McGriggs",3
"Regan Upshaw","Chip Banks",5
"Regan Upshaw","John Mobley",1
"Regan Upshaw","Carl Banks",2
"Regan Upshaw","Ricky Bell",8
"Regan Upshaw","Tommy Nobis",7
"Regan Upshaw","Johnathan Joseph",7
"Regan Upshaw","Nesby Glasgow",3
"Regan Upshaw","Doug Smith DT",5
"Regan Upshaw","Keith Brooking",5
"Regan Upshaw","Mossy Cade",1
"Regan Upshaw","Ronnie Lippett",1
"Regan Upshaw","Don Wilson",2
"Mike Quick","Bruce Kozerski",7
"Mike Quick","Ernie Conwell",4
"Mike Quick","Lou D'Agostino",2
"Mike Quick","Bill Fralic",14
"Mike Quick","LeBron James",13
"Mike Quick","Johnny Unitas",10
"Mike Quick","Eric Dickerson",4
"Mike Quick","Jason Spitz",7
"Mike Quick","Drake London",2
"Mike Quick","Irv Pankey",3
"Mike Quick","Jake Reed",13
"Mike Quick","Tony Hill",1
"Mike Quick","Jonathan Hayes",2
"Mike Quick","Jerry Ostroski",3
"Mike Quick","Raleigh McKenzie",7
"Mike Quick","John Michels",5
"Mike Quick","Mike Goff",3
"Mike Quick","Joshua Ezeudu",3
"Keith Brooking","Turk McBride",2
"Keith Brooking","Carl Banks",10
"Keith Brooking","Eric Williams",3
"Keith Brooking","Perry Phenix",9
"Keith Brooking","Nesby Glasgow",14
"Keith Brooking","Anthony Montgomery",2
"Keith Brooking","Ricky Bell",20
"Keith Brooking","Allen Rossum",15
"Keith Brooking","Doug Smith DT",6
"Keith Brooking","Regan Upshaw",6
"Keith Brooking","Chip Banks",4
"Keith Brooking","John Mobley",7
"Keith Brooking","Mark Haynes",1
"Keith Brooking","Lamar McGriggs",7
"Keith Brooking","Tommy Nobis",8
"Keith Brooking","Russ Yeast",3
"Keith Brooking","Knute Rockne",7
"Keith Brooking","Paul Grasmanis",3
"Keith Brooking","Norman Hand",3
"Keith Brooking","Lee Williams",5
"Keith Brooking","Billy Ray Smith",5
"Keith Brooking","Mossy Cade",6
"Keith Brooking","Shane Burton",5
"Keith Brooking","Ronnie Lippett",4
"LeBron James","Drake London",2
"LeBron James","Mike Goff",3
"LeBron James","Jake Reed",8
"LeBron James","Jim Arnold",7
"LeBron James","Eric Dickerson",4
"LeBron James","Mike Quick",9
"LeBron James","Bill Fralic",3
"LeBron James","John Michels",5
"LeBron James","Jason Spitz",3
"LeBron James","Irv Pankey",11
"LeBron James","O.J. Simpson",2
"LeBron James","Nick Cole",2
"Allen Rossum","Lamar McGriggs",9
"Allen Rossum","Mark Haynes",1
"Allen Rossum","Anthony Montgomery",7
"Allen Rossum","John Mobley",13
"Allen Rossum","Alfred Williams",5
"Allen Rossum","Turk McBride",4
"Allen Rossum","Carl Banks",8
"Allen Rossum","Doug Smith DT",10
"Allen Rossum","Paul Grasmanis",2
"Allen Rossum","Keith Brooking",5
"Allen Rossum","Tommy Nobis",3
"Allen Rossum","Russ Yeast",6
"Allen Rossum","Ricky Bell",6
"Allen Rossum","Ronnie Lippett",3
"Allen Rossum","Norman Hand",2
"Allen Rossum","Knute Rockne",5
"Allen Rossum","Billy Ray Smith",7
"Allen Rossum","Johnathan Joseph",4
"Allen Rossum","Keith Browner",1
"Allen Rossum","Don Wilson",2
"Mike Goff","Irv Pankey",2
"Mike Goff","Bill Fralic",2
"Mike Goff","O.J. Simpson",2
"Mike Goff","Mike Quick",5
"Mike Goff","Charles McRae",4
"Mike Goff","Eric Dickerson",1
"Mike Goff","John Spagnola",2
"Mike Goff","Jonathan Hayes",1
"Mike Goff","Bernard Williams",4
"Mike Goff","Ernie Conwell",1
"Mike Goff","Joshua Ezeudu",1
"Mike Goff","Stan Brock",1
"Tim Dwight","Drake London",4
"Tim Dwight","Eric Dickerson",1
"Tim Dwight","John Michels",2
"Tim Dwight","LeBron James",5
"Tim Dwight","Ernie Conwell",3
"Tim Dwight","Jaylen Warren",2
"Tim Dwight","Mike Quick",1
"Tim Dwight","Stan Brock",1
"Tim Dwight","Heath Shuler",5
"Tim Dwight","Jake Reed",1
"Ricky Bell","Perry Phenix",3
"Ricky Bell","Johnathan Joseph",1
"Ricky Bell","Russ Yeast",9
"Ricky Bell","Mark Haynes",5
"Ricky Bell","Anthony Montgomery",7
"Ricky Bell","Regan Upshaw",1
"Ricky Bell","Keith Brooking",9
"Ricky Bell","Doug Smith DT",6
"Ricky Bell","Lamar McGriggs",15
"Ricky Bell","Allen Rossum",5
"Ricky Bell","Tommy Nobis",4
"Ricky Bell","Paul Grasmanis",5
"Ricky Bell","Billy Ray Smith",2
"Ricky Bell","Ronnie Lippett",4
"Ricky Bell","Shane Burton",3
"Ricky Bell","Carl Banks",1
"Ricky Bell","Alfred Williams",5
"Nick Cole","Roger Craig",2
"Nick Cole","Kenyon Green",1
"Nick Cole","Marcus McNeill",2
"Nick Cole","Neil Lomax",4
"Perry Phenix","Mark Haynes",2
"Perry Phenix","Knute Rockne",4
"Perry Phenix","Eric Williams",2
"Perry Phenix","Regan Upshaw",8
"Perry Phenix","Chip Banks",2
"Perry Phenix","Johnathan Joseph",3
"Perry Phenix","Nesby Glasgow",2
"Perry Phenix","Lamar McGriggs",3
"Mitch Berger","Jerry Ostroski",2
"Mitch Berger","Stan Brock",3
"Mitch Berger","Heath Shuler",3
"Mitch Berger","David Palmer",5
"Mitch Berger","Johnny Unitas",4
"Mitch Berger","Irv Pankey",2
"Mitch Berger","Billy Ard",1
"Mitch Berger","Al Del Greco",3
"Heath Shuler","Bill Fralic",5
"David Palmer","Mitch Berger",3
"David Palmer","Heath Shuler",3
"Russ Yeast","John Mobley",5
"Russ Yeast","Johnathan Joseph",2
"Russ Yeast","Chip Banks",5
"Russ Yeast","Carl Banks",5
"Russ Yeast","Lamar McGriggs",3
"Russ Yeast","Regan Upshaw",8
"Russ Yeast","Alfred Williams",3
"Russ Yeast","Mark Haynes",1
"Russ Yeast","Turk McBride",1
"Russ Yeast","Tommy Nobis",3
"Russ Yeast","Don Wilson",4
"Russ Yeast","Mossy Cade",5
"Russ Yeast","Keith Browner",7
"Russ Yeast","Mark Lee",8
"Russ Yeast","Phidarian Mathis",2
"Russ Yeast","Doug Smith DT",1
"Russ Yeast","Norman Hand",4
"Tim Spencer","Vince Young",3
"Tim Spencer","Jack Coan",6
"Tim Spencer","Hoby Brenner",14
"Tim Spencer","Mike Sims-Walker",9
"Tim Spencer","Jamie Dukes",4
"Tim Spencer","Zach Strief",12
"Tim Spencer","Santonio Holmes",6
"Tim Spencer","Alan Faneca",4
"Tim Spencer","Miles Austin",4
"Tim Spencer","Daryn Colledge",2
"Tim Spencer","Herschel Walker",3
"Tim Spencer","Stan Brock",3
"Tim Spencer","Hank Baskett",2
"Tim Spencer","Tony Collins",5
"Tim Spencer","Brent Celek",5
"Tim Spencer","Rich Karlis",4
"Billy Ard","Deuce Lutui",4
"Billy Ard","Kirk Gibson",8
"Billy Ard","Andrew Glover",5
"Billy Ard","Winston Justice",5
"Billy Ard","Eric Moulds",3
"Billy Ard","Mike Brisiel",5
"Billy Ard","Antone Davis",3
"Billy Ard","Isiah Pacheco",6
"Billy Ard","Fred Beasley",7
"Billy Ard","Jeff Graham",6
"Billy Ard","Robert Edwards",1
"Billy Ard","Olin Kreutz",11
"Billy Ard","Harvey Salem",2
"Billy Ard","Peyton Manning",5
"Billy Ard","Vernon Davis",1
"Billy Ard","Mike Quick",5
"Billy Ard","John Michels",2
"Billy Ard","Jerry Ostroski",3
"Billy Ard","Johnny Unitas",1
"Joshua Ezeudu","Willie Davis",6
"Joshua Ezeudu","Steve Sewell",3
"Joshua Ezeudu","Rich Tylski",5
"Joshua Ezeudu","Mark Duper",3
"Joshua Ezeudu","Ken Reeves",1
"Joshua Ezeudu","Gene Williams",3
"Joshua Ezeudu","Ken Ruettgers",3
"Joshua Ezeudu","Terry Allen",1
"Joshua Ezeudu","Dennis Gentry",1
"Joshua Ezeudu","Bubba Paris",2
"Joshua Ezeudu","Jake Reed",2
"Joshua Ezeudu","Eric Dickerson",2
"Joshua Ezeudu","Drake London",1
"Joshua Ezeudu","Stan Brock",2
"Phidarian Mathis","Ernie Sims",2
"Phidarian Mathis","Zach Thomas",5
"Phidarian Mathis","Larry Brown",3
"Lamar McGriggs","Perry Phenix",7
"Lamar McGriggs","Regan Upshaw",11
"Lamar McGriggs","Carl Banks",21
"Lamar McGriggs","Alfred Williams",7
"Lamar McGriggs","Johnathan Joseph",1
"Lamar McGriggs","Doug Smith DT",12
"Lamar McGriggs","Keith Brooking",12
"Lamar McGriggs","Ronnie Lippett",5
"Lamar McGriggs","Chip Banks",9
"Lamar McGriggs","Ricky Bell",10
"Lamar McGriggs","Allen Rossum",3
"Lamar McGriggs","John Mobley",8
"Lamar McGriggs","Paul Grasmanis",1
"Lamar McGriggs","Knute Rockne",3
"Lamar McGriggs","Russ Yeast",2
"Lamar McGriggs","Turk McBride",4
"Lamar McGriggs","Keith Browner",2
"Lamar McGriggs","Shane Burton",2
"Lamar McGriggs","Phidarian Mathis",4
"Lamar McGriggs","Mark Lee",5
"Lamar McGriggs","Tommy Nobis",3
"Norman Hand","Vonnie Holliday",4
"Norman Hand","Howie Long",5
"Norman Hand","Zach Thomas",8
"Norman Hand","Mark Lee",5
"Norman Hand","Lemar Parrish",1
"Norman Hand","Jaylen Watson",3
"Norman Hand","DeMeco Ryans",1
"Norman Hand","Dave Butz II",5
"Norman Hand","Rickey Jackson",4
"Norman Hand","Kevin Greene",11
"Norman Hand","Larry Brown",4
"Norman Hand","Chuck Howley",4
"Norman Hand","Harry Hamilton",1
"Norman Hand","Keith Brooking",3
"Norman Hand","Johnathan Joseph",5
"Norman Hand","Russ Yeast",2
"Norman Hand","Keith Browner",5
"Norman Hand","Alfred Williams",2
"Lee Williams","Jamal Williams",2
"Lee Williams","Wilber Marshall",4
"Lee Williams","Mike Charles",2
"Lee Williams","James Ihedigbo",3
"Lee Williams","Curly Lambeau",6
"Lee Williams","Quay Walker",4
"Lee Williams","Eddie Anderson",5
"Lee Williams","Joshua Fatu",1
"Lee Williams","Richard Dent",2
"Lee Williams","Kamerion Wimbley",3
"Lee Williams","Norman Hand",5
"Lee Williams","Ricky Bell",4
"Lee Williams","Phidarian Mathis",2
"Lee Williams","Regan Upshaw",3
"Lee Williams","Doug Smith DT",5
"Lee Williams","Mark Lee",4
"Lee Williams","Perry Phenix",5
"Ronnie Lippett","Alex Molden",2
"Ronnie Lippett","Jim Burt",3
"Mossy Cade","Kyler Gordon",3
"Mossy Cade","Shane Burton",6
"Mossy Cade","Don Wilson",6
"Mossy Cade","Keith Browner",8
"Mossy Cade","Tommy Nobis",3
"Mossy Cade","Ronnie Lippett",4
"Jonathan Hayes","Ken Ruettgers",6
"Jonathan Hayes","Ken Reeves",5
"Jonathan Hayes","Pete Holohan",3
"Jonathan Hayes","Rich Tylski",4
"Jonathan Hayes","Stephone Paige",3
"Jonathan Hayes","LenDale White",9
"Jonathan Hayes","Bubba Paris",7
"Jonathan Hayes","Jimmy Conzelman",4
"Jonathan Hayes","Steve Sewell",3
"Jonathan Hayes","Dennis Gentry",4
"Jonathan Hayes","Eric Dickerson",4
"Jonathan Hayes","Mike Quick",1
"Jonathan Hayes","Bernard Williams",2
"Jonathan Hayes","Johnny Unitas",3
"Jonathan Hayes","Bill Fralic",1
"Billy Ray Smith","Mark Kelso",6
"Billy Ray Smith","Bobby Carpenter",1
"Billy Ray Smith","Martin Emerson Jr",4
"Billy Ray Smith","Will Blackmon",2
"Billy Ray Smith","Leo Chenal",9
"Billy Ray Smith","Gerald Alexander",8
"Billy Ray Smith","Jerry Gray",1
"Billy Ray Smith","Aidan Hutchinson",6
"Billy Ray Smith","Andre Waters",7
"Billy Ray Smith","Tramon Williams",6
"Billy Ray Smith","Art Donovan",1
"Billy Ray Smith","Seth Joyner",2
"Billy Ray Smith","Russ Yeast",9
"Billy Ray Smith","Keith Browner",3
"Billy Ray Smith","Keith Brooking",2
"Billy Ray Smith","Perry Phenix",1
"Billy Ray Smith","Lamar McGriggs",5
"Billy Ray Smith","Doug Smith DT",4
"Billy Ray Smith","Phidarian Mathis",3
"Billy Ray Smith","Tommy Nobis",1
"Billy Ray Smith","Shane Burton",2
"Doug Smith DT","Mark Haynes",1
"Doug Smith DT","Regan Upshaw",8
"Doug Smith DT","Allen Rossum",8
"Doug Smith DT","Alfred Williams",8
"Doug Smith DT","Chip Banks",3
"Doug Smith DT","Lamar McGriggs",5
"Doug Smith DT","John Mobley",7
"Doug Smith DT","Paul Grasmanis",1
"Doug Smith DT","Mark Lee",3
"Doug Smith DT","Ricky Bell",1
"Doug Smith DT","Billy Ray Smith",4
"Doug Smith DT","Phidarian Mathis",1
"Mark Lee","DeMeco Ryans",5
"Mark Lee","Gill Byrd",17
"Mark Lee","Lemar Parrish",15
"Mark Lee","Dexter Manley",4
"Mark Lee","Chuck Howley",11
"Mark Lee","Rulon Jones",11
"Mark Lee","Harry Hamilton",6
"Mark Lee","Jaylen Watson",3
"Mark Lee","Rickey Jackson",19
"Mark Lee","Dave Butz II",3
"Mark Lee","Kevin Greene",3
"Mark Lee","Larry Brown",6
"Mark Lee","Zach Thomas",6
"Mark Lee","Howie Long",9
"Mark Lee","Derion Kendrick",2
"Mark Lee","Norman Hand",3
"Mark Lee","Regan Upshaw",7
"Don Wilson","Tory James",2
"Don Wilson","Richard Byrd",3
"Don Wilson","Sean Jones",1
"Don Wilson","Jim Stillwagon",4
"Don Wilson","Mike Wise",3
"Don Wilson","Allen Rossum",6
"Don Wilson","Norman Hand",4
"Don Wilson","Russ Yeast",4
"Don Wilson","Lamar McGriggs",1
"Don Wilson","Carl Banks",5
"Don Wilson","Ricky Bell",2
"Don Wilson","Shane Burton",3
"Don Wilson","Lee Williams",4
"Keith Browner","Vince Newsome",1
"Keith Browner","Tiger Greene",2
"Keith Browner","Bronko Nagurski",2
"Keith Browner","Andre Tippett",1
"Keith Browner","Lance Schulters",5
"Keith Browner","Wayne Milner",3
"Keith Browner","Emlen Tunnell",2
"Keith Browner","Billy Ray Smith",3
"Keith Browner","Norman Hand",5
"Keith Browner","Lee Williams",3
"Keith Browner","Perry Phenix",3
"Keith Browner","Russ Yeast",4
"Keith Browner","Tommy Nobis",4
"Keith Browner","Alfred Williams",1
"Keith Browner","Don Wilson",1
"Keith Browner","Doug Smith DT",1
"Keith Browner","Ricky Bell",2
"Keith Browner","Phidarian Mathis",4
"Nesby Glasgow","Chip Banks",2
"Nesby Glasgow","Regan Upshaw",1
"Nesby Glasgow","Turk McBride",4
"Nesby Glasgow","Alfred Williams",3
"Nesby Glasgow","Carl Banks",6
"Nesby Glasgow","Anthony Montgomery",3
"Nesby Glasgow","John Mobley",1
"Nesby Glasgow","Ronnie Lippett",2
"Nesby Glasgow","Russ Yeast",3
"Nesby Glasgow","Johnathan Joseph",3
"Irv Pankey","Johnny Unitas",15
"Irv Pankey","LeBron James",11
"Irv Pankey","Raleigh McKenzie",3
"Irv Pankey","Jason Spitz",6
"Irv Pankey","Jake Reed",11
"Irv Pankey","John Michels",10
"Irv Pankey","Bill Fralic",13
"Irv Pankey","Bruce Kozerski",6
"Irv Pankey","Mike Quick",12
"Irv Pankey","Drake London",5
"Irv Pankey","Al Del Greco",4
"Irv Pankey","Eric Dickerson",6
"Irv Pankey","Lou D'Agostino",1
"Irv Pankey","O.J. Simpson",6
"Irv Pankey","Jim Arnold",5
"Irv Pankey","Mike Goff",5
"Irv Pankey","Charles McRae",1
"Irv Pankey","Tim Dwight",2
"Irv Pankey","Jaylen Warren",2
"Irv Pankey","Billy Ard",3
"Irv Pankey","Bernard Williams",3
"Irv Pankey","Tony Hill",2
"Irv Pankey","Ernie Conwell",1
"Irv Pankey","Stan Brock",3
"Irv Pankey","Neil Lomax",4
"Stan Brock","Marcus Allen",2
"Stan Brock","Hoby Brenner",5
"Stan Brock","Daryn Colledge",2
"Stan Brock","Hank Baskett",2
"Stan Brock","Tim Spencer",1
"Stan Brock","Zach Strief",1
"Stan Brock","Richmond McGee",6
"Stan Brock","Jamie Dukes",2
"Stan Brock","Brent Celek",3
"Stan Brock","Alan Faneca",2
"Stan Brock","Tony Collins",3
"Stan Brock","Jerry Ostroski",4
"Stan Brock","David Palmer",3
"Stan Brock","Eric Dickerson",1
"Stan Brock","Mike Goff",3
"Stan Brock","Drake London",1
"Stan Brock","Bill Fralic",3
"Stan Brock","Raleigh McKenzie",1
"Stan Brock","Ernie Conwell",4
"Stan Brock","John Michels",5
"Stan Brock","Joshua Ezeudu",3
"Stan Brock","Jake Reed",2
"Stan Brock","Johnny Unitas",1
"Tony Hill","Bill Lewis",2
"Tony Hill","Jeremy Trueblood",10
"Tony Hill","Tony Paige",5
"Tony Hill","Gene Hickerson",2
"Tony Hill","Gerald Riggs",5
"Tony Hill","Jake Ferguson",5
"Tony Hill","Tyler Smith",15
"Tony Hill","Michael Jackson",6
"Tony Hill","George Musso",6
"Tony Hill","Renaldo Nehemiah",4
"Tony Hill","Bobby Hebert",6
"Tony Hill","Jason Murphy",3
"Tony Hill","Mel Gray",5
"Tony Hill","Ben Grubbs",2
"Tony Hill","Marshawn Lynch",4
"Tony Hill","Cap Boso",3
"Tony Hill","Alan Veingrad",2
"Tony Hill","Neil O'Donnell",2
"Tony Hill","O.J. Simpson",1
"Tony Hill","John Michels",4
"Tony Hill","Bernard Williams",4
"Tony Hill","Johnny Unitas",3
"Neil Lomax","Harvey Salem",4
"Neil Lomax","Dwight Clark",2
"Neil Lomax","Kirk Gibson",4
"Neil Lomax","Winston Justice",1
"Neil Lomax","Eric Moulds",3
"Neil Lomax","Tim Spencer",4
"Neil Lomax","Drake London",4
"Neil Lomax","Jonathan Hayes",4
"Neil Lomax","Eric Dickerson",4
"Neil Lomax","Mike Goff",2
"Neil Lomax","Stan Brock",2
"Neil Lomax","Irv Pankey",2
"Freeman McNeil","Dennis McKinnon",1
"Freeman McNeil","Mike Williams",2
"Freeman McNeil","Jimbo Covert",4
"Freeman McNeil","Robert Meachem",4
"Freeman McNeil","Isaiah Likely",3
"Freeman McNeil","Jim Sweeney",3
"Freeman McNeil","Jermaine Lewis",4
"Freeman McNeil","James Jones FB II",2
"Freeman McNeil","Flozell Adams",2
"Freeman McNeil","Matt Stover",4
"Freeman McNeil","Joe Walter",2
"Freeman McNeil","Tim Dwight",5
"Freeman McNeil","Drake London",3
"Jaylen Warren","John Michels",3
"Jaylen Warren","Drake London",4
"Jaylen Warren","Raleigh McKenzie",1
"Jaylen Warren","Mike Quick",2
"Jake Reed","Drake London",16
"Jake Reed","Irv Pankey",15
"Jake Reed","LeBron James",11
"Jake Reed","Mike Quick",5
"Jake Reed","Ernie Conwell",8
"Jake Reed","Eric Dickerson",7
"Jake Reed","Mike Goff",9
"Jake Reed","Lou D'Agostino",3
"Jake Reed","Jason Spitz",17
"Jake Reed","Bill Fralic",4
"Jake Reed","John Michels",6
"Jake Reed","Bruce Kozerski",22
"Jake Reed","Charles McRae",6
"Jake Reed","Johnny Unitas",3
"Jake Reed","Tim Dwight",1
"Jake Reed","O.J. Simpson",5
"Jake Reed","Jonathan Hayes",4
"Jake Reed","Raleigh McKenzie",6
"Jake Reed","Tony Hill",4
"Jake Reed","Billy Ard",1
"Jake Reed","Nick Cole",2
"Jake Reed","Mitch Berger",6
"Jake Reed","Stan Brock",5
"Shane Burton","Jim Jeffcoat",3
"Shane Burton","Todd Shell",2
"Shane Burton","Tank Tyler",7
"Shane Burton","George Trafton",7
"Shane Burton","William Judson",5
"Shane Burton","Travon Walker",12
"Shane Burton","Roman Phifer",5
"Shane Burton","Hiram Eugene",9
"Shane Burton","Percy Ellsworth",5
"Shane Burton","Andre Wadsworth",5
"Shane Burton","Alan Page",7
"Shane Burton","Jeremiah Trotter",4
"Shane Burton","Karl Mecklenburg",1
"Shane Burton","Shawn Wooden",5
"Shane Burton","Andre Tippett",2
"Shane Burton","Kayvon Thibodeaux",1
"Shane Burton","Jeff Donaldson",5
"Shane Burton","Jaquan Brisker",3
"Shane Burton","Carl Banks",1
"Shane Burton","Russ Yeast",7
"Shane Burton","Allen Rossum",4
"Shane Burton","Phidarian Mathis",2
"Shane Burton","Alfred Williams",5
"Shane Burton","Keith Brooking",3
"Shane Burton","Perry Phenix",1
"Jerry Ostroski","Eric Dickerson",2
"Jerry Ostroski","Tony Hill",3
"Jerry Ostroski","Jonathan Hayes",5
"Jerry Ostroski","Bernard Williams",2
"Jerry Ostroski","Mike Goff",1
"Bernard Williams","Heath Shuler",2
"Bernard Williams","Neil Lomax",1
"Bernard Williams","Irv Pankey",3
"Bernard Williams","Nick Cole",2
"Bernard Williams","Jerry Ostroski",4
"Tom Thayer","Tony Slaton",1
"Tom Thayer","Trey McBride",11
"Tom Thayer","Bobby Humphery",2
"Tom Thayer","Dave Krieg",7
"Tom Thayer","Gary Clark",12
"Tom Thayer","Bernhard Raimann",4
"Tom Thayer","Breece Hall",5
"Tom Thayer","James Cook",4
"Tom Thayer","Keyshawn Johnson",8
"Tom Thayer","Jim Lachey",6
"Tom Thayer","Sean Rhyan",3
"Tom Thayer","Jim Ringo",4
"Tom Thayer","James Jones WR",11
"Tom Thayer","Matt Prater",3
"Tom Thayer","Ben Coates",10
"Tom Thayer","Vai Sikahema",3
"Tom Thayer","Mike Black",4
"Tom Thayer","Frank Reich",3
"Tom Thayer","Jason Fabini",4
"Tom Thayer","Dan Santucci",1
"Tom Thayer","Terry Mickens",3
"Tom Thayer","Kevin Call",2
"Bobby Humphery","J.P. Foschi",1
"Bobby Humphery","Sean Rhyan",4
"Bobby Humphery","Bernhard Raimann",4
"Bobby Humphery","Gary Clark",10
"Bobby Humphery","Jim Lachey",9
"Bobby Humphery","James Cook",6
"Bobby Humphery","Vai Sikahema",1
"Bobby Humphery","Trey McBride",4
"Bobby Humphery","Keyshawn Johnson",7
"Bobby Humphery","Tom Thayer",1
"Bobby Humphery","James Jones WR",1
"Bobby Humphery","Dave Krieg",3
"Bobby Humphery","Breece Hall",5
"Bobby Humphery","Jason Fabini",5
"Bobby Humphery","Dan Santucci",5
"Bobby Humphery","Lionel James",2
"Bobby Humphery","Ben Coates",3
"Bobby Humphery","Mike Tomczak",3
"Bobby Humphery","Justin Blalock",2
"Tony Slaton","Kevin Call",2
"Tony Slaton","Keyshawn Johnson",5
"Tony Slaton","Jim Ringo",3
"Tony Slaton","Ben Coates",2
"Tony Slaton","Dan Santucci",9
"Brady Smith","Seth Joyner",10
"Brady Smith","Conrad Hamilton",5
"Brady Smith","Aidan Hutchinson",5
"Brady Smith","Leo Chenal",3
"Brady Smith","Andre Waters",1
"Brady Smith","Reggie McKenzie",3
"Brady Smith","Mike Pitts",5
"Brady Smith","Don Rogers",1
"Brady Smith","Tim Green",5
"Brady Smith","Martin Emerson Jr",3
"Brady Smith","Samari Rolle",3
"Brady Smith","Jerry Gray",3
"Brady Smith","Gerald Alexander",1
"Brady Smith","LaMarr Woodley",2
"Brady Smith","Daxton Hill",2
"Brady Smith","Art Donovan",4
"Kevin Call","Vai Sikahema",1
"Kevin Call","Breece Hall",1
"Kevin Call","James Cook",4
"Kevin Call","Trey McBride",4
"Kevin Call","Bernhard Raimann",4
"Kevin Call","Tom Thayer",11
"Kevin Call","Ben Coates",1
"Kevin Call","Mike Tomczak",1
"Kevin Call","Justin Blalock",1
"Reggie McKenzie","Jerry Gray",4
"Reggie McKenzie","Bobby Carpenter",1
"Reggie McKenzie","Mark Robinson LB",5
"Reggie McKenzie","LaMarr Woodley",1
"Reggie McKenzie","Gerald Alexander",8
"Reggie McKenzie","William Gaines",4
"Mike Black","Tony Slaton",3
"Mike Black","Sean Rhyan",3
"Mike Black","Terry Mickens",1
"Mike Black","Jim Ringo",3
"Mike Black","Mike Tomczak",2
"Mike Black","Tom Thayer",3
"Art Donovan","Tim Green",4
"Art Donovan","Tramon Williams",6
"Art Donovan","LaMarr Woodley",16
"Art Donovan","Martin Emerson Jr",4
"Art Donovan","Antoine Bethea",3
"Art Donovan","Will Blackmon",3
"Art Donovan","Seth Joyner",10
"Art Donovan","Mark Robinson LB",3
"Art Donovan","Samari Rolle",9
"Art Donovan","Leo Chenal",19
"Art Donovan","Gerald Alexander",2
"Art Donovan","Jerry Gray",2
"Art Donovan","William Gaines",4
"Art Donovan","Daxton Hill",2
"Art Donovan","Henry Ford",2
"Art Donovan","Karl Mecklenburg",2
"LaMarr Woodley","Tramon Williams",14
"LaMarr Woodley","Martin Emerson Jr",13
"LaMarr Woodley","Don Rogers",5
"LaMarr Woodley","Daxton Hill",15
"LaMarr Woodley","Andre Waters",3
"LaMarr Woodley","Bobby Carpenter",3
"LaMarr Woodley","Antoine Bethea",15
"LaMarr Woodley","Art Donovan",14
"LaMarr Woodley","Samari Rolle",13
"LaMarr Woodley","Jerry Gray",2
"LaMarr Woodley","Aidan Hutchinson",13
"LaMarr Woodley","Seth Joyner",9
"LaMarr Woodley","Tim Green",7
"LaMarr Woodley","Leo Chenal",3
"LaMarr Woodley","Reggie McKenzie",1
"LaMarr Woodley","Mark Kelso",4
"LaMarr Woodley","Gerald Alexander",4
"LaMarr Woodley","Claude Wroten",2
"LaMarr Woodley","Mark Robinson LB",3
"LaMarr Woodley","Karl Mecklenburg",6
"LaMarr Woodley","Jeff Burris",11
"LaMarr Woodley","Keith Lyle",7
"LaMarr Woodley","Delarrin Turner-Yell",5
"LaMarr Woodley","Brady Smith",3
"Matt Prater","Kevin Call",1
"Matt Prater","Vai Sikahema",7
"Matt Prater","Jason Fabini",3
"Matt Prater","Ben Coates",2
"Matt Prater","Keyshawn Johnson",6
"Matt Prater","Breece Hall",6
"Matt Prater","Gary Clark",3
"Matt Prater","Bobby Humphery",1
"Matt Prater","Tom Thayer",5
"Matt Prater","Dan Santucci",4
"Matt Prater","Sean Rhyan",4
"Matt Prater","Bernhard Raimann",2
"Matt Prater","Mike Tomczak",3
"Paul Jefferson","Jon Melander",1
"Kevin Kolb","J.P. Foschi",5
"Kevin Kolb","Justin Blalock",5
"Tramon Williams","Antoine Bethea",6
"Tramon Williams","Jerry Gray",7
"Tramon Williams","Daxton Hill",1
"Tramon Williams","Mark Robinson LB",8
"Tramon Williams","Mike Pitts",4
"Tramon Williams","Tim Green",5
"Tramon Williams","Leo Chenal",6
"Tramon Williams","LaMarr Woodley",9
"Tramon Williams","Mark Kelso",1
"Tramon Williams","Samari Rolle",2
"Tramon Williams","Billy Ray Smith",1
"Tramon Williams","Aidan Hutchinson",5
"Tramon Williams","Art Donovan",2
"Tramon Williams","Brady Smith",2
"Aidan Hutchinson","LaMarr Woodley",10
"Aidan Hutchinson","Seth Joyner",10
"Aidan Hutchinson","Antoine Bethea",2
"Aidan Hutchinson","Mike Pitts",7
"Aidan Hutchinson","Jerry Gray",5
"Aidan Hutchinson","Leo Chenal",6
"Aidan Hutchinson","Reggie McKenzie",7
"Aidan Hutchinson","Brady Smith",5
"Aidan Hutchinson","Mark Robinson LB",5
"Aidan Hutchinson","Samari Rolle",13
"Aidan Hutchinson","Mark Kelso",5
"Aidan Hutchinson","Will Blackmon",5
"Aidan Hutchinson","Martin Emerson Jr",3
"Aidan Hutchinson","Claude Wroten",1
"Aidan Hutchinson","Billy Ray Smith",3
"Aidan Hutchinson","Tim Green",13
"Aidan Hutchinson","Delarrin Turner-Yell",4
"Aidan Hutchinson","Art Donovan",7
"Aidan Hutchinson","Henry Ford",5
"Aidan Hutchinson","Keith Lyle",4
"Aidan Hutchinson","Chad Muma",2
"Bernhard Raimann","Tony Slaton",3
"Bernhard Raimann","Frank Reich",5
"Bernhard Raimann","Vai Sikahema",5
"Bernhard Raimann","Bobby Humphery",6
"Bernhard Raimann","Ryan Leaf",1
"Bernhard Raimann","Jim Lachey",20
"Bernhard Raimann","James Cook",9
"Bernhard Raimann","Ben Coates",6
"Bernhard Raimann","Tom Thayer",1
"Bernhard Raimann","Trey McBride",12
"Bernhard Raimann","Breece Hall",15
"Bernhard Raimann","Matt Prater",1
"Bernhard Raimann","Sean Rhyan",10
"Bernhard Raimann","Gary Clark",7
"Bernhard Raimann","Dave Krieg",9
"Bernhard Raimann","Keyshawn Johnson",6
"Bernhard Raimann","Jim Ringo",5
"Bernhard Raimann","Justin Blalock",4
"Leo Chenal","Gerald Alexander",9
"Leo Chenal","Jerry Gray",6
"Leo Chenal","Mark Kelso",7
"Leo Chenal","Art Donovan",4
"Leo Chenal","Tim Green",17
"Leo Chenal","LaMarr Woodley",5
"Leo Chenal","Aidan Hutchinson",7
"Leo Chenal","Mike Pitts",3
"Leo Chenal","Martin Emerson Jr",7
"Leo Chenal","Samari Rolle",7
"Leo Chenal","Billy Ray Smith",2
"Leo Chenal","Tramon Williams",8
"Leo Chenal","Mark Robinson LB",10
"Leo Chenal","Chad Muma",3
"Leo Chenal","Seth Joyner",5
"Leo Chenal","Jeff Burris",7
"Leo Chenal","Karl Mecklenburg",1
"Leo Chenal","Henry Ford",6
"Leo Chenal","Keith Lyle",3
"Breece Hall","Gary Clark",15
"Breece Hall","Vai Sikahema",5
"Breece Hall","Ben Coates",9
"Breece Hall","James Cook",2
"Breece Hall","Sean Rhyan",2
"Breece Hall","Bernhard Raimann",3
"Breece Hall","Jim Ringo",4
"Breece Hall","Keyshawn Johnson",1
"Breece Hall","Jason Fabini",3
"Breece Hall","J.P. Foschi",4
"Breece Hall","Bobby Humphery",5
"Breece Hall","Terry Mickens",3
"Breece Hall","Jim Lachey",1
"Trey McBride","Jon Melander",1
"Trey McBride","Matt Prater",2
"Trey McBride","James Jones WR",2
"Trey McBride","Daryl Turner",1
"Trey McBride","Bernhard Raimann",6
"Trey McBride","Gary Clark",2
"Trey McBride","Jim Lachey",2
"Trey McBride","Jim Ringo",10
"Trey McBride","Vai Sikahema",2
"Trey McBride","Keyshawn Johnson",5
"Trey McBride","Sean Rhyan",2
"Trey McBride","James Cook",1
"Trey McBride","Kevin Call",4
"Trey McBride","Mike Tomczak",2
"Mark Robinson LB","Claude Wroten",3
"Mark Robinson LB","Tramon Williams",5
"Mark Robinson LB","Reggie McKenzie",7
"Mark Robinson LB","Mike Pitts",6
"Mark Robinson LB","Antoine Bethea",7
"Mark Robinson LB","Samari Rolle",14
"Mark Robinson LB","LaMarr Woodley",6
"Mark Robinson LB","Leo Chenal",3
"Mark Robinson LB","Art Donovan",8
"Mark Robinson LB","Billy Ray Smith",4
"Mark Robinson LB","Mark Kelso",4
"Mark Robinson LB","Daxton Hill",10
"Mark Robinson LB","Aidan Hutchinson",5
"Mark Robinson LB","Andre Waters",5
"Mark Robinson LB","Seth Joyner",2
"Mark Robinson LB","Jerry Gray",1
"Mark Robinson LB","Martin Emerson Jr",3
"Mark Robinson LB","Chad Muma",1
"Sean Rhyan","Jim Ringo",17
"Sean Rhyan","Bernhard Raimann",7
"Sean Rhyan","J.P. Foschi",2
"Sean Rhyan","Dan Santucci",1
"Sean Rhyan","Bobby Humphery",13
"Sean Rhyan","James Cook",3
"Sean Rhyan","Dave Krieg",6
"Sean Rhyan","Ben Coates",9
"Sean Rhyan","Tom Thayer",10
"Sean Rhyan","Jim Lachey",10
"Sean Rhyan","Breece Hall",27
"Sean Rhyan","Mike Black",1
"Sean Rhyan","Gary Clark",13
"Sean Rhyan","Keyshawn Johnson",3
"Sean Rhyan","Jason Fabini",8
"Sean Rhyan","Trey McBride",3
"Sean Rhyan","Mike Tomczak",1
"Daxton Hill","Martin Emerson Jr",3
"Daxton Hill","LaMarr Woodley",8
"Daxton Hill","Bobby Carpenter",2
"Daxton Hill","Seth Joyner",10
"Daxton Hill","Art Donovan",5
"Daxton Hill","Tim Green",7
"Daxton Hill","Aidan Hutchinson",8
"Daxton Hill","Mike Pitts",5
"Daxton Hill","Antoine Bethea",5
"Daxton Hill","Billy Ray Smith",3
"Daxton Hill","Mark Kelso",2
"Daxton Hill","Brady Smith",1
"Daxton Hill","Tramon Williams",3
"Daxton Hill","Andre Waters",2
"Daxton Hill","Delarrin Turner-Yell",4
"J.P. Foschi","Daryl Turner",3
"J.P. Foschi","Kevin Call",1
"J.P. Foschi","Dan Santucci",1
"J.P. Foschi","Jim Ringo",5
"J.P. Foschi","Trey McBride",3
"Bobby Carpenter","Mark Robinson LB",4
"Bobby Carpenter","Don Rogers",4
"Bobby Carpenter","Art Donovan",5
"Bobby Carpenter","Leo Chenal",1
"Bobby Carpenter","Aidan Hutchinson",1
"Bobby Carpenter","Mike Pitts",1
"Bobby Carpenter","Samari Rolle",2
"Bobby Carpenter","Antoine Bethea",1
"Bobby Carpenter","Tim Green",1
"Bobby Carpenter","Conrad Hamilton",2
"Bobby Carpenter","Jeff Burris",2
"Bobby Carpenter","Daxton Hill",2
"Bobby Carpenter","Henry Ford",1
"Jim Lachey","Daryl Turner",4
"Jim Lachey","James Cook",4
"Jim Lachey","Breece Hall",5
"Jim Lachey","Tom Thayer",7
"Jim Lachey","Trey McBride",2
"Jim Lachey","Keyshawn Johnson",10
"Jim Lachey","Bernhard Raimann",7
"Jim Lachey","Ben Coates",12
"Jim Lachey","Sean Rhyan",4
"Jim Lachey","Jim Ringo",1
"Jim Lachey","Dan Santucci",2
"Jim Lachey","Justin Blalock",3
"Jim Lachey","Gary Clark",4
"Jim Lachey","Bobby Humphery",4
"Don Rogers","Conrad Hamilton",6
"Don Rogers","Bobby Carpenter",2
"Don Rogers","Tramon Williams",5
"Don Rogers","Mike Pitts",2
"Don Rogers","Mark Robinson LB",2
"Dan Santucci","Bobby Humphery",3
"Dan Santucci","Daryl Turner",4
"Dan Santucci","Trey McBride",2
"Dan Santucci","Tom Thayer",3
"Dan Santucci","James Jones WR",1
"Dan Santucci","Jim Lachey",2
"Dan Santucci","Terry Mickens",1
"James Cook","Jim Lachey",8
"James Cook","Jim Ringo",12
"James Cook","Breece Hall",6
"James Cook","Tom Thayer",5
"James Cook","Gary Clark",5
"James Cook","Ben Coates",5
"James Cook","James Jones WR",1
"James Cook","Sean Rhyan",2
"James Cook","Bernhard Raimann",9
"James Cook","Keyshawn Johnson",10
"James Cook","Kevin Call",3
"James Cook","Mike Tomczak",1
"Ben Coates","Tony Slaton",4
"Ben Coates","Jon Melander",3
"Ben Coates","Tom Thayer",13
"Ben Coates","Vai Sikahema",5
"Ben Coates","James Jones WR",8
"Ben Coates","Dave Krieg",11
"Ben Coates","J.P. Foschi",4
"Ben Coates","Jim Lachey",17
"Ben Coates","Jason Fabini",2
"Ben Coates","Sean Rhyan",2
"Ben Coates","Matt Prater",4
"Ben Coates","Jim Ringo",3
"Ben Coates","James Cook",1
"Ben Coates","Trey McBride",4
"Ben Coates","Bernhard Raimann",11
"Ben Coates","Keyshawn Johnson",4
"Ben Coates","Breece Hall",3
"Ben Coates","Gary Clark",3
"Ben Coates","Bobby Humphery",9
"Ben Coates","Mike Tomczak",3
"Keyshawn Johnson","James Jones WR",15
"Keyshawn Johnson","Sean Rhyan",6
"Keyshawn Johnson","Breece Hall",8
"Keyshawn Johnson","Jim Ringo",11
"Keyshawn Johnson","Ben Coates",15
"Keyshawn Johnson","Vai Sikahema",5
"Keyshawn Johnson","Dave Krieg",5
"Keyshawn Johnson","Jim Lachey",10
"Keyshawn Johnson","Jason Fabini",1
"Keyshawn Johnson","Gary Clark",6
"Keyshawn Johnson","Bobby Humphery",1
"Keyshawn Johnson","Tom Thayer",4
"Keyshawn Johnson","Terry Mickens",2
"Keyshawn Johnson","Pat Harlow",1
"Keyshawn Johnson","James Cook",1
"Keyshawn Johnson","Mike Tomczak",4
"Gary Clark","Daryl Turner",4
"Gary Clark","Dave Krieg",12
"Gary Clark","Keyshawn Johnson",25
"Gary Clark","Tom Thayer",11
"Gary Clark","James Jones WR",7
"Gary Clark","James Cook",10
"Gary Clark","Sean Rhyan",9
"Gary Clark","Ben Coates",8
"Gary Clark","Jim Lachey",6
"Gary Clark","Bernhard Raimann",7
"Gary Clark","Jason Fabini",1
"Gary Clark","Matt Prater",3
"Gary Clark","Terry Mickens",3
"Gary Clark","Lionel James",3
"Gary Clark","Breece Hall",3
"Gary Clark","Kevin Call",1
"Gary Clark","Justin Blalock",5
"Gary Clark","Trey McBride",3
"Gary Clark","Mike Tomczak",2
"Jim Ringo","Dave Krieg",3
"Jim Ringo","Jim Lachey",3
"Jim Ringo","Tom Thayer",18
"Jim Ringo","James Jones WR",4
"Jim Ringo","Bernhard Raimann",4
"Jim Ringo","Keyshawn Johnson",10
"Jim Ringo","Jason Fabini",3
"Jim Ringo","Gary Clark",12
"Jim Ringo","Ben Coates",13
"Jim Ringo","Breece Hall",10
"Jim Ringo","Trey McBride",5
"Jim Ringo","Bobby Humphery",3
"Jim Ringo","James Cook",1
"Jim Ringo","Sean Rhyan",9
"Samari Rolle","Art Donovan",13
"Samari Rolle","Seth Joyner",7
"Samari Rolle","Daxton Hill",3
"Samari Rolle","Tramon Williams",9
"Samari Rolle","Aidan Hutchinson",11
"Samari Rolle","Antoine Bethea",13
"Samari Rolle","Mark Kelso",5
"Samari Rolle","Martin Emerson Jr",4
"Samari Rolle","Tim Green",6
"Samari Rolle","Jerry Gray",1
"Samari Rolle","Leo Chenal",8
"Samari Rolle","Andre Waters",3
"Samari Rolle","Mark Robinson LB",1
"Samari Rolle","Karl Mecklenburg",1
"Samari Rolle","Henry Ford",2
"Samari Rolle","Keith Lyle",3
"Seth Joyner","Conrad Hamilton",5
"Seth Joyner","Brady Smith",2
"Seth Joyner","Don Rogers",1
"Seth Joyner","LaMarr Woodley",9
"Seth Joyner","Aidan Hutchinson",4
"Seth Joyner","Mark Kelso",5
"Seth Joyner","Jerry Gray",7
"Seth Joyner","Antoine Bethea",12
"Seth Joyner","Mike Pitts",13
"Seth Joyner","Billy Ray Smith",3
"Seth Joyner","Mark Robinson LB",6
"Seth Joyner","Art Donovan",8
"Seth Joyner","Gerald Alexander",2
"Seth Joyner","Tramon Williams",5
"Seth Joyner","Andre Waters",1
"Seth Joyner","Bobby Carpenter",5
"Seth Joyner","Martin Emerson Jr",5
"Seth Joyner","Tim Green",3
"Seth Joyner","Karl Mecklenburg",6
"Seth Joyner","Daxton Hill",3
"Seth Joyner","Samari Rolle",5
"Seth Joyner","Leo Chenal",7
"Seth Joyner","Keith Lyle",3
"Seth Joyner","Chad Muma",3
"Mark Kelso","Martin Emerson Jr",6
"Mark Kelso","Will Blackmon",6
"Mark Kelso","Gerald Alexander",4
"Mark Kelso","Aidan Hutchinson",7
"Mark Kelso","Leo Chenal",6
"Mark Kelso","Jerry Gray",8
"Mark Kelso","Andre Waters",3
"Mark Kelso","Tramon Williams",12
"Mark Kelso","Samari Rolle",2
"Mark Kelso","LaMarr Woodley",3
"Mark Kelso","Claude Wroten",4
"Mark Kelso","Mike Pitts",5
"Mark Kelso","Bobby Carpenter",4
"Mark Kelso","Chad Muma",4
"Mark Kelso","Daxton Hill",2
"Vai Sikahema","Breece Hall",1
"Vai Sikahema","Kevin Call",2
"Vai Sikahema","Dan Santucci",2
"Vai Sikahema","Orlando Parker",2
"Vai Sikahema","Keyshawn Johnson",1
"Tim Green","Don Rogers",2
"Tim Green","Conrad Hamilton",1
"Tim Green","Billy Ray Smith",3
"Tim Green","Martin Emerson Jr",8
"Tim Green","LaMarr Woodley",6
"Tim Green","Mark Kelso",8
"Tim Green","Tramon Williams",6
"Tim Green","Leo Chenal",7
"Tim Green","Antoine Bethea",6
"Tim Green","Mark Robinson LB",3
"Tim Green","Reggie McKenzie",2
"Tim Green","Andre Waters",4
"Tim Green","Daxton Hill",3
"Tim Green","Seth Joyner",2
"Tim Green","Art Donovan",2
"Tim Green","Brady Smith",2
"Tim Green","Karl Mecklenburg",1
"Tim Green","Samari Rolle",2
"Tim Green","William Gaines",1
"Tim Green","Keith Lyle",3
"Tim Green","Jeff Burris",5
"Jason Fabini","Sean Rhyan",1
"Jason Fabini","Vai Sikahema",7
"Jason Fabini","Bernhard Raimann",4
"Jason Fabini","Trey McBride",1
"Jason Fabini","James Cook",4
"Jason Fabini","Gary Clark",4
"Jason Fabini","Ben Coates",4
"Ryan Leaf","Dan Santucci",3
"Ryan Leaf","Orlando Parker",1
"Ryan Leaf","Terry Mickens",1
"Andre Waters","Martin Emerson Jr",3
"Andre Waters","Jerry Gray",5
"Andre Waters","Conrad Hamilton",2
"Andre Waters","Mark Robinson LB",1
"Andre Waters","Samari Rolle",6
"Andre Waters","Leo Chenal",9
"Andre Waters","Mike Pitts",3
"Andre Waters","Seth Joyner",3
"Andre Waters","Brady Smith",4
"Andre Waters","LaMarr Woodley",5
"Andre Waters","Tramon Williams",4
"Andre Waters","Antoine Bethea",4
"Andre Waters","Art Donovan",2
"Andre Waters","Gerald Alexander",4
"Andre Waters","Delarrin Turner-Yell",1
"Antoine Bethea","Tim Green",3
"Antoine Bethea","Conrad Hamilton",4
"Antoine Bethea","Daxton Hill",7
"Antoine Bethea","Jerry Gray",3
"Antoine Bethea","Mike Pitts",3
"Antoine Bethea","Art Donovan",2
"Antoine Bethea","Gerald Alexander",5
"Antoine Bethea","Mark Kelso",4
"Antoine Bethea","LaMarr Woodley",3
"Antoine Bethea","Andre Waters",4
"Antoine Bethea","Tramon Williams",3
"Antoine Bethea","Billy Ray Smith",1
"Antoine Bethea","Mark Robinson LB",5
"Antoine Bethea","Reggie McKenzie",2
"Antoine Bethea","Samari Rolle",4
"Antoine Bethea","Brady Smith",5
"Mike Tomczak","John Elway",1
"Mike Tomczak","Bruce Matthews",4
"Mike Tomczak","Dennis McKinnon",3
"Mike Tomczak","Jamaree Salyer",3
"Mike Tomczak","Freeman McNeil",3
"Mike Tomczak","Robert Meachem",2
"Mike Tomczak","Marcus Robinson",3
"Mike Tomczak","Gene Chilton",3
"Mike Tomczak","Jimbo Covert",2
"Mike Tomczak","Jim Sweeney",1
"Mike Tomczak","Kevin Glover",3
"Mike Tomczak","Lionel James",1
"Mike Tomczak","Bernhard Raimann",5
"Mike Tomczak","Sean Rhyan",1
"Mike Tomczak","James Cook",1
"Mike Tomczak","Justin Blalock",2
"Mike Tomczak","Jim Ringo",6
"Mike Tomczak","Breece Hall",3
"Mike Tomczak","Keyshawn Johnson",2
"Lionel James","Greg Olsen",1
"Lionel James","Gary Anderson",1
"Lionel James","Russ Grimm",3
"Lionel James","Jay Cutler",1
"Lionel James","Jim Lachey",2
"Jeff Burris","Andre Waters",3
"Jeff Burris","Leo Chenal",5
"Jeff Burris","Chad Muma",5
"Jeff Burris","Seth Joyner",2
"Jeff Burris","William Gaines",2
"Jeff Burris","Karl Mecklenburg",1
"Jeff Burris","Keith Lyle",4
"Keith Lyle","Delarrin Turner-Yell",1
"Keith Lyle","LaMarr Woodley",2
"Keith Lyle","Bobby Carpenter",1
"Keith Lyle","Art Donovan",9
"Keith Lyle","Jeff Burris",8
"Keith Lyle","Henry Ford",3
"Keith Lyle","Seth Joyner",3
"Keith Lyle","Samari Rolle",4
"Keith Lyle","Karl Mecklenburg",1
"Keith Lyle","Aidan Hutchinson",3
"Terry Mickens","Breece Hall",2
"Terry Mickens","J.P. Foschi",1
"Terry Mickens","Orlando Parker",2
"Henry Ford","Leo Chenal",2
"Henry Ford","Jeff Burris",4
"Henry Ford","Mark Kelso",4
"Henry Ford","Tramon Williams",1
"Henry Ford","Aidan Hutchinson",5
"Orlando Parker","Ben Coates",4
"Orlando Parker","Sean Rhyan",3
"Justin Blalock","Irv Eatman",3
"Justin Blalock","Kenyon Green",5
"Justin Blalock","Frank Beede",4
"Justin Blalock","Joe Horn",3
"Justin Blalock","Christian Watson",4
"Justin Blalock","James Brooks II",10
"Justin Blalock","Clay Shiver",5
"Justin Blalock","Calvin Magee",4
"Justin Blalock","Dan Marino",1
"Justin Blalock","Lionel James",1
"Justin Blalock","Gary Clark",5
"Justin Blalock","Ben Coates",4
"Justin Blalock","Keyshawn Johnson",8
"Justin Blalock","Tom Thayer",1
"Justin Blalock","Mike Tomczak",4
"Justin Blalock","Bernhard Raimann",2
"Justin Blalock","Jim Lachey",2
"Justin Blalock","Trey McBride",2
"Karl Mecklenburg","Jeremiah Trotter",1
"Karl Mecklenburg","Andre Wadsworth",8
"Karl Mecklenburg","Shane Burton",3
"Karl Mecklenburg","Todd Shell",8
"Karl Mecklenburg","William Judson",12
"Karl Mecklenburg","Shawn Wooden",8
"Karl Mecklenburg","George Trafton",7
"Karl Mecklenburg","Alontae Taylor",5
"Karl Mecklenburg","Kayvon Thibodeaux",6
"Karl Mecklenburg","Andre Tippett",8
"Karl Mecklenburg","Travon Walker",7
"Karl Mecklenburg","Jaquan Brisker",5
"Karl Mecklenburg","Jeff Donaldson",3
"Karl Mecklenburg","Jim Jeffcoat",4
"Karl Mecklenburg","Tank Tyler",5
"Karl Mecklenburg","Mark Kelso",3
"Karl Mecklenburg","Delarrin Turner-Yell",1
"Karl Mecklenburg","Keith Lyle",8
"Karl Mecklenburg","Tramon Williams",5
"Karl Mecklenburg","Tim Green",4
"Karl Mecklenburg","Samari Rolle",3
"Karl Mecklenburg","Jeff Burris",9
"Karl Mecklenburg","Aidan Hutchinson",3
"Karl Mecklenburg","Art Donovan",7
"Karl Mecklenburg","Brady Smith",2
"Karl Mecklenburg","Leo Chenal",4
"Chad Muma","Brodrick Bunkley",1
"Chad Muma","Lawyer Milloy",3
"Chad Muma","George Karlaftis",4
"Chad Muma","Mark Robinson",2
"Chad Muma","Devin Lloyd",2
"Chad Muma","William Gaines",8
"Chad Muma","Tramon Williams",1
"Chad Muma","Keith Lyle",2
"Chad Muma","Mark Robinson LB",2
"Chad Muma","Henry Ford",4
"Delarrin Turner-Yell","Richard Dent",4
"Delarrin Turner-Yell","Emlen Tunnell",2
"Delarrin Turner-Yell","Keith Browner",5
"Delarrin Turner-Yell","Sam Seale",1
"Delarrin Turner-Yell","Lewis Billups",3
"Delarrin Turner-Yell","Chad Muma",5
"Delarrin Turner-Yell","Tim Green",7
"Delarrin Turner-Yell","Henry Ford",2
"Pat Harlow","Ken Reeves",1
"Pat Harlow","Willie Davis",8
"Pat Harlow","Gene Williams",2
"Pat Harlow","Terry Mickens",2
"Pat Harlow","Mike Tomczak",4
"Pat Harlow","Tom Thayer",2
"Pat Harlow","Ben Coates",1
"Pat Harlow","J.P. Foschi",1
"Pat Harlow","Bobby Humphery",1
"Conrad Hamilton","Bobby Carpenter",3
"Conrad Hamilton","Samari Rolle",3
"Conrad Hamilton","Don Rogers",4
"Conrad Hamilton","Mark Robinson LB",1
"Conrad Hamilton","Seth Joyner",2
"Brian Hansen","Zach Strief",1
"Chris Morris","Rachaad White",4
"John FitzPatrick","Amani Toomer",4
"Matt Moore","Neil Lomax",2
"Rudy Niswanger","Boyd Dowler",2
"Rudy Niswanger","Zion Johnson",2
"Rich Camarillo","David Jones",1
"Rich Camarillo","Joe Montana",3
"John Wade","Art Monk",5
"John Wade","Skyy Moore",2
"John Wade","Lance Smith",4
"John Wade","Sean Landeta",2
"Reggie Kinlaw","Ray Edwards",1
"Reggie Kinlaw","Kevin Ross",4
"Reggie Kinlaw","Ray Childress",3
"Todd Christensen","Chris Chester",1
"Todd Christensen","Jason White",3
"Uche Nwaneri","Al Bundy",1
"Uche Nwaneri","Ricky Williams",5
"Lewis Billups","Channing Tindall",3
"Lewis Billups","Vince Newsome",1
"Hokie Gajan","Jason White",2
"Mark May","Bobby Engram",1
"Mark May","Nevin McCaskill",5
"Kevin Donnalley","Brandon Burlsworth",2
"Kevin Donnalley","Ryan Grant",3
"Kevin Donnalley","Ken Stabler",3
"Kevin Donnalley","Evan Neal",2
"Todd Scott","Buddy Curry",6
"Todd Scott","Jim Stillwagon",4
"Todd Scott","Mike Wise",1
"Bill Lewis","Tyler Smith",4
"Renaldo Nehemiah","Cap Boso",1
"Renaldo Nehemiah","Tyler Smith",8
"Renaldo Nehemiah","Mike Baab",3
"Renaldo Nehemiah","George Musso",5
"Renaldo Nehemiah","Tony Hill",5
"Renaldo Nehemiah","Tony Paige",4
"Renaldo Nehemiah","Jake Ferguson",8
"Renaldo Nehemiah","Gerald Riggs",1
"Renaldo Nehemiah","Jason Murphy",9
"Renaldo Nehemiah","Mel Gray",4
"Renaldo Nehemiah","Bobby Hebert",1
"Renaldo Nehemiah","Alan Veingrad",7
"Renaldo Nehemiah","Marshawn Lynch",3
"Renaldo Nehemiah","Jeremy Trueblood",9
"Renaldo Nehemiah","Ben Grubbs",3
"Renaldo Nehemiah","Michael Jackson",3
"Renaldo Nehemiah","Gene Hickerson",2
"Patrick Allen","Sam Mills",3
"Patrick Allen","Damone Clark",3
"Patrick Allen","James Ihedigbo",3
"Patrick Allen","Mike Charles",3
"Patrick Allen","Shawn Miller",4
"Patrick Allen","Todd Bowles",3
"Patrick Allen","Kyle Clifton",2
"Patrick Allen","Chris Gocong",1
"Patrick Allen","Derek Stingley Jr",4
"Patrick Allen","Wilber Marshall",4
"Danny Walters","Dwight Hicks",1
"Dwight Clark","Jeff Graham",6
"Dwight Clark","Harvey Salem",2
"Dwight Clark","Winston Justice",2
"Dwight Clark","Billy Ard",3
"Dwight Clark","Kirk Gibson",2
"Dwight Clark","Adam Vinatieri",1
"Dwight Clark","Antone Davis",4
"Dwight Clark","Carl Birdsong",3
"Harvey Salem","Billy Ard",4
"Harvey Salem","Antone Davis",3
"Harvey Salem","Isiah Pacheco",5
"Harvey Salem","Olin Kreutz",2
"Harvey Salem","Jeff Graham",6
"Harvey Salem","Robert Edwards",3
"Harvey Salem","Deuce Lutui",3
"Harvey Salem","Vernon Davis",3
"Harvey Salem","Winston Justice",1
"Kelvin Pritchett","Bryan Cox",5
"Kelvin Pritchett","Kyler Gordon",2
"Charles Mincy","Donte Whitner",5
"Charles Mincy","Bruce Pickens",6
"Charles Mincy","Elvis Dumervil",5
"Charles Mincy","Bryan Cox",6
"Charles Mincy","Herman Edwards II",3
"Charles Mincy","Trent McDuffie",8
"Charles Mincy","Kevin Hardy",2
"Charles Mincy","Wendell Cason",3
"Louis Cooper","Tyron Brackenridge",3
"Louis Cooper","Kevin Hardy",2
"Louis Cooper","Mario Williams",1
"Louis Cooper","LaRon Landry",5
"Louis Cooper","Clay Matthews",4
"Louis Cooper","Donte Whitner",3
"Louis Cooper","Wendell Cason",3
"Louis Cooper","Charles Mincy",2
"Doug Reed","Trent McDuffie",4
"Doug Reed","Elvis Dumervil",2
"Doug Reed","Wendell Cason",11
"Doug Reed","Clay Matthews",5
"Doug Reed","Steve McMichael",2
"Doug Reed","Kevin Hardy",2
"John Kasay","Ryan Kalil",4
"John Kasay","Trevor Penning",1
"John Kasay","Don Mosebar",2
"John Kasay","Brian Griese",2
"John Kasay","Sean Landeta",1
"John Kasay","Marshal Yanda",4
"John Kasay","Lionel Manuel",3
"Trevor Penning","Art Monk",4
"Trevor Penning","Irving Fryar",2
"Trevor Penning","Ed West",3
"Trevor Penning","Don Mosebar",7
"Trevor Penning","Jay Novacek",1
"Trevor Penning","Lance Smith",2
"Trevor Penning","Randall Cunningham",3
"Trevor Penning","Jim Brown",2
"Trevor Penning","Forrest Gump",3
"Trevor Penning","Sean Landeta",3
"Trevor Penning","Lionel Manuel",6
"Trevor Penning","Fred Taylor",3
"Lionel Manuel","John Kasay",3
"Lionel Manuel","Lance Smith",2
"Lionel Manuel","Trevor Penning",3
"Lionel Manuel","Cris Collinsworth",2
"Lionel Manuel","Don Mosebar",3
"Lionel Manuel","Jay Novacek",1
"Lionel Manuel","Skyy Moore",1
"Lionel Manuel","Dan Fike",3
"Scott Mitchell","Mark Duper",2
"Scott Mitchell","Joshua Ezeudu",3
"Scott Mitchell","Dennis Gentry",3
"Cedric Mack","TJAJRJ Backslashinfourth V",4
"Cedric Mack","Juran Bolden",5
"Cedric Mack","Robert Lyles",13
"Cedric Mack","Nephi Sewell",8
"Cedric Mack","Phillip Daniels",3
"Cedric Mack","Mike Richardson",2
"Cedric Mack","Dexter Manley",7
"Cedric Mack","Johnny Meads",2
"Cedric Mack","Randy Gradishar",1
"Cedric Mack","Eric Swann",2
"Cedric Mack","Cobie Durant",7
"Cedric Mack","Kenny Easley",3
"Cedric Mack","Larry Roberts",1
"Cedric Mack","Otis Wilson",1
"Cedric Mack","Paul Moyer",3
"Mark Duper","Alvin Harper",1
"Mark Duper","Willie Davis",4
"Mark Duper","Stephone Paige",1
"Mark Duper","George Halas",6
"Mark Duper","Joseph Addai",5
"Mark Duper","Jim Ritcher",2
"Mark Duper","Jim Everett",3
"Mark Duper","Rich Tylski",1
"Mark Duper","Ken Reeves",1
"Mark Duper","Dan Turk",4
"Mark Duper","Reggie Langhorne",6
"Mark Duper","Bubba Paris",1
"Mark Duper","Steve Sewell",1
"Mark Duper","Ken Ruettgers",2
"Mark Duper","Pete Kendall",1
"D.J. Davidson","Al Harris",3
"D.J. Davidson","John Swain",4
"D.J. Davidson","James Griffin",4
"D.J. Davidson","Charles Haley",3
"D.J. Davidson","Don Fielder",1
"D.J. Davidson","Greg Kragen",4
"D.J. Davidson","Keyunta Dawson",5
"D.J. Davidson","Brent Grimes",1
"D.J. Davidson","Eric Smith",2
"D.J. Davidson","Christian Harris",5
"D.J. Davidson","James Britt",4
"D.J. Davidson","Darryl Tapp",1
"D.J. Davidson","Steve Nelson",2
"D.J. Davidson","Mo Lewis",2
"James Griffin","Brent Grimes",8
"James Griffin","Tony Parrish",1
"James Griffin","Fredd Young",3
"James Griffin","Don Fielder",5
"James Griffin","Leonard Little",1
"James Griffin","Greg Kragen",4
"James Griffin","D.J. Davidson",7
"James Griffin","Al Harris",1
"James Griffin","Keyunta Dawson",6
"James Griffin","James Britt",4
"James Griffin","Charles Haley",5
"James Griffin","Orpheus Roye",1
"Cedric Jones","Walter Stanley",1
"Cedric Jones","Mike Pritchard",7
"Cedric Jones","Scott Player",3
"Cedric Jones","Tony Franklin",2
"Cedric Jones","Kurt Quarterman",2
"Cedric Jones","Eric Sanders",3
"Cedric Jones","Patrick Cobbs",1
"Cedric Jones","Chris Dressel",2
"Cedric Jones","Garrett Wilson",4
"Patrick Cobbs","Joe Thomas",5
"Patrick Cobbs","Mark Dixon",8
"Patrick Cobbs","Ken Dallafior",3
"Patrick Cobbs","Jason Campbell",6
"Patrick Cobbs","Kent Hull",8
"Patrick Cobbs","Michael Robinson",8
"Patrick Cobbs","Chris Burkett",6
"Patrick Cobbs","Walter Stanley",8
"Patrick Cobbs","Ronnie Harmon",3
"Patrick Cobbs","Chris Dressel",6
"Patrick Cobbs","Donald Penn",10
"Patrick Cobbs","Garrett Wilson",8
"Patrick Cobbs","Kurt Quarterman",1
"Patrick Cobbs","Cedric Jones",2
"Patrick Cobbs","Mike Pritchard",3
"Jerious Norwood","Brett Goode",2
"Jerious Norwood","Mark Dixon",2
"Tyler Thigpen","Mike Pritchard",3
"Michael Robinson","Patrick Cobbs",2
"Michael Robinson","Kent Hull",5
"Michael Robinson","Walter Stanley",2
"Michael Robinson","Kurt Quarterman",2
"Michael Robinson","Jason Campbell",3
"Rasheed Walker","Ken Dallafior",2
"Rasheed Walker","Cedric Jones",2
"Rasheed Walker","Jason Campbell",4
"Rasheed Walker","Patrick Cobbs",3
"Rasheed Walker","Garrett Wilson",4
"Sam Williams","Leonard Little",3
"Sam Williams","Steve Nelson",2
"Sam Williams","Eric Smith",1
"Sam Williams","D.J. Davidson",5
"Sam Williams","John Swain",8
"Sam Williams","Charles Haley",4
"Sam Williams","James Griffin",4
"Sam Williams","Darryl Tapp",4
"Sam Williams","Darren Comeaux",1
"Sam Williams","Christian Harris",4
"Sam Williams","Greg Kragen",4
"Darren Comeaux","Don Fielder",5
"Darren Comeaux","Fredd Young",2
"Darren Comeaux","James Griffin",1
"Darren Comeaux","Charles Haley",4
"Darren Comeaux","Orpheus Roye",5
"Darren Comeaux","James Britt",6
"Darren Comeaux","Brent Grimes",5
"Darren Comeaux","Eric Smith",2
"Darren Comeaux","John Swain",1
"Darren Comeaux","Christian Harris",1
"Brent Grimes","John Swain",4
"Brent Grimes","Leonard Little",1
"Brent Grimes","Don Fielder",5
"Brent Grimes","JT Woods",4
"Brent Grimes","Tony Parrish",2
"Brent Grimes","Jack Jones",3
"Brent Grimes","Darren Comeaux",4
"Brent Grimes","Orpheus Roye",6
"Brent Grimes","Mike Dumas",1
"Brent Grimes","James Griffin",2
"Brent Grimes","Steve Nelson",1
"Buford McGee","Miles Austin",1
"Buford McGee","Daryn Colledge",5
"Don Davey","Fred Thomas",5
"Don Davey","Robert Brown",2
"Don Davey","Alvin Walton",4
"Don Davey","Kevin Ross",2
"Don Davey","Andrew Booth Jr",2
"Jeff Davis","Brent Williams",2
"Jeff Davis","Reggie Nelson",2
"Skylar Thompson","Santonio Holmes",3
"Skylar Thompson","Miles Austin",4
"Skylar Thompson","Oliver Ross",2
"Ron Solt","Jamie Dukes",1
"Ron Solt","Cooper Wallace",3
"Ron Solt","Daren Gilbert",4
"Ron Solt","Mike Sims-Walker",3
"Matt Corral","Mike Michalske",1
"Matt Corral","Ethan Brooks",3
"Matt Corral","Greg Bell",6
"Matt Corral","Marvin Harrison",3
"Matt Corral","Jake Camarda",1
"Matt Corral","Eric Young",1
"Akayleb Evans","Mike Charles",3
"Akayleb Evans","Patrick Allen",7
"Akayleb Evans","Frostee Rucker",3
"Akayleb Evans","William Perry",5
"Akayleb Evans","Damone Clark",2
"Akayleb Evans","Wilber Marshall",1
"Akayleb Evans","Shawn Miller",2
"Akayleb Evans","Damien Robinson",6
"Akayleb Evans","Sam Mills",6
"Akayleb Evans","Jordan Davis",2
"Akayleb Evans","Derek Stingley Jr",1
"Akayleb Evans","Carl Lee",4
"Paul Soliai","Shawn Miller",1
"Paul Soliai","Damone Clark",5
"Paul Soliai","Troy Benson",4
"Paul Soliai","Steve Jackson",1
"Paul Soliai","Jordan Davis",1
"Paul Soliai","Simon Fletcher",1
"Paul Soliai","Wilber Marshall",3
"Paul Soliai","Carl Lee",4
"Paul Soliai","Sam Mills",1
"Bo Eason","Jalen Pitre",3
"Bo Eason","Leon Hall",5
"Bo Eason","Marcus Coleman",2
"Bo Eason","Keith Willis",1
"Bo Eason","Micah McFadden",3
"Ricky Williams","Hokie Gajan",4
"Ricky Williams","Stepfret Williams",3
"Ricky Williams","Greg Jennings",2
"Ricky Williams","Al Bundy",4
"Ricky Williams","Chris Hinton",6
"Ricky Williams","Reggie Langhorne",1
"Ricky Williams","Bobby Engram",4
"Ralf Mojsiejenko","Lomas Brown",4
"Ralf Mojsiejenko","Gary Zimmerman",2
"Ralf Mojsiejenko","Hokie Gajan",2
"Ralf Mojsiejenko","Greg Jennings",3
"Ralf Mojsiejenko","Ricky Sanders",6
"Ralf Mojsiejenko","Mason Crosby",1
"Ralf Mojsiejenko","Norbert Davidds-Garrido",3
"Ralf Mojsiejenko","Amani Toomer",1
"Ralf Mojsiejenko","Quentin Neujahr",4
"Ralf Mojsiejenko","Bobby Engram",1
"Chris Zorich","Don Davey",2
"Chris Zorich","Tariq Woolen",2
"Hiram Eugene","Shawn Wooden",2
"Geoffrey Pope","David Harris",2
"Geoffrey Pope","Keith Ellison",5
"Jim Zorn II","Jim Sweeney",1
"Jim Zorn II","Dean Miraldi",2
"Jim Zorn II","Ron Mattes",3
"Dennis McKinnon","Jim Zorn II",2
"Dennis McKinnon","Paul Fairchild",1
"Dennis McKinnon","Kevin Glover",5
"Dennis McKinnon","Joe Walter",2
"Steve Van Buren","Paul Fairchild",2
"Steve Van Buren","Dean Miraldi",5
"Steve Van Buren","Kevin Glover",2
"Steve Van Buren","Gene Chilton",2
"Joe Morris","Dylan Parham",3
"Joe Morris","Roman Fortin",4
"Joe Morris","Mike Rozier",8
"Joe Morris","Mike Munchak",9
"Joe Morris","Bernie Kosar",3
"Joe Morris","Joe Jacoby",6
"Joe Morris","Brandon Marshall",3
"Joe Morris","Ted Ginn Jr.",8
"Joe Morris","Anthony Carter",2
"Joe Morris","Steve McKinney",8
"Joe Morris","Chris Chester",8
"Joe Morris","Brock Purdy",4
"Joe Morris","Steve Jordan",6
"Joe Morris","Tim Irwin",3
"Joe Morris","Joe Perry",14
"Joe Morris","Tony Scheffler",5
"Joe Morris","Jerry Rice",1
"Joe Morris","James Williams",2
"Remi Ayodele","Tim McKyer",3
"Remi Ayodele","Ray Horton",8
"Remi Ayodele","Mathias Kiwanuka",3
"Remi Ayodele","Gary Plummer",2
"Remi Ayodele","Johnny Rembert",3
"Remi Ayodele","Walt Harris",2
"Remi Ayodele","Reed Blankenship",6
"Remi Ayodele","John McCargo",1
"Remi Ayodele","Nik Bonitto",5
"Remi Ayodele","Dennis Smith",1
"Remi Ayodele","Jacob Green",3
"Remi Ayodele","Patrick Surtain",3
"Jamaal Anderson","Johnny Rembert",5
"Jamaal Anderson","Cortland Finnegan",12
"Jamaal Anderson","Jonathan Lewis",4
"Jamaal Anderson","Jacob Green",4
"Jamaal Anderson","Tim McKyer",3
"Jamaal Anderson","Charles Mann",4
"Jamaal Anderson","Patrick Surtain",1
"Jamaal Anderson","Nik Bonitto",5
"Jamaal Anderson","John McCargo",2
"Jamaal Anderson","Walt Harris",4
"Johnny Hector","Adam Stenavich",2
"Johnny Hector","Rueben Mayes",4
"Johnny Hector","Cole Strange",4
"Johnny Hector","Stephon Heyer",1
"Johnny Hector","Bill Brooks",2
"Johnny Hector","Germane Crowell",3
"Tim Wrightman","Bill Brooks",3
"Tim Wrightman","Cole Strange",4
"Tim Wrightman","Jay Hilgenberg",6
"Tim Wrightman","Joe Namath",3
"Tim Wrightman","Vance Johnson",3
"Tim Wrightman","Terry Glenn",2
"Tim Wrightman","Raul Allegre",1
"Tim Wrightman","David Hughes",4
"Tim Wrightman","Stephon Heyer",5
"Tim Wrightman","Chigoziem Okonkwo",5
"Tim Wrightman","Maurice Jones-Drew",1
"Pat Beach","Calvin Johnson",2
"Pat Beach","Cole Strange",2
"Steve Cox","Stephon Heyer",3
"Steve Cox","David Hughes",4
"Steve Cox","Jim McMahon",4
"Steve Cox","Maurice Jones-Drew",2
"Steve Cox","Germane Crowell",1
"Steve Cox","Bill Brooks",3
"Steve Cox","Adam Stenavich",8
"Steve Cox","Jay Hilgenberg",2
"Steve Cox","Joe Namath",1
"Steve Cox","Tim Wrightman",3
"Steve Cox","Tim McGee",2
"Ray Donaldson","Adam Stenavich",4
"Ray Donaldson","Nate Newton",4
"Ray Donaldson","Damon Huard",2
"Ray Donaldson","Cole Strange",2
"Ray Donaldson","Stephon Heyer",5
"Stephen Tulloch","Fulton Walker",5
"Stephen Tulloch","Charles Woodson",3
"Stephen Tulloch","Stewart Bradley",1
"Stephen Tulloch","Dan Hampton",5
"Stephen Tulloch","Terry Kinard",1
"John Lee","Evan Neal",1
"Mark Bortz","Mike Wahle",1
"Kyle Philips","Jay Cutler",5
"Chris Green","Luke Masterson",3
"Chris Green","Michael Carter",5
"Alex Molden","John Mobley",2
"Alex Molden","Ronnie Lippett",2
"Alex Molden","Nesby Glasgow",4
"Alex Molden","Paul Grasmanis",1
"Turk McBride","John Mobley",3
"Turk McBride","Carl Banks",3
"Turk McBride","Keith Brooking",7
"Turk McBride","Ronnie Lippett",3
"Turk McBride","Regan Upshaw",3
"Turk McBride","Eric Williams",3
"Jim Burt","Knute Rockne",4
"Paul Grasmanis","Perry Phenix",4
"Paul Grasmanis","Russ Yeast",1
"Paul Grasmanis","Carl Banks",1
"Charles McRae","Bruce Kozerski",4
"Charles McRae","Steve Breaston",1
"Charles McRae","John Michels",1
"Charles McRae","Mike Quick",7
"Charles McRae","Tim Dwight",1
"Charles McRae","Johnny Unitas",4
"Charles McRae","Eric Dickerson",7
"Charles McRae","Bill Fralic",1
"Charles McRae","Irv Pankey",4
"Charles McRae","Drake London",3
"Jason Spitz","Oliver Luck",1
"Jason Spitz","Drake London",8
"Jason Spitz","Bill Fralic",4
"Jason Spitz","LeBron James",5
"Jason Spitz","Eric Dickerson",13
"Jason Spitz","Bruce Kozerski",12
"Jason Spitz","Mike Quick",10
"Jason Spitz","O.J. Simpson",2
"Jason Spitz","Al Del Greco",1
"Jason Spitz","Ernie Conwell",6
"Jason Spitz","Jake Reed",5
"Jason Spitz","Irv Pankey",2
"Jason Spitz","John Michels",2
"Jason Spitz","Johnny Unitas",8
"Jason Spitz","Charles McRae",6
"Jason Spitz","Tim Dwight",2
"Floyd Dixon","Oliver Luck",1
"Steve Breaston","Mike Quick",3
"Steve Breaston","John Michels",3
"Steve Breaston","Ernie Conwell",1
"Steve Breaston","Bill Fralic",1
"Oliver Luck","Mike Quick",3
"Oliver Luck","Mike Goff",2
"Oliver Luck","Bruce Kozerski",4
"Claude Wroten","Gerald Alexander",2
"Claude Wroten","Samari Rolle",2
"Jon Melander","Vai Sikahema",6
"Jon Melander","Ben Coates",7
"Jon Melander","Kevin Call",2
"Jon Melander","Bernhard Raimann",1
"Jon Melander","J.P. Foschi",4
"Jon Melander","James Jones WR",4
"Daryl Turner","Frank Reich",1
"Daryl Turner","Jon Melander",2
"Daryl Turner","James Cook",1
"Bruce McNorton","Bronko Nagurski",3
"Bruce McNorton","Kamerion Wimbley",5
"Bruce McNorton","Channing Tindall",6
"Bruce McNorton","Delarrin Turner-Yell",4
"Bruce McNorton","Curly Lambeau",4
"Bruce McNorton","Hugh Green",4
"Matt Blair II","Arnold Ebiketie",4
"Matt Blair II","Stephen Tulloch",4
"Matt Blair II","Antonio Cromartie",1
"Matt Blair II","Ed Reynolds",1
"Matt Blair II","Patrick Hunter",2
"Matt Blair II","Terry Kinard",3
"Matt Blair II","Donnie Humphrey",7
"Matt Blair II","Charles Woodson",4
"Matt Blair II","Tom Barndt",3
"Matt Blair II","Andy Russell",5
"Matt Blair II","Greg Townsend",3
"Matt Blair II","Stewart Bradley",1
"Matt Blair II","Henry Jones",2
"Randy Robbins","Matt Blair II",2
"Jeff Ogden","Yancey Thigpen",4
"Jonathan Quinn","Lorenzo Booker",2
"Jonathan Quinn","Ricky Ervins",2
"Jonathan Quinn","Larry Moore",2
"Victor Riley","Owen Daniels",1
"Victor Riley","Frank Beede",1
"Victor Riley","Dan Marino",4
"Victor Riley","James Brooks II",2
"Victor Riley","Nick Cole",1
"Victor Riley","Jonathan Quinn",1
"Hoby Brenner","Tim Spencer",2
"Hoby Brenner","Stan Brock",9
"Hoby Brenner","Tony Collins",1
"Hoby Brenner","Miles Austin",4
"Hoby Brenner","Santonio Holmes",5
"Hoby Brenner","Marcus Allen",2
"Hoby Brenner","Vince Young",10
"Hoby Brenner","Richmond McGee",5
"Hoby Brenner","Daryn Colledge",3
"Hoby Brenner","Oliver Ross",2
"Hoby Brenner","Jamie Dukes",2
"Hoby Brenner","Zach Strief",9
"Hoby Brenner","Herschel Walker",4
"Hoby Brenner","Rich Karlis",3
"Hoby Brenner","Mike Sims-Walker",3
"Hoby Brenner","Andrew Whitworth",4
"Hoby Brenner","Chris Olave",2
"Mark Tuinei","Mark Boyer",4
"Mark Tuinei","Hines Ward",2
"Mark Tuinei","Paul Warfield",5
"Mark Tuinei","Eric Moten",1
"Mark Tuinei","Jonathan Ogden",4
"Mark Tuinei","Eddie Brown",6
"Mark Tuinei","Ken Stabler",4
"Mark Tuinei","Stephen Gostkowski",1
"Mark Tuinei","Rod Rutledge",2
"Mark Tuinei","Evan Neal",3
"Mark Tuinei","Brandon Burlsworth",1
"Reggie Camp","Ted Washington",3
"Reggie Camp","Kevin Greene",3
"Reggie Camp","TJAJRJ Backslashinfourth V",5
"Reggie Camp","Otis Wilson",1
"Reggie Camp","Cobie Durant",3
"Reggie Camp","Eric Swann",8
"Reggie Camp","Larry Roberts",1
"Frank Warren","Matt Millen",1
"Frank Warren","Alvin Walton",11
"Frank Warren","Jon Beason",8
"Frank Warren","Mark Duda",6
"Frank Warren","Jonathan Fatu",4
"Frank Warren","Lional Dalton",3
"Frank Warren","Andrew Booth Jr",4
"Frank Warren","Robert Brown",2
"Frank Warren","Jerry Boyarsky",9
"Frank Warren","Joe Kelly",3
"Mike Vanderjagt","Danny White II",1
"Mike Vanderjagt","Cade Otton",7
"Mike Vanderjagt","Andrew Whitworth",5
"Mike Vanderjagt","Johnny Lam Jones",3
"Mike Vanderjagt","John L Williams",1
"Mike Vanderjagt","Nicholas Petit-Frere",1
"David Jones","Guy McIntyre",1
"David Jones","Mike Flynn",8
"David Jones","Mark Nichols",5
"David Jones","Kenneth Davis",1
"David Jones","Charles Cross",2
"David Jones","Laurence Maroney",3
"David Jones","Joe Montana",1
"David Jones","Kellen Winslow",4
"David Jones","Mark Clayton",1
"Mike Baab","Tony Paige",1
"Mike Baab","Webster Slaughter",1
