PlayerID,ImportID,Overall,Season,RookieYear,FirstName,LastName,Team,DraftRound,DraftPick,DraftSeason,College,Number,DOB,Experience,Age,Height,Weight,Position,Salary,ContractYears,Salary1,Salary2,Salary3,Salary4,Salary5,Salary6,Salary7,SigningBonus1,SigningBonus2,SigningBonus3,SigningBonus4,SigningBonus5,SigningBonus6,SigningBonus7,PlayerFlags,PlayerTraits,CollegiateCareer,CollegiateSeasonsJson,CollegiateAwardsJson,SelectedFaceset,SelectedFace,SelectedClothes,SelectedHairstyle,Attr_Str,Attr_Agi,Attr_Arm,Attr_Spe,Attr_Han,Attr_Intel,Attr_Acc,Attr_PBl,Attr_RBl,Attr_Tck,Attr_KDi,Attr_KAc,Attr_End,Attr_Pot,Skill_QB,Skill_RB,Skill_FB,Skill_WR,Skill_TE,Skill_G,Skill_T,Skill_C,Skill_P,Skill_K,Skill_DT,Skill_DE,Skill_LB,Skill_CB,Skill_SS,Skill_FS,Per_Lea,Per_Wor,Per_Com,Per_TmPl,Per_Spor,Per_Soc,Per_Mny,Per_Pres,Per_Sec,Per_Loy,Per_Win,Per_PT,Per_Home,Per_Mkt,Per_Mor
1987,,67,1991,1985,Ken,Anderson,0,15,14,1985,Augustana (IL),14,,3,39,74,212,QB,0,0,0,0,0,0,0,0,0,0,0,0,0,0,0,0,None,FanFavorite,,,,b,0030.png,,darkbrown_3025.png,26,42,76,37,15,79,58,1,1,23,1,1,77,0,51,1,1,1,1,1,1,1,1,1,1,1,1,1,1,1,35,84,97,45,68,99,74,0,46,47,42,73,38,53,72
9617,,67,1991,0,Kent,Austin,0,0,0,0,Mississippi,13,,1,24,73,195,QB,0,0,0,0,0,0,0,0,0,0,0,0,0,0,0,0,None,,,,,b,0018.png,,black_3035.png,45,47,69,44,11,66,66,1,1,5,1,1,72,0,56,1,1,1,1,1,1,1,30,30,1,1,1,1,1,1,93,50,43,84,61,50,94,0,32,37,45,99,41,36,78
1927,,77,1991,1985,Steve,Bartkowski,0,10,9,1985,California,10,,6,39,76,216,QB,0,0,0,0,0,0,0,0,0,0,0,0,0,0,0,0,None,RoleModel,,,,b,0080.png,default-jersey-01.png,black_3015.png,21,38,73,42,15,72,86,1,1,15,1,1,81,0,89,1,1,1,1,1,1,1,1,1,1,1,1,1,1,1,71,85,86,55,99,100,96,0,39,32,67,100,42,31,16
5412,,81,1991,0,Brett,Basanez,9,0,0,0,Northwestern,19,,5,27,74,215,QB,250000,2,250000,250000,0,0,0,0,0,0,0,0,0,0,0,0,None,,,,,b,0073.png,default-jersey-01.png,bald_3016.png,51,52,86,49,11,66,86,1,1,18,1,1,77,0,90,1,1,1,1,1,1,1,1,1,1,1,1,1,1,1,37,76,83,39,94,71,78,0,38,41,31,70,34,62,100
9608,,77,1991,0,Charlie,Batch,10,0,0,0,Eastern Michigan,8,,1,25,74,220,QB,250000,1,250000,0,0,0,0,0,0,0,0,0,0,0,0,0,None,,,,,a,10557.png,default-jersey-01.png,lightbrown_3005.png,38,55,85,52,20,75,74,1,1,9,1,1,74,0,64,1,1,1,1,1,1,1,27,26,1,1,1,1,1,1,85,80,66,83,65,95,81,0,42,36,65,81,41,43,99
3393,,75,1991,1986,Kerwin,Bell,0,5,11,1986,Florida,1,,2,33,75,207,QB,0,0,0,0,0,0,0,0,0,0,0,0,0,0,0,0,None,FanFavorite,,,,a,10585.png,,lightbrown_3094.png,34,56,69,56,10,71,74,1,1,16,1,1,73,0,93,1,1,1,1,1,1,1,1,1,1,1,1,1,1,1,12,64,30,29,35,19,86,0,37,33,47,90,34,64,31
12714,2419,75,1991,0,Jeff,Blake,0,0,0,0,East Carolina,0,,0,22,73,223,QB,0,0,0,0,0,0,0,0,0,0,0,0,0,0,0,0,None,,,,,,,,,46,50,80,48,4,78,67,1,1,23,1,1,75,0,74,0,0,0,0,0,0,0,0,0,0,0,0,0,0,0,80,64,56,65,68,31,72,0,33,34,57,74,48,43,86
9606,,78,1991,0,Bubby,Brister,7,0,0,0,La-Monroe,9,,1,25,75,205,QB,250000,1,250000,0,0,0,0,0,0,0,0,0,0,0,0,0,None,,,,,a,10561.png,default-jersey-01.png,red_3014.png,46,64,80,62,13,78,72,1,1,15,1,1,69,0,69,1,1,1,1,1,1,1,26,27,1,1,1,1,1,1,84,72,90,84,84,60,83,0,32,37,38,90,40,33,88
3543,,69,1991,1986,Jeff,Brohm,0,6,4,1986,Louisville,11,,4,29,73,205,QB,0,0,0,0,0,0,0,0,0,0,0,0,0,0,0,0,None,,,,,a,0117.png,,darkbrown_3054.png,29,38,62,45,5,68,72,1,1,1,1,1,68,0,84,1,1,1,1,1,1,1,1,1,1,1,1,1,1,1,93,85,64,94,80,72,77,0,48,31,68,81,44,63,100
12817,3402,63,1991,0,Dave,Brown,0,0,0,0,Duke,0,,0,22,77,230,QB,0,0,0,0,0,0,0,0,0,0,0,0,0,0,0,0,None,,,,,,,,,50,54,64,43,9,56,58,1,1,14,1,1,73,0,71,0,0,0,0,0,0,0,0,0,0,0,0,0,0,0,51,49,61,52,31,68,97,0,35,49,67,86,39,56,76
12391,,84,1991,1991,Mark,Brunell,2,1,16,1991,Washington,15,,0,24,73,217,QB,1750000,4,1750000,1750000,1750000,1750000,0,0,0,0,0,0,0,0,0,0,None,GameManager,,,,b,0070.png,default-jersey-01.png,black_3096.png,57,70,85,66,29,84,80,1,1,17,1,1,79,0,61,1,1,1,1,1,1,1,1,1,1,1,1,1,1,1,62,60,31,46,47,51,73,0,33,32,66,78,44,44,89
5633,,90,1991,1987,Jason,Campbell,20,3,3,1987,Auburn,8,,4,29,77,223,QB,7500000,1,7500000,0,0,0,0,0,0,0,0,0,0,0,0,0,None,,,,,b,0090.png,,black_3082.png,56,76,92,63,25,74,92,1,1,28,1,1,88,0,100,1,1,1,1,1,1,1,1,1,1,1,1,1,1,1,43,80,88,45,88,99,74,0,46,42,40,89,36,37,97
5717,,86,1991,1987,Jack,Coan,1,4,20,1987,Notre Dame,17,,4,27,75,220,QB,5200000,2,5200000,5200000,0,0,0,0,0,0,0,0,0,0,0,0,None,GameManager,,,,b,0088.png,,black_3018.png,52,76,89,73,18,77,81,1,1,19,1,1,73,0,78,1,1,1,1,1,1,1,1,1,1,1,1,1,1,1,75,75,81,62,84,65,80,0,43,40,59,77,36,57,25
12834,5808,75,1991,0,Cary,Conklin,0,0,0,0,Washington,0,,0,24,76,220,QB,0,0,0,0,0,0,0,0,0,0,0,0,0,0,0,0,None,,,,,,,,,36,58,73,52,1,71,70,1,1,16,1,1,72,0,95,0,0,0,0,0,0,0,0,0,0,0,0,0,0,0,31,96,81,6,68,90,77,0,47,50,66,99,42,69,77
8538,,88,1991,1989,Jimmy,Conzelman,17,2,11,1989,Washington (MO),1,,2,22,72,175,QB,1150000,1,1150000,0,0,0,0,0,0,0,0,0,0,0,0,0,None,ConsummatePro,,,,a,0142.png,,darkbrown_3025.png,60,68,82,73,60,84,85,40,40,55,65,80,93,0,93,52,41,1,1,1,1,1,1,46,1,1,52,1,1,1,95,92,85,85,75,55,72,0,50,34,32,95,32,32,-1
8539,,79,1991,1989,Matt,Corral,0,6,20,1989,N/A,0,,2,25,73,205,QB,0,0,0,0,0,0,0,0,0,0,0,0,0,0,0,0,RunningQB,Dualthreat|DevelopingStar,,,,a,10572.png,,lightbrown_3099.png,52,75,80,71,28,64,77,17,14,29,12,6,79,0,82,1,1,1,1,1,1,1,1,1,1,1,1,1,1,1,68,78,98,78,75,77,98,0,48,35,48,86,45,53,87
7166,,81,1991,1988,Eric,Crouch,8,3,10,1988,Nebraska,7,,3,26,72,210,QB,250000,3,250000,250000,300000,0,0,0,0,0,0,0,0,0,0,0,RunningQB,Dualthreat,,,,b,0028.png,default-jersey-01.png,darkbrown_3020.png,61,76,77,75,70,79,74,35,34,3,1,1,75,0,74,26,1,39,1,1,1,1,1,1,1,1,1,1,1,1,75,47,48,65,30,63,85,0,42,32,56,84,37,49,31
1851,,88,1991,1985,Randall,Cunningham,8,1,8,1985,UNLV,12,,6,28,76,212,QB,6000000,5,6000000,6000000,6000000,6000000,6000000,0,0,0,0,0,0,0,0,0,RunningQB,Dualthreat|Legend,,,,b,10098.png,,bald_3031.png,62,86,86,72,23,75,83,1,1,14,1,1,89,0,100,1,1,1,1,1,1,1,1,1,1,1,1,1,1,1,98,42,55,100,69,61,82,0,42,42,48,74,41,39,98
5669,,95,1991,1987,Jay,Cutler,6,1,7,1987,Vanderbilt,5,,4,27,75,225,QB,12050000,6,12050000,12500000,12500000,12500000,12500000,12600000,0,0,0,0,0,0,0,0,None,Diva,,,,b,0082.png,,black_3054.png,49,79,95,63,19,91,90,1,8,24,6,1,93,0,100,1,1,1,1,1,1,1,1,1,1,1,1,1,1,1,67,71,63,52,87,72,74,0,44,49,32,71,35,69,78
1944,,75,1991,1985,Steve,DeBerg,0,15,6,1985,San Jose State,17,,4,35,75,210,QB,0,0,0,0,0,0,0,0,0,0,0,0,0,0,0,0,None,,,,,a,10554.png,,darkbrown_3065.png,38,50,75,52,10,68,71,1,1,14,1,1,83,0,100,1,1,1,1,1,1,1,1,1,1,1,1,1,1,1,72,98,65,100,92,63,75,0,31,33,40,98,40,49,25
9607,,79,1991,1990,Lynn,Dickey II,18,6,16,1990,Kansas St,12,,1,26,75,214,QB,250000,1,250000,0,0,0,0,0,0,0,0,0,0,0,0,0,None,,,,,a,0105.png,,black_3052.png,42,57,84,57,24,80,76,1,1,8,1,1,72,0,63,1,1,1,1,1,1,1,27,26,1,1,1,1,1,1,56,70,57,43,44,60,97,0,30,49,54,83,35,51,86
2105,,76,1991,1985,Lynn,Dickey,0,39,4,1985,Kansas State,12,,3,39,75,214,QB,0,0,0,0,0,0,0,0,0,0,0,0,0,0,0,0,None,,,,,b,0042.png,,black_3011.png,40,56,80,48,21,79,73,1,1,8,1,1,71,0,52,1,1,1,1,1,1,1,1,1,1,1,1,1,1,1,77,87,99,100,72,66,81,0,46,47,50,83,36,67,36
12399,,76,1991,1991,Trent,Dilfer,12,4,20,1991,Fresno State,4,,0,22,76,225,QB,500000,3,500000,500000,500000,0,0,0,0,0,0,0,0,0,0,0,None,,,,,b,0069.png,,blonde_3010.png,41,53,75,51,20,84,72,1,1,25,1,1,84,0,60,1,1,1,1,1,1,1,1,1,1,1,1,1,1,1,40,62,89,29,83,79,77,0,45,46,51,92,48,32,71
7341,,74,1991,1988,Rico,Dynamite,4,3,12,1988,Idaho State,82,,3,26,70,210,QB,490000,1,490000,0,0,0,0,0,0,0,0,0,0,0,0,0,None,Gunslinger,,,,a,10591.png,default-jersey-01.png,blonde_3055.png,44,43,95,44,32,43,84,1,1,1,1,1,64,0,64,1,1,1,1,1,1,1,1,1,1,1,1,1,1,1,36,71,87,37,84,74,70,0,40,44,30,82,39,59,19
2221,,81,1991,1985,Tony,Eason,15,28,17,1985,Illinois,1,,6,32,76,212,QB,250000,1,250000,0,0,0,0,0,0,0,0,0,0,0,0,0,None,,,,,a,10567.png,default-jersey-01.png,bald_3023.png,36,64,82,58,22,82,80,1,1,12,1,1,79,0,63,1,1,1,1,1,1,1,1,1,1,1,1,1,1,1,1,72,39,39,14,27,86,0,40,32,36,89,46,31,25
7388,,68,1991,0,Trent,Edwards,0,0,0,0,Stanford,8,,3,25,75,235,QB,0,0,0,0,0,0,0,0,0,0,0,0,0,0,0,0,None,,,,,b,0062.png,,bald_3037.png,37,37,66,45,7,67,72,1,1,1,1,1,66,0,63,1,1,1,1,1,1,1,1,1,1,1,1,1,1,1,18,30,35,40,2,9,75,0,31,46,35,85,35,60,52
1815,,98,1991,1985,John,Elway,12,1,5,1985,Stanford,7,,6,31,75,215,QB,10500000,2,10500000,10500000,0,0,0,0,0,0,0,0,0,0,0,0,RunningQB,Dualthreat|Legend,,,,a,10597.png,,blonde_3055.png,65,85,92,69,23,91,97,1,1,31,1,5,92,0,100,1,1,1,1,1,1,1,1,1,1,1,1,1,1,1,37,59,68,71,91,99,75,0,30,37,69,94,49,60,98
12881,8455,69,1991,0,Craig,Erickson,0,0,0,0,Miami (FL),0,,0,23,74,209,QB,0,0,0,0,0,0,0,0,0,0,0,0,0,0,0,0,None,,,,,,,,,44,55,64,49,1,68,61,1,1,4,1,1,59,0,99,0,0,0,0,0,0,0,0,0,0,0,0,0,0,0,36,78,83,14,68,64,76,0,32,40,37,74,39,64,90
1888,,91,1991,1985,Boomer,Esiason,2,1,13,1985,Maryland,7,,6,30,77,224,QB,10500000,4,10500000,10500000,10500000,10500000,0,0,0,0,0,0,0,0,0,0,None,Gunslinger|Legend,,,,a,0134.png,,darkbrown_3006.png,49,68,90,65,31,81,91,1,1,13,1,3,93,0,100,1,1,1,1,1,1,1,1,1,1,1,1,1,1,1,38,95,94,63,66,83,78,0,44,33,52,82,46,59,91
9600,,83,1991,1990,Jim,Everett,17,6,4,1990,Purdue,2,,1,24,77,212,QB,250000,1,250000,0,0,0,0,0,0,0,0,0,0,0,0,0,None,,,,,b,10051.png,,black_3025.png,64,56,87,57,11,80,82,1,1,29,3,1,81,0,65,1,1,1,1,1,1,1,27,26,1,1,1,1,1,1,45,50,42,45,32,69,99,0,32,41,60,84,43,32,0
2156,,78,1991,1985,Joe,Ferguson,0,39,13,1985,Arkansas,4,,2,37,73,195,QB,0,0,0,0,0,0,0,0,0,0,0,0,0,0,0,0,None,,,,,a,0106.png,,bald_3017.png,53,67,85,59,29,72,75,5,4,21,1,1,90,0,50,1,1,1,1,1,1,1,1,1,1,1,1,1,1,1,45,71,62,34,97,82,99,0,42,34,55,96,50,37,82
9609,,80,1991,1990,Doug,Flutie,5,6,2,1990,Boston College,2,,1,25,70,180,QB,250000,1,250000,0,0,0,0,0,0,0,0,0,0,0,0,0,None,CommunityBenefactor,,,,b,0069.png,,black_3048.png,53,76,78,68,6,80,75,1,1,10,1,1,79,0,63,1,1,1,1,1,1,1,27,26,1,1,1,1,1,1,30,64,67,22,17,36,85,0,40,31,63,85,42,59,99
12401,,72,1991,1991,Glenn,Foley,20,7,9,1991,Boston College,19,,0,24,74,210,QB,250000,2,250000,250000,0,0,0,0,0,0,0,0,0,0,0,0,None,,,,,a,10585.png,,red_3008.png,34,47,74,55,4,70,72,1,1,3,1,1,70,0,56,1,1,1,1,1,1,1,1,1,1,1,1,1,1,1,70,63,97,57,67,66,90,0,47,40,40,98,33,48,99
1832,,84,1991,1985,Dan,Fouts,0,2,2,1985,Oregon,14,,4,38,75,204,QB,0,0,0,0,0,0,0,0,0,0,0,0,0,0,0,0,None,GameManager,,,,a,0142.png,,lightbrown_3026.png,48,64,87,40,14,88,78,10,1,28,1,1,76,0,90,1,1,1,1,1,1,1,1,1,1,1,1,1,1,1,79,46,67,82,37,36,99,0,38,41,38,84,32,37,77
12398,,76,1991,1991,Gus,Frerotte,1,4,14,1991,Tulsa,6,,0,23,75,237,QB,500000,3,500000,500000,500000,0,0,0,0,0,0,0,0,0,0,0,None,,,,,a,10593.png,,lightbrown_3094.png,47,73,85,54,25,71,68,1,1,23,1,1,79,0,55,1,1,1,1,1,1,1,1,1,1,1,1,1,1,1,80,91,64,86,70,84,71,0,33,31,46,89,41,39,43
12852,9639,73,1991,0,Will,Furrer,0,0,0,0,Virginia Tech,0,,0,24,75,210,QB,0,0,0,0,0,0,0,0,0,0,0,0,0,0,0,0,None,,,,,,,,,48,55,67,57,4,70,68,1,1,11,1,1,70,0,96,0,0,0,0,0,0,0,0,0,0,0,0,0,0,0,80,94,69,73,87,74,86,0,31,41,49,78,45,70,74
9611,,62,1991,0,Doug,Gaynor,0,0,0,0,Long Beach State,11,,1,24,74,205,QB,0,0,0,0,0,0,0,0,0,0,0,0,0,0,0,0,None,,,,,b,0093.png,,black_3085.png,47,55,60,42,4,61,61,1,1,11,1,1,65,0,46,1,1,1,1,1,1,1,30,30,1,1,1,1,1,1,64,61,43,81,41,68,86,0,40,38,51,99,33,58,98
6165,,66,1991,0,Brad,Goebel,0,0,0,0,Baylor,1,,4,28,75,202,QB,0,0,0,0,0,0,0,0,0,0,0,0,0,0,0,0,None,,,,,b,0001.png,,darkbrown_3006.png,40,38,67,50,1,54,66,1,1,8,1,1,73,0,90,1,1,1,1,1,1,1,1,1,1,1,1,1,1,1,38,39,68,11,34,12,81,0,32,47,39,97,32,58,1
12818,10647,70,1991,0,Kent,Graham,0,0,0,0,Notre Dame,0,,0,24,77,231,QB,0,0,0,0,0,0,0,0,0,0,0,0,0,0,0,0,None,,,,,,,,,46,52,71,43,7,71,62,1,1,7,1,1,67,0,80,0,0,0,0,0,0,0,0,0,0,0,0,0,0,0,52,64,45,60,64,52,89,0,34,37,62,78,49,57,90
12397,,80,1991,1991,Elvis,Grbac,12,4,1,1991,Michigan,3,,0,24,77,232,QB,500000,3,500000,500000,500000,0,0,0,0,0,0,0,0,0,0,0,None,,,,,b,0051.png,,black_3027.png,38,58,77,57,19,83,84,1,1,19,1,1,74,0,55,1,1,1,1,1,1,1,1,1,1,1,1,1,1,1,70,60,65,94,70,44,87,0,42,38,53,77,38,38,99
9604,,80,1991,1990,Brian,Griese,8,6,13,1990,Michigan,4,,1,24,75,215,QB,250000,1,250000,0,0,0,0,0,0,0,0,0,0,0,0,0,None,ProBloodline,,,,a,0107.png,,blonde_3054.png,51,56,82,50,19,80,80,1,1,22,1,1,74,0,62,1,1,1,1,1,1,1,27,27,1,1,1,1,1,1,45,69,100,66,80,100,92,0,46,32,63,97,44,31,10
1993,,78,1991,1985,Steve,Grogan,0,25,9,1985,Kansas State,14,,4,36,76,210,QB,0,0,0,0,0,0,0,0,0,0,0,0,0,0,0,0,None,Gunslinger,,,,a,0124.png,,blonde_3039.png,53,49,71,50,14,77,80,1,1,27,1,1,74,0,94,1,1,1,1,1,1,1,1,1,1,1,1,1,1,1,8,64,33,36,8,36,80,0,35,35,54,89,44,38,42
1964,,89,1991,1985,Bobby,Hebert,4,11,12,1985,Northwest State (LA),3,,6,31,76,215,QB,5050000,1,5050000,0,0,0,0,0,0,0,0,0,0,0,0,0,None,,,,,b,0046.png,,black_3102.png,57,62,85,52,14,86,90,1,5,33,1,1,87,0,100,1,1,1,1,1,1,1,1,1,1,1,1,1,1,1,95,59,35,99,36,40,70,0,30,40,62,90,50,68,1
2166,,78,1991,1985,Gary,Hogeboom,0,39,10,1985,Central Michigan,14,,6,33,76,205,QB,0,0,0,0,0,0,0,0,0,0,0,0,0,0,0,0,None,,,,,c,0225.png,default-jersey-01.png,bald_3007.png,41,51,65,45,14,81,83,1,1,19,1,1,73,0,95,1,1,1,1,1,1,1,1,1,1,1,1,1,1,1,53,94,64,62,63,95,74,0,37,33,51,85,43,48,44
8542,,83,1991,1989,Sam,Howell,11,5,12,1989,North Carolina,14,,2,22,73,220,QB,2050000,2,2050000,1850000,0,0,0,0,0,0,0,0,0,0,0,0,None,,,,,a,10566.png,default-jersey-01.png,blonde_3060.png,54,66,86,70,40,73,83,2,8,20,15,20,91,0,69,1,1,1,1,1,1,1,1,1,1,1,1,1,1,1,89,95,88,62,67,82,75,0,30,38,32,75,44,36,96
9619,,77,1991,0,Damon,Huard,19,0,0,0,Washington,13,,1,26,75,215,QB,250000,1,250000,0,0,0,0,0,0,0,0,0,0,0,0,0,None,,,,,a,10556.png,default-jersey-01.png,black_3034.png,51,61,73,49,15,75,82,1,1,5,1,1,73,0,62,1,1,1,1,1,1,1,26,27,1,1,1,1,1,1,64,94,99,41,69,93,83,0,34,40,52,76,43,32,19
1882,,79,1991,1985,Ron,Jaworski,0,11,15,1985,Youngstown State,7,,2,36,74,196,QB,0,0,0,0,0,0,0,0,0,0,0,0,0,0,0,0,None,FilmGeek,,,,a,10556.png,,lightbrown_3081.png,44,52,77,59,27,75,76,1,1,20,5,1,88,0,100,1,1,1,1,1,1,1,1,1,1,1,1,1,1,1,68,94,74,63,74,98,81,0,37,34,33,97,36,60,1
12393,,83,1991,1991,Brad,Johnson,18,2,4,1991,Florida State,7,,0,26,77,226,QB,1500000,3,1500000,1500000,1500000,0,0,0,0,0,0,0,0,0,0,0,None,,,,,b,0003.png,,black_3089.png,41,71,81,61,20,82,85,1,1,23,1,1,85,0,56,1,1,1,1,1,1,1,1,1,1,1,1,1,1,1,60,100,83,75,77,98,86,0,32,31,55,79,44,32,81
9601,,87,1991,1990,Jim,Kelly,10,1,6,1990,Miami (FL),19,,1,27,75,217,QB,2500000,3,2500000,2500000,2500000,0,0,0,0,0,0,0,0,0,0,0,None,ConsummatePro,,,,a,0144.png,,bald_3028.png,69,70,89,57,22,82,87,1,5,20,7,10,96,0,73,1,1,1,1,1,1,1,28,28,1,1,1,1,1,1,53,96,65,31,92,60,71,0,38,42,67,79,48,65,52
2419,,70,1991,1985,Bill,Kenney,0,44,8,1985,Arizona State,1,,4,34,76,211,QB,0,0,0,0,0,0,0,0,0,0,0,0,0,0,0,0,None,,,,,a,10595.png,,darkbrown_3073.png,34,56,61,49,7,62,84,1,1,10,1,1,71,0,47,1,1,1,1,1,1,1,1,1,1,1,1,1,1,1,93,68,70,60,66,97,86,0,48,38,62,72,46,30,62
12402,,71,1991,1991,Perry,Klein,13,7,10,1991,California,14,,0,23,74,218,QB,250000,2,250000,250000,0,0,0,0,0,0,0,0,0,0,0,0,None,,,,,b,0046.png,,black_3049.png,47,56,76,53,15,71,66,1,1,6,1,1,65,0,53,1,1,1,1,1,1,1,1,1,1,1,1,1,1,1,64,30,42,65,42,63,100,0,50,33,45,88,45,37,58
12733,15995,68,1991,0,David,Klingler,0,0,0,0,Houston,0,,0,23,75,210,QB,0,0,0,0,0,0,0,0,0,0,0,0,0,0,0,0,None,,,,,,,,,46,59,70,55,11,62,59,1,1,18,1,1,69,0,86,0,0,0,0,0,0,0,0,0,0,0,0,0,0,0,90,48,56,60,55,49,80,0,40,33,64,98,41,48,82
7249,,75,1991,1988,Kevin,Kolb,16,7,4,1988,Houston,1,,3,25,74,204,QB,2650000,3,2650000,2650000,2650000,0,0,0,0,0,0,0,0,0,0,0,None,FanFavorite,,,,b,0067.png,default-jersey-01.png,darkbrown_3001.png,55,61,65,49,9,74,73,1,1,14,1,1,77,0,99,1,1,1,1,1,1,1,1,1,1,1,1,1,1,1,37,61,79,26,60,94,95,0,50,42,58,78,30,30,5
1924,,91,1991,1985,Bernie,Kosar,3,3,3,1985,Miami (FL),1,,6,28,77,210,QB,13350000,3,13350000,13350000,13350000,0,0,0,0,0,0,0,0,0,0,0,None,RawTalent,,,,a,0115.png,,darkbrown_3059.png,57,77,84,63,27,86,89,1,1,25,5,1,96,0,100,1,1,1,1,1,1,1,1,1,1,1,1,1,1,1,52,87,81,49,77,68,80,0,40,39,49,83,38,44,59
12394,,83,1991,1991,Tommy,Kramer II,13,2,10,1991,Rice,17,,0,22,74,200,QB,1250000,3,1250000,1250000,1250000,0,0,0,0,0,0,0,0,0,0,0,None,Gunslinger,,,,b,0035.png,default-jersey-01.png,bald_3025.png,59,74,83,62,26,72,88,1,1,33,1,1,87,0,52,1,1,1,1,1,1,1,1,1,1,1,1,1,1,1,59,78,89,44,86,97,76,0,34,43,42,95,30,42,50
1906,,81,1991,1985,Tommy,Kramer,0,6,3,1985,Rice,9,,4,34,74,200,QB,0,0,0,0,0,0,0,0,0,0,0,0,0,0,0,0,None,,,,,a,0137.png,,lightbrown_3086.png,53,73,79,46,27,73,79,1,1,33,1,1,82,0,98,1,1,1,1,1,1,1,1,1,1,1,1,1,1,1,59,78,89,44,86,97,76,0,43,32,55,100,49,53,12
1923,,80,1991,1985,Dave,Krieg,3,6,5,1985,Milton,17,,6,33,73,193,QB,500000,1,500000,0,0,0,0,0,0,0,0,0,0,0,0,0,None,Legend,,,,b,10078.png,default-jersey-01.png,black_3042.png,34,57,68,44,18,80,83,1,1,21,3,1,89,0,100,1,1,1,1,1,1,1,1,1,1,1,1,1,1,1,48,43,45,41,63,35,99,0,40,41,32,88,45,39,90
12392,,86,1991,1991,Bobby,Layne,1,1,3,1991,Texas,18,,0,22,73,201,QB,3000000,4,3000000,3000000,3000000,3000000,0,0,0,0,0,0,0,0,0,0,None,Competitor,,,,a,0143.png,default-jersey-01.png,lightbrown_3071.png,55,68,85,62,31,85,89,1,1,20,1,1,65,0,62,1,1,1,1,1,1,1,1,1,1,1,1,1,1,1,81,73,95,78,84,84,90,0,47,43,33,74,31,32,78
9612,,78,1991,1990,Ryan,Leaf,16,7,11,1990,Washington State,12,,1,23,77,245,QB,250000,1,250000,0,0,0,0,0,0,0,0,0,0,0,0,0,None,BadInfluence,,,,b,0089.png,,black_3036.png,49,54,87,52,5,67,80,1,1,10,1,1,83,0,61,1,1,1,1,1,1,1,26,27,1,1,1,1,1,1,26,50,30,33,40,10,80,0,41,45,33,78,49,64,73
5422,,81,1991,1987,Matt,Leinart,18,4,6,1987,USC,13,,4,27,77,225,QB,4500000,2,4500000,4500000,0,0,0,0,0,0,0,0,0,0,0,0,None,MediaDarling,,,,a,0144.png,default-jersey-01.png,darkbrown_3084.png,35,53,79,65,14,76,79,1,1,7,1,1,81,0,95,1,1,1,1,1,1,1,1,1,1,1,1,1,1,1,30,65,79,15,82,97,85,0,44,37,60,90,33,30,26
1895,,85,1991,1985,Neil,Lomax,14,5,18,1985,Portland State,11,,6,32,75,215,QB,2000000,1,2000000,0,0,0,0,0,0,0,0,0,0,0,0,0,None,Gunslinger,,,,b,10068.png,default-jersey-01.png,black_3058.png,32,69,84,59,37,80,81,1,1,24,1,1,93,0,100,1,1,1,1,1,1,1,1,1,1,1,1,1,1,1,68,63,71,97,62,84,96,0,41,35,43,73,40,40,89
9615,,80,1991,0,Chuck,Long,8,0,0,0,Iowa,17,,1,24,76,217,QB,1450000,4,1450000,1450000,1450000,1450000,0,0,0,0,0,0,0,0,0,0,None,,,,,a,0126.png,default-jersey-01.png,lightbrown_3066.png,52,58,76,49,15,80,84,1,1,5,1,1,78,0,60,1,1,1,1,1,1,1,26,27,1,1,1,1,1,1,64,94,99,41,69,93,83,0,34,40,52,76,43,32,38
2355,,75,1991,1985,Oliver,Luck,0,26,12,1985,West Virginia,9,,6,31,74,196,QB,0,0,0,0,0,0,0,0,0,0,0,0,0,0,0,0,None,,,,,b,0065.png,default-jersey-01.png,black_3028.png,33,41,72,43,8,73,76,1,1,17,1,1,73,0,93,1,1,1,1,1,1,1,1,1,1,1,1,1,1,1,66,32,58,90,64,65,73,0,32,35,64,74,31,69,31
12776,17791,63,1991,0,Tommy,Maddox,0,0,0,0,UCLA,0,,0,21,76,220,QB,0,0,0,0,0,0,0,0,0,0,0,0,0,0,0,0,None,,,,,,,,,39,46,63,51,11,64,69,1,1,8,1,1,70,0,16,0,0,0,0,0,0,0,0,0,0,0,0,0,0,0,82,98,77,80,74,69,98,0,47,34,34,100,40,59,74
9599,,94,1991,1990,Peyton,Manning,7,1,1,1990,Tennessee,10,,1,23,77,230,QB,3000000,3,3000000,3000000,3000000,0,0,0,0,0,0,0,0,0,0,0,None,Pick1Overall|ClutchQB,,,,a,10585.png,,lightbrown_3064.png,55,66,87,57,25,96,99,1,8,32,10,1,95,0,75,1,1,1,1,1,1,1,29,29,1,1,1,1,1,1,37,65,49,35,11,22,76,0,41,32,34,70,44,68,94
1816,,96,1991,1985,Dan,Marino,9,1,1,1985,Pittsburgh,13,,6,30,76,224,QB,10500000,5,10500000,10500000,10500000,10500000,10500000,0,0,0,0,0,0,0,0,0,None,GameManager|Pick1Overall|OFRedFlags|RoleModel|Legend,,,,b,10075.png,,darkbrown_3005.png,69,70,97,59,34,89,96,4,1,29,3,1,99,0,100,1,1,1,1,1,1,1,1,1,1,1,1,1,1,1,96,70,66,89,53,37,78,0,47,43,67,100,44,54,99
6110,,66,1991,0,Dan,McGwire,0,0,0,0,Iowa,10,,4,28,80,240,QB,0,0,0,0,0,0,0,0,0,0,0,0,0,0,0,0,None,,,,,b,0046.png,,black_3028.png,39,44,70,59,1,58,57,1,1,13,1,1,73,0,90,1,1,1,1,1,1,1,1,1,1,1,1,1,1,1,57,33,44,41,56,51,77,0,37,31,64,73,43,55,15
1945,,89,1991,1985,Jim,McMahon,19,10,15,1985,BYU,9,,6,32,73,195,QB,4000000,2,4000000,4000000,0,0,0,0,0,0,0,0,0,0,0,0,None,MediaDarling,,,,a,10574.png,default-jersey-01.png,darkbrown_3075.png,44,68,91,69,11,79,87,1,1,16,1,1,93,0,100,1,1,1,1,1,1,1,1,1,1,1,1,1,1,1,67,75,83,66,89,67,93,0,34,34,70,95,46,65,56
6005,,78,1991,0,Scott,Mitchell,0,0,0,0,Utah,11,,4,27,78,240,QB,0,0,0,0,0,0,0,0,0,0,0,0,0,0,0,0,None,,,,,a,0140.png,,bald_3012.png,48,52,80,52,14,77,80,1,1,9,1,1,86,0,62,1,1,1,1,1,1,1,1,1,1,1,1,1,1,1,22,66,56,8,22,5,71,0,31,30,43,83,48,38,1
1813,,90,1991,1985,Joe,Montana,18,1,2,1985,Notre Dame,16,,6,35,74,200,QB,12500000,1,12500000,0,0,0,0,0,0,0,0,0,0,0,0,0,None,ClutchQB|Legend,,,,a,0125.png,default-jersey-01.png,blonde_3051.png,39,55,89,37,21,93,92,1,5,39,1,1,96,0,100,1,1,1,1,1,1,1,1,1,1,1,1,1,1,1,47,39,39,65,53,69,72,0,44,47,55,79,41,41,89
1819,,90,1991,1985,Warren,Moon,0,1,9,1985,Washington,1,,6,35,75,218,QB,0,0,0,0,0,0,0,0,0,0,0,0,0,0,0,0,None,FilmGeek,,,,b,10065.png,,black_3026.png,62,66,93,51,24,92,80,1,5,39,9,1,86,0,100,1,1,1,1,1,1,1,1,1,1,1,1,1,1,1,31,50,42,52,45,53,93,0,45,33,38,82,36,53,91
7288,,31,1991,0,Matt,Moore,0,0,0,0,Oregon State,15,,3,25,75,192,QB,0,0,0,0,0,0,0,0,0,0,0,0,0,0,0,0,None,,,,,a,0119.png,default-jersey-01.png,darkbrown_3006.png,42,45,26,39,32,66,1,1,1,17,88,72,87,0,1,1,1,1,1,1,1,1,1,83,1,1,1,1,1,1,31,64,39,68,35,47,95,0,47,30,33,74,42,48,19
12777,20307,62,1991,0,Shawn,Moore,0,0,0,0,Virginia,0,,0,24,74,213,QB,0,0,0,0,0,0,0,0,0,0,0,0,0,0,0,0,None,,,,,,,,,46,52,64,54,8,58,59,1,1,6,1,1,70,0,51,0,0,0,0,0,0,0,0,0,0,0,0,0,0,0,9,68,50,26,36,26,96,0,46,34,56,77,35,56,73
9613,,74,1991,0,Moses,Moreno,0,0,0,0,Colorado State,12,,1,24,73,205,QB,0,0,0,0,0,0,0,0,0,0,0,0,0,0,0,0,None,,,,,b,10065.png,default-jersey-01.png,bald_3044.png,48,50,64,51,5,80,78,1,1,3,1,1,80,0,60,1,1,1,1,1,1,1,29,27,1,1,1,1,1,1,57,51,46,53,32,55,80,0,32,31,42,73,50,42,57
5991,,62,1991,0,Bill,Musgrave,0,0,0,0,Oregon,10,,4,28,74,199,QB,0,0,0,0,0,0,0,0,0,0,0,0,0,0,0,0,None,,,,,c,0248.png,,bald_3007.png,32,47,55,40,1,62,67,1,1,12,1,1,70,0,48,1,1,1,1,1,1,1,1,1,1,1,1,1,1,1,67,77,84,45,75,91,94,0,41,44,59,73,49,35,1
9603,,82,1991,1990,Joe,Namath,19,3,6,1990,Alabama,12,,1,24,74,200,QB,750000,2,750000,750000,0,0,0,0,0,0,0,0,0,0,0,0,None,MediaDarling,,,,a,10554.png,default-jersey-01.png,lightbrown_3010.png,50,64,80,59,14,90,78,1,1,15,1,1,85,0,59,1,1,1,1,1,1,1,29,28,1,1,1,1,1,1,50,67,93,42,69,92,70,0,39,38,56,84,48,35,17
3624,,90,1991,1986,Mike,Ngo,5,1,12,1986,San Jose State,7,,5,25,68,173,QB,4000000,5,4000000,4000000,4000000,4000000,4000000,0,0,0,0,0,0,0,0,0,RunningQB,Dualthreat,,,,a,0106.png,,bald_3029.png,54,61,76,86,25,91,87,1,1,10,1,1,87,0,100,25,1,1,1,1,1,1,1,1,1,1,1,1,1,1,62,68,77,68,65,64,74,0,55,36,62,75,40,31,100
3424,,73,1991,0,Doug,Nussmeier,0,0,0,0,Idaho,2,,4,30,75,211,QB,0,0,0,0,0,0,0,0,0,0,0,0,0,0,0,0,None,Competitor,,,,a,10587.png,,blonde_3038.png,41,61,72,54,1,74,73,1,1,17,1,1,76,0,45,1,1,1,1,1,1,1,1,1,1,1,1,1,1,1,8,85,100,29,65,98,75,0,36,34,52,85,30,43,94
1989,,85,1991,1985,Ken,O'Brien,7,16,2,1985,California-Davis,7,,6,31,76,210,QB,250000,4,250000,250000,250000,500000,0,0,0,0,0,0,0,0,0,0,None,,,,,a,0117.png,default-jersey-01.png,blonde_3025.png,66,68,79,60,27,82,81,4,1,24,1,1,87,0,100,1,1,1,1,1,1,1,1,1,1,1,1,1,1,1,33,45,46,68,54,36,73,0,47,31,30,71,30,65,57
6135,,81,1991,0,Neil,O'Donnell,6,0,0,0,Maryland,13,,4,29,75,228,QB,490000,1,490000,0,0,0,0,0,0,0,0,0,0,0,0,0,None,,,,,b,10087.png,default-jersey-01.png,bald_3029.png,45,62,87,61,17,70,85,1,1,21,1,1,90,0,60,1,1,1,1,1,1,1,1,1,1,1,1,1,1,1,25,36,64,9,12,7,75,0,43,31,69,94,42,43,45
8545,,80,1991,1989,Kenny,Pickett,2,7,14,1989,Pittsburgh,8,,2,25,75,225,QB,490000,1,490000,0,0,0,0,0,0,0,0,0,0,0,0,0,None,,,,,b,10072.png,,darkbrown_3011.png,54,67,79,65,24,65,79,2,5,20,28,21,77,0,95,1,1,1,1,1,1,1,1,1,1,1,1,1,1,1,58,78,76,47,91,89,70,0,70,70,68,93,53,57,96
8546,,90,1991,1989,Brock,Purdy,15,1,9,1989,Iowa State,13,,2,23,73,220,QB,2600000,2,2600000,2850000,0,0,0,0,0,0,0,0,0,0,0,0,None,GameManager,,,,a,10557.png,,darkbrown_3015.png,50,68,80,66,3,89,89,1,4,16,1,4,85,0,100,1,1,1,1,1,1,1,1,1,1,1,1,1,1,1,97,72,77,88,88,98,74,0,37,41,40,92,47,66,69
7072,,79,1991,1988,Brady,Quinn,20,3,2,1988,Notre Dame,5,,3,25,75,204,QB,1650000,6,1650000,1650000,1650000,1650000,1650000,1650000,0,0,0,0,0,0,0,0,None,MediaDarling,,,,b,0006.png,default-jersey-01.png,black_3051.png,52,52,75,62,20,75,77,1,1,8,1,1,74,0,89,1,1,1,1,1,1,1,1,1,1,1,1,1,1,1,77,60,65,100,58,62,71,0,48,38,45,99,37,32,96
9610,,73,1991,0,Jonathan,Quinn,0,0,0,0,Middle Tenn. State,8,,1,24,78,243,QB,0,0,0,0,0,0,0,0,0,0,0,0,0,0,0,0,None,,,,,a,10577.png,default-jersey-01.png,lightbrown_3055.png,44,50,70,51,7,75,74,1,1,7,1,1,75,0,66,1,1,1,1,1,1,1,27,27,1,1,1,1,1,1,38,98,85,17,86,95,78,0,40,42,62,98,34,63,98
7086,,68,1991,0,Brett,Ratliff,0,0,0,0,Utah,5,,3,25,75,243,QB,0,0,0,0,0,0,0,0,0,0,0,0,0,0,0,0,None,,,,,b,0077.png,,darkbrown_3002.png,36,49,67,58,16,57,78,1,1,9,1,1,64,0,38,1,1,1,1,1,1,1,1,1,1,1,1,1,1,1,84,92,74,77,94,88,89,0,39,42,38,72,44,56,71
2155,,82,1991,1985,Frank,Reich,4,20,14,1985,Maryland,14,,6,30,76,210,QB,490000,1,490000,0,0,0,0,0,0,0,0,0,0,0,0,0,None,,,,,a,0141.png,default-jersey-01.png,lightbrown_3064.png,52,51,76,50,6,87,79,1,1,13,1,1,70,0,95,1,1,1,1,1,1,1,1,1,1,1,1,1,1,1,48,32,38,31,49,54,92,0,31,40,50,94,36,33,30
12396,,82,1991,1991,Tony,Rice,11,2,19,1991,Notre Dame,9,,0,22,73,200,QB,750000,3,750000,750000,750000,0,0,0,0,0,0,0,0,0,0,0,None,,,,,b,10057.png,,black_3042.png,45,70,78,67,40,86,77,1,1,15,1,1,88,0,60,1,1,1,1,1,1,1,1,1,1,1,1,1,1,1,56,34,37,33,42,40,91,0,39,40,35,88,44,68,98
12942,23975,63,1991,0,Bucky,Richardson,0,0,0,0,Texas A&M,0,,0,23,73,228,QB,0,0,0,0,0,0,0,0,0,0,0,0,0,0,0,0,None,,,,,,,,,46,51,61,53,1,58,66,1,1,10,1,1,62,0,40,0,0,0,0,0,0,0,0,0,0,0,0,0,0,0,38,34,47,11,36,6,91,0,35,45,37,81,39,61,88
8547,,83,1991,1989,Desmond,Ridder,6,6,18,1989,Cincinnati,9,,2,24,75,207,QB,3500000,4,3500000,3500000,3500000,3500000,0,0,0,0,0,0,0,0,0,0,None,,,,,b,0087.png,,black_3097.png,46,61,86,73,26,75,77,1,1,16,1,1,90,0,89,1,1,1,1,1,1,1,1,1,1,1,1,1,1,1,52,61,81,43,83,76,78,0,53,49,61,82,68,49,90
12932,24923,61,1991,0,Tony,Sacca,0,0,0,0,Penn State,0,,0,22,77,230,QB,0,0,0,0,0,0,0,0,0,0,0,0,0,0,0,0,None,,,,,,,,,40,57,58,44,5,62,56,1,1,11,1,1,72,0,57,0,0,0,0,0,0,0,0,0,0,0,0,0,0,0,48,66,89,59,64,69,97,0,34,36,47,91,43,56,94
2284,,82,1991,1985,Jay,Schroeder,9,24,6,1985,UCLA,17,,6,30,76,215,QB,250000,1,250000,0,0,0,0,0,0,0,0,0,0,0,0,0,None,,,,,b,0056.png,default-jersey-01.png,black_3004.png,45,59,84,51,23,89,79,1,1,18,1,1,76,0,58,1,1,1,1,1,1,1,1,1,1,1,1,1,1,1,72,72,63,91,78,90,99,0,33,31,60,82,36,40,97
12400,,74,1991,1991,Heath,Shuler,14,6,5,1991,Tennessee,18,,0,23,74,216,QB,250000,2,250000,250000,0,0,0,0,0,0,0,0,0,0,0,0,None,,,,,a,0140.png,,darkbrown_3071.png,44,60,82,55,10,74,65,1,1,15,1,1,77,0,59,1,1,1,1,1,1,1,1,1,1,1,1,1,1,1,61,49,65,66,45,63,78,0,48,38,31,85,39,51,76
1881,,81,1991,1985,Phil,Simms,0,5,4,1985,Morehead State,11,,2,33,75,216,QB,0,0,0,0,0,0,0,0,0,0,0,0,0,0,0,0,None,GameManager,,,,a,10561.png,,lightbrown_3052.png,45,53,66,58,25,76,89,1,1,23,1,2,85,0,100,1,1,1,1,1,1,1,1,1,1,1,1,1,1,1,53,61,34,58,43,41,90,0,46,40,39,87,42,70,74
7391,,69,1991,1988,Troy,Smith,0,6,14,1988,Ohio State,3,,3,28,73,215,QB,0,0,0,0,0,0,0,0,0,0,0,0,0,0,0,0,None,,,,,a,0117.png,,blonde_3024.png,39,53,57,45,1,69,72,1,1,2,1,1,69,0,81,1,1,1,1,1,1,1,1,1,1,1,1,1,1,1,84,59,40,94,65,42,74,0,46,44,47,83,31,44,1
7242,,87,1991,1988,Ken,Stabler,10,1,11,1988,Alabama,12,,3,26,75,215,QB,2000000,1,2000000,0,0,0,0,0,0,0,0,0,0,0,0,0,None,Gunslinger,,,,b,0074.png,default-jersey-01.png,black_3006.png,62,64,89,63,47,77,84,1,1,3,1,1,79,0,98,1,1,1,1,1,1,1,1,1,1,1,1,1,1,1,64,63,68,64,60,37,85,0,32,32,60,79,31,43,82
2420,,72,1991,1985,Don,Strock,0,47,16,1985,Virginia Tech,10,,1,36,77,220,QB,0,0,0,0,0,0,0,0,0,0,0,0,0,0,0,0,None,,,,,b,10050.png,,black_3082.png,48,55,66,55,5,67,68,1,1,11,1,1,69,0,92,1,1,1,1,1,1,1,1,1,1,1,1,1,1,1,34,64,99,61,90,70,93,0,46,40,45,91,34,66,92
8549,,78,1991,0,Carson,Strong,2,0,0,0,N/A,0,,2,25,75,215,QB,250000,6,250000,250000,250000,250000,250000,250000,0,0,0,0,0,0,0,0,None,Perceptive,,,,a,0144.png,default-jersey-01.png,darkbrown_3083.png,48,61,84,74,12,57,79,18,19,26,23,8,83,0,83,1,1,1,1,1,1,1,1,1,1,1,1,1,1,1,45,67,36,58,37,45,89,0,47,37,35,95,40,62,83
2036,,82,1991,1985,Joe,Theismann,0,25,11,1985,Notre Dame,7,,1,37,72,192,QB,0,0,0,0,0,0,0,0,0,0,0,0,0,0,0,0,None,Diva,,,,b,10073.png,,black_3034.png,51,67,80,61,22,81,81,1,1,26,1,1,78,0,72,1,1,1,1,1,1,1,1,1,1,1,1,1,1,1,51,61,75,43,71,66,98,0,36,32,35,72,43,47,100
7395,,73,1991,1988,Tyler,Thigpen,0,5,14,1988,Coastal Carolina,7,,3,26,76,231,QB,0,0,0,0,0,0,0,0,0,0,0,0,0,0,0,0,None,,,,,a,10584.png,default-jersey-01.png,darkbrown_3003.png,45,54,82,63,1,62,71,1,1,23,1,1,68,0,53,1,1,1,1,1,1,1,1,1,1,1,1,1,1,1,38,62,42,33,45,33,99,0,46,44,50,100,48,36,56
2410,,65,1991,1985,Jack,Thompson,0,43,17,1985,Washington State,10,,4,33,75,217,QB,0,0,0,0,0,0,0,0,0,0,0,0,0,0,0,0,None,,,,,a,10580.png,,blonde_3018.png,46,53,72,57,3,56,64,1,1,12,1,1,67,0,41,1,1,1,1,1,1,1,1,1,1,1,1,1,1,1,25,64,44,27,14,24,87,0,44,37,50,75,39,51,63
8550,,74,1991,0,Skylar,Thompson,0,0,0,0,Kansas State,6,,2,26,74,219,QB,0,0,0,0,0,0,0,0,0,0,0,0,0,0,0,0,None,,,,,b,10054.png,,black_3039.png,45,66,76,58,9,66,77,1,1,13,1,1,77,0,44,1,1,1,1,1,1,1,1,1,1,1,1,1,1,1,99,51,39,69,66,58,91,0,65,37,65,73,70,33,28
2072,,79,1991,1985,Richard,Todd,0,26,3,1985,Alabama,4,,2,34,74,207,QB,0,0,0,0,0,0,0,0,0,0,0,0,0,0,0,0,None,,,,,a,10551.png,,darkbrown_3055.png,34,64,85,57,15,64,81,1,1,19,1,1,82,0,78,1,1,1,1,1,1,1,1,1,1,1,1,1,1,1,72,78,100,83,88,88,79,0,50,41,68,95,34,37,76
2222,,83,1991,1985,Mike,Tomczak,16,17,11,1985,Ohio State,18,,6,29,73,202,QB,3200000,1,3200000,0,0,0,0,0,0,0,0,0,0,0,0,0,None,,,,,b,0093.png,default-jersey-01.png,black_3037.png,48,68,84,52,16,67,90,1,1,10,1,1,85,0,77,1,1,1,1,1,1,1,1,1,1,1,1,1,1,1,12,100,78,14,80,100,76,0,32,44,43,78,32,33,48
3626,,91,1991,1986,Johnny,Unitas,14,1,5,1986,Louisville,19,,5,27,73,194,QB,11650000,5,11650000,11650000,11650000,11650000,11650000,0,0,0,0,0,0,0,0,0,None,GameManager,,,,b,10050.png,default-jersey-01.png,darkbrown_3014.png,60,64,79,62,32,83,98,1,8,28,6,1,100,0,100,1,1,1,1,1,1,1,1,1,1,1,1,1,1,1,34,61,60,28,66,96,77,0,38,45,31,91,41,33,10
9602,,88,1991,1990,Kurt,Warner,13,1,17,1990,Northern Iowa,15,,1,28,74,220,QB,1750000,3,1750000,1750000,1750000,0,0,0,0,0,0,0,0,0,0,0,None,GameManager,,,,a,10561.png,,blonde_3047.png,51,53,89,56,23,81,94,1,1,34,1,3,76,0,80,1,1,1,1,1,1,1,28,28,1,1,1,1,1,1,51,92,95,65,84,66,77,0,34,45,48,83,43,67,19
8551,,82,1991,0,Danny,White II,3,0,0,0,Arizona St.,11,,2,23,74,193,QB,250000,2,250000,250000,0,0,0,0,0,0,0,0,0,0,0,0,None,,,,,a,10594.png,default-jersey-01.png,black_3008.png,39,64,83,55,18,77,83,1,1,22,4,1,74,0,74,1,1,1,1,1,1,1,1,1,1,1,1,1,1,1,65,48,53,81,37,39,78,0,46,45,53,84,49,36,83
2115,,78,1991,1985,Danny,White,0,29,3,1985,Arizona State,11,,1,34,74,193,QB,0,0,0,0,0,0,0,0,0,0,0,0,0,0,0,0,None,,,,,b,10070.png,,black_3055.png,37,63,79,54,15,77,79,1,1,22,4,1,73,0,61,1,1,1,1,1,1,1,1,1,1,1,1,1,1,1,65,48,53,77,37,39,78,0,46,45,53,84,49,36,49
9605,,79,1991,1990,Jason,White,15,5,13,1990,Oklahoma,14,,1,26,75,220,QB,250000,1,250000,0,0,0,0,0,0,0,0,0,0,0,0,0,None,InjuryProne,,,,a,0147.png,default-jersey-01.png,lightbrown_3053.png,58,46,72,35,17,87,88,1,1,1,1,1,50,0,61,1,1,1,1,1,1,1,28,28,1,1,1,1,1,1,58,67,56,60,61,40,95,0,32,38,32,88,30,55,21
8552,,81,1991,1989,Malik,Willis,17,4,6,1989,Liberty,16,,2,24,73,219,QB,550000,1,550000,0,0,0,0,0,0,0,0,0,0,0,0,0,RunningQB,Dualthreat,,,,b,0039.png,default-jersey-01.png,black_3076.png,58,77,88,72,34,75,75,5,7,24,1,1,86,0,45,1,1,1,1,1,1,1,1,1,1,1,1,1,1,1,34,49,62,1,8,14,97,0,67,65,60,86,66,50,1
7156,,59,1991,0,Drew,Willy,0,0,0,0,Buffalo,3,,3,25,76,232,QB,0,0,0,0,0,0,0,0,0,0,0,0,0,0,0,0,None,,,,,b,0029.png,,black_3064.png,32,42,58,49,3,53,60,1,1,5,1,1,65,0,53,1,1,1,1,1,1,1,1,1,1,1,1,1,1,1,77,49,48,64,33,67,85,0,42,32,56,84,37,49,23
2076,,69,1991,1985,Dave,Wilson,0,34,13,1985,Illinois,13,,6,32,75,206,QB,0,0,0,0,0,0,0,0,0,0,0,0,0,0,0,0,None,,,,,a,0146.png,,bald_3023.png,34,48,67,40,10,71,65,1,1,12,1,1,64,0,86,1,1,1,1,1,1,1,1,1,1,1,1,1,1,1,25,59,65,9,3,26,91,0,31,43,58,73,41,30,29
2285,,72,1991,1985,Wade,Wilson,0,28,11,1985,Texas A&M-Commerce,16,,6,32,75,210,QB,0,0,0,0,0,0,0,0,0,0,0,0,0,0,0,0,None,,,,,a,0133.png,default-jersey-01.png,lightbrown_3019.png,32,67,79,62,21,65,67,1,1,20,1,1,74,0,56,1,1,1,1,1,1,1,1,1,1,1,1,1,1,1,64,69,69,52,35,52,89,0,46,34,66,77,49,44,47
2286,,68,1991,1985,David,Woodley,0,39,18,1985,LSU,16,,6,33,74,210,QB,0,0,0,0,0,0,0,0,0,0,0,0,0,0,0,0,None,,,,,a,10557.png,,black_3020.png,35,48,79,35,3,58,63,1,1,10,1,1,86,0,79,1,1,1,1,1,1,1,1,1,1,1,1,1,1,1,97,31,51,86,45,43,83,0,39,30,47,85,40,63,71
2289,,74,1991,1985,Randy,Wright,0,22,4,1985,Wisconsin,5,,6,30,74,200,QB,0,0,0,0,0,0,0,0,0,0,0,0,0,0,0,0,None,,,,,a,0125.png,,lightbrown_3037.png,40,61,78,59,18,62,69,1,1,8,1,1,80,0,91,1,1,1,1,1,1,1,1,1,1,1,1,1,1,1,39,67,73,35,82,63,94,0,50,39,48,94,49,67,26
1869,,93,1991,1985,Steve,Young,11,1,7,1985,BYU,8,,6,30,74,215,QB,25000000,3,25000000,25000000,25000000,0,0,0,0,0,0,0,0,0,0,0,RunningQB,Dualthreat|Legend,,,,a,0149.png,,lightbrown_3059.png,45,82,87,65,23,89,91,1,1,14,1,1,74,0,100,1,1,1,1,1,1,1,1,1,1,1,1,1,1,1,65,91,76,53,96,90,92,0,45,45,35,100,46,49,94
5614,,86,1991,1987,Vince,Young,5,1,10,1987,Texas,12,,4,27,77,230,QB,4000000,1,4000000,0,0,0,0,0,0,0,0,0,0,0,0,0,RunningQB,Dualthreat,,,,b,0007.png,default-jersey-01.png,bald_3045.png,55,80,84,75,13,73,82,1,1,20,1,1,84,0,100,1,1,1,1,1,1,1,1,1,1,1,1,1,1,1,66,67,79,61,75,78,96,0,35,35,68,97,40,61,60
8553,,72,1991,0,Bailey,Zappe,0,0,0,0,Western Kentucky,6,,2,24,73,220,QB,0,0,0,0,0,0,0,0,0,0,0,0,0,0,0,0,None,,,,,b,0055.png,default-jersey-01.png,black_3086.png,38,56,74,55,3,66,78,1,1,12,11,11,85,0,39,1,1,1,1,1,1,1,1,1,1,1,1,1,1,1,96,74,97,61,79,91,97,0,65,55,69,89,68,48,57
12702,32227,67,1991,0,Scott,Zolak,0,0,0,0,Maryland,0,,0,25,77,230,QB,0,0,0,0,0,0,0,0,0,0,0,0,0,0,0,0,None,,,,,,,,,50,51,73,43,6,63,73,1,1,20,1,1,68,0,17,0,0,0,0,0,0,0,0,0,0,0,0,0,0,0,12,78,62,25,75,62,71,0,49,39,30,96,35,70,86
7215,,76,1991,1988,Jim,Zorn II,0,4,14,1988,Cal Poly-San Luis Obispo,1,,3,29,74,200,QB,0,0,0,0,0,0,0,0,0,0,0,0,0,0,0,0,None,,,,,c,0227.png,,darkbrown_3007.png,42,48,79,57,8,66,74,1,1,11,1,1,71,0,93,1,1,1,1,1,1,1,1,1,1,1,1,1,1,1,35,46,72,69,60,58,76,0,40,39,48,84,45,48,67
1994,,80,1991,1985,Jim,Zorn,0,27,10,1985,Cal Poly-Pomona,18,,1,33,74,200,QB,0,0,0,0,0,0,0,0,0,0,0,0,0,0,0,0,None,,,,,b,0086.png,,black_3025.png,42,50,88,60,3,76,68,1,1,11,1,1,80,0,100,1,1,1,1,1,1,1,1,1,1,1,1,1,1,1,54,95,91,36,86,86,96,0,31,48,57,95,46,36,42
2077,,71,1991,1985,George,Adams,0,32,10,1985,Kentucky,33,,6,29,73,225,RB,0,0,0,0,0,0,0,0,0,0,0,0,0,0,0,0,None,,,,,a,0148.png,,lightbrown_3004.png,60,77,12,76,52,46,2,24,18,19,1,1,65,0,1,28,10,1,1,1,1,1,1,1,1,1,1,1,1,1,77,76,63,100,62,69,76,0,46,38,57,98,32,67,33
5391,,93,1991,1987,Joseph,Addai,5,2,4,1987,LSU,49,,4,27,71,210,RB,8200000,3,8200000,8200000,8200000,0,0,0,0,0,0,0,0,0,0,0,None,,,,,b,10092.png,default-jersey-01.png,black_3096.png,66,91,22,95,62,72,26,37,37,50,9,1,94,0,1,100,34,1,1,1,1,1,1,1,1,1,1,1,1,1,53,67,79,62,82,98,77,0,45,49,31,93,49,34,90
9661,,66,1991,0,James,Allen,0,0,0,0,Oklahoma,22,,1,24,70,212,RB,0,0,0,0,0,0,0,0,0,0,0,0,0,0,0,0,None,,,,,b,0003.png,,lightbrown_3003.png,46,71,4,68,55,40,8,11,22,10,1,1,67,0,1,53,35,1,1,1,1,1,1,1,1,1,1,1,1,1,30,48,70,34,52,54,96,0,47,37,59,70,34,70,92
1824,,88,1991,1985,Marcus,Allen,12,1,16,1985,USC,23,,6,31,74,210,RB,6550000,1,6550000,0,0,0,0,0,0,0,0,0,0,0,0,0,None,AllPurposeRB|Legend,,,,a,10594.png,,darkbrown_3101.png,61,85,30,82,82,61,35,43,35,50,1,1,89,0,1,100,22,1,1,1,1,1,1,1,1,1,1,1,1,1,46,66,87,60,93,61,71,0,32,44,50,71,50,31,78
6084,,85,1991,0,Terry,Allen,17,0,0,0,Clemson,39,,4,27,70,204,RB,1850000,2,1850000,1850000,0,0,0,0,0,0,0,0,0,0,0,0,None,,,,,b,0053.png,,bald_3007.png,67,69,27,91,63,48,20,25,29,18,1,1,76,0,1,100,8,1,1,1,1,1,1,1,1,1,1,1,1,1,50,99,85,74,80,71,93,0,30,43,42,71,40,53,34
8554,,82,1991,1989,Tyler,Allgeier,9,5,9,1989,BYU,28,,2,23,71,220,RB,1900000,2,1900000,1900000,0,0,0,0,0,0,0,0,0,0,0,0,None,,,,,b,0098.png,default-jersey-01.png,darkbrown_3011.png,71,77,16,83,61,60,10,42,31,33,3,1,78,0,1,63,22,1,1,1,1,1,1,1,1,1,1,1,1,1,13,66,89,26,93,98,89,0,34,42,44,70,41,65,72
5975,,82,1991,0,Kimble,Anders,17,0,0,0,Houston,30,,4,29,71,225,RB,2300000,2,2300000,2300000,0,0,0,0,0,0,0,0,0,0,0,0,None,,,,,b,0090.png,default-jersey-01.png,black_3100.png,57,76,12,87,56,61,20,26,24,26,1,1,74,0,1,96,16,1,1,1,1,1,1,1,1,1,1,1,1,1,28,84,82,35,78,80,91,0,45,49,31,83,35,70,35
2169,,69,1991,1985,Alfred,Anderson,0,40,5,1985,Baylor,46,,5,29,73,219,RB,0,0,0,0,0,0,0,0,0,0,0,0,0,0,0,0,None,,,,,a,10568.png,,blonde_3001.png,53,63,15,75,56,53,5,12,26,21,1,1,67,0,1,35,3,1,1,1,1,1,1,1,1,1,1,1,1,1,63,39,72,36,47,35,97,0,34,48,56,73,33,39,70
1908,,79,1991,1985,Gary,Anderson,0,14,13,1985,Arkansas,33,,6,30,72,185,RB,0,0,0,0,0,0,0,0,0,0,0,0,0,0,0,0,None,,,,,b,0071.png,default-jersey-01.png,bald_3037.png,57,80,8,73,65,56,27,33,22,40,1,1,72,0,1,99,1,1,1,1,1,1,1,1,1,1,1,1,1,1,37,99,92,19,90,81,97,0,49,34,42,83,45,62,100
12405,,84,1991,1991,Jamal,Anderson,8,2,14,1991,Utah,46,,0,22,71,237,RB,1000000,3,1000000,1000000,1000000,0,0,0,0,0,0,0,0,0,0,0,None,Diva,,,,b,10085.png,default-jersey-01.png,red_3001.png,60,90,27,84,65,65,15,35,26,32,1,1,87,0,1,58,33,1,1,1,1,1,1,1,1,1,1,1,1,1,33,75,78,52,99,99,77,0,44,34,50,75,49,62,95
9639,,79,1991,1990,Neal,Anderson,3,5,17,1990,Florida,26,,1,23,71,210,RB,250000,2,250000,850000,0,0,0,0,0,0,0,0,0,0,0,0,None,CommunityBenefactor,,,,b,0032.png,default-jersey-01.png,black_3004.png,61,78,12,85,60,46,21,40,31,23,1,1,83,0,1,55,27,1,1,1,1,1,1,1,1,1,1,1,1,1,39,78,81,34,99,74,78,0,34,49,40,75,50,52,55
9671,,68,1991,0,John,Avery,0,0,0,0,Mississippi,39,,1,23,69,188,RB,0,0,0,0,0,0,0,0,0,0,0,0,0,0,0,0,None,,,,,b,10055.png,,black_3033.png,59,65,7,75,42,43,10,23,11,26,1,1,77,0,1,47,35,1,1,1,1,1,1,1,1,1,1,1,1,1,73,53,38,70,69,68,91,0,33,39,65,79,31,47,71
9647,,68,1991,0,Chuck,Banks,0,0,0,0,Ferrum,23,,1,23,74,225,RB,0,0,0,0,0,0,0,0,0,0,0,0,0,0,0,0,None,,,,,b,0056.png,,black_3018.png,59,71,18,70,52,35,9,27,13,23,1,1,60,0,1,50,35,1,1,1,1,1,1,1,1,1,1,1,1,1,22,95,86,22,88,65,97,0,42,39,48,73,40,67,81
12414,,73,1991,1991,Mario,Bates,13,7,4,1991,Arizona State,44,,0,21,73,217,RB,250000,2,250000,250000,0,0,0,0,0,0,0,0,0,0,0,0,None,,,,,b,0022.png,,black_3058.png,56,76,17,75,56,52,9,17,25,13,1,1,63,0,1,57,32,1,1,1,1,1,1,1,1,1,1,1,1,1,85,58,65,67,32,32,84,0,38,47,66,96,30,42,54
5706,,75,1991,1987,Cliff,Battles,3,6,2,1987,Wesleyan,48,,4,26,73,195,RB,250000,1,250000,0,0,0,0,0,0,0,0,0,0,0,0,0,None,CommunityBenefactor,,,,a,0117.png,default-jersey-01.png,darkbrown_3013.png,64,74,1,73,63,57,1,49,45,50,1,1,87,0,1,43,31,22,1,1,1,1,1,1,1,1,9,24,3,5,71,56,58,71,45,83,78,0,43,41,58,89,42,50,21
1942,,87,1991,1985,Greg,Bell,5,6,18,1985,Notre Dame,44,,6,29,70,210,RB,1950000,2,1950000,1950000,0,0,0,0,0,0,0,0,0,0,0,0,None,AllPurposeRB|Legend,,,,b,0034.png,default-jersey-01.png,black_3054.png,67,78,14,83,75,60,23,36,28,33,1,1,85,0,1,100,6,1,1,1,1,1,1,1,1,1,1,1,1,1,41,92,86,65,89,82,78,0,37,30,47,86,50,47,99
9662,,66,1991,0,Ken,Bell,0,0,0,0,Boston College,25,,1,23,70,190,RB,0,0,0,0,0,0,0,0,0,0,0,0,0,0,0,0,None,,,,,a,0124.png,,black_3012.png,51,61,16,70,52,49,6,23,13,12,1,1,72,0,1,50,35,1,1,1,1,1,1,1,1,1,1,1,1,1,6,51,31,16,24,10,94,0,33,40,52,81,35,36,81
12425,,67,1991,0,William,Bell,0,0,0,0,Georgia Tech,37,,0,23,71,214,RB,0,0,0,0,0,0,0,0,0,0,0,0,0,0,0,0,None,,,,,b,0008.png,,bald_3024.png,47,69,18,68,57,45,17,15,13,29,1,1,77,0,1,55,35,1,1,1,1,1,1,1,1,1,1,1,1,1,82,86,94,95,68,88,91,0,34,48,58,91,36,41,95
12413,,74,1991,1991,Wes,Bender,13,5,18,1991,USC,24,,0,24,70,242,RB,250000,2,250000,250000,0,0,0,0,0,0,0,0,0,0,0,0,None,,,,,a,0145.png,,blonde_3015.png,60,72,19,80,49,55,8,15,15,28,1,1,61,0,1,61,33,1,1,1,1,1,1,1,1,1,1,1,1,1,71,72,88,73,88,77,78,0,33,32,59,72,38,39,65
12419,,69,1991,0,Donnell,Bennett,0,0,0,0,Miami (FL),27,,0,22,72,242,RB,0,0,0,0,0,0,0,0,0,0,0,0,0,0,0,0,None,,,,,b,0032.png,,black_3033.png,52,70,20,73,52,41,8,21,28,29,1,1,64,0,1,58,35,1,1,1,1,1,1,1,1,1,1,1,1,1,86,67,69,66,96,79,80,0,31,34,53,84,34,39,94
12844,2027,69,1991,0,Edgar,Bennett,0,0,0,0,Florida State,0,,0,23,72,217,RB,0,0,0,0,0,0,0,0,0,0,0,0,0,0,0,0,None,,,,,,,,,52,73,17,65,45,65,20,23,30,33,1,1,73,0,0,77,11,0,0,0,0,0,0,0,0,0,0,0,0,0,31,40,32,32,37,5,87,0,33,43,34,82,41,56,76
2117,,76,1991,1985,Albert,Bentley,7,32,16,1985,Miami (FL),32,,6,31,71,200,RB,250000,1,250000,0,0,0,0,0,0,0,0,0,0,0,0,0,None,,,,,a,0127.png,default-jersey-01.png,blonde_3030.png,70,62,16,75,57,58,18,18,34,23,1,1,60,0,1,89,1,1,1,1,1,1,1,1,1,1,1,1,1,1,65,63,51,48,62,69,73,0,43,46,40,96,49,63,86
2293,,64,1991,1985,Dennis,Bligen,0,51,2,1985,St. John's (NY),25,,4,27,71,215,RB,0,0,0,0,0,0,0,0,0,0,0,0,0,0,0,0,None,,,,,b,0058.png,,black_3010.png,49,54,15,66,51,44,1,23,8,18,1,1,61,0,1,81,6,1,1,1,1,1,1,1,1,1,1,1,1,1,38,68,53,3,1,11,74,0,48,34,68,90,46,55,89
7269,,77,1991,1988,Lorenzo,Booker,0,2,11,1988,Florida State,20,,3,25,71,191,RB,0,0,0,0,0,0,0,0,0,0,0,0,0,0,0,0,None,,,,,b,10067.png,,blonde_3003.png,70,81,18,77,54,47,14,23,33,19,1,1,80,0,1,54,12,1,1,1,1,1,1,1,1,1,1,1,1,1,39,91,68,69,86,71,81,0,47,36,42,77,34,32,77
7046,,78,1991,1988,Ahmad,Bradshaw,15,3,20,1988,Marshall,30,,3,23,71,195,RB,350000,3,350000,300000,300000,0,0,0,0,0,0,0,0,0,0,0,None,,,,,b,0030.png,default-jersey-01.png,darkbrown_3018.png,57,77,12,77,60,45,8,25,28,14,1,1,76,0,1,95,14,1,1,1,1,1,1,1,1,1,1,1,1,1,63,50,41,67,32,51,90,0,46,36,30,94,31,40,74
2496,,69,1991,0,Reggie,Branch,0,0,0,0,East Carolina,30,,1,24,71,232,RB,0,0,0,0,0,0,0,0,0,0,0,0,0,0,0,0,None,,,,,b,10063.png,,darkbrown_3013.png,50,72,12,67,54,39,4,24,14,16,1,1,75,0,1,80,15,1,1,1,1,1,1,1,1,1,1,1,1,1,21,72,82,17,81,76,80,0,33,40,41,82,49,64,97
12421,,68,1991,0,Dewell,Brewer,0,0,0,0,Oklahoma,33,,0,24,68,210,RB,0,0,0,0,0,0,0,0,0,0,0,0,0,0,0,0,None,,,,,b,0025.png,,bald_3043.png,64,74,12,65,48,44,14,18,19,27,1,1,67,0,1,58,35,1,1,1,1,1,1,1,1,1,1,1,1,1,25,82,80,18,87,81,73,0,40,40,35,86,40,36,74
5714,,88,1991,1987,James,Brooks II,9,2,8,1987,Auburn,47,,4,27,70,180,RB,2050000,3,2050000,2050000,2050000,0,0,0,0,0,0,0,0,0,0,0,None,,,,,b,10096.png,,black_3054.png,66,86,30,81,75,62,30,40,41,45,1,1,88,0,1,100,26,1,1,1,1,1,1,1,1,1,1,1,1,1,58,75,53,71,60,58,75,0,43,43,45,79,37,47,99
1853,,87,1991,1985,James,Brooks,0,6,17,1985,Auburn,21,,1,28,70,180,RB,0,0,0,0,0,0,0,0,0,0,0,0,0,0,0,0,None,ScatBack,,,,b,0014.png,,black_3020.png,68,86,29,83,72,63,30,44,40,49,3,1,82,0,1,82,58,1,1,1,1,1,1,1,1,1,1,1,1,1,48,93,90,65,73,77,71,0,31,40,70,100,40,49,96
12810,3295,65,1991,0,Tony,Brooks,0,0,0,0,Holy Cross (IN),0,,0,23,72,230,RB,0,0,0,0,0,0,0,0,0,0,0,0,0,0,0,0,None,,,,,,,,,48,58,5,68,54,49,13,19,25,27,1,1,72,0,0,48,3,0,0,0,0,0,0,0,0,0,0,0,0,0,39,85,77,40,68,87,76,0,32,43,37,85,43,40,77
6046,,73,1991,0,Gary,Brown,0,0,0,0,Penn State,40,,4,26,71,230,RB,0,0,0,0,0,0,0,0,0,0,0,0,0,0,0,0,None,,,,,b,0077.png,,black_3036.png,66,80,9,68,50,43,7,28,22,24,1,1,79,0,1,80,7,1,1,1,1,1,1,1,1,1,1,1,1,1,11,88,91,18,68,99,71,0,33,47,53,78,40,40,33
12933,3455,64,1991,0,Ivory Lee,Brown,0,0,0,0,Ark-Pine Bluff,0,,0,23,74,245,RB,0,0,0,0,0,0,0,0,0,0,0,0,0,0,0,0,None,,,,,,,,,52,66,14,64,46,46,13,21,28,18,1,1,60,0,0,58,9,0,0,0,0,0,0,0,0,0,0,0,0,0,74,61,38,88,34,68,72,0,32,30,56,90,45,65,71
3621,,91,1991,1986,Jim,Brown,3,1,8,1986,Syracuse,20,,5,26,74,232,RB,6850000,5,6850000,6850000,6850000,6850000,6850000,0,0,0,0,0,0,0,0,0,None,PowerRunner,,,,b,10056.png,default-jersey-01.png,black_3011.png,86,79,1,79,77,73,1,47,67,36,4,4,98,0,1,100,14,1,1,1,1,1,1,1,1,1,1,1,1,1,35,80,79,33,99,95,78,0,49,35,59,80,45,65,86
3547,,70,1991,0,Reggie,Brown,0,0,0,0,Fresno State,21,,1,24,72,244,RB,0,0,0,0,0,0,0,0,0,0,0,0,0,0,0,0,None,,,,,b,0086.png,,black_3083.png,47,67,6,72,51,47,6,21,13,21,1,1,60,0,1,83,11,1,1,1,1,1,1,1,1,1,1,1,1,1,9,68,36,26,13,20,87,0,33,46,46,78,47,66,74
12430,,67,1991,0,Beno,Bryant,0,0,0,0,Washington,37,,0,23,69,175,RB,0,0,0,0,0,0,0,0,0,0,0,0,0,0,0,0,None,,,,,a,0146.png,,lightbrown_3035.png,60,63,10,67,57,44,17,14,13,19,1,1,65,0,1,50,35,1,1,1,1,1,1,1,1,1,1,1,1,1,23,84,76,35,63,74,73,0,34,46,63,83,38,33,73
5624,,90,1991,1987,Reggie,Bush,6,2,1,1987,USC,28,,4,25,72,200,RB,2100000,3,2100000,2100000,2100000,0,0,0,0,0,0,0,0,0,0,0,None,Athlete|Competitor,,,,b,0005.png,,black_3070.png,66,90,16,94,58,55,14,44,24,22,1,1,75,0,1,99,18,1,1,1,1,1,1,1,1,1,1,1,1,1,71,52,62,66,55,63,79,0,36,32,40,85,50,51,82
12415,,71,1991,0,Butler,By'not'e,0,0,0,0,Ohio State,44,,0,22,69,190,RB,0,0,0,0,0,0,0,0,0,0,0,0,0,0,0,0,None,,,,,b,0061.png,,bald_3039.png,54,68,14,75,60,49,4,26,23,12,1,1,66,0,1,50,35,1,1,1,1,1,1,1,1,1,1,1,1,1,40,69,89,58,87,74,77,0,42,46,64,88,36,64,83
1911,,85,1991,1985,Earnest,Byner,2,4,6,1985,East Carolina,44,,6,29,70,215,RB,5150000,4,5150000,5150000,5150000,5150000,0,0,0,0,0,0,0,0,0,0,None,Perceptive,,,,b,0082.png,,black_3011.png,61,88,31,76,73,65,28,47,43,43,1,1,75,0,1,100,24,1,1,1,1,1,1,1,1,1,1,1,1,1,25,70,99,8,83,80,78,0,40,48,58,93,43,35,79
9635,,70,1991,0,Carl,Byrum,0,0,0,0,Miss. Valley State,39,,1,24,72,232,RB,0,0,0,0,0,0,0,0,0,0,0,0,0,0,0,0,None,,,,,a,10579.png,,darkbrown_3045.png,59,72,5,72,52,44,17,27,17,23,1,1,73,0,1,49,35,1,1,1,1,1,1,1,1,1,1,1,1,1,12,70,39,41,38,14,97,0,46,50,34,91,49,39,92
2118,,68,1991,1985,Lynn,Cain,0,39,16,1985,USC,31,,3,33,73,205,RB,0,0,0,0,0,0,0,0,0,0,0,0,0,0,0,0,None,,,,,b,0019.png,,darkbrown_3018.png,47,59,5,70,53,51,19,32,23,17,1,1,58,0,1,75,22,1,1,1,1,1,1,1,1,1,1,1,1,1,72,62,82,98,86,97,82,0,42,34,58,94,48,54,60
1896,,78,1991,1985,Earl,Campbell,0,4,15,1985,Texas,35,,2,32,71,232,RB,0,0,0,0,0,0,0,0,0,0,0,0,0,0,0,0,None,PowerRunner,,,,a,0141.png,,bald_3026.png,76,65,22,72,70,63,19,27,27,44,1,1,79,0,1,75,52,1,1,1,1,1,1,1,1,1,1,1,1,1,66,84,99,100,63,69,88,0,44,41,35,71,46,63,49
12715,4436,70,1991,0,Sheldon,Canley,0,0,0,0,San Jose State,0,,0,24,69,195,RB,0,0,0,0,0,0,0,0,0,0,0,0,0,0,0,0,None,,,,,,,,,49,59,19,74,53,49,8,13,30,22,1,1,68,0,0,90,19,0,0,0,0,0,0,0,0,0,0,0,0,0,85,79,64,91,72,87,80,0,30,50,60,86,42,40,89
2649,,68,1991,0,Joe,Carter,0,0,0,0,Alabama,23,,1,24,71,198,RB,0,0,0,0,0,0,0,0,0,0,0,0,0,0,0,0,None,,,,,b,0015.png,,red_3001.png,46,77,4,72,41,51,6,20,22,17,1,1,67,0,1,50,23,1,1,1,1,1,1,1,1,1,1,1,1,1,32,78,98,61,81,84,79,0,41,41,49,84,31,54,83
3556,,71,1991,1986,Ki-Jana,Carter,0,4,12,1986,Penn State,34,,5,28,70,222,RB,0,0,0,0,0,0,0,0,0,0,0,0,0,0,0,0,None,,,,,a,10578.png,,darkbrown_3099.png,53,77,1,71,48,55,1,10,27,6,1,1,76,0,1,63,12,1,1,1,1,1,1,1,1,1,1,1,1,1,92,91,78,78,75,76,98,0,39,31,32,76,34,51,1
12431,,65,1991,0,Tony,Carter,0,0,0,0,Minnesota,48,,0,22,72,230,RB,0,0,0,0,0,0,0,0,0,0,0,0,0,0,0,0,None,,,,,a,0105.png,,black_3025.png,60,70,5,63,46,45,2,18,21,24,1,1,68,0,1,51,35,1,1,1,1,1,1,1,1,1,1,1,1,1,48,47,54,51,50,44,74,0,45,36,60,72,41,65,80
2229,,62,1991,1985,Mel,Carver,0,45,13,1985,UNLV,28,,5,31,71,221,RB,0,0,0,0,0,0,0,0,0,0,0,0,0,0,0,0,None,,,,,b,10068.png,,black_3034.png,52,63,1,60,43,34,7,24,6,18,1,1,64,0,1,79,12,1,1,1,1,1,1,1,1,1,1,1,1,1,69,60,82,91,81,91,94,0,49,34,36,72,35,59,36
9640,,70,1991,0,Tony,Cherry,0,0,0,0,Oregon,38,,1,24,67,187,RB,0,0,0,0,0,0,0,0,0,0,0,0,0,0,0,0,None,,,,,b,0062.png,,black_3052.png,60,75,16,71,53,37,16,19,11,13,1,1,73,0,1,52,35,1,1,1,1,1,1,1,1,1,1,1,1,1,64,70,88,60,97,66,74,0,50,44,31,83,30,42,82
12853,5111,65,1991,0,Bob,Christian,0,0,0,0,Northwestern,0,,0,24,71,226,RB,0,0,0,0,0,0,0,0,0,0,0,0,0,0,0,0,None,,,,,,,,,55,56,12,67,42,54,15,22,25,26,1,1,61,0,0,72,2,0,0,0,0,0,0,0,0,0,0,0,0,0,30,31,65,33,45,59,98,0,49,35,32,90,36,65,90
9673,,65,1991,0,Darryl,Clack,0,0,0,0,Arizona State,21,,1,24,70,219,RB,0,0,0,0,0,0,0,0,0,0,0,0,0,0,0,0,None,,,,,a,10598.png,,black_3060.png,51,69,13,65,52,43,18,18,26,19,1,1,68,0,1,50,35,1,1,1,1,1,1,1,1,1,1,1,1,1,51,50,49,53,42,58,73,0,32,45,40,71,45,61,99
12426,,66,1991,0,Derrick,Clark,0,0,0,0,Evangel (MO),47,,0,23,73,235,RB,0,0,0,0,0,0,0,0,0,0,0,0,0,0,0,0,None,,,,,a,10552.png,,red_3010.png,59,66,6,66,49,38,6,23,20,17,1,1,65,0,1,52,35,1,1,1,1,1,1,1,1,1,1,1,1,1,94,70,65,100,95,63,71,0,38,42,43,84,47,30,80
12435,,65,1991,0,Trevor,Cobb,0,0,0,0,Rice,46,,0,24,69,209,RB,0,0,0,0,0,0,0,0,0,0,0,0,0,0,0,0,None,,,,,b,0059.png,,bald_3006.png,59,68,5,66,41,39,4,29,21,19,1,1,74,0,1,54,35,1,1,1,1,1,1,1,1,1,1,1,1,1,44,67,48,47,55,32,97,0,35,45,44,76,33,31,85
5645,,77,1991,1987,Patrick,Cobbs,0,4,17,1987,North Texas,28,,4,27,69,210,RB,0,0,0,0,0,0,0,0,0,0,0,0,0,0,0,0,None,,,,,b,0063.png,default-jersey-01.png,black_3016.png,62,82,5,83,43,51,17,28,16,12,1,1,83,0,1,62,14,1,1,1,1,1,1,1,1,1,1,1,1,1,42,73,66,68,72,82,77,0,38,39,30,95,48,38,5
1995,,82,1991,1985,Tony,Collins,6,25,16,1985,East Carolina,33,,6,32,71,208,RB,250000,1,250000,0,0,0,0,0,0,0,0,0,0,0,0,0,None,,,,,a,0129.png,default-jersey-01.png,darkbrown_3014.png,67,84,28,75,65,57,10,40,30,33,1,1,73,0,1,89,2,1,1,1,1,1,1,1,1,1,1,1,1,1,44,100,86,20,65,100,79,0,37,50,61,80,44,59,21
8559,,88,1991,1989,James,Cook,16,3,6,1989,Georgia,4,,2,23,71,190,RB,850000,1,850000,0,0,0,0,0,0,0,0,0,0,0,0,0,None,AllPurposeRB|FanFavorite,,,,b,0079.png,,black_3062.png,73,85,13,87,68,53,9,24,31,33,4,1,81,0,1,95,26,1,1,1,1,1,1,1,1,1,1,1,1,1,14,52,69,39,31,9,87,0,34,37,43,75,49,38,82
6179,,69,1991,0,Aaron,Craver,0,0,0,0,Fresno State,32,,1,24,72,218,RB,0,0,0,0,0,0,0,0,0,0,0,0,0,0,0,0,None,,,,,a,0133.png,,darkbrown_3086.png,56,69,16,76,47,38,1,15,18,14,1,1,76,0,1,49,3,1,1,1,1,1,1,1,1,1,1,1,1,1,18,63,62,26,94,96,97,0,45,33,64,85,41,54,97
9656,,67,1991,0,Charles,Crawford,0,0,0,0,Oklahoma State,27,,1,23,74,235,RB,0,0,0,0,0,0,0,0,0,0,0,0,0,0,0,0,None,,,,,b,0090.png,,bald_3011.png,51,73,6,68,47,46,14,25,24,19,1,1,60,0,1,56,35,1,1,1,1,1,1,1,1,1,1,1,1,1,10,61,60,14,1,4,81,0,48,36,61,84,33,58,94
1898,,68,1991,1985,Joe,Cribbs,0,14,2,1985,Auburn,48,,6,33,71,190,RB,0,0,0,0,0,0,0,0,0,0,0,0,0,0,0,0,None,,,,,a,0150.png,,red_3029.png,56,55,5,66,61,60,26,21,36,22,1,1,63,0,1,69,18,1,1,1,1,1,1,1,1,1,1,1,1,1,31,77,82,12,95,79,100,0,37,36,47,80,47,60,100
12766,6469,65,1991,0,Rodney,Culver,0,0,0,0,Notre Dame,0,,0,23,69,224,RB,0,0,0,0,0,0,0,0,0,0,0,0,0,0,0,0,None,,,,,,,,,44,57,20,73,53,45,18,21,15,14,1,1,65,0,0,50,12,0,0,0,0,0,0,0,0,0,0,0,0,0,54,84,64,66,80,97,73,0,44,39,59,96,32,35,79
12427,,66,1991,0,Anthony,Daigle,0,0,0,0,Arizona State,28,,0,24,70,203,RB,0,0,0,0,0,0,0,0,0,0,0,0,0,0,0,0,None,,,,,a,10566.png,,black_3014.png,48,65,9,69,55,38,4,13,26,28,1,1,73,0,1,54,35,1,1,1,1,1,1,1,1,1,1,1,1,1,74,34,70,68,67,46,83,0,49,36,52,80,47,30,85
2034,,70,1991,1985,Ron,Davenport,0,18,4,1985,Louisville,30,,6,29,74,230,RB,0,0,0,0,0,0,0,0,0,0,0,0,0,0,0,0,None,,,,,a,10556.png,,lightbrown_3089.png,59,64,9,68,51,48,6,13,25,15,1,1,79,0,1,86,3,1,1,1,1,1,1,1,1,1,1,1,1,1,50,93,91,75,98,78,93,0,46,50,49,70,45,64,88
8560,,81,1991,0,Tyrion,Davis-Price,17,0,0,0,N/A,36,,2,22,73,219,RB,800000,6,800000,800000,800000,800000,800000,800000,0,0,0,0,0,0,0,0,None,,,,,a,0138.png,default-jersey-01.png,bald_3016.png,70,80,12,81,56,37,8,29,37,26,1,1,76,0,1,95,26,1,1,1,1,1,1,1,1,1,1,1,1,1,67,77,87,98,95,75,86,0,41,35,49,71,40,57,49
9636,,79,1991,1990,Kenneth,Davis,5,7,16,1990,TCU,48,,1,25,70,208,RB,250000,1,250000,0,0,0,0,0,0,0,0,0,0,0,0,0,None,,,,,b,10080.png,default-jersey-01.png,black_3007.png,58,77,25,84,63,45,14,31,20,19,1,1,81,0,1,64,27,1,1,1,1,1,1,1,1,1,1,1,1,1,3,50,41,28,15,37,71,0,30,38,40,100,49,40,87
3582,,87,1991,1986,Stephen,Davis,11,2,17,1986,Auburn,37,,5,27,72,230,RB,2250000,2,2250000,2250000,0,0,0,0,0,0,0,0,0,0,0,0,None,PowerRunner,,,,a,10587.png,,darkbrown_3103.png,77,84,23,82,64,68,12,29,31,34,1,1,89,0,1,90,2,1,1,1,1,1,1,1,1,1,1,1,1,1,39,58,54,28,13,29,77,0,38,39,43,83,50,55,89
1809,,90,1991,1985,Eric,Dickerson,14,1,10,1985,SMU,29,,6,31,75,220,RB,6550000,5,6550000,6550000,6550000,6550000,6550000,0,0,0,0,0,0,0,0,0,None,MediaDarling|Legend,,,,a,10584.png,,bald_3024.png,78,80,29,85,72,69,32,52,32,38,4,1,90,0,1,100,27,1,1,1,1,1,1,1,1,1,1,1,1,1,76,69,81,73,62,89,79,0,49,40,34,74,47,45,81
6182,,68,1991,0,Mike,Dingle,0,0,0,0,South Carolina,47,,2,24,74,240,RB,0,0,0,0,0,0,0,0,0,0,0,0,0,0,0,0,None,,,,,b,0041.png,,bald_3018.png,63,66,13,61,57,52,8,17,18,22,1,1,68,0,1,71,29,1,1,1,1,1,1,1,1,1,1,1,1,1,71,38,54,91,51,56,88,0,32,38,54,83,47,69,95
2039,,51,1991,1985,Dan,Doornink,0,29,16,1985,Washington State,38,,6,35,75,210,RB,0,0,0,0,0,0,0,0,0,0,0,0,0,0,0,0,None,,,,,a,0116.png,,lightbrown_3007.png,35,55,8,50,43,18,1,20,15,5,1,1,62,0,1,62,9,1,1,1,1,1,1,1,1,1,1,1,1,1,40,90,74,61,86,87,86,0,50,43,31,84,49,39,89
1833,,87,1991,1985,Tony,Dorsett,0,6,12,1985,Pittsburgh,33,,2,33,71,192,RB,0,0,0,0,0,0,0,0,0,0,0,0,0,0,0,0,None,ScatBack,,,,a,10599.png,,darkbrown_3065.png,62,81,25,87,69,59,35,48,32,50,8,1,83,0,1,91,21,1,1,1,1,1,1,1,1,1,1,1,1,1,31,98,95,47,92,85,79,0,46,43,40,82,44,66,96
5679,,71,1991,1987,DeDe,Dorsey,0,7,6,1987,Lindenwood,31,,4,26,71,184,RB,0,0,0,0,0,0,0,0,0,0,0,0,0,0,0,0,None,,,,,a,10579.png,,darkbrown_3066.png,53,64,3,76,46,47,17,16,18,18,1,1,73,0,1,88,22,1,1,1,1,1,1,1,1,1,1,1,1,1,75,80,95,100,65,95,76,0,41,42,68,89,44,42,52
6188,,68,1991,0,Derrick,Douglas,0,0,0,0,Louisiana Tech,33,,1,24,70,222,RB,0,0,0,0,0,0,0,0,0,0,0,0,0,0,0,0,None,,,,,b,10075.png,,darkbrown_3008.png,54,68,19,66,48,54,13,18,21,27,1,1,65,0,1,69,16,1,1,1,1,1,1,1,1,1,1,1,1,1,93,89,82,71,78,81,89,0,49,50,50,91,47,59,74
12422,,68,1991,0,Gary,Downs,0,0,0,0,North Carolina State,46,,0,22,73,212,RB,0,0,0,0,0,0,0,0,0,0,0,0,0,0,0,0,None,,,,,a,0140.png,,lightbrown_3090.png,50,70,14,67,60,51,9,23,14,15,1,1,71,0,1,55,35,1,1,1,1,1,1,1,1,1,1,1,1,1,88,64,68,77,61,69,90,0,39,47,41,92,47,39,94
12902,7927,66,1991,0,Vaughn,Dunbar,0,0,0,0,Indiana,0,,0,24,70,204,RB,0,0,0,0,0,0,0,0,0,0,0,0,0,0,0,0,None,,,,,,,,,49,68,17,61,53,47,16,15,22,24,1,1,58,0,0,79,3,0,0,0,0,0,0,0,0,0,0,0,0,0,68,46,60,58,55,57,100,0,39,39,48,90,39,58,78
9664,,68,1991,0,Reggie,Dupard,0,0,0,0,SMU,46,,1,24,71,206,RB,0,0,0,0,0,0,0,0,0,0,0,0,0,0,0,0,None,,,,,a,10581.png,,lightbrown_3063.png,59,58,1,78,44,42,11,13,14,22,1,1,61,0,1,53,35,1,1,1,1,1,1,1,1,1,1,1,1,1,30,89,73,5,62,75,78,0,32,32,43,84,42,46,97
7255,,73,1991,1988,Kyle,Eckel,0,7,6,1988,Navy,32,,3,28,71,237,RB,0,0,0,0,0,0,0,0,0,0,0,0,0,0,0,0,None,,,,,b,0027.png,,darkbrown_3020.png,64,64,12,73,49,54,11,9,22,17,1,1,59,0,1,90,27,1,1,1,1,1,1,1,1,1,1,1,1,1,37,71,88,37,84,72,70,0,40,44,30,82,39,59,8
9648,,69,1991,0,Bobby Joe,Edmonds,0,0,0,0,Arkansas,46,,1,23,71,186,RB,0,0,0,0,0,0,0,0,0,0,0,0,0,0,0,0,None,,,,,b,0031.png,,black_3064.png,58,67,11,72,55,45,7,14,20,18,1,1,71,0,1,52,35,1,1,1,1,1,1,1,1,1,1,1,1,1,98,62,61,72,52,39,95,0,33,48,58,74,38,45,96
9641,,80,1991,1990,Robert,Edwards,7,7,1,1990,Georgia,24,,1,25,71,218,RB,250000,1,250000,0,0,0,0,0,0,0,0,0,0,0,0,0,None,InjuryProne,,,,b,0052.png,default-jersey-01.png,blonde_3005.png,69,75,13,87,56,47,8,21,28,21,1,1,64,0,1,58,28,1,1,1,1,1,1,1,1,1,1,1,1,1,52,78,89,65,61,60,95,0,43,32,63,70,48,51,62
12423,,68,1991,0,Keith,Elias,0,0,0,0,Princeton,44,,0,22,69,203,RB,0,0,0,0,0,0,0,0,0,0,0,0,0,0,0,0,None,,,,,b,0094.png,,bald_3013.png,58,65,4,68,56,50,10,16,13,19,1,1,68,0,1,56,35,1,1,1,1,1,1,1,1,1,1,1,1,1,50,67,71,69,76,92,70,0,35,46,63,96,50,65,75
1996,,80,1991,1985,Gerry,Ellis,0,31,13,1985,Missouri,31,,1,29,71,221,RB,0,0,0,0,0,0,0,0,0,0,0,0,0,0,0,0,None,,,,,b,0066.png,,bald_3042.png,71,74,15,80,62,47,21,34,22,25,1,1,68,0,1,80,30,1,1,1,1,1,1,1,1,1,1,1,1,1,57,44,33,53,35,30,82,0,44,32,33,98,49,34,69
9633,,71,1991,0,Curtis,Enis,0,0,0,0,Penn State,22,,1,23,72,242,RB,0,0,0,0,0,0,0,0,0,0,0,0,0,0,0,0,None,,,,,a,10592.png,,blonde_3045.png,51,75,18,75,54,44,14,26,19,19,1,1,64,0,1,50,35,1,1,1,1,1,1,1,1,1,1,1,1,1,44,60,46,52,30,69,83,0,38,32,70,78,36,50,80
6145,,81,1991,0,Ricky,Ervins,9,0,0,0,USC,46,,4,27,67,195,RB,250000,2,250000,250000,0,0,0,0,0,0,0,0,0,0,0,0,None,,,,,b,10084.png,default-jersey-01.png,darkbrown_3013.png,67,74,16,85,62,54,10,27,32,20,1,1,84,0,1,70,8,1,1,1,1,1,1,1,1,1,1,1,1,1,70,94,60,45,93,69,79,0,39,41,45,87,41,64,39
2652,,70,1991,0,Major,Everett,0,0,0,0,Mississippi College,39,,0,25,70,215,RB,0,0,0,0,0,0,0,0,0,0,0,0,0,0,0,0,None,,,,,c,0231.png,,black_3022.png,53,62,3,77,55,46,6,17,16,21,1,1,72,0,0,54,19,0,0,0,0,0,0,0,0,0,0,0,0,0,53,75,94,59,96,65,97,0,49,46,69,91,44,63,92
9694,,59,1991,0,Nuu,Faaola,0,0,0,0,Hawaii,41,,1,23,71,215,RB,0,0,0,0,0,0,0,0,0,0,0,0,0,0,0,0,None,,,,,a,10595.png,,darkbrown_3056.png,48,57,7,61,40,37,12,27,11,19,1,1,70,0,1,54,35,1,1,1,1,1,1,1,1,1,1,1,1,1,68,76,94,74,70,73,96,0,35,43,31,78,48,59,85
12403,,92,1991,1991,Marshall,Faulk,7,1,6,1991,San Diego State,38,,0,21,70,211,RB,2500000,4,2500000,2500000,2500000,2500000,0,0,0,0,0,0,0,0,0,0,None,AllPurposeRB,,,,b,0073.png,default-jersey-01.png,black_3093.png,70,88,24,87,87,70,36,39,40,35,1,3,94,0,1,75,35,1,1,1,1,1,1,1,1,1,1,1,1,1,88,80,60,81,71,73,82,0,41,41,69,96,49,53,90
8561,,75,1991,0,Jerome,Ford,0,0,0,0,Cincinnati,34,,2,23,70,210,RB,0,0,0,0,0,0,0,0,0,0,0,0,0,0,0,0,None,,,,,b,0032.png,,black_3095.png,62,70,8,79,61,51,17,26,28,30,1,1,75,0,1,52,26,1,1,1,1,1,1,1,1,1,1,1,1,1,64,60,79,67,78,66,76,0,46,41,68,84,33,69,68
2216,,66,1991,1985,Andra,Franklin,0,42,8,1985,Nebraska,43,,5,31,70,225,RB,0,0,0,0,0,0,0,0,0,0,0,0,0,0,0,0,None,,,,,a,0132.png,,darkbrown_3026.png,53,62,13,73,44,42,14,20,15,11,1,1,63,0,1,50,9,1,1,1,1,1,1,1,1,1,1,1,1,1,82,40,40,93,30,39,79,0,49,40,37,76,44,56,77
9674,,66,1991,0,Pat,Franklin,0,0,0,0,Houston,42,,1,24,73,232,RB,0,0,0,0,0,0,0,0,0,0,0,0,0,0,0,0,None,,,,,a,10599.png,,lightbrown_3103.png,55,71,1,62,55,47,13,19,21,24,1,1,75,0,1,52,35,1,1,1,1,1,1,1,1,1,1,1,1,1,19,50,61,18,37,11,80,0,49,47,54,71,45,70,96
9702,,75,1991,0,Chris,Fuamatu-Ma'afala,18,0,0,0,Utah,40,,1,22,72,252,RB,250000,1,250000,0,0,0,0,0,0,0,0,0,0,0,0,0,None,,,,,a,10566.png,default-jersey-01.png,black_3058.png,69,75,7,77,52,50,6,39,42,22,1,1,69,0,1,48,40,1,1,1,1,1,1,1,1,1,1,1,1,1,40,69,48,36,35,13,87,0,42,38,38,89,44,68,97
6125,,71,1991,0,Eddie,Fuller,0,0,0,0,LSU,32,,4,27,69,201,RB,0,0,0,0,0,0,0,0,0,0,0,0,0,0,0,0,None,,,,,a,10586.png,,bald_3032.png,59,63,4,76,50,42,2,19,26,27,1,1,80,0,1,64,16,1,1,1,1,1,1,1,1,1,1,1,1,1,91,88,69,82,83,76,87,0,35,36,64,95,44,38,73
12404,,85,1991,1991,Charlie,Garner,4,2,7,1991,Tennessee,26,,0,22,70,190,RB,1250000,3,1250000,1250000,1250000,0,0,0,0,0,0,0,0,0,0,0,None,FilmGeek,,,,b,10095.png,default-jersey-01.png,black_3059.png,66,77,18,89,84,44,10,34,25,29,1,1,70,0,1,60,31,1,1,1,1,1,1,1,1,1,1,1,1,1,66,38,44,45,58,48,78,0,34,41,60,90,45,53,67
9681,,64,1991,0,Dwight,Garner,0,0,0,0,California,45,,1,23,68,183,RB,0,0,0,0,0,0,0,0,0,0,0,0,0,0,0,0,None,,,,,a,0110.png,,lightbrown_3021.png,51,67,4,62,50,48,15,21,20,27,1,1,70,0,1,56,35,1,1,1,1,1,1,1,1,1,1,1,1,1,67,64,54,69,33,33,70,0,46,37,44,90,50,34,99
3284,,91,1991,1986,Eddie,George,11,1,11,1986,Ohio State,43,,5,28,75,235,RB,6550000,1,6550000,0,0,0,0,0,0,0,0,0,0,0,0,0,None,,,,,b,0017.png,,black_3101.png,69,79,30,96,64,71,24,26,27,42,1,4,92,0,1,100,26,1,1,1,1,1,1,1,1,1,1,1,1,1,36,71,91,45,75,92,87,0,42,50,64,71,49,63,99
2724,,66,1991,0,Owen,Gill,0,0,0,0,Iowa,44,,1,24,73,230,RB,0,0,0,0,0,0,0,0,0,0,0,0,0,0,0,0,None,,,,,b,0052.png,,black_3011.png,57,57,6,73,48,42,10,19,15,11,1,1,62,0,1,48,24,1,1,1,1,1,1,1,1,1,1,1,1,1,5,98,89,35,78,100,96,0,44,46,31,96,43,63,81
12716,10657,66,1991,0,Scottie,Graham,0,0,0,0,Ohio State,0,,0,23,69,217,RB,0,0,0,0,0,0,0,0,0,0,0,0,0,0,0,0,None,,,,,,,,,54,71,9,67,46,49,9,27,28,30,1,1,58,0,0,41,3,0,0,0,0,0,0,0,0,0,0,0,0,0,70,91,64,32,60,92,86,0,48,38,36,94,42,52,83
7351,,85,1991,1988,Ryan,Grant,10,1,18,1988,Notre Dame,43,,3,27,73,218,RB,1750000,1,1750000,0,0,0,0,0,0,0,0,0,0,0,0,0,None,AllPurposeRB,,,,b,0014.png,,black_3093.png,73,85,21,88,57,58,23,22,35,25,1,1,88,0,1,64,26,1,1,1,1,1,1,1,1,1,1,1,1,1,45,100,72,56,98,98,80,0,34,33,52,95,43,48,98
9682,,78,1991,1990,Mel,Gray,4,5,9,1990,Purdue,32,,1,26,69,167,RB,250000,1,250000,0,0,0,0,0,0,0,0,0,0,0,0,0,None,ReturnSpecialist,,,,b,10090.png,default-jersey-01.png,black_3057.png,56,65,15,94,57,39,14,31,17,28,1,1,67,0,1,62,26,1,1,1,1,1,1,1,1,1,1,1,1,1,90,66,34,91,30,47,80,0,41,46,51,80,32,66,57
9626,,88,1991,1990,Ahman,Green,2,2,19,1990,Nebraska,22,,1,22,72,217,RB,750000,2,750000,750000,0,0,0,0,0,0,0,0,0,0,0,0,None,PowerRunner,,,,b,0048.png,,darkbrown_3001.png,71,96,27,80,75,74,30,32,41,36,1,1,83,0,1,63,28,1,1,1,1,1,1,1,1,1,1,1,1,1,66,75,96,63,96,85,75,0,49,36,42,76,39,43,20
12835,10857,70,1991,0,Robert,Green,0,0,0,0,William & Mary,0,,0,22,68,212,RB,0,0,0,0,0,0,0,0,0,0,0,0,0,0,0,0,None,,,,,,,,,44,71,20,77,40,51,9,26,17,18,1,1,73,0,0,75,15,0,0,0,0,0,0,0,0,0,0,0,0,0,41,90,66,53,81,84,76,0,50,30,65,89,46,44,87
2226,,79,1991,1985,Keith,Griffin,18,45,5,1985,Miami (FL),36,,6,30,68,185,RB,1550000,2,1550000,1600000,0,0,0,0,0,0,0,0,0,0,0,0,None,CommunityBenefactor,,,,b,10069.png,,bald_3039.png,65,83,8,74,62,58,17,36,34,28,1,1,86,0,1,69,3,1,1,1,1,1,1,1,1,1,1,1,1,1,4,51,48,21,41,32,78,0,47,50,37,98,36,67,34
8562,,85,1991,1989,Forrest,Gump,8,2,6,1989,Alabama,44,,2,24,72,195,RB,1500000,1,1500000,0,0,0,0,0,0,0,0,0,0,0,0,0,None,MediaDarling,,,,a,0104.png,,blonde_3006.png,51,98,25,90,37,53,25,50,50,10,1,1,99,0,1,100,29,1,1,1,1,1,1,1,1,1,1,1,1,1,75,95,55,90,95,90,70,0,36,66,50,80,66,40,83
8563,,90,1991,1989,Breece,Hall,16,2,14,1989,Iowa State,20,,2,22,73,220,RB,1150000,1,1150000,0,0,0,0,0,0,0,0,0,0,0,0,0,None,ScatBack,,,,c,0232.png,,darkbrown_3017.png,72,90,21,86,66,62,11,36,37,23,5,4,89,0,1,98,27,1,1,1,1,1,1,1,1,1,1,1,1,1,28,95,78,20,94,89,85,0,48,43,69,97,43,60,84
2291,,68,1991,1985,Lorenzo,Hampton,0,50,17,1985,Florida,33,,5,28,71,205,RB,0,0,0,0,0,0,0,0,0,0,0,0,0,0,0,0,None,,,,,b,0060.png,,bald_3029.png,59,66,11,73,49,40,5,22,12,19,1,1,81,0,1,48,5,1,1,1,1,1,1,1,1,1,1,1,1,1,48,70,30,54,40,47,97,0,46,34,43,85,41,36,90
9629,,78,1991,1990,Ronnie,Harmon,20,4,3,1990,Iowa,39,,1,23,71,200,RB,500000,2,500000,500000,0,0,0,0,0,0,0,0,0,0,0,0,None,ScatBack,,,,a,10573.png,default-jersey-01.png,darkbrown_3025.png,54,82,17,83,55,55,21,25,26,23,1,1,82,0,1,59,27,1,1,1,1,1,1,1,1,1,1,1,1,1,43,67,44,47,61,45,95,0,37,40,39,70,50,47,24
12409,,80,1991,1991,Raymont,Harris,1,3,15,1991,Ohio State,49,,0,24,72,226,RB,750000,3,750000,750000,750000,0,0,0,0,0,0,0,0,0,0,0,None,,,,,a,10552.png,,darkbrown_3040.png,70,77,9,83,57,50,6,38,40,29,1,1,78,0,1,52,29,1,1,1,1,1,1,1,1,1,1,1,1,1,68,87,92,45,91,61,96,0,35,41,37,76,33,70,73
12432,,66,1991,0,Frank,Harvey,0,0,0,0,Georgia,28,,0,23,72,245,RB,0,0,0,0,0,0,0,0,0,0,0,0,0,0,0,0,None,,,,,b,0044.png,,black_3089.png,48,71,5,66,52,40,9,25,28,13,1,1,63,0,1,51,35,1,1,1,1,1,1,1,1,1,1,1,1,1,64,50,58,62,65,35,94,0,45,47,57,86,45,40,77
1947,,81,1991,1985,Herman,Heard,13,26,1,1985,Fort Lewis,45,,6,30,70,184,RB,490000,1,490000,0,0,0,0,0,0,0,0,0,0,0,0,0,None,,,,,b,0077.png,,black_3030.png,66,66,13,83,65,48,10,27,35,23,1,1,76,0,1,95,1,1,1,1,1,1,1,1,1,1,1,1,1,1,30,77,75,69,64,82,92,0,35,50,41,80,46,67,-1
2038,,76,1991,1985,Johnny,Hector,0,24,12,1985,Texas A&M,33,,6,31,71,204,RB,0,0,0,0,0,0,0,0,0,0,0,0,0,0,0,0,None,,,,,a,10558.png,,blonde_3032.png,57,72,20,76,65,46,17,31,31,14,1,1,72,0,1,78,1,1,1,1,1,1,1,1,1,1,1,1,1,1,88,73,67,100,36,47,99,0,45,36,48,74,39,68,16
12417,,70,1991,0,Brian,Henesey,0,0,0,0,Bucknell,40,,0,25,70,215,RB,0,0,0,0,0,0,0,0,0,0,0,0,0,0,0,0,None,,,,,a,10571.png,,red_3028.png,55,71,12,78,42,43,16,29,15,16,1,1,61,0,1,52,35,1,1,1,1,1,1,1,1,1,1,1,1,1,4,30,42,16,28,36,73,0,34,47,67,100,41,31,73
9686,,64,1991,0,June,Henley,0,0,0,0,Kansas,38,,1,24,70,226,RB,0,0,0,0,0,0,0,0,0,0,0,0,0,0,0,0,None,,,,,b,10088.png,,black_3037.png,57,62,15,62,48,50,4,26,28,14,1,1,61,0,1,48,35,1,1,1,1,1,1,1,1,1,1,1,1,1,43,50,59,40,69,34,87,0,40,35,45,95,44,42,72
7106,,67,1991,0,Chris,Henry,0,0,0,0,Arizona,43,,1,22,74,230,RB,0,0,0,0,0,0,0,0,0,0,0,0,0,0,0,0,None,,,,,b,0095.png,,black_3083.png,49,73,2,62,55,49,5,24,13,15,1,1,70,0,1,71,21,1,1,1,1,1,1,1,1,1,1,1,1,1,61,56,69,37,49,60,93,0,34,44,56,93,48,54,97
12411,,76,1991,1991,Greg,Hill,3,6,3,1991,Texas A&M,43,,0,22,71,207,RB,250000,2,250000,250000,0,0,0,0,0,0,0,0,0,0,0,0,None,,,,,b,10072.png,,darkbrown_3015.png,70,80,11,71,58,60,24,20,30,32,1,1,81,0,1,57,32,1,1,1,1,1,1,1,1,1,1,1,1,1,19,58,42,9,7,19,70,0,36,34,63,94,47,51,67
9642,,70,1991,0,Robert,Holcombe,0,0,0,0,Illinois,38,,1,24,71,208,RB,0,0,0,0,0,0,0,0,0,0,0,0,0,0,0,0,None,,,,,b,10082.png,,black_3004.png,60,66,11,74,47,51,19,24,23,15,1,1,75,0,1,54,35,1,1,1,1,1,1,1,1,1,1,1,1,1,33,97,100,17,95,71,72,0,46,35,58,100,47,34,74
3323,,70,1991,0,Marcus,Holliday,0,0,0,0,Memphis,31,,1,24,71,222,RB,0,0,0,0,0,0,0,0,0,0,0,0,0,0,0,0,None,,,,,a,0104.png,,black_3059.png,55,60,7,78,43,51,13,27,18,12,1,1,60,0,1,71,21,1,1,1,1,1,1,1,1,1,1,1,1,1,36,100,84,24,73,74,75,0,46,30,51,89,39,64,86
9649,,69,1991,0,Bobby,Howard,0,0,0,0,Indiana,32,,1,23,72,213,RB,0,0,0,0,0,0,0,0,0,0,0,0,0,0,0,0,None,,,,,a,0117.png,,black_3001.png,59,69,10,75,43,37,1,22,15,15,1,1,72,0,1,51,35,1,1,1,1,1,1,1,1,1,1,1,1,1,18,91,91,13,86,74,77,0,30,40,46,87,37,31,92
9687,,62,1991,0,Chris,Howard,0,0,0,0,Michigan,36,,1,24,70,223,RB,0,0,0,0,0,0,0,0,0,0,0,0,0,0,0,0,None,,,,,b,10096.png,,black_3060.png,46,59,3,65,57,38,8,12,10,14,1,1,63,0,1,49,35,1,1,1,1,1,1,1,1,1,1,1,1,1,55,50,46,68,40,36,74,0,44,44,50,71,50,60,82
12424,,67,1991,0,Ronald,Humphrey,0,0,0,0,Miss. Valley State,49,,0,25,70,211,RB,0,0,0,0,0,0,0,0,0,0,0,0,0,0,0,0,None,,,,,b,0063.png,,darkbrown_3006.png,61,65,14,69,44,48,4,24,20,21,1,1,62,0,1,54,35,1,1,1,1,1,1,1,1,1,1,1,1,1,39,61,52,12,5,34,82,0,35,37,39,94,37,57,83
3330,,66,1991,1986,Richard,Huntley,0,6,18,1986,Winston-Salem State,26,,5,29,71,224,RB,0,0,0,0,0,0,0,0,0,0,0,0,0,0,0,0,None,,,,,a,10570.png,,lightbrown_3093.png,48,74,1,75,44,27,1,12,17,22,1,1,60,0,1,36,9,1,1,1,1,1,1,1,1,1,1,1,1,1,37,99,78,69,72,70,80,0,47,37,64,92,36,54,66
1965,,62,1991,1985,Eddie Lee,Ivery,0,29,1,1985,Georgia Tech,28,,5,33,72,210,RB,0,0,0,0,0,0,0,0,0,0,0,0,0,0,0,0,None,,,,,b,0012.png,,black_3043.png,50,52,16,65,52,46,10,10,21,22,1,1,69,0,1,57,19,1,1,1,1,1,1,1,1,1,1,1,1,1,7,55,60,22,40,27,71,0,37,45,46,88,39,34,22
1897,,74,1991,1985,Earnest,Jackson,2,20,8,1985,Texas A&M,41,,6,32,69,213,RB,250000,1,250000,0,0,0,0,0,0,0,0,0,0,0,0,0,None,,,,,a,0101.png,,lightbrown_3088.png,58,66,16,74,50,50,11,23,37,40,1,1,78,0,1,96,2,1,1,1,1,1,1,1,1,1,1,1,1,1,73,39,64,52,48,60,100,0,45,35,59,93,36,65,86
5377,,79,1991,1987,Fred,Jackson,1,5,3,1987,Coe College,35,,4,29,73,216,RB,2350000,1,2350000,0,0,0,0,0,0,0,0,0,0,0,0,0,None,,,,,a,10589.png,default-jersey-01.png,lightbrown_3011.png,63,74,25,72,79,61,25,46,28,34,1,1,79,0,1,72,17,1,1,1,1,1,1,1,1,1,1,1,1,1,39,33,32,19,15,12,81,0,35,39,31,88,50,31,81
9650,,69,1991,0,Garry,James,0,0,0,0,LSU,38,,1,24,70,214,RB,0,0,0,0,0,0,0,0,0,0,0,0,0,0,0,0,None,,,,,b,0025.png,,black_3091.png,61,63,5,68,63,47,4,24,26,16,1,1,74,0,1,48,35,1,1,1,1,1,1,1,1,1,1,1,1,1,67,78,76,85,80,70,81,0,47,30,33,91,35,68,84
2359,,75,1991,1985,Bill,Johnson,0,51,13,1985,Arkansas State,49,,6,31,74,230,RB,0,0,0,0,0,0,0,0,0,0,0,0,0,0,0,0,None,,,,,b,0027.png,,black_3017.png,55,74,3,79,62,53,14,27,31,13,1,1,73,0,1,49,1,1,1,1,1,1,1,1,1,1,1,1,1,1,30,76,98,63,62,75,82,0,35,48,61,82,38,36,9
12410,,76,1991,1991,LeShon,Johnson,12,4,8,1991,Northern Illinois,24,,0,23,72,205,RB,500000,3,500000,500000,500000,0,0,0,0,0,0,0,0,0,0,0,None,,,,,a,10553.png,,darkbrown_3090.png,55,73,20,90,46,44,3,14,15,28,1,1,72,0,1,57,31,1,1,1,1,1,1,1,1,1,1,1,1,1,7,90,63,21,72,97,96,0,48,45,66,71,33,66,94
5395,,95,1991,1987,Maurice,Jones-Drew,19,1,5,1987,UCLA,32,,4,25,66,197,RB,7290000,2,7290000,7290000,0,0,0,0,0,0,0,0,0,0,0,0,None,PowerRunner,,,,a,10571.png,default-jersey-01.png,darkbrown_3040.png,81,83,36,93,78,63,26,47,41,32,1,7,95,0,1,100,23,1,1,1,1,1,1,1,1,1,1,1,1,1,61,72,65,62,94,91,72,0,40,34,46,75,34,42,98
12418,,70,1991,0,Calvin,Jones,0,0,0,0,Nebraska,42,,0,24,71,205,RB,0,0,0,0,0,0,0,0,0,0,0,0,0,0,0,0,None,,,,,b,0029.png,,black_3079.png,58,67,6,74,50,39,18,28,23,14,1,1,60,0,1,56,35,1,1,1,1,1,1,1,1,1,1,1,1,1,35,81,95,3,74,87,100,0,33,45,37,86,36,33,98
2231,,60,1991,1985,James,Jones,0,23,4,1985,Mississippi State,48,,6,33,70,200,RB,0,0,0,0,0,0,0,0,0,0,0,0,0,0,0,0,None,,,,,b,0045.png,,black_3003.png,43,57,1,61,41,35,1,20,15,10,1,1,50,0,1,85,15,1,1,1,1,1,1,1,1,1,1,1,1,1,52,82,76,34,74,91,71,0,32,47,50,84,34,33,1
12416,,73,1991,1991,Yonel,Jourdain,7,7,14,1991,Southern Illinois,48,,0,23,71,204,RB,250000,2,250000,250000,0,0,0,0,0,0,0,0,0,0,0,0,None,,,,,a,0135.png,,lightbrown_3074.png,54,62,10,79,59,52,4,29,13,17,1,1,66,0,1,62,32,1,1,1,1,1,1,1,1,1,1,1,1,1,18,91,69,39,88,72,90,0,39,44,30,91,41,38,83
7143,,72,1991,1988,David,Kirtman,0,7,13,1988,USC,36,,3,26,72,232,RB,0,0,0,0,0,0,0,0,0,0,0,0,0,0,0,0,None,,,,,b,10091.png,,bald_3006.png,47,70,14,76,57,41,10,16,15,22,1,1,62,0,1,83,24,1,1,1,1,1,1,1,1,1,1,1,1,1,10,99,89,27,87,96,72,0,38,44,55,83,42,55,94
12434,,66,1991,0,Thomas,Krauss,0,0,0,0,CSU-Sacramento,46,,0,20,70,209,RB,0,0,0,0,0,0,0,0,0,0,0,0,0,0,0,0,None,,,,,b,0021.png,,black_3080.png,59,59,1,77,35,30,19,13,8,34,1,1,56,0,1,58,35,1,1,1,1,1,1,1,1,1,1,1,1,1,26,80,91,31,98,68,88,0,35,34,35,78,49,45,74
2294,,67,1991,1985,Ken,Lacy,0,51,6,1985,Tulsa,21,,4,29,72,222,RB,0,0,0,0,0,0,0,0,0,0,0,0,0,0,0,0,None,,,,,b,0018.png,,black_3100.png,55,71,6,64,47,41,9,9,11,15,1,1,59,0,1,83,9,1,1,1,1,1,1,1,1,1,1,1,1,1,67,70,63,39,92,78,80,0,31,43,64,91,31,30,40
2354,,67,1991,1985,Gene,Lang,0,26,6,1985,LSU,36,,6,29,70,196,RB,0,0,0,0,0,0,0,0,0,0,0,0,0,0,0,0,None,,,,,b,0046.png,,black_3020.png,53,63,5,70,52,64,11,24,12,21,1,1,77,0,1,34,9,1,1,1,1,1,1,1,1,1,1,1,1,1,57,36,57,59,63,42,79,0,50,46,38,79,44,64,53
2726,,64,1991,0,Robert,Lavette,0,0,0,0,Georgia Tech,29,,2,24,71,190,RB,0,0,0,0,0,0,0,0,0,0,0,0,0,0,0,0,None,,,,,a,0134.png,,lightbrown_3037.png,46,69,4,68,52,47,16,13,8,27,1,1,73,0,1,28,24,1,1,1,1,1,1,1,1,1,1,1,1,1,57,45,34,40,49,55,72,0,37,50,42,76,49,41,83
12909,16811,72,1991,0,Amp,Lee,0,0,0,0,Florida State,0,,0,21,71,200,RB,0,0,0,0,0,0,0,0,0,0,0,0,0,0,0,0,None,,,,,,,,,56,69,16,71,43,58,23,29,19,33,1,1,63,0,0,94,17,0,0,0,0,0,0,0,0,0,0,0,0,0,34,73,81,16,69,67,75,0,34,44,45,95,31,41,83
12926,17001,68,1991,0,Tim,Lester,0,0,0,0,Eastern Kentucky,0,,0,24,70,233,RB,0,0,0,0,0,0,0,0,0,0,0,0,0,0,0,0,None,,,,,,,,,49,65,8,75,54,52,5,18,19,18,1,1,62,0,0,31,17,0,0,0,0,0,0,0,0,0,0,0,0,0,30,68,43,37,26,5,89,0,50,46,58,72,33,40,84
12406,,84,1991,1991,Dorsey,Levens,20,1,19,1991,Georgia Tech,26,,0,24,73,230,RB,1750000,4,1750000,1750000,1750000,1750000,0,0,0,0,0,0,0,0,0,0,None,PowerRunner,,,,a,10559.png,default-jersey-01.png,darkbrown_3036.png,56,85,18,86,70,68,16,28,38,33,1,1,71,0,1,60,33,1,1,1,1,1,1,1,1,1,1,1,1,1,91,67,73,95,63,98,74,0,31,41,60,92,47,36,98
12436,,65,1991,0,Chuck,Levy,0,0,0,0,Arizona,36,,0,22,72,200,RB,0,0,0,0,0,0,0,0,0,0,0,0,0,0,0,0,None,,,,,a,0143.png,,lightbrown_3094.png,47,75,20,67,44,38,11,18,22,28,1,1,65,0,1,49,35,1,1,1,1,1,1,1,1,1,1,1,1,1,100,58,32,70,35,59,95,0,44,35,70,90,37,54,83
6175,,68,1991,0,Greg,Lewis,0,0,0,0,Washington,37,,2,24,70,214,RB,0,0,0,0,0,0,0,0,0,0,0,0,0,0,0,0,None,,,,,a,10577.png,,blonde_3042.png,50,60,17,74,53,36,3,20,22,12,1,1,69,0,1,69,20,1,1,1,1,1,1,1,1,1,1,1,1,1,70,89,86,56,66,99,73,0,31,30,53,99,39,32,70
12703,17363,71,1991,0,Scott,Lockwood,0,0,0,0,USC,0,,0,24,70,196,RB,0,0,0,0,0,0,0,0,0,0,0,0,0,0,0,0,None,,,,,,,,,59,70,12,71,54,42,17,26,20,13,1,1,75,0,0,65,30,0,0,0,0,0,0,0,0,0,0,0,0,0,62,85,82,59,66,99,91,0,36,32,45,77,31,45,100
5430,,68,1991,0,Wali,Lundy,0,0,0,0,Virginia,39,,1,24,70,215,RB,0,0,0,0,0,0,0,0,0,0,0,0,0,0,0,0,None,,,,,b,0063.png,,black_3102.png,54,64,7,71,44,38,5,18,29,22,1,1,63,0,1,85,25,1,1,1,1,1,1,1,1,1,1,1,1,1,76,68,42,67,31,54,81,0,32,49,70,97,42,36,91
12862,17678,65,1991,0,Eric,Lynch,0,0,0,0,Grand Valley State,0,,0,22,70,224,RB,0,0,0,0,0,0,0,0,0,0,0,0,0,0,0,0,None,,,,,,,,,59,68,10,67,40,40,11,18,27,17,1,1,72,0,0,54,5,0,0,0,0,0,0,0,0,0,0,0,0,0,86,56,60,69,69,30,86,0,34,49,34,81,45,66,79
7281,,91,1991,1988,Marshawn,Lynch,4,1,12,1988,California,27,,3,23,71,215,RB,2000000,1,2000000,0,0,0,0,0,0,0,0,0,0,0,0,0,None,PowerRunner,,,,b,0015.png,,bald_3007.png,87,85,9,88,63,61,12,29,31,38,1,1,83,0,1,100,22,1,1,1,1,1,1,1,1,1,1,1,1,1,22,55,34,2,15,1,77,0,42,50,66,99,32,34,87
5438,,85,1991,1987,Laurence,Maroney,18,4,12,1987,Minnesota,37,,4,25,71,210,RB,2500000,3,2500000,2500000,2500000,0,0,0,0,0,0,0,0,0,0,0,None,,,,,b,10082.png,default-jersey-01.png,bald_3007.png,66,81,18,84,62,61,22,36,40,26,1,1,84,0,1,88,24,1,1,1,1,1,1,1,1,1,1,1,1,1,29,42,59,40,21,26,70,0,36,38,48,78,30,38,89
7336,,65,1991,0,Reagan,Mauia,0,0,0,0,Hawaii,25,,3,25,72,348,RB,0,0,0,0,0,0,0,0,0,0,0,0,0,0,0,0,None,,,,,a,10580.png,,lightbrown_3004.png,42,60,10,67,51,45,4,17,17,17,1,1,58,0,1,84,22,1,1,1,1,1,1,1,1,1,1,1,1,1,70,50,56,65,57,71,73,0,30,49,31,87,40,43,87
9630,,76,1991,0,Rueben,Mayes,19,0,0,0,Washington State,29,,1,24,71,201,RB,250000,1,250000,0,0,0,0,0,0,0,0,0,0,0,0,0,None,,,,,b,0036.png,default-jersey-01.png,black_3075.png,54,70,9,79,65,59,18,31,27,35,1,1,77,0,1,59,27,1,1,1,1,1,1,1,1,1,1,1,1,1,58,78,91,52,72,62,94,0,43,37,43,96,31,69,78
12882,18977,67,1991,0,Anthony,McDowell,0,0,0,0,Texas Tech,0,,0,24,71,235,RB,0,0,0,0,0,0,0,0,0,0,0,0,0,0,0,0,None,,,,,,,,,56,56,12,64,55,47,3,18,18,18,1,1,59,0,0,96,12,0,0,0,0,0,0,0,0,0,0,0,0,0,15,42,56,29,6,32,89,0,30,43,42,88,32,62,75
2119,,74,1991,1985,Buford,McGee,0,38,10,1985,Mississippi,40,,6,31,72,206,RB,0,0,0,0,0,0,0,0,0,0,0,0,0,0,0,0,None,,,,,a,0106.png,,lightbrown_3097.png,68,62,5,83,58,37,5,19,25,32,1,1,74,0,1,49,8,1,1,1,1,1,1,1,1,1,1,1,1,1,92,92,89,74,73,61,96,0,33,33,42,99,49,44,1
1889,,83,1991,1985,Freeman,McNeil,14,10,8,1985,UCLA,44,,6,32,71,216,RB,2500000,1,2500000,0,0,0,0,0,0,0,0,0,0,0,0,0,None,Athlete,,,,b,0053.png,default-jersey-01.png,black_3034.png,54,84,13,79,79,47,23,30,30,23,1,1,83,0,1,97,19,1,1,1,1,1,1,1,1,1,1,1,1,1,96,82,84,81,73,68,75,0,31,46,52,92,50,63,75
12734,19687,62,1991,0,Ostell,Miles,0,0,0,0,Houston,0,,0,22,72,236,RB,0,0,0,0,0,0,0,0,0,0,0,0,0,0,0,0,None,,,,,,,,,45,68,5,65,44,42,5,14,26,27,1,1,75,0,0,41,2,0,0,0,0,0,0,0,0,0,0,0,0,0,37,68,50,44,53,45,74,0,33,31,33,97,47,41,94
1962,,81,1991,1985,Stump,Mitchell,0,29,5,1985,The Citadel,25,,5,31,69,188,RB,0,0,0,0,0,0,0,0,0,0,0,0,0,0,0,0,None,,,,,a,0150.png,,darkbrown_3012.png,69,72,11,79,70,47,22,21,19,40,1,1,83,0,1,95,15,1,1,1,1,1,1,1,1,1,1,1,1,1,32,69,93,46,98,78,88,0,40,41,46,96,45,58,1
1894,,78,1991,1985,Wilbert,Montgomery,0,21,9,1985,Abilene Christian,28,,2,33,70,196,RB,0,0,0,0,0,0,0,0,0,0,0,0,0,0,0,0,None,,,,,b,10079.png,,black_3065.png,64,74,14,73,58,69,25,37,35,41,1,1,77,0,1,80,20,1,1,1,1,1,1,1,1,1,1,1,1,1,96,45,61,73,35,56,79,0,47,46,33,74,50,60,74
3412,,69,1991,0,Jerald,Moore,0,0,0,0,Oklahoma,44,,1,23,69,225,RB,0,0,0,0,0,0,0,0,0,0,0,0,0,0,0,0,None,,,,,b,0051.png,,black_3016.png,47,74,10,70,45,50,14,27,24,16,1,1,74,0,1,69,12,1,1,1,1,1,1,1,1,1,1,1,1,1,38,66,86,48,77,81,85,0,39,49,41,89,46,63,74
9669,,67,1991,0,Ricky,Moore,0,0,0,0,Alabama,42,,1,24,71,234,RB,0,0,0,0,0,0,0,0,0,0,0,0,0,0,0,0,None,,,,,a,0111.png,,bald_3022.png,58,74,11,64,49,48,10,16,20,13,1,1,74,0,1,51,35,1,1,1,1,1,1,1,1,1,1,1,1,1,31,51,58,36,58,63,74,0,36,48,64,79,47,60,97
12407,,79,1991,1991,Bam,Morris,5,3,19,1991,Texas Tech,42,,0,22,72,244,RB,750000,3,750000,750000,750000,0,0,0,0,0,0,0,0,0,0,0,None,PowerRunner,,,,b,0022.png,default-jersey-01.png,black_3014.png,81,81,18,75,59,56,14,33,22,30,1,1,80,0,1,53,31,1,1,1,1,1,1,1,1,1,1,1,1,1,86,61,53,92,46,58,76,0,36,35,55,95,33,35,99
1907,,78,1991,1985,Joe,Morris,0,13,3,1985,Syracuse,20,,6,31,67,195,RB,0,0,0,0,0,0,0,0,0,0,0,0,0,0,0,0,None,ScatBack|Legend,,,,b,0081.png,,darkbrown_3013.png,54,75,15,78,61,43,22,22,34,39,1,1,70,0,1,97,16,1,1,1,1,1,1,1,1,1,1,1,1,1,83,40,44,97,66,66,75,0,35,38,32,89,41,59,72
2495,,68,1991,0,Randall,Morris,0,0,0,0,Tennessee,40,,3,27,72,195,RB,0,0,0,0,0,0,0,0,0,0,0,0,0,0,0,0,None,,,,,b,0099.png,,black_3043.png,46,68,8,78,55,49,7,17,22,14,1,1,62,0,1,25,17,1,1,1,1,1,1,1,1,1,1,1,1,1,93,66,69,89,52,60,94,0,45,38,36,90,37,65,67
9651,,69,1991,0,Vance,Mueller,0,0,0,0,Occidental,43,,1,23,72,210,RB,0,0,0,0,0,0,0,0,0,0,0,0,0,0,0,0,None,,,,,b,0055.png,,darkbrown_3015.png,51,69,4,77,44,48,14,12,22,21,1,1,70,0,1,47,35,1,1,1,1,1,1,1,1,1,1,1,1,1,36,50,34,58,34,61,89,0,47,33,55,91,48,65,88
1946,,76,1991,1985,Tony,Nathan,0,24,7,1985,Alabama,36,,6,35,72,206,RB,0,0,0,0,0,0,0,0,0,0,0,0,0,0,0,0,None,AllPurposeRB,,,,b,10057.png,default-jersey-01.png,lightbrown_3001.png,65,68,20,74,53,45,25,35,33,28,1,1,84,0,1,95,1,1,1,1,1,1,1,1,1,1,1,1,1,1,37,54,57,32,61,30,97,0,41,31,33,87,42,70,22
1909,,79,1991,1985,Darrin,Nelson,8,25,8,1985,Stanford,33,,6,32,69,184,RB,250000,1,250000,0,0,0,0,0,0,0,0,0,0,0,0,0,None,,,,,a,0112.png,default-jersey-01.png,darkbrown_3040.png,52,60,14,83,77,44,24,23,38,25,1,1,82,0,1,100,1,1,1,1,1,1,1,1,1,1,1,1,1,1,38,92,72,68,86,99,93,0,33,32,51,88,48,40,99
5476,,76,1991,1987,Jerious,Norwood,0,6,10,1987,Mississippi State,45,,4,27,72,205,RB,0,0,0,0,0,0,0,0,0,0,0,0,0,0,0,0,None,,,,,a,0145.png,default-jersey-01.png,darkbrown_3077.png,64,79,15,71,57,63,14,16,22,28,1,1,78,0,1,75,5,1,1,1,1,1,1,1,1,1,1,1,1,1,31,67,61,59,37,68,95,0,41,44,48,91,44,64,16
2069,,55,1991,1985,Hubie,Oliver,0,37,6,1985,Arizona,34,,6,34,70,215,RB,0,0,0,0,0,0,0,0,0,0,0,0,0,0,0,0,None,,,,,b,0006.png,,black_3014.png,40,59,4,52,45,24,1,6,1,4,1,1,62,0,1,83,1,1,1,1,1,1,1,1,1,1,1,1,1,1,72,73,84,70,75,75,100,0,43,44,67,86,50,58,91
3429,,68,1991,0,Winslow,Oliver,0,0,0,0,New Mexico,46,,1,24,67,180,RB,0,0,0,0,0,0,0,0,0,0,0,0,0,0,0,0,None,,,,,a,10597.png,,lightbrown_3016.png,51,75,7,67,55,51,2,17,28,16,1,1,67,0,1,49,29,1,1,1,1,1,1,1,1,1,1,1,1,1,13,37,44,37,7,15,99,0,43,48,31,84,42,67,84
5483,,68,1991,0,Montell,Owens,0,0,0,0,Maine,42,,1,23,70,219,RB,0,0,0,0,0,0,0,0,0,0,0,0,0,0,0,0,None,,,,,b,0042.png,,black_3008.png,60,58,11,70,49,44,16,12,15,13,1,1,72,0,1,76,25,1,1,1,1,1,1,1,1,1,1,1,1,1,51,62,64,70,54,41,95,0,50,40,52,79,45,37,91
9677,,66,1991,0,Ken,Oxendine,0,0,0,0,Virginia Tech,31,,1,24,72,228,RB,0,0,0,0,0,0,0,0,0,0,0,0,0,0,0,0,None,,,,,b,10095.png,,black_3025.png,51,65,9,70,43,50,5,27,22,12,1,1,67,0,1,51,35,1,1,1,1,1,1,1,1,1,1,1,1,1,68,79,68,86,75,65,70,0,41,34,45,95,42,69,74
8568,,89,1991,1989,Isiah,Pacheco,6,1,20,1989,Rutgers,48,,2,23,70,216,RB,1850000,2,1850000,2000000,0,0,0,0,0,0,0,0,0,0,0,0,None,AllPurposeRB,,,,a,10554.png,,blonde_3056.png,76,77,27,87,67,69,23,33,29,31,9,3,86,0,1,97,20,1,1,1,1,1,1,1,1,1,1,1,1,1,30,57,40,4,25,8,74,0,38,49,46,89,46,32,64
12726,22093,72,1991,0,Bernie,Parmalee,0,0,0,0,Ball State,0,,0,25,71,201,RB,0,0,0,0,0,0,0,0,0,0,0,0,0,0,0,0,None,,,,,,,,,63,72,13,70,56,59,15,23,32,26,1,1,65,0,0,45,10,0,0,0,0,0,0,0,0,0,0,0,0,0,74,45,69,94,32,38,71,0,43,47,46,77,31,60,83
2170,,66,1991,1985,Rick,Parros,0,43,2,1985,Utah State,32,,6,33,71,200,RB,0,0,0,0,0,0,0,0,0,0,0,0,0,0,0,0,None,,,,,a,0106.png,,blonde_3009.png,42,66,5,71,51,41,3,30,22,14,1,1,76,0,1,58,5,1,1,1,1,1,1,1,1,1,1,1,1,1,31,99,82,50,71,62,83,0,35,38,39,77,43,70,30
1814,,87,1991,1985,Walter,Payton,0,2,15,1985,Jackson State,34,,1,32,70,200,RB,0,0,0,0,0,0,0,0,0,0,0,0,0,0,0,0,None,CommunityBenefactor,,,,b,10100.png,,bald_3035.png,62,91,31,82,69,80,36,34,33,44,8,1,89,0,1,85,67,1,1,1,1,1,1,1,1,1,1,1,1,1,96,58,60,77,69,31,92,0,50,33,32,76,33,35,90
6056,,64,1991,0,Erric,Pegram,0,0,0,0,North Texas,26,,1,23,70,195,RB,0,0,0,0,0,0,0,0,0,0,0,0,0,0,0,0,None,,,,,a,10590.png,,bald_3026.png,51,68,3,67,55,44,10,13,12,20,1,1,68,0,1,26,23,1,1,1,1,1,1,1,1,1,1,1,1,1,10,47,40,12,24,36,96,0,32,50,66,77,44,46,93
8445,,88,1991,1989,Joe,Perry,15,1,17,1989,Compton CC,34,,2,22,72,200,RB,1850000,2,1850000,2000000,0,0,0,0,0,0,0,0,0,0,0,0,None,PowerRunner,,,,b,0064.png,,bald_3012.png,60,85,10,90,66,62,10,55,66,20,1,1,89,0,1,76,66,1,1,1,1,1,1,1,1,1,1,1,1,1,47,75,87,38,62,89,94,0,45,38,36,90,37,65,50
9657,,69,1991,0,Wilmont,Perry,0,0,0,0,Livingstone,34,,1,24,73,230,RB,0,0,0,0,0,0,0,0,0,0,0,0,0,0,0,0,None,,,,,a,0108.png,,lightbrown_3065.png,62,62,13,75,41,48,1,11,25,29,1,1,69,0,1,55,35,1,1,1,1,1,1,1,1,1,1,1,1,1,40,72,81,6,95,87,100,0,35,31,50,87,38,34,84
7045,,94,1991,1988,Adrian,Peterson,18,1,3,1988,Oklahoma,28,,3,24,74,217,RB,3000000,6,3000000,8200000,8200000,8200000,8200000,8200000,0,0,0,0,0,0,0,0,None,PowerRunner,,,,a,10596.png,,darkbrown_3048.png,75,95,25,87,73,72,40,47,51,35,1,3,98,0,1,100,27,1,1,1,1,1,1,1,1,1,1,1,1,1,65,47,47,35,41,34,96,0,47,35,35,76,48,69,100
3434,,73,1991,1986,Lawrence,Phillips,0,5,13,1986,Nebraska,28,,5,26,72,212,RB,0,0,0,0,0,0,0,0,0,0,0,0,0,0,0,0,None,OFRedFlags,,,,b,10084.png,default-jersey-01.png,black_3024.png,48,78,3,72,57,36,13,16,23,18,1,1,73,0,1,94,1,1,1,1,1,1,1,1,1,1,1,1,1,1,73,66,56,74,69,54,76,0,31,41,70,87,36,38,61
8569,,83,1991,1989,Dameon,Pierce,19,5,18,1989,Florida,31,,2,23,70,218,RB,2100000,4,2100000,2100000,2100000,2100000,0,0,0,0,0,0,0,0,0,0,None,,,,,a,0117.png,default-jersey-01.png,bald_3020.png,80,82,12,81,62,53,10,31,37,34,1,1,88,0,1,65,19,1,1,1,1,1,1,1,1,1,1,1,1,1,16,30,45,35,16,7,87,0,43,37,63,92,40,54,90
9637,,81,1991,1990,Allen,Pinkett,11,6,5,1990,Notre Dame,44,,1,23,69,190,RB,250000,1,250000,0,0,0,0,0,0,0,0,0,0,0,0,0,None,,,,,c,0232.png,default-jersey-01.png,black_3007.png,70,80,14,81,67,55,14,26,20,33,1,1,69,0,1,60,26,1,1,1,1,1,1,1,1,1,1,1,1,1,41,72,63,35,80,90,77,0,44,37,65,74,40,56,81
7059,,73,1991,1988,Antonio,Pittman,0,6,15,1988,Ohio State,29,,3,24,71,207,RB,0,0,0,0,0,0,0,0,0,0,0,0,0,0,0,0,None,,,,,a,10590.png,,lightbrown_3017.png,54,74,10,76,42,40,15,27,23,22,1,1,78,0,1,90,16,1,1,1,1,1,1,1,1,1,1,1,1,1,70,56,68,96,30,31,93,0,32,33,45,95,42,35,93
2292,,66,1991,1985,Barry,Redden,0,51,4,1985,Richmond,30,,4,29,70,210,RB,0,0,0,0,0,0,0,0,0,0,0,0,0,0,0,0,None,,,,,a,10553.png,,blonde_3049.png,63,68,12,67,42,38,1,17,13,20,1,1,63,0,1,53,23,1,1,1,1,1,1,1,1,1,1,1,1,1,68,35,61,99,67,65,73,0,47,40,49,83,43,31,81
9658,,66,1991,0,Travis,Reece,0,0,0,0,Michigan State,41,,1,24,75,252,RB,0,0,0,0,0,0,0,0,0,0,0,0,0,0,0,0,None,,,,,a,10566.png,,red_3008.png,44,71,18,74,46,43,5,12,12,14,1,1,64,0,1,47,35,1,1,1,1,1,1,1,1,1,1,1,1,1,39,79,74,39,67,89,78,0,50,34,36,78,42,34,100
9692,,65,1991,0,Mike,Reed,0,0,0,0,Washington,22,,0,23,72,215,RB,0,0,0,0,0,0,0,0,0,0,0,0,0,0,0,0,None,,,,,a,0122.png,,darkbrown_3078.png,53,63,7,66,45,52,13,18,19,24,1,1,75,0,0,58,35,0,0,0,0,0,0,0,0,0,0,0,0,0,70,68,93,84,95,86,76,0,41,42,31,93,32,50,98
12408,,81,1991,1991,Errict,Rhett,2,3,16,1991,Florida,28,,0,24,71,210,RB,750000,3,750000,750000,750000,0,0,0,0,0,0,0,0,0,0,0,None,ScatBack,,,,a,0130.png,default-jersey-01.png,blonde_3019.png,72,70,22,86,59,60,18,32,32,35,1,1,75,0,1,55,31,1,1,1,1,1,1,1,1,1,1,1,1,1,1,56,45,11,27,30,88,0,42,30,37,93,48,48,82
2120,,66,1991,1985,Allen,Rice,0,38,1,1985,Baylor,42,,5,28,70,203,RB,0,0,0,0,0,0,0,0,0,0,0,0,0,0,0,0,None,,,,,b,0050.png,,black_3058.png,48,75,13,61,56,38,8,23,15,18,1,1,75,0,1,73,5,1,1,1,1,1,1,1,1,1,1,1,1,1,10,65,93,4,93,94,82,0,43,31,63,82,47,58,39
6184,,66,1991,0,Curvin,Richards,0,0,0,0,Pittsburgh,31,,1,24,69,195,RB,0,0,0,0,0,0,0,0,0,0,0,0,0,0,0,0,None,,,,,b,10084.png,,black_3071.png,46,59,11,63,55,52,14,25,13,16,1,1,49,0,1,91,28,1,1,1,1,1,1,1,1,1,1,1,1,1,64,41,70,99,37,48,85,0,35,41,40,83,50,70,100
1823,,79,1991,1985,John,Riggins,0,5,15,1985,Kansas,44,,1,37,74,230,RB,0,0,0,0,0,0,0,0,0,0,0,0,0,0,0,0,None,PowerRunner,,,,b,10100.png,,black_3103.png,73,68,34,69,72,60,23,20,38,36,1,5,71,0,1,100,89,1,1,1,1,1,1,1,1,1,1,1,1,1,68,50,56,61,32,36,83,0,42,37,66,91,44,62,100
1879,,81,1991,1985,Gerald,Riggs,4,7,12,1985,Arizona State,46,,6,31,73,230,RB,6850000,1,6850000,0,0,0,0,0,0,0,0,0,0,0,0,0,None,PowerRunner,,,,a,0108.png,,darkbrown_3071.png,76,74,14,72,59,70,31,43,39,28,1,1,72,0,1,96,27,1,1,1,1,1,1,1,1,1,1,1,1,1,12,51,63,5,31,31,94,0,41,41,37,79,38,51,-1
6187,,66,1991,0,Reggie,Rivers,0,0,0,0,Texas State,26,,1,24,73,206,RB,0,0,0,0,0,0,0,0,0,0,0,0,0,0,0,0,None,,,,,b,10055.png,,black_3043.png,46,73,11,72,44,53,6,16,13,21,1,1,73,0,1,31,18,1,1,1,1,1,1,1,1,1,1,1,1,1,9,83,60,9,63,74,71,0,30,47,42,87,46,37,97
8571,,84,1991,1989,Brian,Robinson Jr,12,3,3,1989,Alabama,8,,2,24,73,228,RB,850000,1,850000,0,0,0,0,0,0,0,0,0,0,0,0,0,None,,,,,b,10084.png,,black_3081.png,75,75,18,83,66,61,16,36,31,33,6,6,85,0,1,75,34,1,1,1,1,1,1,1,1,1,1,1,1,1,63,98,98,71,68,79,78,0,57,62,51,96,45,43,61
1910,,76,1991,1985,George,Rogers,0,24,9,1985,South Carolina,49,,6,33,74,228,RB,0,0,0,0,0,0,0,0,0,0,0,0,0,0,0,0,None,,,,,b,10077.png,default-jersey-01.png,black_3041.png,53,64,30,79,63,44,26,40,31,26,1,1,76,0,1,95,16,1,1,1,1,1,1,1,1,1,1,1,1,1,91,41,35,83,58,52,92,0,43,32,68,99,34,32,43
5511,,67,1991,0,Derrick,Ross,0,0,0,0,Tarleton State,35,,1,24,70,226,RB,0,0,0,0,0,0,0,0,0,0,0,0,0,0,0,0,None,,,,,b,0027.png,,bald_3041.png,56,60,15,65,57,41,4,22,24,23,1,1,66,0,1,79,17,1,1,1,1,1,1,1,1,1,1,1,1,1,83,95,64,92,91,90,97,0,48,45,41,77,32,36,83
12883,24726,63,1991,0,Mazio,Royster,0,0,0,0,USC,0,,0,22,73,205,RB,0,0,0,0,0,0,0,0,0,0,0,0,0,0,0,0,None,,,,,,,,,49,66,17,64,41,52,20,29,27,15,1,1,62,0,0,45,0,0,0,0,0,0,0,0,0,0,0,0,0,0,38,57,67,1,23,1,82,0,31,46,61,90,41,58,89
12420,,69,1991,0,Tyrone,Rush,0,0,0,0,North Alabama,32,,0,23,71,196,RB,0,0,0,0,0,0,0,0,0,0,0,0,0,0,0,0,None,,,,,b,0075.png,,black_3012.png,51,60,4,75,58,42,9,21,27,21,1,1,63,0,1,55,35,1,1,1,1,1,1,1,1,1,1,1,1,1,29,60,97,14,76,78,91,0,34,44,50,97,34,53,82
6105,,75,1991,0,Leonard,Russell,0,0,0,0,Arizona State,28,,4,26,74,240,RB,0,0,0,0,0,0,0,0,0,0,0,0,0,0,0,0,None,,,,,a,0145.png,,darkbrown_3088.png,60,74,19,80,51,53,7,19,17,30,1,1,74,0,1,62,10,1,1,1,1,1,1,1,1,1,1,1,1,1,66,38,31,94,63,33,72,0,42,50,44,100,36,58,37
5977,,62,1991,0,Chris,Samuels,0,0,0,0,Texas,33,,4,26,70,202,RB,0,0,0,0,0,0,0,0,0,0,0,0,0,0,0,0,None,,,,,b,0030.png,,red_3002.png,50,61,3,75,38,36,11,16,12,8,1,1,66,0,1,26,11,1,1,1,1,1,1,1,1,1,1,1,1,1,61,47,62,97,47,47,74,0,32,41,63,71,46,53,6
9689,,63,1991,0,Chuck,Sanders,0,0,0,0,Slippery Rock,41,,1,23,73,233,RB,0,0,0,0,0,0,0,0,0,0,0,0,0,0,0,0,None,,,,,b,0044.png,,black_3053.png,50,73,8,60,46,40,7,15,20,24,1,1,63,0,1,52,35,1,1,1,1,1,1,1,1,1,1,1,1,1,58,50,42,33,65,38,87,0,36,35,38,84,43,45,96
2647,,67,1991,0,Thomas,Sanders,0,0,0,0,Texas A&M,20,,1,24,71,203,RB,0,0,0,0,0,0,0,0,0,0,0,0,0,0,0,0,None,,,,,b,0071.png,,black_3049.png,55,73,3,75,40,40,9,13,11,26,1,1,71,0,1,31,15,1,1,1,1,1,1,1,1,1,1,1,1,1,32,78,80,42,96,98,93,0,42,47,40,82,38,67,87
1997,,84,1991,1985,Steve,Sewell,20,9,5,1985,Oklahoma,45,,6,28,75,210,RB,400000,4,400000,400000,350000,300000,0,0,0,0,0,0,0,0,0,0,None,,,,,b,0014.png,default-jersey-01.png,darkbrown_3024.png,64,92,19,78,62,50,11,34,20,25,1,1,76,0,1,98,1,1,1,1,1,1,1,1,1,1,1,1,1,1,69,67,75,87,88,100,73,0,41,30,33,85,36,46,57
9684,,65,1991,0,Rashaan,Shehee,0,0,0,0,Washington,42,,1,24,70,205,RB,0,0,0,0,0,0,0,0,0,0,0,0,0,0,0,0,None,,,,,b,0027.png,,black_3089.png,50,70,3,69,41,45,11,21,15,27,1,1,63,0,1,54,35,1,1,1,1,1,1,1,1,1,1,1,1,1,28,66,67,38,14,38,83,0,49,38,35,82,46,57,91
9659,,76,1991,1990,Vai,Sikahema,16,5,10,1990,BYU,24,,1,25,69,181,RB,250000,1,250000,0,0,0,0,0,0,0,0,0,0,0,0,0,None,ReturnSpecialist,,,,b,0041.png,default-jersey-01.png,black_3046.png,50,70,7,90,53,48,3,21,23,16,1,1,69,0,1,57,26,1,1,1,1,1,1,1,1,1,1,1,1,1,84,50,63,65,46,47,87,0,46,44,36,79,38,51,83
3622,,88,1991,1986,O.J.,Simpson,14,1,13,1986,USC,36,,5,27,74,212,RB,2050000,3,2050000,2050000,2050000,0,0,0,0,0,0,0,0,0,0,0,None,OFRedFlags,,,,a,0140.png,default-jersey-01.png,lightbrown_3049.png,65,81,28,91,60,61,29,25,30,49,3,1,94,0,1,100,1,1,1,1,1,1,1,1,1,1,1,1,1,1,38,56,61,39,65,55,73,0,40,30,61,97,48,41,56
1864,,81,1991,1985,Billy,Sims,0,20,5,1985,Oklahoma,20,,1,31,72,212,RB,0,0,0,0,0,0,0,0,0,0,0,0,0,0,0,0,None,InjuryProne,,,,b,10091.png,,black_3053.png,69,78,16,76,58,70,28,34,25,45,1,1,75,0,1,89,50,1,1,1,1,1,1,1,1,1,1,1,1,1,56,89,76,30,68,66,79,0,50,31,63,77,35,51,99
9666,,67,1991,0,Chris,Smith,0,0,0,0,Notre Dame,35,,1,24,73,232,RB,0,0,0,0,0,0,0,0,0,0,0,0,0,0,0,0,None,,,,,a,0125.png,,darkbrown_3026.png,53,71,13,73,41,40,10,20,12,14,1,1,65,0,1,56,35,1,1,1,1,1,1,1,1,1,1,1,1,1,5,64,40,30,2,34,93,0,38,40,47,83,40,43,77
12412,,75,1991,1991,Lamar,Smith,15,5,8,1991,Houston,23,,0,24,71,230,RB,250000,2,250000,250000,0,0,0,0,0,0,0,0,0,0,0,0,None,,,,,b,0016.png,,black_3040.png,60,77,24,78,48,56,15,30,19,34,1,1,72,0,1,58,32,1,1,1,1,1,1,1,1,1,1,1,1,1,55,89,81,67,66,61,76,0,38,34,61,80,33,48,75
9660,,67,1991,0,Oscar,Smith,0,0,0,0,Nicholls State,37,,1,24,69,203,RB,0,0,0,0,0,0,0,0,0,0,0,0,0,0,0,0,None,,,,,a,10584.png,,blonde_3008.png,51,68,17,74,46,46,13,9,18,26,1,1,72,0,1,47,35,1,1,1,1,1,1,1,1,1,1,1,1,1,38,63,76,34,100,83,97,0,38,50,31,77,30,49,70
12896,26774,67,1991,0,Tony,Smith,0,0,0,0,Southern Miss,0,,0,22,73,212,RB,0,0,0,0,0,0,0,0,0,0,0,0,0,0,0,0,None,,,,,,,,,49,70,17,76,39,48,4,24,23,30,1,1,68,0,0,43,24,0,0,0,0,0,0,0,0,0,0,0,0,0,57,75,77,47,76,88,95,0,40,50,33,82,31,48,93
2070,,72,1991,1985,Todd,Spencer,0,35,10,1985,USC,36,,6,29,72,203,RB,0,0,0,0,0,0,0,0,0,0,0,0,0,0,0,0,None,,,,,c,0231.png,default-jersey-01.png,black_3048.png,63,61,2,70,58,44,3,19,11,25,1,1,63,0,1,92,1,1,1,1,1,1,1,1,1,1,1,1,1,1,10,96,77,24,70,99,84,0,34,39,57,77,43,37,31
12429,,67,1991,0,Irving,Spikes,0,0,0,0,Alabama,32,,0,24,68,212,RB,0,0,0,0,0,0,0,0,0,0,0,0,0,0,0,0,None,,,,,a,0144.png,,darkbrown_3094.png,55,73,15,66,50,45,19,19,21,14,1,1,69,0,1,56,35,1,1,1,1,1,1,1,1,1,1,1,1,1,55,32,35,52,60,47,89,0,41,35,49,72,32,46,74
8572,,84,1991,0,Isaiah,Spiller,9,0,0,0,N/A,40,,2,22,73,215,RB,1700000,3,1700000,1700000,1700000,0,0,0,0,0,0,0,0,0,0,0,None,,,,,a,10579.png,default-jersey-01.png,lightbrown_3057.png,67,85,16,85,64,52,12,26,29,26,2,1,80,0,1,75,26,1,1,1,1,1,1,1,1,1,1,1,1,1,62,50,37,93,39,52,95,0,45,36,38,77,33,64,92
12811,27158,66,1991,0,Siran,Stacy,0,0,0,0,Alabama,0,,0,24,71,203,RB,0,0,0,0,0,0,0,0,0,0,0,0,0,0,0,0,None,,,,,,,,,55,65,12,73,42,49,16,18,28,24,1,1,75,0,0,39,18,0,0,0,0,0,0,0,0,0,0,0,0,0,31,39,68,26,31,35,79,0,48,31,65,82,42,53,72
9678,,66,1991,0,Tremayne,Stephens,0,0,0,0,North Carolina State,25,,1,23,71,206,RB,0,0,0,0,0,0,0,0,0,0,0,0,0,0,0,0,None,,,,,b,0097.png,,black_3033.png,59,66,12,64,52,43,5,19,27,23,1,1,68,0,1,49,35,1,1,1,1,1,1,1,1,1,1,1,1,1,47,61,34,70,30,30,70,0,35,39,50,71,30,64,72
2361,,72,1991,1985,Steve,Strachan,0,51,9,1985,Boston College,27,,6,28,73,221,RB,0,0,0,0,0,0,0,0,0,0,0,0,0,0,0,0,None,,,,,a,0132.png,,blonde_3011.png,61,73,6,72,52,41,10,14,20,11,1,1,77,0,1,69,1,1,1,1,1,1,1,1,1,1,1,1,1,1,42,56,42,64,32,55,72,0,47,49,61,70,44,66,78
8573,,79,1991,0,Pierre,Strong Jr,10,0,0,0,S. Dakota St.,29,,2,24,71,205,RB,250000,2,250000,250000,0,0,0,0,0,0,0,0,0,0,0,0,None,,,,,b,0095.png,default-jersey-01.png,black_3072.png,56,77,25,84,58,36,31,18,29,29,3,1,82,0,1,89,26,1,1,1,1,1,1,1,1,1,1,1,1,1,44,91,99,45,84,89,86,0,58,38,56,84,39,49,85
12428,,66,1991,0,Deon,Strother,0,0,0,0,USC,24,,0,22,71,213,RB,0,0,0,0,0,0,0,0,0,0,0,0,0,0,0,0,None,,,,,b,0029.png,,black_3046.png,64,60,4,70,41,44,11,15,22,14,1,1,71,0,1,57,35,1,1,1,1,1,1,1,1,1,1,1,1,1,69,62,92,85,84,85,95,0,43,34,35,74,38,47,88
2063,,79,1991,1985,Mosi,Tatupu,0,31,17,1985,USC,38,,2,32,72,227,RB,0,0,0,0,0,0,0,0,0,0,0,0,0,0,0,0,None,,,,,b,0084.png,,bald_3015.png,65,73,12,84,51,48,20,35,27,23,1,1,81,0,1,76,15,1,1,1,1,1,1,1,1,1,1,1,1,1,10,75,94,18,98,71,96,0,43,31,40,84,38,65,23
9645,,70,1991,0,Junior,Tautalatasi,0,0,0,0,Washington State,38,,1,24,70,207,RB,0,0,0,0,0,0,0,0,0,0,0,0,0,0,0,0,None,,,,,a,10576.png,,blonde_3040.png,54,69,2,75,50,43,10,20,20,10,1,1,68,0,1,54,35,1,1,1,1,1,1,1,1,1,1,1,1,1,70,64,97,60,96,69,78,0,38,30,59,92,46,41,92
9627,,87,1991,1990,Fred,Taylor,8,2,17,1990,Florida,47,,1,23,73,234,RB,750000,2,750000,750000,0,0,0,0,0,0,0,0,0,0,0,0,None,PowerRunner|Athlete,,,,b,0008.png,default-jersey-01.png,bald_3014.png,67,80,30,94,61,60,21,37,41,27,5,1,84,0,1,74,27,1,1,1,1,1,1,1,1,1,1,1,1,1,43,61,96,53,68,68,79,0,37,44,47,76,46,30,61
6181,,68,1991,0,Ernie,Thompson,0,0,0,0,Indiana,27,,1,23,71,244,RB,0,0,0,0,0,0,0,0,0,0,0,0,0,0,0,0,None,,,,,a,10573.png,,darkbrown_3078.png,50,62,17,74,46,38,2,25,10,14,1,1,62,0,1,84,18,1,1,1,1,1,1,1,1,1,1,1,1,1,46,64,92,30,67,98,91,0,38,42,48,86,41,40,70
12767,28864,63,1991,0,Ed,Toner,0,0,0,0,Boston College,0,,0,24,72,240,RB,0,0,0,0,0,0,0,0,0,0,0,0,0,0,0,0,None,,,,,,,,,53,62,15,63,53,55,9,24,16,22,1,1,64,0,0,36,5,0,0,0,0,0,0,0,0,0,0,0,0,0,64,66,94,98,94,72,100,0,37,36,34,100,41,44,74
12799,29106,68,1991,0,Peter,Tuipulotu,0,0,0,0,BYU,0,,0,23,71,210,RB,0,0,0,0,0,0,0,0,0,0,0,0,0,0,0,0,None,,,,,,,,,58,56,16,74,46,55,13,22,21,19,1,1,63,0,0,57,14,0,0,0,0,0,0,0,0,0,0,0,0,0,60,34,38,54,39,55,80,0,31,40,48,70,50,42,72
7370,,78,1991,1988,Steve,Van Buren,0,4,11,1988,LSU,15,,3,26,72,200,RB,0,0,0,0,0,0,0,0,0,0,0,0,0,0,0,0,None,,,,,b,0081.png,,bald_3023.png,65,80,8,80,33,65,2,29,24,5,1,1,73,0,1,88,1,1,1,1,1,1,1,1,1,1,1,1,1,1,82,87,73,80,87,67,86,0,50,37,51,82,30,39,44
12759,29422,67,1991,0,Tommy,Vardell,0,0,0,0,Stanford,0,,0,23,74,234,RB,0,0,0,0,0,0,0,0,0,0,0,0,0,0,0,0,None,,,,,,,,,49,60,11,74,48,44,20,15,18,23,1,1,58,0,0,58,13,0,0,0,0,0,0,0,0,0,0,0,0,0,1,61,90,6,69,89,96,0,49,40,53,85,47,55,77
6016,,73,1991,0,Jon,Vaughn,0,0,0,0,Michigan,30,,4,25,69,203,RB,0,0,0,0,0,0,0,0,0,0,0,0,0,0,0,0,None,,,,,b,0045.png,,blonde_3009.png,63,66,6,75,54,54,17,16,34,17,1,1,83,0,1,60,23,1,1,1,1,1,1,1,1,1,1,1,1,1,64,96,84,30,73,64,88,0,33,39,58,73,32,67,1
2227,,67,1991,1985,Tommy,Vigorito,0,45,12,1985,Virginia,32,,5,31,70,193,RB,0,0,0,0,0,0,0,0,0,0,0,0,0,0,0,0,None,,,,,a,10579.png,,black_3039.png,55,70,9,71,40,52,1,14,14,20,1,1,61,0,1,49,9,1,1,1,1,1,1,1,1,1,1,1,1,1,20,79,76,31,95,91,100,0,35,43,37,96,46,43,100
8574,,90,1991,1989,Kenneth,Walker III,13,2,8,1989,Michigan St.,42,,2,22,69,211,RB,1500000,1,1500000,0,0,0,0,0,0,0,0,0,0,0,0,0,None,,,,,a,0104.png,,red_3023.png,76,87,16,87,66,68,11,34,27,30,2,1,84,0,1,100,26,1,1,1,1,1,1,1,1,1,1,1,1,1,77,72,98,94,78,65,97,0,30,45,66,77,36,51,39
12910,29712,68,1991,0,Adam,Walker,0,0,0,0,Pittsburgh,0,,0,24,73,210,RB,0,0,0,0,0,0,0,0,0,0,0,0,0,0,0,0,None,,,,,,,,,55,72,20,61,54,45,12,26,27,21,1,1,68,0,0,81,15,0,0,0,0,0,0,0,0,0,0,0,0,0,67,67,36,69,43,49,71,0,42,37,63,87,33,30,79
7135,,67,1991,0,Darius,Walker,0,0,0,0,Notre Dame,42,,1,22,70,206,RB,0,0,0,0,0,0,0,0,0,0,0,0,0,0,0,0,None,,,,,a,0150.png,,lightbrown_3095.png,56,59,18,71,45,49,3,20,24,16,1,1,58,0,1,66,13,1,1,1,1,1,1,1,1,1,1,1,1,1,67,82,89,68,76,73,70,0,30,46,46,86,33,40,92
9628,,84,1991,1990,Herschel,Walker,1,2,7,1990,Georgia,24,,1,25,73,225,RB,1250000,2,1250000,1250000,0,0,0,0,0,0,0,0,0,0,0,0,None,Athlete|ScatBack,,,,b,10072.png,,black_3061.png,62,86,13,85,60,58,22,22,38,23,1,1,84,0,1,83,26,1,1,1,1,1,1,1,1,1,1,1,1,1,46,79,63,69,72,83,73,0,42,43,57,100,34,49,59
9667,,66,1991,0,Ray,Wallace,0,0,0,0,Purdue,20,,1,24,72,224,RB,0,0,0,0,0,0,0,0,0,0,0,0,0,0,0,0,None,,,,,a,10577.png,,lightbrown_3047.png,51,63,5,70,53,42,5,26,15,22,1,1,61,0,1,47,35,1,1,1,1,1,1,1,1,1,1,1,1,1,78,62,57,72,41,57,95,0,44,38,65,99,42,46,100
7153,,66,1991,0,DJ,Ware,0,0,0,0,Georgia,49,,1,22,73,225,RB,0,0,0,0,0,0,0,0,0,0,0,0,0,0,0,0,None,,,,,b,0099.png,,black_3010.png,48,62,6,62,54,50,5,27,20,27,1,1,71,0,1,90,6,1,1,1,1,1,1,1,1,1,1,1,1,1,28,57,58,13,33,23,78,0,47,35,64,92,46,62,94
1854,,89,1991,1985,Curt,Warner,10,3,18,1985,Penn State,28,,6,30,71,205,RB,7900000,1,7900000,0,0,0,0,0,0,0,0,0,0,0,0,0,None,Competitor|Legend,,,,b,10074.png,,black_3091.png,75,83,16,81,75,61,29,47,45,30,1,1,88,0,1,100,7,1,1,1,1,1,1,1,1,1,1,1,1,1,76,71,97,100,73,80,96,0,30,36,50,71,34,49,98
8575,,79,1991,0,Jaylen,Warren,14,0,0,0,Oklahoma St.,30,,2,24,68,215,RB,250000,1,250000,0,0,0,0,0,0,0,0,0,0,0,0,0,None,,,,,b,0089.png,default-jersey-01.png,black_3016.png,67,70,13,81,63,55,16,35,40,27,6,6,83,0,1,67,26,1,1,1,1,1,1,1,1,1,1,1,1,1,65,43,61,69,46,63,86,0,55,31,67,89,65,56,56
12433,,66,1991,0,Lamont,Warren,0,0,0,0,Colorado,37,,0,21,71,202,RB,0,0,0,0,0,0,0,0,0,0,0,0,0,0,0,0,None,,,,,b,0032.png,,black_3051.png,53,69,7,62,60,41,8,16,14,18,1,1,71,0,1,59,35,1,1,1,1,1,1,1,1,1,1,1,1,1,43,56,30,30,65,30,95,0,31,44,40,83,39,56,72
2422,,66,1991,0,Joe,Washington,0,0,0,0,Oklahoma,24,,1,33,70,179,RB,0,0,0,0,0,0,0,0,0,0,0,0,0,0,0,0,None,,,,,b,0008.png,,black_3027.png,53,75,23,63,50,42,10,23,15,29,1,1,65,0,1,55,48,1,1,1,1,1,1,1,1,1,1,1,1,1,53,81,87,48,65,98,80,0,33,47,67,75,48,66,75
12911,30169,87,1991,0,Ricky,Watters,0,0,0,0,Notre Dame,0,,0,23,73,217,RB,0,0,0,0,0,0,0,0,0,0,0,0,0,0,0,0,None,,,,,,,,,78,83,37,84,63,59,18,43,40,36,1,1,95,0,0,83,31,0,0,0,0,0,0,0,0,0,0,0,0,0,48,86,97,58,77,94,89,0,35,49,33,84,44,52,89
2040,,80,1991,1985,Charles,White,0,31,15,1985,USC,33,,2,29,70,190,RB,0,0,0,0,0,0,0,0,0,0,0,0,0,0,0,0,None,,,,,a,10594.png,,darkbrown_3104.png,68,73,14,88,55,56,23,33,27,34,1,1,70,0,1,54,21,1,1,1,1,1,1,1,1,1,1,1,1,1,41,88,74,58,76,100,97,0,47,33,64,99,32,48,10
5582,,82,1991,1987,LenDale,White,17,7,4,1987,USC,23,,4,26,74,240,RB,1850000,2,1850000,1850000,0,0,0,0,0,0,0,0,0,0,0,0,None,,,,,b,0071.png,,black_3031.png,68,80,6,77,65,56,5,21,19,16,1,1,81,0,1,95,1,1,1,1,1,1,1,1,1,1,1,1,1,1,47,99,100,47,79,82,72,0,46,46,56,94,48,56,0
8576,,84,1991,1989,Rachaad,White,10,4,20,1989,Arizona St.,1,,2,24,72,214,RB,550000,1,550000,0,0,0,0,0,0,0,0,0,0,0,0,0,None,,,,,b,0009.png,,bald_3010.png,64,76,12,83,71,55,10,35,27,23,6,4,76,0,1,95,26,1,1,1,1,1,1,1,1,1,1,1,1,1,63,51,60,92,61,65,77,0,60,46,65,88,42,44,90
1831,,83,1991,1985,James,Wilder,0,3,5,1985,Missouri,47,,4,31,75,225,RB,0,0,0,0,0,0,0,0,0,0,0,0,0,0,0,0,None,PowerRunner,,,,b,0016.png,,darkbrown_3007.png,63,69,32,81,72,66,25,32,22,42,1,1,93,0,1,100,19,1,1,1,1,1,1,1,1,1,1,1,1,1,16,65,58,27,12,28,70,0,31,30,67,97,42,55,46
5590,,80,1991,1987,DeAngelo,Williams,20,3,20,1987,Memphis,46,,4,27,68,210,RB,3000000,2,3000000,3000000,0,0,0,0,0,0,0,0,0,0,0,0,None,,,,,b,0091.png,,black_3028.png,74,70,21,84,51,48,22,18,35,39,1,1,72,0,1,82,16,1,1,1,1,1,1,1,1,1,1,1,1,1,21,56,46,27,19,29,89,0,50,34,70,98,44,41,68
6077,,71,1991,0,Harvey,Williams,0,0,0,0,LSU,39,,4,28,74,226,RB,0,0,0,0,0,0,0,0,0,0,0,0,0,0,0,0,None,,,,,b,0099.png,,darkbrown_3006.png,63,81,15,69,47,39,9,29,29,16,1,1,72,0,1,61,19,1,1,1,1,1,1,1,1,1,1,1,1,1,35,92,66,32,60,84,79,0,38,47,39,93,41,44,27
8578,,85,1991,1989,Kyren,Williams,5,4,3,1989,Notre Dame,43,,2,23,69,194,RB,550000,1,550000,0,0,0,0,0,0,0,0,0,0,0,0,0,None,,,,,b,0086.png,,bald_3018.png,66,82,30,83,67,55,28,35,37,35,4,1,82,0,1,95,26,1,1,1,1,1,1,1,1,1,1,1,1,1,31,38,59,25,28,25,81,0,39,40,57,83,47,48,99
3528,,70,1991,1986,Moe,Williams,0,4,6,1986,Kentucky,46,,5,27,73,205,RB,0,0,0,0,0,0,0,0,0,0,0,0,0,0,0,0,None,,,,,a,0102.png,,lightbrown_3009.png,62,74,18,71,61,49,3,19,12,18,1,1,59,0,1,31,11,1,1,1,1,1,1,1,1,1,1,1,1,1,88,38,47,93,66,35,99,0,48,43,59,76,30,34,13
9652,,70,1991,0,Pooh Bear,Williams,0,0,0,0,Florida State,36,,1,24,73,265,RB,0,0,0,0,0,0,0,0,0,0,0,0,0,0,0,0,None,,,,,b,0028.png,,bald_3043.png,57,68,7,72,57,49,17,20,18,14,1,1,66,0,1,51,35,1,1,1,1,1,1,1,1,1,1,1,1,1,19,50,67,39,23,17,76,0,32,34,35,100,42,62,74
2173,,77,1991,1985,Ricky,Williams,0,12,15,1985,Langston,49,,6,31,73,195,RB,0,0,0,0,0,0,0,0,0,0,0,0,0,0,0,0,None,,,,,b,0003.png,default-jersey-01.png,black_3091.png,68,79,13,79,59,46,6,30,20,15,1,1,76,0,1,51,1,1,1,1,1,1,1,1,1,1,1,1,1,1,75,79,90,84,62,69,81,0,40,40,31,85,37,49,6
6183,,66,1991,0,Marcus,Wilson,0,0,0,0,Virginia,26,,1,24,73,215,RB,0,0,0,0,0,0,0,0,0,0,0,0,0,0,0,0,None,,,,,a,10572.png,,blonde_3039.png,53,68,6,68,49,45,18,18,26,11,1,1,76,0,1,51,29,1,1,1,1,1,1,1,1,1,1,1,1,1,46,34,31,51,69,68,88,0,38,43,66,93,37,34,73
6214,,62,1991,0,Robert,Wilson,0,0,0,0,Texas A&M,45,,1,23,72,255,RB,0,0,0,0,0,0,0,0,0,0,0,0,0,0,0,0,None,,,,,b,0044.png,,lightbrown_3003.png,60,59,12,63,53,43,17,14,16,16,1,1,64,0,1,24,5,1,1,1,1,1,1,1,1,1,1,1,1,1,23,63,66,32,18,39,98,0,33,49,43,72,33,47,72
1961,,78,1991,1985,Sammy,Winder,15,25,3,1985,Southern Miss,45,,6,32,71,203,RB,800000,1,800000,0,0,0,0,0,0,0,0,0,0,0,0,0,None,,,,,b,10066.png,default-jersey-01.png,black_3040.png,62,70,30,73,74,59,9,34,19,39,1,1,73,0,1,84,26,1,1,1,1,1,1,1,1,1,1,1,1,1,66,52,39,39,32,38,72,0,39,48,46,83,37,59,77
7175,,68,1991,0,Garrett,Wolfe,0,0,0,0,Northern Illinois,33,,1,23,67,171,RB,0,0,0,0,0,0,0,0,0,0,0,0,0,0,0,0,None,,,,,b,10059.png,,black_3008.png,63,61,12,62,52,53,4,28,28,15,1,1,71,0,1,80,27,1,1,1,1,1,1,1,1,1,1,1,1,1,11,94,76,11,97,100,79,0,31,45,33,78,48,70,95
2873,,65,1991,0,Ron,Wolfley,0,0,0,0,West Virginia,24,,1,24,72,225,RB,0,0,0,0,0,0,0,0,0,0,0,0,0,0,0,0,None,,,,,b,10061.png,,bald_3027.png,58,61,15,60,57,37,5,13,13,13,1,1,72,0,1,73,4,1,1,1,1,1,1,1,1,1,1,1,1,1,4,36,40,39,31,2,88,0,46,41,35,78,48,41,84
9646,,69,1991,0,Nathan,Wonsley,0,0,0,0,Mississippi,27,,1,24,70,190,RB,0,0,0,0,0,0,0,0,0,0,0,0,0,0,0,0,None,,,,,c,0247.png,,darkbrown_3006.png,48,66,2,76,56,45,8,14,23,22,1,1,63,0,1,48,35,1,1,1,1,1,1,1,1,1,1,1,1,1,38,60,42,51,59,51,77,0,37,42,52,87,35,31,84
2431,,64,1991,1985,Otis,Wonsley,0,55,8,1985,Alcorn State,39,,3,31,70,214,RB,0,0,0,0,0,0,0,0,0,0,0,0,0,0,0,0,None,,,,,b,0003.png,,black_3064.png,52,68,9,66,50,37,1,18,19,13,1,1,61,0,1,43,26,1,1,1,1,1,1,1,1,1,1,1,1,1,92,39,31,99,52,41,79,0,34,39,47,84,43,66,66
2109,,67,1991,1985,Butch,Woolfolk,0,23,2,1985,Michigan,40,,6,31,73,210,RB,0,0,0,0,0,0,0,0,0,0,0,0,0,0,0,0,None,AllPurposeRB,,,,b,10099.png,,black_3002.png,53,67,14,72,61,36,17,14,27,10,1,1,75,0,1,24,9,1,1,1,1,1,1,1,1,1,1,1,1,1,42,40,61,62,43,47,96,0,38,33,40,79,32,41,98
7150,,73,1991,1988,DeShawn,Wynn,0,6,18,1988,Florida,25,,3,26,71,232,RB,0,0,0,0,0,0,0,0,0,0,0,0,0,0,0,0,None,,,,,a,10572.png,,lightbrown_3093.png,54,80,16,71,57,45,27,26,16,27,1,1,64,0,1,75,12,1,1,1,1,1,1,1,1,1,1,1,1,1,47,68,57,66,37,37,88,0,50,44,65,88,50,65,33
7363,,71,1991,1988,Selvin,Young,0,7,18,1988,Texas,32,,3,26,71,215,RB,0,0,0,0,0,0,0,0,0,0,0,0,0,0,0,0,None,,,,,a,0139.png,,red_3002.png,43,63,18,74,54,47,5,19,22,24,1,1,65,0,1,94,23,1,1,1,1,1,1,1,1,1,1,1,1,1,83,63,60,89,51,68,73,0,38,35,66,86,46,44,100
3557,,92,1991,1986,Mike,Alstott,2,2,4,1986,Purdue,21,,5,28,73,248,FB,2850000,4,2850000,2850000,2850000,2850000,0,0,0,0,0,0,0,0,0,0,None,BlockingFB,,,,b,0025.png,,black_3056.png,90,68,8,75,60,72,9,48,51,36,1,1,90,0,1,49,97,1,1,1,1,1,1,1,1,1,1,1,1,1,94,97,88,61,64,74,86,0,34,45,67,95,49,63,78
7145,,59,1991,0,Deon,Anderson,0,0,0,0,Connecticut,36,,3,26,70,248,FB,0,0,0,0,0,0,0,0,0,0,0,0,0,0,0,0,None,,,,,b,0072.png,,black_3010.png,56,46,1,59,42,40,1,22,37,20,1,1,68,0,1,15,76,1,1,1,1,1,1,1,1,1,1,1,1,1,38,76,97,52,70,62,81,0,47,36,68,87,39,61,51
9706,,56,1991,0,Obafemi,Ayanbadejo,0,0,0,0,San Diego State,33,,1,24,74,235,FB,0,0,0,0,0,0,0,0,0,0,0,0,0,0,0,0,None,,,,,b,0096.png,,black_3017.png,64,60,10,61,53,41,18,18,27,31,1,1,70,0,1,52,51,1,1,1,1,1,1,1,1,1,1,1,1,1,62,50,43,51,57,39,71,0,33,41,49,72,32,64,95
12437,,84,1991,1991,Mel,Baltazar,15,2,13,1991,San Jose State,21,,0,20,71,210,FB,1000000,3,1000000,1000000,1000000,0,0,0,0,0,0,0,0,0,0,0,None,,,,,b,0062.png,,black_3080.png,70,60,1,75,66,71,1,42,52,35,1,1,70,0,1,33,72,1,1,1,1,1,1,1,1,1,1,1,1,1,97,60,47,80,40,63,99,0,47,41,52,81,50,38,71
9700,,82,1991,1990,Fred,Beasley,7,4,19,1990,Auburn,37,,1,25,72,246,FB,500000,2,500000,500000,0,0,0,0,0,0,0,0,0,0,0,0,None,,,,,a,0141.png,default-jersey-01.png,blonde_3004.png,66,57,1,77,52,53,1,46,55,33,1,1,65,0,1,27,78,1,1,1,1,1,1,1,1,1,1,1,1,1,61,50,50,39,32,33,81,0,44,49,69,90,41,39,62
6010,,71,1991,0,Jarrod,Bunch,0,0,0,0,Michigan,34,,4,27,74,250,FB,0,0,0,0,0,0,0,0,0,0,0,0,0,0,0,0,None,,,,,a,0122.png,default-jersey-01.png,lightbrown_3086.png,66,47,1,64,41,41,1,37,49,12,1,1,70,0,1,5,54,1,1,1,1,1,1,1,1,1,1,1,1,1,63,39,31,89,72,35,89,0,45,33,69,86,42,62,1
9698,,80,1991,1990,Al,Bundy,3,5,4,1990,Polk High,33,,1,21,73,210,FB,250000,1,250000,0,0,0,0,0,0,0,0,0,0,0,0,0,None,FanFavorite,,,,b,0085.png,default-jersey-01.png,black_3033.png,70,70,20,81,55,45,1,42,52,25,1,1,83,0,1,44,62,1,1,1,1,1,1,1,1,1,1,1,1,1,86,50,55,82,70,53,76,0,34,44,54,83,49,50,31
2876,,62,1991,1985,Jessie,Clark,0,23,13,1985,Arkansas,28,,5,30,72,231,FB,0,0,0,0,0,0,0,0,0,0,0,0,0,0,0,0,None,,,,,a,10572.png,,bald_3018.png,51,56,1,54,47,40,1,29,47,21,1,1,59,0,1,2,32,1,1,1,1,1,1,1,1,1,1,1,1,1,39,66,88,10,61,74,74,0,38,33,65,79,41,48,40
5655,,95,1991,1987,Willie,Colon,17,4,11,1987,Hofstra,60,,4,27,75,320,FB,250000,3,250000,250000,250000,0,0,0,0,0,0,0,0,0,0,0,None,,,,,a,10567.png,default-jersey-01.png,blonde_3051.png,79,44,1,61,18,75,1,73,76,32,1,1,73,0,1,1,37,1,1,51,17,21,1,1,1,1,1,1,1,1,26,63,58,15,27,10,79,0,43,30,30,91,37,45,14
9703,,64,1991,0,Greg,Comella,0,0,0,0,Stanford,43,,1,24,73,248,FB,0,0,0,0,0,0,0,0,0,0,0,0,0,0,0,0,None,,,,,b,10087.png,,black_3085.png,56,54,1,61,49,44,1,33,39,12,1,1,58,0,1,35,54,1,1,1,1,1,1,1,1,1,1,1,1,1,34,50,50,54,35,66,98,0,38,36,57,93,46,67,89
12442,,68,1991,1991,Jeff,Cothran,13,7,18,1991,Ohio State,40,,0,23,73,249,FB,250000,2,250000,250000,0,0,0,0,0,0,0,0,0,0,0,0,None,,,,,a,0135.png,,darkbrown_3097.png,55,54,1,54,49,48,1,41,42,14,1,1,68,0,1,31,52,1,1,1,1,1,1,1,1,1,1,1,1,1,11,83,71,38,67,88,94,0,41,31,53,76,43,52,68
1812,,100,1991,1985,Roger,Craig,3,1,17,1985,Nebraska,31,,6,31,72,222,FB,6600000,2,6600000,6600000,0,0,0,0,0,0,0,0,0,0,0,0,None,ReceiveFB,,,,b,10054.png,,black_3023.png,71,76,5,72,92,68,1,60,76,43,1,1,82,0,1,1,100,1,1,1,1,1,1,1,1,1,1,1,1,1,31,61,74,37,82,71,77,0,36,49,35,95,38,53,66
3575,,78,1991,0,Lou,D'Agostino,5,0,0,0,Hofstra,40,,5,28,72,235,FB,250000,1,250000,0,0,0,0,0,0,0,0,0,0,0,0,0,None,,,,,b,0010.png,default-jersey-01.png,darkbrown_3006.png,75,68,1,67,43,50,1,41,45,22,1,1,65,0,1,1,99,1,1,1,1,1,1,1,1,1,1,1,1,1,64,58,50,62,32,33,77,0,41,40,46,78,33,30,98
8683,,74,1991,0,Wing,Dings,0,0,0,0,Online Classes,0,,0,20,72,255,FB,0,0,0,0,0,0,0,0,0,0,0,0,0,0,0,0,None,,,,,a,0134.png,,darkbrown_3035.png,60,57,1,62,52,47,1,53,40,35,1,1,77,0,1,1,52,1,1,1,1,1,1,1,1,1,1,1,1,1,65,43,61,69,46,63,86,0,55,31,67,89,65,56,87
8681,,68,1991,0,Fazoli,Duaneson,0,0,0,0,Ball St,27,,2,22,66,247,FB,0,0,0,0,0,0,0,0,0,0,0,0,0,0,0,0,None,,,,,a,10593.png,,lightbrown_3017.png,57,54,1,56,46,39,1,50,37,27,1,1,68,0,1,1,43,1,1,1,1,1,1,1,1,1,1,1,1,1,44,91,99,47,84,89,86,0,58,38,56,84,39,49,92
8466,,94,1991,0,Joshua,Ezeudu,14,0,0,0,North Carolina,75,,2,23,76,308,FB,4850000,1,4850000,0,0,0,0,0,0,0,0,0,0,0,0,0,None,,,,,b,0050.png,default-jersey-01.png,bald_3010.png,76,43,1,49,7,66,1,74,77,22,5,5,71,0,1,1,60,1,1,49,26,17,1,1,1,1,1,1,1,1,64,76,79,88,96,73,90,0,39,38,42,73,31,65,3
9878,,95,1991,1990,Jason,Fabini,16,6,11,1990,Cincinnati,66,,1,25,79,304,FB,250000,1,250000,0,0,0,0,0,0,0,0,0,0,0,0,0,None,,,,,a,0132.png,,lightbrown_3079.png,81,48,1,61,7,56,1,76,75,35,1,1,67,0,1,1,60,1,1,29,49,28,1,1,1,1,1,1,1,1,43,67,69,64,57,46,92,0,49,43,57,92,47,57,90
2656,,59,1991,1985,Earl,Ferrell,0,46,1,1985,East Tennessee State,39,,6,33,72,225,FB,0,0,0,0,0,0,0,0,0,0,0,0,0,0,0,0,None,,,,,a,10582.png,,red_3001.png,43,40,1,57,48,36,1,28,41,20,1,1,59,0,1,11,59,1,1,1,1,1,1,1,1,1,1,1,1,1,56,83,66,70,99,80,87,0,30,47,69,91,42,62,58
9704,,64,1991,0,Chris,Floyd,0,0,0,0,Michigan,36,,0,23,74,231,FB,0,0,0,0,0,0,0,0,0,0,0,0,0,0,0,0,None,,,,,b,0028.png,,bald_3007.png,68,76,18,64,49,40,16,29,33,27,1,1,78,0,0,51,55,0,0,0,0,0,0,0,0,0,0,0,0,0,51,73,64,48,91,89,100,0,43,46,48,73,37,38,100
12438,,84,1991,1991,William,Floyd,8,3,6,1991,Florida State,49,,0,22,73,242,FB,750000,3,750000,750000,750000,0,0,0,0,0,0,0,0,0,0,0,None,ReceiveFB,,,,a,0129.png,default-jersey-01.png,lightbrown_3038.png,76,66,1,83,63,59,1,44,49,23,1,1,71,0,1,31,62,1,1,1,1,1,1,1,1,1,1,1,1,1,33,84,87,22,81,97,87,0,49,41,50,96,47,69,69
2586,,73,1991,1985,Hokie,Gajan,0,36,14,1985,LSU,42,,6,32,71,220,FB,0,0,0,0,0,0,0,0,0,0,0,0,0,0,0,0,None,,,,,b,0024.png,default-jersey-01.png,darkbrown_3007.png,49,46,1,60,48,46,1,30,63,26,1,1,71,0,1,1,88,1,1,1,1,1,1,1,1,1,1,1,1,1,27,64,61,12,35,15,92,0,35,46,58,76,34,36,62
12704,9919,69,1991,0,Sam,Gash,0,0,0,0,Penn State,0,,0,23,72,242,FB,0,0,0,0,0,0,0,0,0,0,0,0,0,0,0,0,None,,,,,,,,,61,55,1,58,56,49,1,31,40,26,1,1,72,0,0,14,88,0,0,0,0,0,0,0,0,0,0,0,0,0,26,76,100,11,78,94,80,0,50,42,54,76,33,30,85
12441,,65,1991,0,Ben,Godwin,0,0,0,0,Kansas,34,,0,20,71,206,FB,0,0,0,0,0,0,0,0,0,0,0,0,0,0,0,0,None,,,,,c,0238.png,,blonde_3002.png,67,61,1,79,40,28,1,41,29,13,1,1,73,0,1,35,53,1,1,1,1,1,1,1,1,1,1,1,1,1,27,35,34,37,15,21,83,0,45,33,60,88,34,30,71
2232,,82,1991,1985,Michael,Haddix,20,16,3,1985,Mississippi State,47,,6,30,74,225,FB,300000,2,300000,300000,0,0,0,0,0,0,0,0,0,0,0,0,None,,,,,a,10571.png,default-jersey-01.png,darkbrown_3014.png,75,62,1,57,59,52,1,43,49,33,1,1,82,0,1,1,91,1,1,1,1,1,1,1,1,1,1,1,1,1,17,71,81,4,74,86,70,0,39,30,38,70,44,62,63
8444,,79,1991,0,Troy,Hairston,17,0,0,0,N/A,47,,2,24,71,245,FB,250000,2,250000,250000,0,0,0,0,0,0,0,0,0,0,0,0,None,,,,,a,10561.png,default-jersey-01.png,darkbrown_3025.png,78,64,1,68,49,35,1,32,56,46,2,1,67,0,1,17,95,1,1,1,1,1,1,1,1,1,1,1,1,1,61,63,71,40,50,48,71,0,66,31,55,76,36,44,-1
2499,,68,1991,1985,Frank,Hawkins,0,36,5,1985,Nevada-Reno,48,,6,32,69,210,FB,0,0,0,0,0,0,0,0,0,0,0,0,0,0,0,0,None,,,,,b,10052.png,,black_3039.png,65,45,1,52,45,48,1,39,38,30,1,1,73,0,1,7,70,1,1,1,1,1,1,1,1,1,1,1,1,1,16,82,64,17,78,98,76,0,30,33,52,91,39,42,25
3319,,77,1991,0,Chris,Hetherington,1,0,0,0,Yale,47,,5,29,75,245,FB,250000,1,250000,0,0,0,0,0,0,0,0,0,0,0,0,0,None,,,,,b,0040.png,default-jersey-01.png,darkbrown_3002.png,71,59,1,64,56,54,1,30,51,25,1,1,61,0,1,14,90,1,1,1,1,1,1,1,1,1,1,1,1,1,68,98,77,91,91,69,81,0,32,50,60,98,38,69,63
2114,,78,1991,1985,David,Hughes,19,20,10,1985,Boise State,46,,6,32,72,220,FB,2000000,1,2000000,0,0,0,0,0,0,0,0,0,0,0,0,0,None,WorkoutFanatic,,,,a,10550.png,,lightbrown_3091.png,64,49,1,56,53,60,1,37,53,33,1,1,86,0,1,19,100,1,1,1,1,1,1,1,1,1,1,1,1,1,68,98,71,39,64,61,79,0,44,40,64,83,47,64,15
2032,,93,1991,1985,Craig,James,13,12,11,1985,SMU,32,,6,30,72,215,FB,2950000,1,2950000,0,0,0,0,0,0,0,0,0,0,0,0,0,None,LockerLeader|TenaciousBlocker,,,,a,10598.png,,blonde_3025.png,78,72,1,79,72,72,1,49,53,24,1,1,80,0,1,5,97,1,1,1,1,1,1,1,1,1,1,1,1,1,66,77,60,63,81,68,96,0,50,42,39,76,31,32,76
7320,,76,1991,1988,Paul,Jefferson,16,5,7,1988,Penn State,34,,3,24,72,250,FB,2000000,2,2000000,2000000,0,0,0,0,0,0,0,0,0,0,0,0,None,,,,,a,10574.png,,bald_3024.png,60,60,1,65,53,49,1,39,53,35,1,1,76,0,1,12,65,1,1,1,1,1,1,1,1,1,1,1,1,1,7,49,38,4,40,23,87,0,49,36,58,77,36,48,27
8696,,88,1991,0,James,Jones FB II,12,0,0,0,Florida,40,,5,29,74,229,FB,1750000,1,1750000,0,0,0,0,0,0,0,0,0,0,0,0,0,None,,,,,b,10051.png,,black_3036.png,83,50,1,66,58,51,1,50,53,30,1,1,70,0,1,5,89,1,1,1,1,1,1,1,1,1,1,1,1,1,3,67,67,16,18,2,71,0,43,32,47,91,38,43,70
5415,,92,1991,1987,John,Kuhn,18,2,12,1987,Shippensburg,35,,4,28,72,255,FB,6600000,3,6600000,6600000,6600000,0,0,0,0,0,0,0,0,0,0,0,None,AthBlocker,,,,a,0138.png,default-jersey-01.png,lightbrown_3039.png,80,49,1,67,49,54,1,51,65,23,1,1,86,0,1,5,99,1,1,1,1,1,1,1,1,1,1,1,1,1,55,35,42,65,44,66,100,0,37,33,37,82,32,53,39
5707,,96,1991,1987,Tuffy,Leemans,5,2,19,1987,Oregon,4,,4,28,72,195,FB,4650000,1,4650000,0,0,0,0,0,0,0,0,0,0,0,0,0,None,TeamPlayer|AllPurposeRB,,,,a,0103.png,default-jersey-01.png,darkbrown_3079.png,76,63,70,74,65,81,75,55,59,55,1,1,91,0,22,26,100,1,1,1,1,1,1,1,1,1,1,26,24,18,67,49,50,63,47,56,85,0,36,46,57,90,42,64,97
2026,,98,1991,1985,Kevin,Mack,6,8,7,1985,Clemson,34,,6,29,72,224,FB,5000000,2,5000000,6000000,0,0,0,0,0,0,0,0,0,0,0,0,None,ReceiveFB|MediaDarling|Legend,,,,b,10098.png,default-jersey-01.png,blonde_3004.png,83,57,1,84,70,50,1,52,65,21,1,1,89,0,1,1,97,1,1,1,1,1,1,1,1,1,1,1,1,1,35,88,61,50,96,97,86,0,40,47,39,97,37,67,62
12439,,78,1991,1991,Carl,McCullough,19,4,2,1991,Wisconsin,41,,0,24,70,193,FB,500000,3,500000,500000,500000,0,0,0,0,0,0,0,0,0,0,0,None,,,,,b,10061.png,,black_3042.png,84,38,1,81,68,38,1,32,49,38,3,1,66,0,1,30,56,1,1,1,1,1,1,1,1,1,1,1,1,1,37,88,66,12,82,71,71,0,55,65,59,81,70,34,83
12845,19318,67,1991,0,Dexter,McNabb,0,0,0,0,Florida,0,,0,23,74,250,FB,0,0,0,0,0,0,0,0,0,0,0,0,0,0,0,0,None,,,,,,,,,66,60,1,68,38,41,1,34,40,17,1,1,62,0,0,11,67,0,0,0,0,0,0,0,0,0,0,0,0,0,43,47,47,57,50,62,73,0,50,31,50,82,49,44,82
7174,,70,1991,1988,Garrett,Mills,0,5,18,1988,Tulsa,26,,3,26,73,230,FB,0,0,0,0,0,0,0,0,0,0,0,0,0,0,0,0,None,,,,,b,0042.png,,black_3077.png,70,46,1,57,57,35,1,37,42,23,1,1,58,0,1,26,57,1,1,1,1,1,1,1,1,1,1,1,1,1,2,34,70,32,5,31,76,0,31,33,64,71,44,54,1
12443,,63,1991,0,Brian,O'Neal,0,0,0,0,Penn State,33,,0,24,72,233,FB,0,0,0,0,0,0,0,0,0,0,0,0,0,0,0,0,None,,,,,a,0104.png,,bald_3016.png,61,49,1,63,49,51,1,23,41,14,1,1,72,0,1,35,53,1,1,1,1,1,1,1,1,1,1,1,1,1,34,98,77,21,60,60,84,0,36,40,33,85,31,40,97
9705,,57,1991,0,Brock,Olivo,0,0,0,0,Missouri,44,,1,23,72,226,FB,0,0,0,0,0,0,0,0,0,0,0,0,0,0,0,0,None,,,,,a,0127.png,,red_3001.png,64,72,6,62,43,37,6,26,25,30,1,1,74,0,1,52,50,1,1,1,1,1,1,1,1,1,1,1,1,1,66,59,59,82,55,45,89,0,50,35,60,82,37,33,85
1986,,92,1991,1985,Tony,Paige,4,12,4,1985,Virginia Tech,49,,6,29,70,225,FB,5200000,2,5200000,5200000,0,0,0,0,0,0,0,0,0,0,0,0,None,BlockingFB,,,,b,0080.png,,black_3061.png,80,63,1,78,77,59,1,47,53,23,1,1,82,0,1,7,100,1,1,1,1,1,1,1,1,1,1,1,1,1,41,95,74,62,96,78,86,0,34,50,57,74,43,53,-1
2498,,45,1991,1985,Frank,Pollard,0,36,13,1985,Baylor,30,,6,34,70,218,FB,0,0,0,0,0,0,0,0,0,0,0,0,0,0,0,0,None,,,,,b,0093.png,,blonde_3005.png,58,36,1,46,25,31,1,14,25,10,1,1,55,0,1,17,57,1,1,1,1,1,1,1,1,1,1,1,1,1,21,81,60,9,77,71,85,0,45,34,54,88,35,70,10
9696,,80,1991,1990,Tom,Rathman,10,5,2,1990,Nebraska,38,,1,25,73,230,FB,250000,1,250000,0,0,0,0,0,0,0,0,0,0,0,0,0,None,BlockingFB,,,,b,0074.png,default-jersey-01.png,black_3087.png,66,86,10,74,59,55,14,42,46,26,1,1,69,0,1,27,83,1,1,1,1,1,1,1,1,1,1,1,1,1,61,63,46,66,50,65,77,0,48,35,32,84,45,68,80
5507,,71,1991,1987,Michael,Robinson,0,6,5,1987,Penn State,27,,4,27,73,225,FB,0,0,0,0,0,0,0,0,0,0,0,0,0,0,0,0,None,Athlete,,,,b,0019.png,,bald_3041.png,60,57,73,71,43,71,67,33,47,23,1,1,86,0,26,9,59,1,1,1,1,1,1,1,1,1,1,1,1,1,31,37,55,33,1,10,82,0,37,46,48,79,46,32,9
2113,,82,1991,1985,Mike,Rozier,7,10,16,1985,Nebraska,30,,6,30,70,209,FB,250000,1,250000,0,0,0,0,0,0,0,0,0,0,0,0,0,None,Athlete,,,,a,0124.png,default-jersey-01.png,red_3004.png,64,81,1,82,47,53,1,36,59,40,1,1,86,0,1,1,100,1,1,1,1,1,1,1,1,1,1,1,1,1,41,74,78,37,88,92,71,0,38,37,62,96,44,43,93
2078,,82,1991,1985,Tim,Spencer,14,16,1,1985,Ohio State,48,,6,31,73,224,FB,2900000,1,2900000,0,0,0,0,0,0,0,0,0,0,0,0,0,None,,,,,a,0140.png,default-jersey-01.png,darkbrown_3042.png,64,65,1,65,57,53,1,44,51,19,1,1,81,0,1,1,100,1,1,1,1,1,1,1,1,1,1,1,1,1,87,51,40,77,32,37,86,0,39,46,49,74,45,59,10
12440,,74,1991,1991,Mack,Strong,11,5,17,1991,Georgia,47,,0,23,72,245,FB,250000,2,250000,250000,0,0,0,0,0,0,0,0,0,0,0,0,None,,,,,b,10088.png,,black_3015.png,78,56,1,58,50,44,1,31,51,44,1,1,65,0,1,31,60,1,1,1,1,1,1,1,1,1,1,1,1,1,52,65,62,58,99,92,85,0,48,50,52,84,33,54,98
2030,,76,1991,1985,Matt,Suhey,8,15,10,1985,Penn State,26,,6,33,71,217,FB,3100000,4,3100000,3100000,3100000,3100000,0,0,0,0,0,0,0,0,0,0,None,ProBloodline,,,,b,10095.png,default-jersey-01.png,black_3010.png,47,31,1,49,60,45,1,42,56,31,1,1,73,0,1,18,96,1,1,1,1,1,1,1,1,1,1,1,1,1,48,49,53,63,54,36,83,0,50,41,47,81,47,35,55
12863,28724,74,1991,0,Ed,Tillison,0,0,0,0,Northwest Missouri State,0,,0,23,72,225,FB,0,0,0,0,0,0,0,0,0,0,0,0,0,0,0,0,None,,,,,,,,,60,57,1,60,55,49,1,38,46,22,1,1,62,0,0,18,86,0,0,0,0,0,0,0,0,0,0,0,0,0,84,95,71,77,78,85,93,0,49,40,31,93,38,62,97
12705,29170,76,1991,0,Kevin,Turner,0,0,0,0,Alabama,0,,0,23,73,231,FB,0,0,0,0,0,0,0,0,0,0,0,0,0,0,0,0,None,,,,,,,,,71,61,1,65,52,45,1,38,52,24,1,1,71,0,0,24,57,0,0,0,0,0,0,0,0,0,0,0,0,0,14,30,50,38,13,22,93,0,44,31,70,79,47,32,100
9695,,89,1991,1990,John L,Williams,11,3,1,1990,Florida,30,,1,23,71,231,FB,750000,2,750000,750000,0,0,0,0,0,0,0,0,0,0,0,0,None,PowerRunner|ReceiveFB,,,,a,0134.png,default-jersey-01.png,darkbrown_3036.png,76,55,1,85,51,54,1,52,60,24,1,1,81,0,1,27,72,1,1,1,1,1,1,1,1,1,1,1,1,1,79,52,47,71,68,50,80,0,39,42,49,90,33,67,73
3570,,70,1991,1986,Tom,Ackerman,0,3,16,1986,Eastern Washington,66,,5,29,75,290,G,0,0,0,0,0,0,0,0,0,0,0,0,0,0,0,0,None,,,,,b,10054.png,,black_3084.png,56,38,1,41,1,46,1,64,71,31,1,1,46,0,1,1,1,1,1,93,13,6,1,1,1,1,1,1,1,1,71,30,46,41,58,69,82,0,43,40,70,75,32,63,60
9874,,87,1991,1990,Flozell,Adams,12,2,8,1990,Michigan State,68,,1,24,79,335,G,1250000,2,1250000,1250000,0,0,0,0,0,0,0,0,0,0,0,0,None,BookEndTackle,,,,b,0016.png,,black_3048.png,81,67,3,58,24,77,1,80,82,38,3,1,73,0,1,1,1,1,1,73,56,28,1,1,1,1,1,1,1,1,53,50,38,47,66,38,89,0,36,38,51,83,45,39,45
12874,133,74,1991,0,Scott,Adams,0,0,0,0,Georgia,0,,0,26,77,301,G,0,0,0,0,0,0,0,0,0,0,0,0,0,0,0,0,None,,,,,,,,,70,43,1,35,6,65,1,58,74,29,1,1,55,0,0,0,0,0,0,97,25,12,0,0,0,0,0,0,0,0,41,46,49,37,52,38,75,0,35,37,59,80,49,65,80
2005,,58,1991,1985,Dan,Alexander,0,15,3,1985,LSU,60,,6,36,76,260,G,0,0,0,0,0,0,0,0,0,0,0,0,0,0,0,0,None,ConsummatePro,,,,a,0130.png,,blonde_3046.png,67,13,1,28,1,38,1,67,46,21,1,1,31,0,1,1,1,1,1,78,1,21,1,1,1,1,1,1,1,1,93,90,100,88,73,100,76,0,48,32,30,92,40,60,92
12507,,90,1991,1991,Larry,Allen,12,1,8,1991,Butte Junior College (CA),61,,0,23,75,325,G,2500000,4,2500000,2500000,2500000,2500000,0,0,0,0,0,0,0,0,0,0,None,TenaciousBlocker,,,,b,0096.png,default-jersey-01.png,black_3101.png,83,63,1,60,24,68,1,80,91,44,1,8,82,0,1,1,1,1,1,72,32,35,1,1,1,1,1,1,1,1,10,84,65,14,97,63,74,0,48,48,44,71,34,39,91
9845,,81,1991,1990,Joe,Andruzzi,19,5,6,1990,Southern Connecticut State,73,,1,24,75,312,G,250000,1,250000,0,0,0,0,0,0,0,0,0,0,0,0,0,None,,,,,a,10597.png,default-jersey-01.png,black_3011.png,82,41,1,40,19,66,1,78,82,32,1,1,59,0,1,1,1,1,1,60,26,26,1,1,1,1,1,1,1,1,53,66,68,51,77,99,94,0,31,41,62,98,48,40,30
2046,,82,1991,1985,Billy,Ard,14,11,18,1985,Wake Forest,68,,6,32,75,265,G,2350000,3,2350000,2350000,2350000,0,0,0,0,0,0,0,0,0,0,0,None,,,,,b,0061.png,default-jersey-01.png,darkbrown_3001.png,77,44,1,53,15,60,1,74,77,29,1,1,55,0,1,1,1,1,1,100,20,9,1,1,1,1,1,1,1,1,68,49,33,67,34,34,100,0,45,36,66,83,48,35,19
2186,,71,1991,1985,Rich,Baldinger,0,27,6,1985,Wake Forest,78,,6,32,76,285,G,0,0,0,0,0,0,0,0,0,0,0,0,0,0,0,0,None,AthBlocker,,,,c,0244.png,,black_3036.png,69,38,1,48,1,59,1,58,68,40,1,1,63,0,1,1,1,1,1,89,13,7,1,1,1,1,1,1,1,1,88,52,60,88,39,60,98,0,44,33,64,86,45,55,21
7051,,74,1991,1988,Allen,Barbre,9,4,9,1988,Missouri Southern,61,,3,25,76,303,G,800000,2,800000,800000,0,0,0,0,0,0,0,0,0,0,0,0,None,,,,,b,10092.png,default-jersey-01.png,black_3042.png,83,48,1,54,16,58,1,72,64,29,1,1,66,0,1,1,1,1,1,57,49,21,1,1,1,1,1,1,1,1,83,93,86,89,71,68,77,0,34,34,66,70,49,39,38
9852,,67,1991,0,Scott,Barrows,0,0,0,0,West Virginia,66,,1,24,74,278,G,0,0,0,0,0,0,0,0,0,0,0,0,0,0,0,0,None,,,,,a,0107.png,,darkbrown_3042.png,66,37,1,29,1,59,1,58,71,20,1,1,61,0,1,1,1,1,1,51,35,35,1,1,1,1,1,1,1,1,34,59,40,10,19,32,72,0,39,41,38,98,46,56,87
2188,,81,1991,1985,Kurt,Becker,0,21,18,1985,Michigan,79,,5,32,77,271,G,0,0,0,0,0,0,0,0,0,0,0,0,0,0,0,0,None,,,,,a,0130.png,,darkbrown_3011.png,71,48,1,42,4,58,1,79,79,40,1,1,67,0,1,1,1,1,1,98,6,6,1,1,1,1,1,1,1,1,68,60,39,33,32,58,77,0,40,38,51,93,46,67,1
3386,,80,1991,1986,Frank,Beede,9,4,18,1986,California,63,,5,28,76,296,G,250000,2,250000,250000,0,0,0,0,0,0,0,0,0,0,0,0,None,,,,,b,0044.png,default-jersey-01.png,bald_3031.png,82,49,1,37,18,60,1,70,78,34,1,1,70,0,1,1,1,1,1,95,1,8,1,1,1,1,1,1,1,1,67,88,91,81,91,74,76,0,48,34,38,74,36,55,93
12517,,74,1991,1991,Chuck,Belin,1,7,3,1991,Wisconsin,71,,0,24,74,305,G,250000,2,250000,250000,0,0,0,0,0,0,0,0,0,0,0,0,None,,,,,b,0054.png,,darkbrown_3003.png,65,47,1,36,14,65,1,70,78,30,1,1,50,0,1,1,1,1,1,57,32,31,1,1,1,1,1,1,1,1,100,86,87,86,63,68,93,0,47,34,35,72,38,46,94
2249,,70,1991,1985,Keith,Bishop,0,31,2,1985,Baylor,54,,4,32,75,260,G,0,0,0,0,0,0,0,0,0,0,0,0,0,0,0,0,None,,,,,b,10083.png,,black_3038.png,76,50,1,29,18,53,1,67,63,39,1,1,52,0,1,1,1,1,1,80,6,42,1,1,1,1,1,1,1,1,70,63,73,57,67,78,96,0,41,36,55,95,34,40,20
7232,,81,1991,1988,Justin,Blalock,16,2,18,1988,Texas,65,,3,26,75,320,G,2350000,5,2350000,2350000,2350000,2350000,2350000,0,0,0,0,0,0,0,0,0,None,Gunslinger,,,,b,10052.png,default-jersey-01.png,bald_3031.png,72,49,1,38,13,55,1,74,84,30,1,1,70,0,1,1,1,1,1,96,14,26,1,1,1,1,1,1,1,1,4,61,66,44,29,19,90,0,50,47,47,75,34,54,60
12912,2502,69,1991,0,Harry,Boatswain,0,0,0,0,New Haven,0,,0,23,76,310,G,0,0,0,0,0,0,0,0,0,0,0,0,0,0,0,0,None,,,,,,,,,74,55,1,39,10,55,1,62,63,38,1,1,60,0,0,0,0,0,0,71,8,11,0,0,0,0,0,0,0,0,54,69,92,34,76,64,86,0,45,48,32,96,43,51,78
12913,2581,72,1991,0,Brian,Bollinger,0,0,0,0,North Carolina,0,,0,24,77,285,G,0,0,0,0,0,0,0,0,0,0,0,0,0,0,0,0,None,,,,,,,,,76,36,1,41,1,62,1,62,68,28,1,1,61,0,0,0,0,0,0,80,13,11,0,0,0,0,0,0,0,0,6,90,86,25,74,68,99,0,33,47,45,82,35,39,83
5533,,60,1991,0,Kevin,Boothe,0,0,0,0,Cornell,66,,1,24,77,300,G,0,0,0,0,0,0,0,0,0,0,0,0,0,0,0,0,None,,,,,b,10091.png,,lightbrown_3002.png,68,41,1,30,1,49,1,53,61,34,1,1,55,0,1,1,1,1,1,35,14,7,1,1,1,1,1,1,1,1,46,33,37,33,41,46,79,0,36,41,38,96,33,60,84
2248,,78,1991,1985,Mark,Bortz,0,24,15,1985,Iowa,72,,6,30,78,282,G,0,0,0,0,0,0,0,0,0,0,0,0,0,0,0,0,None,,,,,b,10056.png,,darkbrown_3024.png,80,49,1,45,18,64,1,71,68,49,1,1,72,0,1,1,1,1,1,97,1,3,1,1,1,1,1,1,1,1,61,49,31,37,34,34,80,0,37,42,37,91,35,38,81
2521,,62,1991,1985,Joe,Bostic,0,47,13,1985,Clemson,68,,5,33,75,265,G,0,0,0,0,0,0,0,0,0,0,0,0,0,0,0,0,None,AthBlocker,,,,b,0074.png,,black_3096.png,53,51,1,41,1,43,1,53,61,37,1,1,52,0,1,1,1,1,1,75,12,10,1,1,1,1,1,1,1,1,39,53,56,47,66,70,83,0,41,38,33,94,49,62,4
6059,,69,1991,0,Shawn,Bouwens,0,0,0,0,Nebraska Wesleyan,69,,3,26,77,293,G,0,0,0,0,0,0,0,0,0,0,0,0,0,0,0,0,None,,,,,a,0128.png,,red_3021.png,75,46,1,43,7,58,1,55,61,44,1,1,65,0,1,1,1,1,1,90,7,8,1,1,1,1,1,1,1,1,30,33,37,72,65,63,82,0,33,50,61,85,40,42,89
2250,,72,1991,1985,Brent,Boyd,0,17,16,1985,UCLA,62,,5,33,75,268,G,0,0,0,0,0,0,0,0,0,0,0,0,0,0,0,0,None,,,,,a,0114.png,,lightbrown_3018.png,69,31,1,33,17,57,1,64,74,28,1,1,59,0,1,1,1,1,1,80,17,12,1,1,1,1,1,1,1,1,82,58,53,88,40,30,99,0,40,30,47,86,47,33,14
5606,,83,1991,1987,Mike,Brisiel,7,2,17,1987,Colorado St.,69,,4,27,77,300,G,3750000,1,3750000,0,0,0,0,0,0,0,0,0,0,0,0,0,None,,,,,b,0035.png,default-jersey-01.png,black_3041.png,80,59,1,47,14,67,1,71,80,54,1,1,74,0,1,1,1,1,1,100,15,25,1,1,1,1,1,1,1,1,80,64,68,78,97,100,80,0,33,36,44,97,39,45,35
9835,,78,1991,1990,Ray,Brown,10,5,20,1990,Arkansas State,65,,1,25,77,318,G,250000,1,250000,0,0,0,0,0,0,0,0,0,0,0,0,0,None,,,,,c,0227.png,default-jersey-01.png,black_3049.png,85,49,1,58,4,64,1,64,74,33,1,1,57,0,1,1,1,1,1,62,29,27,1,1,1,1,1,1,1,1,68,50,53,62,57,47,83,0,42,33,51,100,42,37,80
3550,,66,1991,0,Jeff,Buckey,0,0,0,0,Stanford,79,,1,23,77,305,G,0,0,0,0,0,0,0,0,0,0,0,0,0,0,0,0,None,,,,,b,0057.png,,black_3027.png,69,37,1,33,9,61,1,57,70,26,1,1,49,0,1,1,1,1,1,33,5,14,1,1,1,1,1,1,1,1,60,31,44,74,57,51,84,0,49,31,48,71,44,62,78
8462,,72,1991,0,Spencer,Burford,0,0,0,0,UTSA,74,,2,23,76,300,G,0,0,0,0,0,0,0,0,0,0,0,0,0,0,0,0,None,,,,,b,10062.png,,blonde_3004.png,75,47,1,45,11,63,1,67,71,24,2,1,65,0,1,1,1,1,1,34,22,22,1,1,1,1,1,1,1,1,80,50,57,74,52,61,77,0,46,42,51,81,37,49,93
12518,,72,1991,1991,Todd,Burger,11,6,17,1991,Penn State,76,,0,24,75,303,G,250000,2,250000,250000,0,0,0,0,0,0,0,0,0,0,0,0,None,,,,,b,0021.png,,black_3072.png,72,53,1,39,11,65,1,71,66,34,1,1,59,0,1,1,1,1,1,58,33,31,1,1,1,1,1,1,1,1,1,92,69,28,95,67,82,0,44,48,44,74,46,63,79
8463,,88,1991,1989,Brandon,Burlsworth,10,2,12,1989,Arkansas,77,,2,22,76,310,G,1150000,1,1150000,0,0,0,0,0,0,0,0,0,0,0,0,0,None,FanFavorite,,,,a,0136.png,,blonde_3015.png,85,67,1,68,34,79,1,72,79,38,1,1,67,0,1,1,1,1,1,100,46,42,1,1,1,1,1,1,1,1,62,82,83,89,92,79,86,0,42,38,43,77,34,38,89
5416,,67,1991,1987,Trevor,Canfield,0,5,4,1987,Cincinnati,74,,4,24,77,285,G,0,0,0,0,0,0,0,0,0,0,0,0,0,0,0,0,None,AthBlocker,,,,b,10063.png,,darkbrown_3006.png,77,53,1,47,17,65,1,59,62,24,1,1,53,0,1,1,1,1,1,29,8,5,1,1,1,1,1,1,1,1,83,67,85,83,65,71,93,0,47,33,63,100,30,66,96
5501,,89,1991,1987,Chris,Chester,15,2,15,1987,Oklahoma,78,,4,27,75,300,G,7700000,1,7700000,0,0,0,0,0,0,0,0,0,0,0,0,0,None,AthBlocker,,,,c,0236.png,,black_3047.png,75,53,1,65,23,71,1,79,85,33,1,1,69,0,1,1,1,1,1,100,18,17,1,1,1,1,1,1,1,1,88,96,90,77,81,87,90,0,30,35,54,75,41,51,7
12706,5130,80,1991,0,Eugene,Chung,0,0,0,0,Virginia Tech,0,,0,23,76,301,G,0,0,0,0,0,0,0,0,0,0,0,0,0,0,0,0,None,,,,,,,,,82,41,1,47,4,62,1,74,76,34,1,1,68,0,0,0,0,0,0,82,22,23,0,0,0,0,0,0,0,0,34,53,60,59,37,46,93,0,40,38,43,90,44,53,86
5653,,84,1991,1987,Daryn,Colledge,1,3,10,1987,Boise State,64,,4,29,76,300,G,2100000,2,2100000,2100000,0,0,0,0,0,0,0,0,0,0,0,0,None,AthBlocker,,,,b,0054.png,,bald_3017.png,88,49,1,62,27,63,1,79,71,42,1,1,73,0,1,1,1,1,1,97,26,10,1,1,1,1,1,1,1,1,10,91,92,34,65,89,74,0,35,41,69,85,40,51,-1
9853,,68,1991,0,Mo,Collins,0,0,0,0,Florida,69,,1,23,76,325,G,0,0,0,0,0,0,0,0,0,0,0,0,0,0,0,0,None,,,,,a,0126.png,,blonde_3039.png,70,37,1,34,15,64,1,64,66,34,1,1,63,0,1,1,1,1,1,50,35,35,1,1,1,1,1,1,1,1,93,90,60,67,71,79,83,0,38,44,48,90,38,47,90
2447,,44,1991,1985,Tom,Condon,0,46,7,1985,Boston College,73,,6,39,75,255,G,0,0,0,0,0,0,0,0,0,0,0,0,0,0,0,0,None,AthBlocker,,,,b,0021.png,,bald_3014.png,41,8,1,25,1,30,1,41,49,15,1,1,27,0,1,1,1,1,1,31,31,23,1,1,1,1,1,1,1,1,59,47,56,42,51,47,72,0,43,32,58,87,41,70,92
2451,,68,1991,1985,Mark,Cooper,0,37,11,1985,Miami (FL),72,,5,30,77,270,G,0,0,0,0,0,0,0,0,0,0,0,0,0,0,0,0,None,,,,,a,0131.png,,blonde_3058.png,62,28,1,42,8,54,1,66,62,36,1,1,51,0,1,1,1,1,1,89,8,1,1,1,1,1,1,1,1,1,3,65,68,18,85,84,81,0,42,50,61,77,41,67,96
2599,,62,1991,1985,Steve,Courson,0,49,9,1985,South Carolina,72,,3,33,73,274,G,0,0,0,0,0,0,0,0,0,0,0,0,0,0,0,0,None,AthBlocker,,,,b,0099.png,,bald_3015.png,77,37,1,32,1,41,1,52,61,27,1,1,43,0,1,1,1,1,1,63,20,42,1,1,1,1,1,1,1,1,61,33,69,71,52,34,90,0,44,32,59,84,45,30,77
1922,,65,1991,1985,Randy,Cross,0,10,13,1985,UCLA,51,,4,35,75,259,G,0,0,0,0,0,0,0,0,0,0,0,0,0,0,0,0,None,,,,,b,10085.png,,black_3080.png,54,43,1,27,24,46,1,60,68,40,1,1,52,0,1,1,1,1,1,81,29,17,1,1,1,1,1,1,1,1,32,68,97,29,89,95,89,0,48,47,34,87,31,67,10
12875,6610,72,1991,0,Bernard,Dafney,0,0,0,0,Tennessee,0,,0,24,77,324,G,0,0,0,0,0,0,0,0,0,0,0,0,0,0,0,0,None,,,,,,,,,66,33,1,37,7,60,1,59,74,37,1,1,58,0,0,0,0,0,0,95,14,8,0,0,0,0,0,0,0,0,57,90,67,66,74,72,82,0,48,44,47,71,47,31,91
12762,6614,74,1991,0,Bob,Dahl,0,0,0,0,Notre Dame,0,,0,24,77,318,G,0,0,0,0,0,0,0,0,0,0,0,0,0,0,0,0,None,,,,,,,,,78,44,1,51,19,68,1,60,65,38,1,1,65,0,0,0,0,0,0,90,23,29,0,0,0,0,0,0,0,0,2,63,61,2,98,83,80,0,38,32,43,96,46,64,71
2380,,81,1991,1985,Ken,Dallafior,20,36,9,1985,Minnesota,69,,6,32,76,276,G,1450000,3,1450000,1450000,1450000,0,0,0,0,0,0,0,0,0,0,0,None,,,,,a,0143.png,default-jersey-01.png,black_3010.png,78,46,1,50,14,59,1,74,78,30,1,1,62,0,1,1,1,1,1,97,1,1,1,1,1,1,1,1,1,1,48,100,71,40,93,61,81,0,45,46,33,73,39,42,99
12522,,70,1991,0,Isaac,Davis,0,0,0,0,Arkansas,72,,0,22,75,320,G,0,0,0,0,0,0,0,0,0,0,0,0,0,0,0,0,None,,,,,a,0144.png,,darkbrown_3084.png,78,36,1,38,8,59,1,66,66,37,1,1,63,0,1,1,1,1,1,51,35,35,1,1,1,1,1,1,1,1,3,65,62,31,74,61,85,0,47,46,61,88,42,50,77
1841,,86,1991,1985,Joe,DeLamielleure,0,6,11,1985,Michigan State,68,,2,36,75,254,G,0,0,0,0,0,0,0,0,0,0,0,0,0,0,0,0,None,AthBlocker,,,,b,0021.png,,bald_3008.png,90,46,6,47,19,64,3,73,89,40,1,1,69,0,1,1,1,1,1,85,51,46,1,1,1,1,1,1,1,1,56,68,74,45,74,96,83,0,45,47,38,87,45,59,10
7104,,78,1991,1988,Chris,Denman,1,6,6,1988,Fresno State,78,,3,25,79,305,G,490000,1,490000,0,0,0,0,0,0,0,0,0,0,0,0,0,None,,,,,a,0123.png,default-jersey-01.png,bald_3018.png,85,41,1,48,4,60,1,60,75,32,1,1,72,0,1,1,1,1,1,93,21,21,1,1,1,1,1,1,1,1,76,99,69,87,80,88,96,0,44,30,62,90,49,50,69
3587,,71,1991,0,Jorge,Diaz,0,0,0,0,Texas A&M-Kingsville,75,,1,24,76,308,G,0,0,0,0,0,0,0,0,0,0,0,0,0,0,0,0,None,,,,,b,10087.png,,blonde_3006.png,72,44,1,37,9,58,1,64,67,33,1,1,69,0,1,1,1,1,1,76,15,11,1,1,1,1,1,1,1,1,9,53,64,26,20,20,94,0,49,43,55,72,38,53,80
2311,,72,1991,1985,Chris,Dieterich,0,24,2,1985,North Carolina State,65,,6,33,75,262,G,0,0,0,0,0,0,0,0,0,0,0,0,0,0,0,0,None,,,,,a,10584.png,,bald_3018.png,70,48,1,32,11,60,1,68,66,37,1,1,57,0,1,1,1,1,1,91,26,6,1,1,1,1,1,1,1,1,24,82,88,20,91,76,96,0,44,35,38,95,42,64,0
9865,,63,1991,0,Curt,DiGiacomo,0,0,0,0,Arizona,63,,1,24,76,270,G,0,0,0,0,0,0,0,0,0,0,0,0,0,0,0,0,None,,,,,a,0103.png,,black_3054.png,61,32,1,32,1,62,1,64,58,25,1,1,57,0,1,1,1,1,1,50,35,35,1,1,1,1,1,1,1,1,87,62,63,86,89,61,77,0,42,50,49,70,40,47,89
12510,,81,1991,1991,David,Dixon,2,3,9,1991,Arizona State,68,,0,25,77,343,G,750000,3,750000,750000,750000,0,0,0,0,0,0,0,0,0,0,0,None,,,,,b,0088.png,,darkbrown_3025.png,83,59,1,60,22,57,1,75,79,28,1,1,54,0,1,1,1,1,1,55,31,33,1,1,1,1,1,1,1,1,70,37,53,55,70,34,100,0,38,39,33,86,38,69,72
9832,,77,1991,1990,Mark,Dixon,20,7,3,1990,Virginia,64,,1,29,76,295,G,250000,1,250000,0,0,0,0,0,0,0,0,0,0,0,0,0,None,TeamPlayer,,,,b,0095.png,default-jersey-01.png,black_3062.png,80,43,1,39,6,64,1,70,79,44,1,1,58,0,1,1,1,1,1,61,27,27,1,1,1,1,1,1,1,1,39,67,71,31,95,86,90,0,48,41,52,96,47,40,71
3591,,67,1991,1986,Kevin,Dogins,0,6,12,1986,Texas A&M-Kingsville,69,,5,29,73,295,G,0,0,0,0,0,0,0,0,0,0,0,0,0,0,0,0,None,,,,,a,0118.png,,red_3022.png,73,44,1,43,6,52,1,57,62,25,1,1,57,0,1,1,1,1,1,73,15,13,1,1,1,1,1,1,1,1,35,87,90,8,82,65,88,0,48,43,52,99,38,31,30
9839,,70,1991,0,Jim,Dombrowski,0,0,0,0,Virginia,68,,1,24,77,300,G,0,0,0,0,0,0,0,0,0,0,0,0,0,0,0,0,None,,,,,a,0112.png,,darkbrown_3023.png,65,35,1,36,12,53,1,64,76,45,1,1,61,0,1,1,1,1,1,55,35,35,1,1,1,1,1,1,1,1,37,72,82,35,99,61,71,0,31,46,52,74,39,53,99
6156,,73,1991,0,Kevin,Donnalley,0,0,0,0,Davidson,69,,4,27,77,310,G,0,0,0,0,0,0,0,0,0,0,0,0,0,0,0,0,None,AthBlocker,,,,b,0093.png,default-jersey-01.png,black_3021.png,66,59,1,55,5,67,1,63,64,35,1,1,55,0,1,1,1,1,1,89,26,8,1,1,1,1,1,1,1,1,57,81,77,60,97,85,82,0,40,37,61,78,36,42,72
2378,,74,1991,1985,Brad,Edelman,0,32,5,1985,Missouri,64,,6,31,78,265,G,0,0,0,0,0,0,0,0,0,0,0,0,0,0,0,0,None,,,,,a,0104.png,default-jersey-01.png,red_3013.png,61,38,1,28,8,72,1,64,77,32,1,1,56,0,1,1,1,1,1,95,17,8,1,1,1,1,1,1,1,1,43,63,51,63,70,53,75,0,48,42,42,95,39,38,37
12839,8317,74,1991,0,Matt,Elliott,0,0,0,0,Michigan,0,,0,24,75,288,G,0,0,0,0,0,0,0,0,0,0,0,0,0,0,0,0,None,,,,,,,,,69,43,1,38,17,65,1,73,80,38,1,1,70,0,0,0,0,0,0,30,15,24,0,0,0,0,0,0,0,0,7,87,82,21,65,86,98,0,44,43,70,83,47,56,81
5690,,95,1991,1987,Jahri,Evans,5,1,4,1987,Bloomsburg,71,,4,27,76,316,G,5400000,6,5400000,5400000,5400000,5400000,5400000,5400000,0,0,0,0,0,0,0,0,None,AthBlocker,,,,a,0119.png,,lightbrown_3084.png,96,66,9,66,28,67,8,81,91,45,1,7,77,0,1,1,1,1,1,100,27,28,1,1,1,1,1,1,1,1,14,30,56,27,12,34,77,0,30,43,60,71,39,41,98
2314,,81,1991,1985,Paul,Fairchild,1,25,14,1985,Kansas,54,,6,30,76,270,G,2000000,2,2000000,2000000,0,0,0,0,0,0,0,0,0,0,0,0,None,,,,,b,10060.png,default-jersey-01.png,black_3057.png,78,47,1,45,12,59,1,68,86,35,1,1,65,0,1,1,1,1,1,84,7,1,1,1,1,1,1,1,1,1,13,87,67,6,63,61,77,0,30,35,36,76,30,56,41
9827,,92,1991,1990,Alan,Faneca,1,1,8,1990,LSU,67,,1,23,77,312,G,2500000,3,2500000,2500000,2500000,0,0,0,0,0,0,0,0,0,0,0,None,TenaciousBlocker,,,,b,0023.png,default-jersey-01.png,darkbrown_3014.png,86,70,7,63,31,69,1,76,94,51,10,5,74,0,1,1,1,1,1,91,28,32,1,1,1,1,1,1,1,1,51,53,42,66,68,61,96,0,41,49,47,92,42,50,0
1950,,90,1991,1985,Dan,Fike,8,5,9,1985,Florida,69,,6,30,79,280,G,6100000,2,6100000,6100000,0,0,0,0,0,0,0,0,0,0,0,0,None,,,,,b,10055.png,,black_3013.png,87,52,1,52,10,68,1,78,90,44,1,1,75,0,1,1,1,1,1,100,1,9,1,1,1,1,1,1,1,1,10,78,91,2,77,90,85,0,42,33,57,86,34,32,25
6148,,74,1991,0,John,Flannery,0,0,0,0,Syracuse,72,,4,26,76,303,G,0,0,0,0,0,0,0,0,0,0,0,0,0,0,0,0,None,,,,,b,0051.png,,darkbrown_3016.png,69,53,1,41,1,48,1,65,79,32,1,1,68,0,1,1,1,1,1,71,21,13,1,1,1,1,1,1,1,1,42,69,35,46,45,58,74,0,48,38,45,99,40,33,28
2183,,83,1991,1985,Roy,Foster,2,14,6,1985,USC,73,,6,31,76,282,G,3000000,1,3000000,0,0,0,0,0,0,0,0,0,0,0,0,0,None,AthBlocker,,,,b,10055.png,,darkbrown_3008.png,86,47,1,40,18,66,1,78,76,31,1,1,66,0,1,1,1,1,1,100,15,17,1,1,1,1,1,1,1,1,11,61,54,34,33,27,76,0,43,36,66,95,40,57,75
1886,,87,1991,1985,Bill,Fralic,14,4,9,1985,Pittsburgh,79,,6,29,77,280,G,4700000,3,4700000,4700000,4700000,0,0,0,0,0,0,0,0,0,0,0,None,AthBlocker,,,,a,0132.png,,lightbrown_3017.png,77,52,1,58,13,61,1,73,90,52,1,1,75,0,1,1,1,1,1,100,1,3,1,1,1,1,1,1,1,1,72,46,71,75,38,63,84,0,45,43,35,76,31,46,10
7379,,63,1991,0,Thomas,Gafford,0,0,0,0,Houston,63,,1,24,74,252,G,0,0,0,0,0,0,0,0,0,0,0,0,0,0,0,0,None,,,,,a,0107.png,,bald_3034.png,65,34,1,46,1,53,1,53,58,36,1,1,54,0,1,1,1,1,1,68,4,4,1,1,1,1,1,1,1,1,52,80,67,63,83,78,70,0,36,36,35,70,45,32,100
9837,,82,1991,1990,Mike,Goff,14,4,10,1990,Iowa,67,,1,23,77,306,G,500000,2,500000,500000,0,0,0,0,0,0,0,0,0,0,0,0,None,AthBlocker|Perceptive,,,,a,0113.png,default-jersey-01.png,darkbrown_3029.png,81,45,1,56,12,59,1,81,78,48,1,1,59,0,1,1,1,1,1,71,27,26,1,1,1,1,1,1,1,1,63,50,41,34,64,58,99,0,47,41,62,99,43,53,31
8467,,82,1991,1989,Kenyon,Green,9,4,17,1989,Texas AM,62,,2,22,76,323,G,550000,1,550000,0,0,0,0,0,0,0,0,0,0,0,0,0,None,,,,,a,0143.png,default-jersey-01.png,darkbrown_3017.png,78,45,2,52,12,63,1,70,79,35,1,1,67,0,1,1,1,1,1,100,21,23,1,1,1,1,1,1,1,1,37,82,76,13,94,91,91,0,43,33,30,97,45,52,94
7065,,80,1991,1988,Ben,Grubbs,15,4,12,1988,Auburn,67,,3,25,75,311,G,250000,2,250000,250000,0,0,0,0,0,0,0,0,0,0,0,0,None,,,,,b,0034.png,default-jersey-01.png,black_3044.png,89,57,1,54,18,54,1,60,84,44,1,1,58,0,1,1,1,1,1,63,19,11,1,1,1,1,1,1,1,1,15,60,48,18,16,30,95,0,30,49,41,71,30,38,0
9849,,68,1991,0,Bob,Hallen,0,0,0,0,Kent State,60,,1,24,75,305,G,0,0,0,0,0,0,0,0,0,0,0,0,0,0,0,0,None,,,,,a,0130.png,,black_3018.png,72,48,1,50,11,62,1,60,62,24,1,1,55,0,1,1,1,1,1,52,35,35,1,1,1,1,1,1,1,1,39,83,64,59,70,99,80,0,34,31,67,84,50,68,94
2047,,77,1991,1985,Ron,Hallstrom,15,9,9,1985,Iowa,61,,6,32,78,300,G,2600000,2,2600000,2600000,0,0,0,0,0,0,0,0,0,0,0,0,None,WorkoutFanatic|CommunityBenefactor,,,,a,0146.png,,bald_3009.png,67,50,1,44,16,77,1,59,75,35,1,1,70,0,1,1,1,1,1,100,12,11,1,1,1,1,1,1,1,1,37,93,85,50,84,81,80,0,39,34,65,79,34,47,8
2131,,65,1991,1985,Charley,Hannah,0,22,3,1985,Alabama,73,,5,35,77,260,G,0,0,0,0,0,0,0,0,0,0,0,0,0,0,0,0,None,,,,,b,0021.png,,black_3022.png,59,33,1,26,13,59,1,57,63,35,1,1,53,0,1,1,1,1,1,94,12,21,1,1,1,1,1,1,1,1,48,50,55,70,38,60,90,0,37,39,31,86,40,58,64
1873,,76,1991,1985,John,Hannah,0,8,4,1985,Alabama,77,,6,40,74,265,G,0,0,0,0,0,0,0,0,0,0,0,0,0,0,0,0,None,TenaciousBlocker,,,,b,0059.png,,black_3039.png,80,46,3,35,25,63,1,66,71,59,1,1,84,0,1,1,1,1,1,97,23,26,1,1,1,1,1,1,1,1,77,38,66,91,48,33,91,0,44,41,64,100,40,57,52
2042,,81,1991,1985,Dennis,Harrah,0,11,14,1985,Miami (FL),60,,2,34,77,260,G,0,0,0,0,0,0,0,0,0,0,0,0,0,0,0,0,None,,,,,b,10092.png,,darkbrown_3022.png,89,59,1,51,14,63,1,81,67,45,4,1,73,0,1,1,1,1,1,77,11,19,1,1,1,1,1,1,1,1,33,62,49,59,35,55,92,0,41,42,70,86,33,39,62
7266,,63,1991,0,Leroy,Harris,0,0,0,0,North Carolina State,71,,1,23,74,298,G,0,0,0,0,0,0,0,0,0,0,0,0,0,0,0,0,None,,,,,b,0036.png,,black_3065.png,70,34,1,31,4,51,1,55,57,23,1,1,50,0,1,1,1,1,1,85,2,15,1,1,1,1,1,1,1,1,50,69,79,69,60,99,81,0,30,38,30,82,39,53,73
9831,,85,1991,1990,Gene,Hickerson,4,4,9,1990,Mississippi,66,,1,24,75,248,G,500000,2,500000,500000,0,0,0,0,0,0,0,0,0,0,0,0,None,,,,,b,10052.png,default-jersey-01.png,bald_3026.png,80,48,1,51,21,70,1,74,85,44,1,1,76,0,1,1,1,1,1,81,26,29,1,1,1,1,1,1,1,1,7,50,51,32,32,12,93,0,48,31,56,84,40,57,27
1820,,89,1991,1985,Kent,Hill,0,2,9,1985,Georgia Tech,72,,5,33,77,260,G,0,0,0,0,0,0,0,0,0,0,0,0,0,0,0,0,None,TenaciousBlocker,,,,b,0093.png,,darkbrown_3004.png,78,60,5,54,15,63,1,84,87,44,1,5,62,0,1,1,1,1,1,100,33,24,1,1,1,1,1,1,1,1,62,46,68,97,47,58,71,0,41,43,54,72,43,34,40
12520,,71,1991,0,Charles,Hope,0,0,0,0,Central State (OH),64,,0,24,75,303,G,0,0,0,0,0,0,0,0,0,0,0,0,0,0,0,0,None,,,,,b,10055.png,,black_3087.png,65,32,1,47,1,51,1,65,74,34,1,1,54,0,1,1,1,1,1,58,35,35,1,1,1,1,1,1,1,1,47,35,62,50,30,67,99,0,45,40,48,71,34,62,77
2045,,78,1991,1985,Paul,Howard,0,23,12,1985,BYU,60,,1,36,75,260,G,0,0,0,0,0,0,0,0,0,0,0,0,0,0,0,0,None,,,,,a,0133.png,,lightbrown_3009.png,78,42,1,46,4,70,1,67,77,43,1,1,55,0,1,1,1,1,1,77,15,14,1,1,1,1,1,1,1,1,40,83,97,44,99,90,100,0,44,37,30,98,50,44,100
6068,,70,1991,0,John,Hudson,0,0,0,0,Auburn,74,,4,27,74,270,G,0,0,0,0,0,0,0,0,0,0,0,0,0,0,0,0,None,,,,,c,0237.png,,darkbrown_3018.png,72,45,1,44,1,54,1,71,58,19,1,1,49,0,1,1,1,1,1,87,13,19,1,1,1,1,1,1,1,1,37,44,39,40,29,9,84,0,36,39,56,82,36,62,7
2448,,66,1991,1985,Ken,Huff,0,30,12,1985,North Carolina,61,,2,34,76,260,G,0,0,0,0,0,0,0,0,0,0,0,0,0,0,0,0,None,,,,,a,0128.png,,darkbrown_3102.png,59,30,1,33,9,65,1,67,65,25,1,1,55,0,1,1,1,1,1,48,39,32,1,1,1,1,1,1,1,1,47,71,97,47,85,81,83,0,46,44,38,95,33,49,89
2315,,74,1991,1985,Tim,Huffman,0,33,8,1985,Notre Dame,67,,6,32,77,277,G,0,0,0,0,0,0,0,0,0,0,0,0,0,0,0,0,None,,,,,a,0140.png,,black_3037.png,70,57,1,47,11,65,1,65,72,32,1,1,62,0,1,1,1,1,1,58,18,18,1,1,1,1,1,1,1,1,15,93,90,17,93,63,85,0,48,45,51,70,33,65,89
8468,,82,1991,1989,Ed,Ingram,6,4,18,1989,LSU,67,,2,24,75,307,G,550000,1,550000,0,0,0,0,0,0,0,0,0,0,0,0,0,None,,,,,a,0119.png,default-jersey-01.png,bald_3015.png,80,45,1,58,13,65,2,65,83,31,1,1,72,0,1,1,1,1,1,79,10,22,1,1,1,1,1,1,1,1,31,41,56,48,61,60,91,0,50,57,69,79,53,38,29
9855,,68,1991,0,Kendyl,Jacox,0,0,0,0,Kansas State,68,,1,24,74,330,G,0,0,0,0,0,0,0,0,0,0,0,0,0,0,0,0,None,,,,,a,10593.png,,darkbrown_3092.png,69,45,1,47,14,61,1,58,66,38,1,1,65,0,1,1,1,1,1,52,35,35,1,1,1,1,1,1,1,1,31,90,92,47,69,85,71,0,45,44,67,84,37,35,91
7294,,65,1991,0,Max,Jean-Gilles,0,0,0,0,Georgia,70,,3,26,76,355,G,0,0,0,0,0,0,0,0,0,0,0,0,0,0,0,0,None,,,,,a,10567.png,,red_3005.png,74,40,1,40,10,46,1,57,57,26,1,1,47,0,1,1,1,1,1,82,13,3,1,1,1,1,1,1,1,1,20,55,32,32,15,14,91,0,31,34,41,94,42,38,82
12521,,71,1991,0,Tre',Johnson,0,0,0,0,Temple,74,,0,23,74,328,G,0,0,0,0,0,0,0,0,0,0,0,0,0,0,0,0,None,,,,,a,10567.png,,darkbrown_3012.png,74,45,1,38,8,66,1,70,63,35,1,1,54,0,1,1,1,1,1,56,35,35,1,1,1,1,1,1,1,1,35,35,42,67,55,70,74,0,34,36,40,70,32,51,84
8469,,86,1991,1989,Zion,Johnson,11,2,5,1989,Boston College,63,,2,23,75,316,G,1750000,1,1750000,0,0,0,0,0,0,0,0,0,0,0,0,0,None,,,,,b,0094.png,default-jersey-01.png,bald_3032.png,83,58,10,57,14,72,2,72,82,35,8,4,72,0,1,1,1,1,1,100,17,14,1,1,1,1,1,1,1,1,28,33,33,7,9,2,72,0,47,37,68,79,36,56,30
5396,,62,1991,0,Davin,Joseph,0,0,0,0,Oklahoma,65,,1,24,74,305,G,0,0,0,0,0,0,0,0,0,0,0,0,0,0,0,0,None,,,,,b,0010.png,,bald_3011.png,71,45,1,39,2,61,1,56,60,27,1,1,49,0,1,1,1,1,1,17,7,11,1,1,1,1,1,1,1,1,32,73,68,36,67,94,71,0,32,45,44,78,45,54,87
9869,,61,1991,0,Brian,Jozwiak,0,0,0,0,West Virginia,63,,1,24,77,304,G,0,0,0,0,0,0,0,0,0,0,0,0,0,0,0,0,None,,,,,a,10591.png,,lightbrown_3089.png,67,35,1,44,9,58,1,49,57,30,1,1,48,0,1,1,1,1,1,49,35,35,1,1,1,1,1,1,1,1,12,63,87,21,76,85,71,0,40,45,54,72,40,49,92
8470,,86,1991,1989,Cam,Jurgens,5,3,11,1989,Nebraska,79,,2,24,75,303,G,850000,1,850000,0,0,0,0,0,0,0,0,0,0,0,0,0,None,,,,,c,0233.png,default-jersey-01.png,darkbrown_3021.png,80,61,2,64,32,64,2,76,81,27,4,1,68,0,1,1,1,1,1,97,12,26,1,1,1,1,1,1,1,1,5,61,50,36,6,6,79,0,62,59,62,87,65,37,65
5402,,81,1991,0,Chris,Kemoeatu,9,0,0,0,Utah,78,,4,27,75,344,G,2000000,3,2000000,2000000,2000000,0,0,0,0,0,0,0,0,0,0,0,None,,,,,a,0129.png,,darkbrown_3088.png,77,54,1,47,18,68,1,78,70,29,1,1,58,0,1,1,1,1,1,99,14,9,1,1,1,1,1,1,1,1,21,88,81,10,70,84,88,0,43,31,49,89,34,31,97
3358,,81,1991,1986,Pete,Kendall,17,3,12,1986,Boston College,65,,5,28,77,279,G,250000,1,250000,0,0,0,0,0,0,0,0,0,0,0,0,0,None,,,,,b,0076.png,default-jersey-01.png,black_3046.png,90,58,1,56,8,73,1,60,84,38,1,1,75,0,1,1,1,1,1,46,9,7,1,1,1,1,1,1,1,1,97,83,60,85,88,70,83,0,37,30,34,90,34,42,17
9838,,79,1991,0,Derek,Kennard,4,0,0,0,Nevada-Reno,76,,1,25,75,285,G,250000,1,250000,0,0,0,0,0,0,0,0,0,0,0,0,0,None,,,,,b,10076.png,default-jersey-01.png,darkbrown_3001.png,78,57,1,49,16,56,1,74,77,34,1,1,60,0,1,1,1,1,1,66,29,28,1,1,1,1,1,1,1,1,64,50,38,45,64,53,71,0,49,42,39,87,40,67,48
2523,,81,1991,1985,Crawford,Ker,19,45,17,1985,Florida,78,,6,29,75,288,G,2550000,3,2550000,2550000,2550000,0,0,0,0,0,0,0,0,0,0,0,None,AthBlocker,,,,a,10591.png,default-jersey-01.png,blonde_3016.png,81,47,1,49,16,57,1,64,84,34,1,1,73,0,1,1,1,1,1,95,1,9,1,1,1,1,1,1,1,1,78,54,30,65,70,50,82,0,37,46,70,71,38,42,12
2453,,66,1991,1985,Jeff,Kiewel,0,37,13,1985,Arizona,63,,3,28,76,270,G,0,0,0,0,0,0,0,0,0,0,0,0,0,0,0,0,None,,,,,b,10080.png,,black_3097.png,63,31,1,29,1,56,1,63,61,19,1,1,62,0,1,1,1,1,1,92,3,24,1,1,1,1,1,1,1,1,36,67,75,30,75,96,96,0,45,42,67,85,42,31,34
6167,,68,1991,0,Ed,King,0,0,0,0,Auburn,68,,4,26,76,300,G,0,0,0,0,0,0,0,0,0,0,0,0,0,0,0,0,None,,,,,b,0068.png,,black_3050.png,61,53,1,41,14,62,1,65,68,38,1,1,59,0,1,1,1,1,1,45,6,13,1,1,1,1,1,1,1,1,67,76,65,95,65,93,71,0,34,44,59,77,42,61,62
5634,,92,1991,1987,Chris,Kuper,13,2,9,1987,North Dakota,63,,4,28,76,302,G,6950000,4,6950000,6950000,6950000,6950000,0,0,0,0,0,0,0,0,0,0,None,TenaciousBlocker,,,,b,0009.png,default-jersey-01.png,bald_3022.png,83,63,1,68,24,76,1,71,93,37,1,1,85,0,1,1,1,1,1,100,20,26,1,1,1,1,1,1,1,1,62,85,97,98,74,92,90,0,42,48,62,77,43,65,11
12525,,67,1991,0,Corbin,Lacina,0,0,0,0,Augustana (SD),70,,0,24,76,302,G,0,0,0,0,0,0,0,0,0,0,0,0,0,0,0,0,None,,,,,a,10573.png,,darkbrown_3079.png,72,46,1,37,19,58,1,63,63,28,1,1,56,0,1,1,1,1,1,54,35,35,1,1,1,1,1,1,1,1,38,62,70,30,78,98,73,0,46,50,42,93,47,49,79
2450,,78,1991,1985,Larry,Lee,5,41,9,1985,UCLA,70,,6,32,74,265,G,250000,1,250000,0,0,0,0,0,0,0,0,0,0,0,0,0,None,,,,,b,0016.png,default-jersey-01.png,black_3032.png,71,60,1,43,16,74,1,69,72,43,1,1,66,0,1,1,1,1,1,93,13,24,1,1,1,1,1,1,1,1,17,73,79,25,86,86,90,0,31,44,68,78,38,39,95
2129,,78,1991,1985,Ronnie,Lee,0,18,7,1985,Baylor,75,,3,32,75,265,G,0,0,0,0,0,0,0,0,0,0,0,0,0,0,0,0,None,,,,,a,0144.png,,black_3002.png,66,35,1,42,23,60,1,70,84,35,1,1,53,0,1,1,1,1,1,78,21,19,1,1,1,1,1,1,1,1,21,45,46,29,37,6,84,0,36,39,42,95,45,57,76
12858,16874,75,1991,0,Jay,Leeuwenburg,0,0,0,0,Colorado,0,,0,23,75,294,G,0,0,0,0,0,0,0,0,0,0,0,0,0,0,0,0,None,,,,,,,,,79,46,1,44,11,75,1,62,73,30,1,1,68,0,0,0,0,0,0,54,20,14,0,0,0,0,0,0,0,0,48,60,50,30,59,30,71,0,46,32,65,96,36,46,82
8361,,90,1991,1989,Tyler,Linderbaum,18,2,4,1989,Iowa,51,,2,23,74,305,G,1750000,1,1750000,0,0,0,0,0,0,0,0,0,0,0,0,0,None,AthBlocker|Competitor,,,,b,0042.png,default-jersey-01.png,bald_3024.png,82,62,4,62,15,75,2,75,89,44,9,7,72,0,1,1,1,1,1,94,29,59,1,1,1,1,1,1,1,1,68,36,55,57,38,33,76,0,48,44,70,75,48,66,72
9846,,77,1991,1990,Chris,Liwienski,13,7,17,1990,Indiana,74,,1,24,77,325,G,250000,1,250000,0,0,0,0,0,0,0,0,0,0,0,0,0,None,,,,,b,0005.png,,black_3093.png,75,42,1,40,9,64,1,77,73,32,1,1,70,0,1,1,1,1,1,64,26,30,1,1,1,1,1,1,1,1,39,74,71,61,97,81,87,0,38,44,69,88,40,60,47
12528,,66,1991,0,Jose,Lockwood,0,0,0,0,Memphis,69,,0,24,77,315,G,0,0,0,0,0,0,0,0,0,0,0,0,0,0,0,0,None,,,,,b,0001.png,,black_3031.png,58,53,1,43,8,57,1,55,69,51,1,1,45,0,1,1,1,1,1,53,35,35,1,1,1,1,1,1,1,1,31,55,50,8,25,24,76,0,54,44,55,99,53,45,97
2522,,78,1991,1985,Terry,Long,7,34,16,1985,East Carolina,68,,6,32,71,272,G,750000,1,750000,0,0,0,0,0,0,0,0,0,0,0,0,0,None,,,,,a,0101.png,default-jersey-01.png,darkbrown_3026.png,70,47,1,45,19,52,1,71,82,29,1,1,61,0,1,1,1,1,1,84,1,1,1,1,1,1,1,1,1,1,37,79,92,32,63,69,100,0,46,38,51,71,48,40,54
2308,,83,1991,1985,Duval,Love,2,7,13,1985,UCLA,67,,6,28,75,275,G,3000000,1,3000000,0,0,0,0,0,0,0,0,0,0,0,0,0,None,,,,,b,0074.png,,black_3097.png,78,64,1,38,28,73,1,66,85,50,1,1,63,0,1,1,1,1,1,100,1,12,1,1,1,1,1,1,1,1,79,65,79,96,68,97,92,0,42,32,41,85,31,55,61
5471,,82,1991,1987,Deuce,Lutui,4,3,15,1987,USC,63,,4,27,75,340,G,2500000,2,2500000,2500000,0,0,0,0,0,0,0,0,0,0,0,0,None,,,,,b,0086.png,default-jersey-01.png,black_3069.png,75,45,1,45,14,61,1,67,86,34,1,1,60,0,1,1,1,1,1,97,14,22,1,1,1,1,1,1,1,1,94,83,94,78,79,71,99,0,38,41,63,96,45,48,42
12515,,74,1991,1991,Eric,Mahlum,19,6,2,1991,California,51,,0,24,76,284,G,250000,2,250000,250000,0,0,0,0,0,0,0,0,0,0,0,0,None,,,,,b,10073.png,,black_3006.png,72,39,1,38,14,65,1,63,79,35,1,1,65,0,1,1,1,1,1,56,32,32,1,1,1,1,1,1,1,1,32,94,90,47,88,61,84,0,35,40,36,79,31,45,83
2187,,84,1991,1985,Rick,Mallory,18,18,14,1985,Washington,68,,6,31,74,265,G,6700000,2,6700000,6700000,0,0,0,0,0,0,0,0,0,0,0,0,None,AthBlocker,,,,b,10094.png,,bald_3035.png,77,50,1,52,16,60,1,76,83,40,1,1,59,0,1,1,1,1,1,95,5,1,1,1,1,1,1,1,1,1,26,86,66,3,60,92,94,0,40,40,39,88,39,41,47
3387,,87,1991,1986,Jermane,Mayberry,13,3,6,1986,Texas A&M-Kingsville,62,,5,28,76,325,G,1750000,1,1750000,0,0,0,0,0,0,0,0,0,0,0,0,0,None,AthBlocker,,,,b,10051.png,default-jersey-01.png,black_3003.png,91,61,1,48,22,62,1,72,86,48,1,1,76,0,1,1,1,1,1,100,6,1,1,1,1,1,1,1,1,1,38,66,95,55,62,92,84,0,40,35,46,89,31,40,33
1874,,93,1991,1985,Guy,McIntyre,18,4,14,1985,Georgia,62,,6,30,75,275,G,6400000,2,6400000,6400000,0,0,0,0,0,0,0,0,0,0,0,0,None,AthBlocker,,,,b,0063.png,,black_3006.png,95,50,1,57,12,81,1,74,91,38,1,1,67,0,1,1,1,1,1,100,5,27,1,1,1,1,1,1,1,1,35,42,55,60,57,37,87,0,39,39,51,87,30,66,56
12512,,76,1991,1991,Everett,McIver,12,5,3,1991,Elizabeth City State,64,,0,24,77,318,G,250000,2,250000,250000,0,0,0,0,0,0,0,0,0,0,0,0,None,,,,,a,0138.png,,darkbrown_3074.png,78,38,1,41,6,63,1,70,79,28,1,1,58,0,1,1,1,1,1,53,32,32,1,1,1,1,1,1,1,1,48,71,73,56,90,85,72,0,39,33,51,98,48,53,91
8471,,71,1991,1989,Marcus,McKethan,0,6,11,1989,N/A,60,,2,24,79,335,G,0,0,0,0,0,0,0,0,0,0,0,0,0,0,0,0,None,,,,,b,0090.png,,black_3049.png,74,43,1,41,4,56,1,64,69,31,1,1,49,0,1,1,1,1,1,61,18,15,1,1,1,1,1,1,1,1,41,71,68,70,86,97,91,0,52,70,57,87,59,45,80
6014,,76,1991,0,Jon,Melander,0,0,0,0,Minnesota,65,,4,29,79,280,G,0,0,0,0,0,0,0,0,0,0,0,0,0,0,0,0,None,,,,,b,0031.png,,bald_3039.png,81,43,1,39,5,57,1,63,73,38,1,1,65,0,1,1,1,1,1,97,14,21,1,1,1,1,1,1,1,1,75,64,50,66,47,34,78,0,42,49,47,77,31,60,12
9870,,62,1991,0,Ruben,Mendoza,0,0,0,0,Wayne State (NE),68,,1,24,76,290,G,0,0,0,0,0,0,0,0,0,0,0,0,0,0,0,0,None,,,,,b,0088.png,,bald_3036.png,63,36,1,38,3,52,1,60,58,27,1,1,57,0,1,1,1,1,1,46,35,35,1,1,1,1,1,1,1,1,63,85,84,36,96,80,70,0,45,30,56,76,31,61,81
5457,,61,1991,0,Aaron,Merz,0,0,0,0,California,71,,1,24,75,346,G,0,0,0,0,0,0,0,0,0,0,0,0,0,0,0,0,None,,,,,b,0066.png,,bald_3021.png,74,41,1,39,3,51,1,51,60,36,1,1,52,0,1,1,1,1,1,35,4,14,1,1,1,1,1,1,1,1,37,65,52,70,48,53,78,0,31,35,50,81,33,56,93
9836,,82,1991,1990,Mike,Michalske,5,3,18,1990,Penn State,77,,1,25,72,210,G,750000,2,750000,750000,0,0,0,0,0,0,0,0,0,0,0,0,None,Competitor,,,,a,0127.png,default-jersey-01.png,black_3059.png,86,60,1,62,20,63,1,65,83,75,1,1,82,0,1,1,1,1,1,56,27,26,1,1,1,1,44,1,1,1,69,71,68,61,61,92,90,0,32,30,35,87,34,55,65
3407,,71,1991,0,Jim,Mills,0,0,0,0,Idaho,76,,1,24,76,290,G,0,0,0,0,0,0,0,0,0,0,0,0,0,0,0,0,None,,,,,b,0036.png,,black_3043.png,69,36,1,42,11,62,1,68,63,19,1,1,45,0,1,1,1,1,1,81,24,16,1,1,1,1,1,1,1,1,37,67,44,67,52,33,84,0,45,43,46,82,34,43,84
12529,,66,1991,0,Rod,Milstead,0,0,0,0,Delaware State,63,,0,25,74,290,G,0,0,0,0,0,0,0,0,0,0,0,0,0,0,0,0,None,,,,,a,0124.png,,lightbrown_3074.png,70,40,1,38,6,57,1,53,68,33,1,1,55,0,1,1,1,1,1,50,35,35,1,1,1,1,1,1,1,1,35,64,90,2,83,70,84,0,35,40,35,92,31,64,91
2049,,84,1991,1985,Dean,Miraldi,0,14,15,1985,Long Beach State,60,,6,33,77,266,G,0,0,0,0,0,0,0,0,0,0,0,0,0,0,0,0,None,,,,,b,10056.png,,black_3023.png,79,55,1,49,15,66,1,80,76,31,1,1,56,0,1,1,1,1,1,100,20,10,1,1,1,1,1,1,1,1,28,35,39,31,23,7,96,0,48,34,53,93,36,69,28
1842,,66,1991,1985,Max,Montoya,0,5,2,1985,UCLA,68,,6,35,77,282,G,0,0,0,0,0,0,0,0,0,0,0,0,0,0,0,0,None,,,,,b,0013.png,,blonde_3006.png,64,40,1,31,14,59,1,70,53,41,1,1,45,0,1,1,1,1,1,91,25,26,1,1,1,1,1,1,1,1,87,61,35,73,49,47,97,0,35,40,47,89,42,42,65
2313,,67,1991,1985,Rich,Moran,0,25,15,1985,San Diego State,75,,6,29,75,276,G,0,0,0,0,0,0,0,0,0,0,0,0,0,0,0,0,None,,,,,b,0041.png,,darkbrown_3003.png,67,39,1,39,1,65,1,65,54,23,1,1,54,0,1,1,1,1,1,88,1,1,1,1,1,1,1,1,1,1,74,47,70,69,61,34,88,0,40,41,32,95,49,39,18
6076,,84,1991,0,Eric,Moten,10,0,0,0,Michigan State,76,,4,27,75,306,G,5500000,5,5500000,5500000,5500000,5000000,5000000,0,0,0,0,0,0,0,0,0,None,,,,,b,0054.png,,bald_3027.png,78,45,1,53,20,71,1,76,78,42,1,1,70,0,1,1,1,1,1,100,11,15,1,1,1,1,1,1,1,1,75,78,80,75,64,91,99,0,46,49,61,92,37,36,98
1840,,90,1991,1985,Mike,Munchak,15,2,16,1985,Penn State,63,,6,31,75,281,G,6400000,3,6400000,6400000,6400000,0,0,0,0,0,0,0,0,0,0,0,None,TenaciousBlocker,,,,b,0019.png,,bald_3023.png,90,50,6,58,24,70,9,74,88,45,1,1,71,0,1,1,1,1,1,100,26,26,1,1,1,1,1,1,1,1,86,60,100,85,93,62,81,0,34,32,59,91,32,50,51
12840,20835,71,1991,0,Tom,Myslinski,0,0,0,0,Tennessee,0,,0,24,75,283,G,0,0,0,0,0,0,0,0,0,0,0,0,0,0,0,0,None,,,,,,,,,74,50,1,39,10,63,1,64,67,23,1,1,50,0,0,0,0,0,0,58,23,13,0,0,0,0,0,0,0,0,43,94,88,52,62,90,86,0,31,47,31,85,46,67,90
5431,,69,1991,0,Ikechuku,Ndukwe,0,0,0,0,Northwestern,64,,4,28,76,338,G,0,0,0,0,0,0,0,0,0,0,0,0,0,0,0,0,None,,,,,a,0103.png,,black_3059.png,64,48,1,50,9,63,1,65,63,25,1,1,64,0,1,1,1,1,1,61,18,8,1,1,1,1,1,1,1,1,43,42,31,61,69,49,99,0,33,48,30,96,42,30,78
9828,,88,1991,1990,Tom,Newberry,11,2,1,1990,Wisconsin-LaCrosse,79,,1,25,74,285,G,1500000,2,1500000,1500000,0,0,0,0,0,0,0,0,0,0,0,0,None,,,,,b,0087.png,default-jersey-01.png,black_3087.png,94,62,1,63,16,79,4,83,72,36,5,5,74,0,1,1,1,1,1,83,33,30,1,1,1,1,1,1,1,1,74,56,65,74,57,32,74,0,42,49,60,92,50,45,95
9829,,87,1991,1990,Nate,Newton,19,2,6,1990,Florida A&M,64,,1,26,75,318,G,1250000,2,1250000,1250000,0,0,0,0,0,0,0,0,0,0,0,0,None,FanFavorite,,,,b,10051.png,default-jersey-01.png,black_3020.png,88,55,1,51,17,61,1,77,86,43,1,4,68,0,1,1,1,1,1,88,27,27,1,1,1,1,1,1,1,1,84,67,42,68,45,41,78,0,40,40,57,98,37,57,16
12527,,68,1991,0,Craig,Novitsky,0,0,0,0,UCLA,61,,0,23,77,295,G,0,0,0,0,0,0,0,0,0,0,0,0,0,0,0,0,None,,,,,b,0029.png,,darkbrown_3018.png,74,37,1,38,1,53,1,62,65,27,1,1,52,0,1,1,1,1,1,59,35,35,1,1,1,1,1,1,1,1,96,50,53,96,56,44,76,0,46,37,30,84,38,34,96
7397,,74,1991,1988,Uche,Nwaneri,0,3,16,1988,Purdue,66,,3,25,75,303,G,0,0,0,0,0,0,0,0,0,0,0,0,0,0,0,0,None,,,,,b,0036.png,,bald_3014.png,77,38,1,38,2,64,1,62,71,32,1,1,55,0,1,1,1,1,1,92,24,26,1,1,1,1,1,1,1,1,16,87,82,5,82,59,71,0,50,30,30,71,36,59,72
5479,,68,1991,0,Quinn,Ojinnaka,0,0,0,0,Syracuse,77,,1,23,77,309,G,0,0,0,0,0,0,0,0,0,0,0,0,0,0,0,0,None,,,,,a,10590.png,,blonde_3017.png,78,35,1,47,11,55,1,50,65,24,1,1,48,0,1,1,1,1,1,75,7,13,1,1,1,1,1,1,1,1,77,76,96,68,87,67,73,0,39,44,54,73,48,38,89
9840,,72,1991,0,Benji,Olson,0,0,0,0,Washington,75,,1,24,76,320,G,0,0,0,0,0,0,0,0,0,0,0,0,0,0,0,0,None,,,,,b,0019.png,,black_3040.png,70,46,1,43,10,59,1,60,76,36,1,1,73,0,1,1,1,1,1,50,35,35,1,1,1,1,1,1,1,1,83,98,75,99,78,65,81,0,36,32,65,84,41,49,70
12513,,76,1991,1991,Jerry,Ostroski,14,4,15,1991,Tulsa,52,,0,24,75,320,G,500000,3,500000,500000,500000,0,0,0,0,0,0,0,0,0,0,0,None,,,,,b,0009.png,,bald_3039.png,70,41,1,44,16,54,1,78,77,34,1,1,61,0,1,1,1,1,1,60,31,33,1,1,1,1,1,1,1,1,74,58,35,81,62,34,92,0,35,50,39,88,37,51,83
5485,,64,1991,0,Tony,Palmer,0,0,0,0,Missouri,74,,1,24,73,344,G,0,0,0,0,0,0,0,0,0,0,0,0,0,0,0,0,None,AthBlocker,,,,a,0146.png,,lightbrown_3025.png,73,43,1,42,12,58,1,56,64,25,1,1,55,0,1,1,1,1,1,15,12,2,1,1,1,1,1,1,1,1,80,66,70,99,82,85,72,0,38,42,31,79,40,59,83
12514,,77,1991,1991,Joe,Panos,1,4,19,1991,Wisconsin,70,,0,23,75,300,G,500000,3,500000,500000,500000,0,0,0,0,0,0,0,0,0,0,0,None,,,,,b,10100.png,,black_3005.png,78,52,1,48,19,61,1,70,75,45,1,1,64,0,1,1,1,1,1,61,32,33,1,1,1,1,1,1,1,1,45,99,84,34,61,65,82,0,33,34,45,96,42,38,77
8473,,86,1991,1989,Dylan,Parham,3,3,9,1989,Memphis,75,,2,24,75,311,G,850000,1,850000,0,0,0,0,0,0,0,0,0,0,0,0,0,None,AthBlocker|Competitor,,,,c,0238.png,default-jersey-01.png,lightbrown_3002.png,76,51,4,64,30,73,2,74,84,37,7,7,74,0,1,1,1,1,1,85,13,18,1,1,1,1,1,1,1,1,36,65,78,69,84,93,83,0,68,55,61,88,38,55,25
12508,,89,1991,1991,Jim,Parker,20,1,9,1991,Ohio State,77,,0,23,75,273,G,2500000,4,2500000,2500000,2500000,2500000,0,0,0,0,0,0,0,0,0,0,None,AthBlocker,,,,a,10597.png,default-jersey-01.png,darkbrown_3063.png,85,55,1,57,24,75,1,93,80,40,1,1,70,0,1,1,1,1,1,73,33,34,1,1,1,1,1,1,1,1,64,50,58,62,65,35,94,0,45,47,57,86,45,40,91
2048,,69,1991,1985,Petey,Perot,0,19,15,1985,Northwest State (LA),71,,5,33,74,261,G,0,0,0,0,0,0,0,0,0,0,0,0,0,0,0,0,None,,,,,b,0035.png,,bald_3010.png,64,43,1,23,9,70,1,54,67,39,1,1,70,0,1,1,1,1,1,100,20,26,1,1,1,1,1,1,1,1,61,81,88,86,74,76,72,0,48,32,32,97,50,49,26
3435,,79,1991,1986,Evan,Pilgrim,6,6,15,1986,BYU,65,,5,29,76,304,G,250000,2,250000,350000,0,0,0,0,0,0,0,0,0,0,0,0,None,,,,,a,0101.png,default-jersey-01.png,blonde_3056.png,76,50,1,46,13,65,1,76,75,23,1,1,56,0,1,1,1,1,1,77,1,12,1,1,1,1,1,1,1,1,26,67,93,33,81,64,89,0,37,44,53,96,48,51,21
6007,,70,1991,0,Chris,Port,0,0,0,0,Duke,76,,4,28,77,295,G,0,0,0,0,0,0,0,0,0,0,0,0,0,0,0,0,None,OFRedFlags,,,,a,0112.png,,blonde_3026.png,66,52,1,35,15,54,1,68,64,35,1,1,54,0,1,1,1,1,1,80,4,18,1,1,1,1,1,1,1,1,34,65,72,47,60,80,87,0,46,41,69,99,45,49,1
2128,,67,1991,1985,Robert,Pratt,0,30,15,1985,North Carolina,66,,3,37,75,255,G,0,0,0,0,0,0,0,0,0,0,0,0,0,0,0,0,None,,,,,a,10557.png,,lightbrown_3078.png,67,37,1,35,13,64,1,57,62,35,1,1,45,0,1,1,1,1,1,84,24,24,1,1,1,1,1,1,1,1,55,90,85,52,95,82,81,0,41,41,56,86,39,42,100
5642,,79,1991,1987,Kurt,Quarterman,20,5,6,1987,Louisville,73,,4,26,76,340,G,1950000,1,1950000,0,0,0,0,0,0,0,0,0,0,0,0,0,None,,,,,a,0108.png,default-jersey-01.png,lightbrown_3060.png,79,60,1,39,6,71,1,68,71,41,1,1,71,0,1,1,1,1,1,100,12,11,1,1,1,1,1,1,1,1,58,86,97,47,67,82,92,0,31,39,42,99,50,46,40
7272,,69,1991,1988,Manuel,Ramirez,0,6,1,1988,Texas Tech,62,,2,25,75,326,G,0,0,0,0,0,0,0,0,0,0,0,0,0,0,0,0,None,,,,,a,0122.png,,black_3016.png,75,35,1,51,13,58,1,63,64,36,1,1,59,0,1,1,1,1,1,52,21,17,1,1,1,1,1,1,1,1,83,94,70,75,65,94,73,0,42,47,65,76,32,41,1
12509,,82,1991,1991,John,Rankin,17,2,20,1991,FAU,67,,0,23,76,313,G,750000,3,750000,750000,750000,0,0,0,0,0,0,0,0,0,0,0,None,,,,,a,10588.png,,blonde_3036.png,81,44,1,60,15,75,2,81,70,24,1,1,68,0,1,1,1,1,1,72,34,35,1,1,1,1,1,1,1,1,10,61,93,24,77,82,96,0,49,37,48,80,44,33,56
12740,23552,75,1991,0,Thomas,Rayam,0,0,0,0,Alabama,0,,0,24,78,297,G,0,0,0,0,0,0,0,0,0,0,0,0,0,0,0,0,None,,,,,,,,,80,34,1,38,12,52,1,66,75,31,1,1,60,0,0,0,0,0,0,89,19,16,0,0,0,0,0,0,0,0,86,89,76,73,69,94,97,0,44,43,66,79,45,41,88
12516,,73,1991,1991,Anthony,Redmon,8,6,19,1991,Auburn,60,,0,23,77,308,G,250000,2,250000,250000,0,0,0,0,0,0,0,0,0,0,0,0,None,,,,,b,10096.png,,bald_3007.png,73,39,1,39,11,53,1,65,79,38,1,1,65,0,1,1,1,1,1,58,31,30,1,1,1,1,1,1,1,1,59,83,100,55,86,92,92,0,40,36,55,90,42,55,99
8475,,82,1991,1989,Sean,Rhyan,16,6,2,1989,UCLA,60,,2,24,77,321,G,2450000,6,2450000,2450000,2450000,2450000,2450000,2450000,0,0,0,0,0,0,0,0,None,,,,,b,10063.png,,bald_3017.png,77,56,6,48,18,62,9,73,79,44,7,4,60,0,1,1,1,1,1,100,19,12,1,1,1,1,1,1,1,1,41,64,42,58,68,64,80,0,52,44,54,82,43,49,82
9841,,71,1991,0,John,Rienstra,0,0,0,0,Temple,71,,1,24,77,273,G,0,0,0,0,0,0,0,0,0,0,0,0,0,0,0,0,None,,,,,b,0070.png,,bald_3011.png,68,37,1,45,16,55,1,66,73,27,1,1,60,0,1,1,1,1,1,48,35,35,1,1,1,1,1,1,1,1,67,66,44,58,33,70,79,0,35,32,34,81,48,62,94
2044,,79,1991,1985,Jim,Ritcher,0,13,7,1985,North Carolina State,62,,6,33,75,273,G,0,0,0,0,0,0,0,0,0,0,0,0,0,0,0,0,None,,,,,b,0048.png,,black_3061.png,81,47,1,36,5,56,1,68,79,45,1,1,59,0,1,1,1,1,1,100,10,5,1,1,1,1,1,1,1,1,44,90,99,66,77,91,76,0,31,45,53,74,48,42,1
9833,,78,1991,1990,Raleigh,Roundtree,2,6,19,1990,South Carolina State,71,,1,24,76,295,G,250000,1,250000,0,0,0,0,0,0,0,0,0,0,0,0,0,None,,,,,a,0102.png,default-jersey-01.png,black_3049.png,86,54,1,54,16,66,1,73,68,33,1,1,61,0,1,1,1,1,1,61,27,27,1,1,1,1,1,1,1,1,41,70,31,54,54,43,88,0,48,33,43,89,32,37,61
8476,,83,1991,1989,Jamaree,Salyer,12,5,16,1989,Georgia,71,,2,23,76,325,G,2400000,6,2400000,2400000,2400000,2400000,2400000,2400000,0,0,0,0,0,0,0,0,None,,,,,b,0071.png,,bald_3017.png,83,58,1,57,17,66,2,78,79,34,1,1,68,0,1,1,1,1,1,61,26,20,1,1,1,1,1,1,1,1,38,43,60,71,55,37,99,0,39,50,44,84,40,61,77
7126,,78,1991,1988,Dan,Santucci,16,6,7,1988,Notre Dame,73,,3,26,75,299,G,2400000,2,2400000,2400000,0,0,0,0,0,0,0,0,0,0,0,0,None,AthBlocker,,,,a,0140.png,,black_3038.png,73,45,1,44,10,68,1,68,72,24,1,1,67,0,1,1,1,1,1,100,19,15,1,1,1,1,1,1,1,1,24,64,93,24,91,62,83,0,46,49,54,73,31,55,53
2600,,68,1991,1985,John,Scully,0,38,17,1985,Notre Dame,61,,3,30,78,262,G,0,0,0,0,0,0,0,0,0,0,0,0,0,0,0,0,None,,,,,b,10086.png,,black_3065.png,67,49,1,37,5,65,1,64,64,40,1,1,63,0,1,1,1,1,1,53,39,34,1,1,1,1,1,1,1,1,33,79,61,36,89,80,96,0,33,32,40,89,46,62,57
7061,,71,1991,1988,Arron,Sears,0,7,1,1988,Tennessee,73,,3,25,75,319,G,0,0,0,0,0,0,0,0,0,0,0,0,0,0,0,0,None,,,,,a,10590.png,,darkbrown_3078.png,72,42,1,38,11,68,1,63,66,40,1,1,66,0,1,1,1,1,1,71,13,20,1,1,1,1,1,1,1,1,7,70,37,11,28,36,82,0,38,42,70,97,48,52,25
5526,,71,1991,0,Mark,Setterstrom,0,0,0,0,Minnesota,74,,4,27,75,315,G,0,0,0,0,0,0,0,0,0,0,0,0,0,0,0,0,None,,,,,b,0008.png,,black_3024.png,74,45,1,37,11,46,1,65,67,21,1,1,52,0,1,1,1,1,1,89,2,1,1,1,1,1,1,1,1,1,35,57,59,40,38,70,71,0,46,39,56,99,32,58,100
12519,,71,1991,0,Tim,Simpson,0,0,0,0,Illinois,78,,0,25,74,284,G,0,0,0,0,0,0,0,0,0,0,0,0,0,0,0,0,None,,,,,b,0032.png,,bald_3025.png,64,48,1,41,8,59,1,68,72,34,1,1,54,0,1,1,1,1,1,53,35,35,1,1,1,1,1,1,1,1,43,98,88,57,100,74,77,0,35,31,32,75,33,30,94
5532,,78,1991,1987,Rob,Sims,20,5,14,1987,Ohio State,67,,4,27,75,320,G,2450000,2,2450000,2450000,0,0,0,0,0,0,0,0,0,0,0,0,None,,,,,b,0058.png,,black_3077.png,71,54,1,49,12,67,1,76,67,30,1,1,62,0,1,1,1,1,1,99,10,1,1,1,1,1,1,1,1,1,40,32,71,43,33,65,93,0,37,49,36,96,38,69,27
9847,,69,1991,0,Reggie,Singletary,0,0,0,0,North Carolina State,77,,1,23,75,279,G,0,0,0,0,0,0,0,0,0,0,0,0,0,0,0,0,None,,,,,b,0038.png,,darkbrown_3004.png,84,39,1,37,4,57,1,64,65,39,1,1,54,0,1,1,1,1,1,50,35,35,1,1,1,1,1,1,1,1,80,52,37,91,30,61,75,0,35,50,57,91,36,54,78
12524,,69,1991,0,Doug,Skene,0,0,0,0,Michigan,67,,0,24,78,295,G,0,0,0,0,0,0,0,0,0,0,0,0,0,0,0,0,None,,,,,a,10568.png,,red_3026.png,77,49,1,31,1,46,1,67,68,31,1,1,55,0,1,1,1,1,1,51,35,35,1,1,1,1,1,1,1,1,45,89,71,35,71,62,84,0,37,44,49,71,36,41,83
8478,,90,1991,1989,Tyler,Smith,4,1,7,1989,Tulsa,73,,2,22,78,332,G,2600000,2,2600000,2850000,0,0,0,0,0,0,0,0,0,0,0,0,None,,,,,b,10088.png,,black_3023.png,88,48,6,58,22,69,2,81,86,31,5,4,73,0,1,1,1,1,1,96,29,34,1,1,1,1,1,1,1,1,74,97,78,80,65,72,84,0,33,49,69,75,40,57,0
8686,,65,1991,0,Tyroil,Smoochie-Wallace,0,0,0,0,Miami (FL),55,,1,21,75,235,G,0,0,0,0,0,0,0,0,0,0,0,0,0,0,0,0,None,,,,,b,0067.png,,black_3074.png,57,52,1,49,8,49,1,69,58,43,1,1,52,0,1,1,1,1,1,48,1,1,1,1,1,1,1,1,1,1,33,38,61,25,28,25,81,0,39,40,57,83,47,48,74
2598,,76,1991,1985,Ron,Solt,0,48,3,1985,Maryland,71,,6,29,75,279,G,0,0,0,0,0,0,0,0,0,0,0,0,0,0,0,0,None,,,,,b,0030.png,,black_3083.png,70,48,1,45,18,71,1,63,71,41,1,1,72,0,1,1,1,1,1,94,4,1,1,1,1,1,1,1,1,1,41,37,31,45,40,56,86,0,43,44,57,73,46,41,1
5544,,76,1991,1987,Jason,Spitz,0,6,1,1987,Louisville,76,,4,28,76,310,G,0,0,0,0,0,0,0,0,0,0,0,0,0,0,0,0,None,,,,,a,10551.png,default-jersey-01.png,lightbrown_3017.png,77,50,1,49,1,66,1,68,70,28,1,1,68,0,1,1,1,1,1,74,25,14,1,1,1,1,1,1,1,1,5,82,71,40,85,72,75,0,40,46,66,98,41,32,11
7387,,63,1991,0,Tre,Stallings,0,0,0,0,Mississippi State,69,,1,24,75,315,G,0,0,0,0,0,0,0,0,0,0,0,0,0,0,0,0,None,,,,,b,10074.png,,black_3094.png,74,46,1,35,1,52,1,58,58,29,1,1,62,0,1,1,1,1,1,40,13,11,1,1,1,1,1,1,1,1,94,46,33,66,33,46,76,0,41,33,58,81,35,49,85
6047,,78,1991,0,Joe,Staysniak,11,0,0,0,Ohio State,73,,4,29,76,292,G,2350000,1,2350000,0,0,0,0,0,0,0,0,0,0,0,0,0,None,AthBlocker,,,,a,10554.png,default-jersey-01.png,bald_3018.png,70,56,1,52,22,62,1,77,68,41,1,1,64,0,1,1,1,1,1,91,22,11,1,1,1,1,1,1,1,1,50,80,92,58,81,80,74,0,36,40,58,73,32,54,95
12707,27364,75,1991,0,Calvin,Stephens,0,0,0,0,South Carolina,0,,0,25,74,285,G,0,0,0,0,0,0,0,0,0,0,0,0,0,0,0,0,None,,,,,,,,,78,46,1,47,5,65,1,57,71,37,1,1,62,0,0,0,0,0,0,97,17,11,0,0,0,0,0,0,0,0,35,94,91,9,78,95,75,0,43,42,31,80,46,57,97
8479,,86,1991,1989,Cole,Strange,19,2,1,1989,Tenn-Chat,69,,2,25,77,305,G,1750000,1,1750000,0,0,0,0,0,0,0,0,0,0,0,0,0,None,TenaciousBlocker,,,,b,0075.png,,black_3044.png,81,55,3,57,29,67,2,78,81,43,5,6,69,0,1,1,1,1,1,100,18,26,1,1,1,1,1,1,1,1,51,83,69,60,88,96,77,0,64,61,70,73,38,30,19
7240,,66,1991,0,Kasey,Studdard,0,0,0,0,Texas,65,,1,23,72,299,G,0,0,0,0,0,0,0,0,0,0,0,0,0,0,0,0,None,,,,,b,10059.png,,black_3100.png,60,32,1,42,12,61,1,58,63,33,1,1,50,0,1,1,1,1,1,67,5,2,1,1,1,1,1,1,1,1,70,44,65,80,42,40,75,0,40,43,32,93,35,44,73
12889,27809,68,1991,0,Mike,Sullivan,0,0,0,0,Miami (FL),0,,0,25,75,292,G,0,0,0,0,0,0,0,0,0,0,0,0,0,0,0,0,None,,,,,,,,,77,43,1,44,13,62,1,58,59,27,1,1,57,0,0,0,0,0,0,67,12,13,0,0,0,0,0,0,0,0,77,70,53,91,62,62,72,0,37,30,47,92,41,47,94
1916,,88,1991,1985,Jim,Sweeney,6,5,11,1985,Pittsburgh,50,,6,29,76,297,G,4000000,2,4000000,4000000,0,0,0,0,0,0,0,0,0,0,0,0,None,WorkoutFanatic|CommunityBenefactor,,,,b,10079.png,,black_3005.png,86,39,1,46,19,77,1,81,82,37,1,1,77,0,1,1,1,1,1,100,19,11,1,1,1,1,1,1,1,1,23,89,67,26,69,99,80,0,48,36,57,100,50,70,41
12693,,84,1991,1991,Walt,Sweeney,7,2,1,1991,Syracuse,78,,0,22,76,256,G,1500000,3,1500000,1500000,1500000,0,0,0,0,0,0,0,0,0,0,0,None,,,,,a,10579.png,default-jersey-01.png,darkbrown_3074.png,84,70,1,68,66,57,1,77,81,60,1,1,65,0,1,1,1,35,38,62,32,31,1,1,1,49,1,1,1,1,65,94,92,56,70,82,86,0,33,33,59,99,45,53,91
2678,,69,1991,1985,Terry,Tausch,0,55,18,1985,Texas,66,,2,28,77,275,G,0,0,0,0,0,0,0,0,0,0,0,0,0,0,0,0,None,,,,,b,0086.png,,black_3065.png,81,47,1,34,3,55,1,68,64,31,1,1,65,0,1,1,1,1,1,47,15,23,1,1,1,1,1,1,1,1,28,76,76,36,63,95,79,0,46,45,39,97,45,40,76
2130,,82,1991,1985,Tom,Thayer,16,10,5,1985,Notre Dame,69,,6,30,76,271,G,2250000,1,2250000,0,0,0,0,0,0,0,0,0,0,0,0,0,None,,,,,a,10574.png,default-jersey-01.png,red_3029.png,81,41,1,43,9,66,1,67,82,48,1,1,73,0,1,1,1,1,1,100,5,13,1,1,1,1,1,1,1,1,67,90,82,59,65,82,84,0,40,32,44,77,30,31,8
2184,,58,1991,1985,R.C.,Thielemann,0,20,2,1985,Arkansas,69,,5,35,76,255,G,0,0,0,0,0,0,0,0,0,0,0,0,0,0,0,0,None,,,,,a,0132.png,,blonde_3060.png,50,15,1,27,3,44,1,60,58,34,1,1,38,0,1,1,1,1,1,64,33,23,1,1,1,1,1,1,1,1,9,33,36,1,31,28,99,0,42,34,49,86,43,32,50
12523,,70,1991,0,Quinton,Thomas,0,0,0,0,Eastern Washington,71,,0,24,75,326,G,0,0,0,0,0,0,0,0,0,0,0,0,0,0,0,0,None,,,,,a,0144.png,,blonde_3035.png,71,56,1,34,20,69,1,55,71,26,1,1,38,0,1,1,1,1,1,56,35,35,1,1,1,1,1,1,1,1,50,69,47,31,64,51,96,0,67,31,50,71,61,44,83
9872,,63,1991,0,Ron,Tilton,0,0,0,0,Florida,60,,1,24,76,250,G,0,0,0,0,0,0,0,0,0,0,0,0,0,0,0,0,None,,,,,a,10556.png,,lightbrown_3022.png,75,46,1,33,6,47,1,54,62,31,1,1,51,0,1,1,1,1,1,47,35,35,1,1,1,1,1,1,1,1,70,90,65,69,77,84,73,0,50,41,51,100,35,45,100
2601,,64,1991,1985,Glen,Titensor,0,37,3,1985,BYU,62,,4,31,76,263,G,0,0,0,0,0,0,0,0,0,0,0,0,0,0,0,0,None,,,,,a,0123.png,,bald_3034.png,62,42,1,43,1,53,1,56,63,33,1,1,62,0,1,1,1,1,1,53,18,17,1,1,1,1,1,1,1,1,70,71,100,70,96,86,79,0,38,38,66,85,30,41,32
9834,,78,1991,0,Tom,Toth,10,0,0,0,Western Michigan,74,,1,25,77,279,G,250000,1,250000,0,0,0,0,0,0,0,0,0,0,0,0,0,None,,,,,b,0078.png,default-jersey-01.png,black_3053.png,81,49,1,51,6,71,1,75,68,43,1,1,57,0,1,1,1,1,1,72,28,29,1,1,1,1,1,1,1,1,6,98,70,24,77,62,75,0,39,37,66,71,41,30,98
12526,,67,1991,0,Mark,Tucker,0,0,0,0,USC,60,,0,26,75,290,G,0,0,0,0,0,0,0,0,0,0,0,0,0,0,0,0,None,,,,,b,10057.png,,black_3016.png,70,45,1,34,4,61,1,66,61,30,1,1,45,0,1,1,1,1,1,55,35,35,1,1,1,1,1,1,1,1,40,60,50,70,44,68,70,0,40,36,53,96,43,45,71
3504,,80,1991,1986,Rich,Tylski,3,7,17,1986,Utah State,67,,5,30,76,305,G,250000,1,250000,0,0,0,0,0,0,0,0,0,0,0,0,0,None,,,,,b,0083.png,default-jersey-01.png,black_3010.png,86,44,1,42,7,64,1,65,78,43,1,1,69,0,1,1,1,1,1,95,12,2,1,1,1,1,1,1,1,1,99,74,88,79,89,94,71,0,37,44,43,95,41,62,25
1926,,80,1991,1985,Ben,Utt,13,7,1,1985,Georgia Tech,64,,6,32,77,275,G,2000000,1,2000000,0,0,0,0,0,0,0,0,0,0,0,0,0,None,,,,,b,0033.png,default-jersey-01.png,bald_3007.png,66,37,1,47,17,64,1,70,81,30,1,1,68,0,1,1,1,1,1,100,19,2,1,1,1,1,1,1,1,1,65,31,43,72,67,38,98,0,39,31,57,78,42,59,0
3512,,80,1991,1986,Chris,Villarrial,11,4,8,1986,Indiana (PA),72,,5,28,75,318,G,1400000,1,1400000,0,0,0,0,0,0,0,0,0,0,0,0,0,None,,,,,b,10050.png,default-jersey-01.png,bald_3013.png,75,42,1,64,25,71,1,71,69,42,1,1,64,0,1,1,1,1,1,95,1,5,1,1,1,1,1,1,1,1,94,81,96,83,81,78,97,0,32,31,67,96,49,44,93
8481,,74,1991,0,Cordell,Volson,0,0,0,0,North Dakota St.,74,,2,25,78,315,G,0,0,0,0,0,0,0,0,0,0,0,0,0,0,0,0,None,,,,,b,0091.png,,black_3048.png,74,38,1,41,14,62,1,62,77,40,16,15,63,0,1,1,1,1,1,66,20,53,1,1,1,1,1,1,1,1,33,74,89,7,78,96,87,0,70,30,68,86,43,62,55
9830,,83,1991,1990,Mike,Wahle,6,4,1,1990,Navy,73,,1,22,78,307,G,500000,2,500000,500000,0,0,0,0,0,0,0,0,0,0,0,0,None,,,,,a,0143.png,default-jersey-01.png,darkbrown_3027.png,75,52,1,46,21,56,1,79,83,39,1,1,79,0,1,1,1,1,1,84,29,27,1,1,1,1,1,1,1,1,46,71,98,67,77,75,75,0,31,30,55,89,34,38,71
9857,,67,1991,0,Todd,Washington,0,0,0,0,Virginia Tech,74,,1,23,75,310,G,0,0,0,0,0,0,0,0,0,0,0,0,0,0,0,0,None,,,,,a,10591.png,,blonde_3029.png,75,38,1,34,8,61,1,57,65,34,1,1,49,0,1,1,1,1,1,55,35,35,1,1,1,1,1,1,1,1,1,50,54,41,1,16,97,0,46,43,41,85,38,36,85
9858,,66,1991,0,Jason,Whittle,0,0,0,0,Southwest Missouri State,62,,1,24,76,305,G,0,0,0,0,0,0,0,0,0,0,0,0,0,0,0,0,None,,,,,a,10591.png,,blonde_3035.png,70,41,1,51,11,53,1,59,62,38,1,1,59,0,1,1,1,1,1,48,35,35,1,1,1,1,1,1,1,1,57,59,60,40,58,46,89,0,30,48,32,92,49,48,100
6026,,82,1991,0,Gene,Williams,17,0,0,0,Iowa State,63,,4,27,74,310,G,2800000,2,2800000,1200000,0,0,0,0,0,0,0,0,0,0,0,0,None,,,,,b,0002.png,default-jersey-01.png,bald_3015.png,72,49,1,57,11,61,1,68,83,45,1,1,58,0,1,1,1,1,1,100,8,24,1,1,1,1,1,1,1,1,33,96,68,38,63,62,90,0,36,42,40,75,48,61,-1
9843,,72,1991,0,Larry,Williams,0,0,0,0,Notre Dame,78,,1,24,77,292,G,0,0,0,0,0,0,0,0,0,0,0,0,0,0,0,0,None,,,,,a,10573.png,,lightbrown_3068.png,80,48,1,38,14,57,1,54,77,29,1,1,69,0,1,1,1,1,1,53,35,35,1,1,1,1,1,1,1,1,24,50,67,13,1,6,75,0,47,35,39,75,41,42,79
7280,,92,1991,1988,Marshal,Yanda,8,1,10,1988,Iowa,73,,3,24,76,297,G,2500000,1,2500000,0,0,0,0,0,0,0,0,0,0,0,0,0,None,TenaciousBlocker,,,,b,10094.png,,black_3077.png,81,56,1,69,15,69,5,76,94,43,1,5,80,0,1,1,1,1,1,100,26,26,1,1,1,1,1,1,1,1,42,66,45,38,58,56,91,0,44,30,45,92,44,57,17
9873,,91,1991,1990,Gary,Zimmerman,3,1,13,1990,Oregon,61,,1,26,78,294,G,2000000,3,2000000,2000000,2000000,0,0,0,0,0,0,0,0,0,0,0,None,TenaciousBlocker,,,,b,0019.png,,black_3070.png,83,57,1,62,29,81,4,85,86,46,1,2,79,0,1,1,1,1,1,77,55,30,1,1,1,1,1,1,1,1,70,77,63,75,64,96,84,0,39,49,63,77,48,37,5
12918,136,68,1991,0,Theo,Adams,0,0,0,0,Hawaii,0,,0,26,76,300,T,0,0,0,0,0,0,0,0,0,0,0,0,0,0,0,0,None,,,,,,,,,70,43,1,42,6,49,1,60,73,31,1,1,62,0,0,0,0,0,0,1,57,10,0,0,0,0,0,0,0,0,62,97,98,69,77,61,73,0,35,31,33,87,41,48,97
12856,183,73,1991,0,Louis,Age,0,0,0,0,La-Lafayette,0,,0,22,79,350,T,0,0,0,0,0,0,0,0,0,0,0,0,0,0,0,0,None,,,,,,,,,73,37,1,49,5,56,1,62,73,30,1,1,53,0,0,0,0,0,0,10,89,13,0,0,0,0,0,0,0,0,41,55,68,38,69,48,82,0,49,34,68,77,48,53,75
1846,,92,1991,1985,John,Alt,13,2,11,1985,Iowa,76,,6,29,80,298,T,6600000,3,6600000,6600000,6600000,0,0,0,0,0,0,0,0,0,0,0,None,TenaciousBlocker,,,,a,10591.png,,black_3012.png,94,62,1,45,18,62,1,87,89,45,1,1,74,0,1,1,1,1,1,10,100,26,1,1,1,1,1,1,1,1,43,98,63,38,87,96,93,0,49,40,30,96,41,58,83
3574,,97,1991,1986,Willie,Anderson,15,1,7,1986,Auburn,75,,5,26,77,340,T,10300000,4,10300000,10300000,10300000,10300000,0,0,0,0,0,0,0,0,0,0,None,AthBlocker,,,,b,10088.png,,black_3079.png,99,69,2,70,20,67,7,89,90,53,1,1,77,0,1,1,1,1,1,26,100,22,1,1,1,1,1,1,1,1,47,74,100,64,68,74,73,0,42,44,46,91,47,51,45
12540,,69,1991,0,James,Atkins,0,0,0,0,La-Lafayette,65,,0,24,78,306,T,0,0,0,0,0,0,0,0,0,0,0,0,0,0,0,0,None,,,,,a,10581.png,,blonde_3007.png,81,39,1,48,7,58,1,61,64,41,1,1,65,0,1,1,1,1,1,35,55,35,1,1,1,1,1,1,1,1,32,67,54,29,33,29,76,0,46,50,32,77,32,57,74
12857,985,74,1991,0,Troy,Auzenne,0,0,0,0,California,0,,0,23,79,293,T,0,0,0,0,0,0,0,0,0,0,0,0,0,0,0,0,None,,,,,,,,,71,40,1,47,15,69,1,70,69,35,1,1,55,0,0,0,0,0,0,18,67,22,0,0,0,0,0,0,0,0,44,42,49,52,70,52,98,0,38,43,30,99,31,55,73
2307,,55,1991,1985,Bill,Bain,0,35,16,1985,Colorado,71,,4,37,76,279,T,0,0,0,0,0,0,0,0,0,0,0,0,0,0,0,0,None,,,,,a,0127.png,,darkbrown_3104.png,48,24,1,26,1,57,1,52,57,23,1,1,45,0,1,1,1,1,1,25,50,9,1,1,1,1,1,1,1,1,27,35,55,25,39,35,84,0,30,30,32,73,39,49,71
2003,,71,1991,1985,Karl,Baldischwiler,0,10,17,1985,Oklahoma,63,,5,34,77,265,T,0,0,0,0,0,0,0,0,0,0,0,0,0,0,0,0,None,,,,,b,10051.png,,black_3036.png,64,38,1,38,19,62,1,67,70,43,1,1,52,0,1,1,1,1,1,27,75,28,1,1,1,1,1,1,1,1,30,45,39,55,59,29,88,0,42,41,67,92,44,36,59
12938,1717,67,1991,0,Rob,Baxley,0,0,0,0,Iowa,0,,0,23,77,287,T,0,0,0,0,0,0,0,0,0,0,0,0,0,0,0,0,None,,,,,,,,,68,43,1,47,11,56,1,53,65,31,1,1,57,0,0,0,0,0,0,8,84,15,0,0,0,0,0,0,0,0,69,61,84,65,88,71,86,0,37,42,44,84,45,46,81
7194,,65,1991,0,Jacob,Bender,0,0,0,0,Nicholls State,73,,3,24,78,316,T,0,0,0,0,0,0,0,0,0,0,0,0,0,0,0,0,None,OFRedFlags|RoleModel,,,,a,0125.png,,black_3061.png,62,33,1,44,1,61,1,62,68,28,1,1,56,0,1,1,1,1,1,13,30,5,1,1,1,1,1,1,1,1,61,81,98,58,69,64,81,0,49,46,45,74,46,50,4
2740,,67,1991,1985,Scott,Bergold,0,54,12,1985,Wisconsin,69,,3,27,79,263,T,0,0,0,0,0,0,0,0,0,0,0,0,0,0,0,0,None,,,,,b,0029.png,,darkbrown_3012.png,66,33,1,37,4,59,1,57,66,16,1,1,57,0,1,1,1,1,1,1,79,8,1,1,1,1,1,1,1,1,13,87,62,8,90,71,97,0,41,32,70,80,49,36,87
9900,,65,1991,0,Mike,Black,0,0,0,0,Sacramento State,62,,1,23,76,285,T,0,0,0,0,0,0,0,0,0,0,0,0,0,0,0,0,None,,,,,a,0119.png,,blonde_3025.png,60,46,1,34,9,57,1,66,60,29,1,1,47,0,1,1,1,1,1,35,49,35,1,1,1,1,1,1,1,1,31,65,61,44,78,90,82,0,46,46,34,80,30,33,90
9894,,67,1991,0,Paul,Blair,0,0,0,0,Oklahoma State,68,,1,24,76,295,T,0,0,0,0,0,0,0,0,0,0,0,0,0,0,0,0,None,,,,,b,10100.png,,blonde_3006.png,75,35,1,42,9,50,1,68,60,25,1,1,60,0,1,1,1,1,1,35,45,35,1,1,1,1,1,1,1,1,58,69,48,45,48,35,78,0,35,33,65,97,39,44,71
9912,,62,1991,0,Rob,Bohlinger,0,0,0,0,Wyoming,70,,1,24,80,310,T,0,0,0,0,0,0,0,0,0,0,0,0,0,0,0,0,None,,,,,a,0126.png,,black_3050.png,61,39,1,38,10,57,1,51,69,35,1,1,48,0,1,1,1,1,1,35,46,35,1,1,1,1,1,1,1,1,70,50,40,66,64,42,93,0,44,31,40,76,31,59,79
5608,,65,1991,0,Wesley,Britt,0,0,0,0,Alabama,71,,0,25,80,314,T,0,0,0,0,0,0,0,0,0,0,0,0,0,0,0,0,None,,,,,a,10554.png,,lightbrown_3030.png,73,48,1,42,4,53,1,62,61,25,1,1,52,0,0,0,0,0,0,9,34,0,0,0,0,0,0,0,0,0,9,46,56,4,11,13,98,0,33,35,35,88,35,60,92
1929,,83,1991,1985,Stan,Brock,14,5,8,1985,Colorado,77,,6,33,78,295,T,2500000,1,2500000,0,0,0,0,0,0,0,0,0,0,0,0,0,None,AthBlocker,,,,b,0009.png,default-jersey-01.png,bald_3016.png,80,62,1,48,28,62,1,74,80,34,1,1,84,0,1,1,1,1,1,26,100,15,1,1,1,1,1,1,1,1,93,62,43,66,51,46,72,0,39,35,34,98,36,51,18
3544,,76,1991,1986,Ethan,Brooks,10,4,16,1986,Williams,75,,5,29,78,330,T,490000,1,490000,0,0,0,0,0,0,0,0,0,0,0,0,0,None,,,,,a,10588.png,,lightbrown_3061.png,70,55,1,46,18,62,1,71,72,38,1,1,72,0,1,1,1,1,1,1,83,3,1,1,1,1,1,1,1,1,38,70,49,61,31,38,94,0,36,31,34,94,35,54,75
9890,,73,1991,0,Bob,Brotzki,4,0,0,0,Syracuse,65,,1,25,77,281,T,250000,1,250000,0,0,0,0,0,0,0,0,0,0,0,0,0,None,,,,,a,0137.png,default-jersey-01.png,blonde_3055.png,75,46,1,38,9,68,1,68,70,28,1,1,51,0,1,1,1,1,1,27,57,29,1,1,1,1,1,1,1,1,47,93,95,60,64,64,87,0,36,47,60,90,43,53,1
12543,,66,1991,0,Gary,Brown,0,0,0,0,Georgia Tech,60,,0,23,76,307,T,0,0,0,0,0,0,0,0,0,0,0,0,0,0,0,0,None,,,,,a,10577.png,,blonde_3059.png,69,37,1,35,10,53,1,64,62,27,1,1,59,0,1,1,1,1,1,35,56,35,1,1,1,1,1,1,1,1,87,89,78,100,94,88,99,0,35,37,54,87,34,48,75
7267,,80,1991,1988,Levi,Brown,9,2,13,1988,Penn State,75,,3,25,78,323,T,600000,5,600000,500000,500000,500000,500000,0,0,0,0,0,0,0,0,0,None,,,,,b,0064.png,default-jersey-01.png,black_3098.png,85,46,1,49,9,68,1,71,70,34,1,1,55,0,1,1,1,1,1,21,97,20,1,1,1,1,1,1,1,1,12,68,78,33,81,68,90,0,45,32,65,86,46,31,97
1884,,92,1991,1985,Lomas,Brown,6,4,1,1985,Florida,64,,6,28,76,282,T,7900000,1,7900000,0,0,0,0,0,0,0,0,0,0,0,0,0,None,,,,,b,10084.png,,black_3085.png,84,62,8,54,17,69,1,90,84,47,6,1,84,0,1,1,1,1,1,6,100,20,1,1,1,1,1,1,1,1,51,61,44,67,40,63,74,0,45,42,59,90,50,39,45
12533,,82,1991,1991,Orlando,Brown,7,2,16,1991,Central State (OH),79,,0,24,79,360,T,750000,3,750000,750000,750000,0,0,0,0,0,0,0,0,0,0,0,None,,,,,a,10588.png,,bald_3014.png,88,50,1,50,17,64,1,80,76,38,1,1,68,0,1,1,1,1,1,32,60,33,1,1,1,1,1,1,1,1,49,52,58,67,37,54,97,0,36,45,49,99,30,53,77
7213,,71,1991,1988,Jermon,Bushrod,0,7,11,1988,Towson State,66,,3,25,76,315,T,0,0,0,0,0,0,0,0,0,0,0,0,0,0,0,0,None,,,,,a,0147.png,default-jersey-01.png,darkbrown_3025.png,72,33,1,36,12,54,1,70,60,31,1,1,62,0,1,1,1,1,1,11,87,5,1,1,1,1,1,1,1,1,82,91,70,91,94,83,99,0,43,32,44,94,35,40,21
5626,,65,1991,0,Brad,Butler,0,0,0,0,Virginia,73,,1,24,79,310,T,0,0,0,0,0,0,0,0,0,0,0,0,0,0,0,0,None,,,,,b,0020.png,,black_3004.png,75,45,1,49,10,61,1,50,71,27,1,1,53,0,1,1,1,1,1,16,31,29,1,1,1,1,1,1,1,1,20,63,69,12,12,2,82,0,30,30,52,81,37,68,75
7333,,62,1991,0,Rashad,Butler,0,0,0,0,Miami (FL),76,,1,24,77,286,T,0,0,0,0,0,0,0,0,0,0,0,0,0,0,0,0,None,,,,,b,0012.png,,darkbrown_3013.png,59,44,1,33,7,62,1,56,65,37,1,1,58,0,1,1,1,1,1,13,36,1,1,1,1,1,1,1,1,1,45,51,39,44,40,61,93,0,37,35,39,97,36,47,85
2246,,77,1991,1985,Kevin,Call,16,32,13,1985,Colorado State,67,,6,30,79,302,T,1500000,2,1500000,1500000,0,0,0,0,0,0,0,0,0,0,0,0,None,,,,,b,10059.png,,black_3052.png,79,58,1,44,12,68,1,65,72,34,1,1,70,0,1,1,1,1,1,6,97,1,1,1,1,1,1,1,1,1,24,62,79,15,97,65,85,0,42,30,64,86,43,37,2
7214,,81,1991,1988,Jeromey,Clary,6,3,7,1988,Kansas State,63,,3,26,78,304,T,300000,2,300000,750000,0,0,0,0,0,0,0,0,0,0,0,0,None,,,,,b,10070.png,default-jersey-01.png,black_3086.png,73,56,1,51,14,65,1,83,73,47,1,1,71,0,1,1,1,1,1,26,63,25,1,1,1,1,1,1,1,1,64,72,97,46,91,97,97,0,30,37,62,100,46,54,72
9895,,67,1991,0,Anthony,Clement,0,0,0,0,La-Lafayette,79,,1,23,80,333,T,0,0,0,0,0,0,0,0,0,0,0,0,0,0,0,0,None,,,,,a,10588.png,,lightbrown_3016.png,71,47,1,44,5,59,1,59,65,31,1,1,53,0,1,1,1,1,1,35,53,35,1,1,1,1,1,1,1,1,30,76,62,30,86,77,94,0,31,31,57,97,38,62,100
2817,,66,1991,1985,Bruce,Collie,0,46,16,1985,Texas-Arlington,64,,4,27,78,275,T,0,0,0,0,0,0,0,0,0,0,0,0,0,0,0,0,None,,,,,b,0045.png,,bald_3025.png,83,53,1,38,18,58,1,56,62,34,1,1,63,0,1,1,1,1,1,46,47,6,1,1,1,1,1,1,1,1,95,65,54,84,40,36,84,0,36,46,55,75,32,55,79
6049,,65,1991,0,Scott,Conover,0,0,0,0,Purdue,74,,4,27,76,276,T,0,0,0,0,0,0,0,0,0,0,0,0,0,0,0,0,None,,,,,a,0127.png,,darkbrown_3062.png,69,36,1,32,14,58,1,53,64,20,1,1,56,0,1,1,1,1,1,6,87,2,1,1,1,1,1,1,1,1,35,35,54,10,36,11,91,0,40,31,53,80,34,49,30
9908,,62,1991,0,Chris,Conrad,0,0,0,0,Fresno State,70,,1,24,78,301,T,0,0,0,0,0,0,0,0,0,0,0,0,0,0,0,0,None,,,,,b,0100.png,,black_3101.png,64,30,1,37,1,58,1,60,55,36,1,1,61,0,1,1,1,1,1,35,51,35,1,1,1,1,1,1,1,1,79,81,65,61,96,91,76,0,45,32,56,92,45,32,99
2518,,64,1991,1985,Bill,Contz,0,41,8,1985,Penn State,68,,5,29,77,268,T,0,0,0,0,0,0,0,0,0,0,0,0,0,0,0,0,None,,,,,b,0067.png,,black_3102.png,60,31,1,39,9,62,1,60,68,33,1,1,56,0,1,1,1,1,1,2,29,13,1,1,1,1,1,1,1,1,62,45,62,45,36,46,75,0,47,36,32,85,46,30,8
2671,,65,1991,1985,Jim,Cooper,0,52,6,1985,Temple,66,,3,33,77,262,T,0,0,0,0,0,0,0,0,0,0,0,0,0,0,0,0,None,,,,,b,0027.png,,black_3008.png,66,29,1,31,19,58,1,64,63,36,1,1,67,0,1,1,1,1,1,19,48,35,1,1,1,1,1,1,1,1,42,83,100,57,83,62,94,0,49,30,33,70,36,42,8
1903,,84,1991,1985,Jimbo,Covert,12,4,8,1985,Pittsburgh,67,,6,31,76,277,T,5400000,2,5400000,5400000,0,0,0,0,0,0,0,0,0,0,0,0,None,,,,,b,0088.png,,bald_3012.png,69,70,1,47,16,74,1,81,74,48,1,1,69,0,1,1,1,1,1,1,100,13,1,1,1,1,1,1,1,1,38,64,88,53,67,79,97,0,40,37,58,87,34,47,99
12696,6221,69,1991,0,Jerry,Crafts,0,0,0,0,Louisville,0,,0,24,77,343,T,0,0,0,0,0,0,0,0,0,0,0,0,0,0,0,0,None,,,,,,,,,68,33,1,50,6,48,1,62,72,34,1,1,56,0,0,0,0,0,0,3,62,3,0,0,0,0,0,0,0,0,81,70,90,100,76,88,76,0,45,40,60,75,39,50,84
8596,,85,1991,1989,Charles,Cross,18,4,4,1989,Mississippi St.,61,,2,22,77,311,T,550000,1,550000,0,0,0,0,0,0,0,0,0,0,0,0,0,None,AthBlocker,,,,a,0117.png,,blonde_3027.png,78,55,5,62,5,73,2,86,78,24,4,1,68,0,1,1,1,1,1,18,47,17,1,1,1,1,1,1,1,1,66,65,36,81,59,50,99,0,36,36,30,70,43,64,88
2041,,75,1991,1985,Bob,Cryder,0,15,5,1985,Alabama,78,,4,33,76,275,T,0,0,0,0,0,0,0,0,0,0,0,0,0,0,0,0,None,,,,,a,0136.png,,darkbrown_3038.png,79,46,1,46,10,69,1,61,70,29,1,1,60,0,1,1,1,1,1,9,95,19,1,1,1,1,1,1,1,1,13,65,69,28,35,14,88,0,35,35,39,88,41,61,18
9892,,66,1991,0,Matt,Darwin,0,0,0,0,Texas A&M,69,,1,24,76,268,T,0,0,0,0,0,0,0,0,0,0,0,0,0,0,0,0,None,,,,,a,10597.png,,darkbrown_3007.png,68,36,1,49,9,54,1,58,68,26,1,1,58,0,1,1,1,1,1,35,51,35,1,1,1,1,1,1,1,1,5,97,88,21,88,80,77,0,37,47,38,97,38,47,92
3578,,80,1991,1986,Norbert,Davidds-Garrido,3,4,17,1986,USC,78,,5,29,78,315,T,2800000,2,2800000,2300000,0,0,0,0,0,0,0,0,0,0,0,0,None,TenaciousBlocker,,,,b,0083.png,,black_3025.png,81,47,1,54,25,53,1,73,78,42,1,1,69,0,1,1,1,1,1,14,89,14,1,1,1,1,1,1,1,1,100,40,69,67,34,63,84,0,36,31,54,95,39,49,35
5976,,85,1991,0,Antone,Davis,17,0,0,0,Tennessee,64,,4,28,76,330,T,4150000,1,4150000,0,0,0,0,0,0,0,0,0,0,0,0,0,None,,,,,b,0094.png,default-jersey-01.png,bald_3013.png,82,55,1,50,7,76,1,80,74,44,1,1,57,0,1,1,1,1,1,7,100,24,1,1,1,1,1,1,1,1,66,34,69,60,41,67,71,0,31,41,41,78,46,46,17
2243,,72,1991,1985,Bruce,Davis,0,22,7,1985,UCLA,79,,4,33,78,287,T,0,0,0,0,0,0,0,0,0,0,0,0,0,0,0,0,None,AthBlocker,,,,b,0019.png,,bald_3015.png,71,47,1,40,25,59,1,62,78,26,1,1,58,0,1,1,1,1,1,19,70,16,1,1,1,1,1,1,1,1,33,62,67,52,96,100,84,0,49,43,30,87,44,40,54
12532,,84,1991,1991,Derrick,Deese,1,2,12,1991,USC,63,,0,24,75,289,T,1000000,3,1000000,1000000,1000000,0,0,0,0,0,0,0,0,0,0,0,None,,,,,b,0026.png,,black_3001.png,89,42,1,59,13,72,1,78,78,30,1,1,74,0,1,1,1,1,1,33,63,34,1,1,1,1,1,1,1,1,97,86,78,61,60,69,72,0,47,48,43,82,34,35,63
2280,,84,1991,1985,Jeff,Dellenbach,2,15,13,1985,Wisconsin,65,,6,28,78,290,T,7900000,4,7900000,7900000,7900000,7900000,0,0,0,0,0,0,0,0,0,0,None,,,,,b,0043.png,default-jersey-01.png,darkbrown_3024.png,86,55,1,43,14,68,1,70,89,44,1,1,77,0,1,1,1,1,1,10,100,11,1,1,1,1,1,1,1,1,50,66,75,66,77,75,94,0,42,44,34,93,46,43,77
12792,7558,64,1991,0,Tom,Dohring,0,0,0,0,Michigan,0,,0,24,78,290,T,0,0,0,0,0,0,0,0,0,0,0,0,0,0,0,0,None,,,,,,,,,78,33,1,42,5,57,1,57,66,34,1,1,54,0,0,0,0,0,0,0,18,7,0,0,0,0,0,0,0,0,19,68,46,10,8,21,70,0,31,50,31,88,30,59,87
1969,,79,1991,1985,Keith,Dorney,0,10,18,1985,Penn State,77,,5,33,77,268,T,0,0,0,0,0,0,0,0,0,0,0,0,0,0,0,0,None,AthBlocker,,,,b,0079.png,,black_3060.png,83,48,1,55,14,60,1,73,63,46,1,1,55,0,1,1,1,1,1,15,100,18,1,1,1,1,1,1,1,1,4,91,65,38,65,97,88,0,48,30,44,83,43,56,1
9883,,80,1991,1990,Irv,Eatman,9,3,9,1990,UCLA,70,,1,26,79,293,T,750000,2,750000,750000,0,0,0,0,0,0,0,0,0,0,0,0,None,,,,,a,10582.png,,lightbrown_3043.png,84,49,1,41,24,56,1,74,84,34,1,1,74,0,1,1,1,1,1,27,64,26,1,1,1,1,1,1,1,1,100,97,94,70,83,69,79,0,40,34,31,88,32,69,93
12838,8272,70,1991,0,Mohammed,Elewonibi,0,0,0,0,BYU,0,,0,27,76,286,T,0,0,0,0,0,0,0,0,0,0,0,0,0,0,0,0,None,,,,,,,,,76,43,1,36,1,64,1,60,73,38,1,1,51,0,0,0,0,0,0,15,59,22,0,0,0,0,0,0,0,0,35,31,50,23,35,39,85,0,48,47,34,95,43,69,74
2515,,63,1991,1985,Ron,Essink,0,30,5,1985,Grand Valley State,67,,5,32,78,260,T,0,0,0,0,0,0,0,0,0,0,0,0,0,0,0,0,None,,,,,b,10093.png,,black_3007.png,61,37,1,45,1,54,1,50,73,35,1,1,54,0,1,1,1,1,1,25,44,24,1,1,1,1,1,1,1,1,68,92,90,71,63,68,94,0,39,34,58,71,46,33,51
8598,,74,1991,1989,Daniel,Faalele,0,5,6,1989,Minnesota,77,,2,23,80,380,T,0,0,0,0,0,0,0,0,0,0,0,0,0,0,0,0,None,,,,,b,0044.png,,black_3004.png,79,16,4,49,13,39,4,69,75,41,1,1,52,0,1,1,1,1,1,22,89,16,1,1,1,1,1,1,1,1,67,34,31,63,65,33,96,0,39,39,56,73,32,48,70
2244,,66,1991,1985,Paul,Farren,0,25,4,1985,Boston University,74,,6,31,77,272,T,0,0,0,0,0,0,0,0,0,0,0,0,0,0,0,0,None,,,,,b,10057.png,,bald_3025.png,64,29,1,39,10,57,1,59,61,20,1,1,47,0,1,1,1,1,1,1,88,1,1,1,1,1,1,1,1,1,66,60,92,66,81,97,90,0,47,36,52,74,46,67,26
5694,,66,1991,0,Daniel,Federkeil,0,0,0,0,Calgary,61,,1,24,78,290,T,0,0,0,0,0,0,0,0,0,0,0,0,0,0,0,0,None,,,,,a,10599.png,,bald_3030.png,70,32,1,36,1,57,1,62,57,37,1,1,53,0,1,1,1,1,1,11,69,5,1,1,1,1,1,1,1,1,70,62,68,97,79,94,78,0,43,50,38,74,50,58,93
5695,,90,1991,1987,D'Brickashaw,Ferguson,18,1,12,1987,Virginia,64,,4,27,77,295,T,7600000,4,7600000,7600000,7600000,7600000,0,0,0,0,0,0,0,0,0,0,None,TenaciousBlocker|CommunityBenefactor,,,,a,10576.png,,blonde_3050.png,95,57,1,59,34,65,5,80,86,44,1,4,86,0,1,1,1,1,1,22,100,20,1,1,1,1,1,1,1,1,34,58,47,63,30,61,77,0,30,33,35,74,47,68,82
12697,8906,79,1991,0,John,Fina,0,0,0,0,Arizona,0,,0,23,77,300,T,0,0,0,0,0,0,0,0,0,0,0,0,0,0,0,0,None,,,,,,,,,84,52,1,45,19,62,1,80,64,46,1,1,73,0,0,0,0,0,0,26,73,17,0,0,0,0,0,0,0,0,64,63,95,63,84,71,88,0,31,34,34,73,35,48,84
9909,,64,1991,0,James,FitzPatrick,0,0,0,0,USC,60,,1,23,80,305,T,0,0,0,0,0,0,0,0,0,0,0,0,0,0,0,0,None,,,,,a,0109.png,,lightbrown_3015.png,70,36,1,32,11,55,1,57,65,22,1,1,51,0,1,1,1,1,1,35,52,35,1,1,1,1,1,1,1,1,41,52,40,40,68,66,73,0,30,40,41,92,50,31,92
7154,,66,1991,0,Doug,Free,0,0,0,0,Northern Illinois,75,,1,23,78,324,T,0,0,0,0,0,0,0,0,0,0,0,0,0,0,0,0,None,,,,,a,0121.png,,blonde_3043.png,72,42,1,41,3,54,1,58,70,41,1,1,63,0,1,1,1,1,1,13,41,17,1,1,1,1,1,1,1,1,27,70,55,17,15,21,75,0,35,33,55,88,41,43,70
12781,9509,76,1991,0,Russ,Freeman,0,0,0,0,Georgia Tech,0,,0,23,79,290,T,0,0,0,0,0,0,0,0,0,0,0,0,0,0,0,0,None,,,,,,,,,85,51,1,39,10,53,1,67,73,34,1,1,62,0,0,0,0,0,0,18,85,26,0,0,0,0,0,0,0,0,32,48,42,2,25,23,94,0,49,39,65,82,33,38,95
7200,,62,1991,0,Jared,Gaither,0,0,0,0,Maryland,77,,1,21,81,350,T,0,0,0,0,0,0,0,0,0,0,0,0,0,0,0,0,None,,,,,b,10094.png,,lightbrown_3001.png,60,37,1,42,2,56,1,62,62,35,1,1,63,0,1,1,1,1,1,4,22,6,1,1,1,1,1,1,1,1,25,73,94,3,93,65,80,0,35,39,43,89,50,47,95
12534,,76,1991,1991,Wayne,Gandy,11,4,4,1991,Auburn,77,,0,23,76,308,T,500000,3,500000,500000,500000,0,0,0,0,0,0,0,0,0,0,0,None,,,,,b,10078.png,,black_3095.png,80,60,1,51,14,65,1,71,70,50,1,1,67,0,1,1,1,1,1,32,53,33,1,1,1,1,1,1,1,1,72,81,86,91,79,71,77,0,38,46,54,86,39,68,94
2082,,78,1991,1985,Jon,Giesler,0,16,14,1985,Michigan,70,,4,33,77,262,T,0,0,0,0,0,0,0,0,0,0,0,0,0,0,0,0,None,,,,,b,10077.png,,darkbrown_3014.png,67,57,1,42,12,58,1,81,64,45,1,1,51,0,1,1,1,1,1,14,95,17,1,1,1,1,1,1,1,1,60,99,78,84,83,96,73,0,35,45,42,77,50,41,21
2377,,76,1991,1985,Daren,Gilbert,1,35,6,1985,Cal State-Fullerton,62,,6,28,78,285,T,1900000,2,1900000,1900000,0,0,0,0,0,0,0,0,0,0,0,0,None,AthBlocker,,,,b,0060.png,,black_3097.png,70,59,1,46,2,63,1,62,79,25,1,1,71,0,1,1,1,1,1,1,98,1,1,1,1,1,1,1,1,1,94,55,33,100,42,57,73,0,38,32,35,73,50,42,1
8599,,81,1991,1989,Luke,Goedeke,12,6,9,1989,Central Michigan,75,,2,24,77,312,T,3550000,6,3550000,3550000,3550000,3550000,3550000,3550000,0,0,0,0,0,0,0,0,None,,,,,b,0053.png,default-jersey-01.png,black_3017.png,79,46,8,57,30,65,1,76,80,34,4,7,61,0,1,1,1,1,1,22,55,26,1,1,1,1,1,1,1,1,88,94,83,93,83,70,85,0,69,45,63,97,65,68,99
2446,,62,1991,1985,Cleveland,Green,0,35,14,1985,Southern,68,,6,34,75,265,T,0,0,0,0,0,0,0,0,0,0,0,0,0,0,0,0,None,ProBloodline,,,,b,0030.png,,blonde_3004.png,60,25,1,32,5,45,1,58,64,26,1,1,50,0,1,1,1,1,1,12,68,12,1,1,1,1,1,1,1,1,30,58,89,45,87,64,94,0,30,32,42,77,30,35,76
2043,,77,1991,1985,Russ,Grimm,3,11,1,1985,Pittsburgh,65,,6,32,75,273,T,4550000,1,4550000,0,0,0,0,0,0,0,0,0,0,0,0,0,None,,,,,b,0088.png,,black_3056.png,80,59,1,63,37,77,1,66,73,38,1,1,69,0,1,1,1,1,1,94,36,14,1,1,1,1,1,1,1,1,62,82,85,91,92,81,76,0,38,41,36,87,36,61,0
6137,,78,1991,0,Pat,Harlow,16,0,0,0,USC,74,,4,26,78,295,T,490000,1,490000,0,0,0,0,0,0,0,0,0,0,0,0,0,None,,,,,a,10553.png,default-jersey-01.png,red_3032.png,85,52,1,54,7,69,1,65,77,33,1,1,57,0,1,1,1,1,1,17,67,17,1,1,1,1,1,1,1,1,79,66,83,81,73,90,95,0,42,48,60,86,44,59,41
7352,,70,1991,1988,Ryan,Harris,0,5,17,1988,Notre Dame,64,,3,24,77,299,T,0,0,0,0,0,0,0,0,0,0,0,0,0,0,0,0,None,,,,,b,0009.png,,bald_3031.png,68,47,1,38,4,59,1,71,70,27,1,1,68,0,1,1,1,1,1,23,36,10,1,1,1,1,1,1,1,1,97,85,99,80,65,76,83,0,33,38,65,94,48,33,52
12544,,65,1991,0,George,Hegamin,0,0,0,0,North Carolina State,72,,0,21,79,331,T,0,0,0,0,0,0,0,0,0,0,0,0,0,0,0,0,None,,,,,b,0084.png,,black_3061.png,65,40,1,37,1,53,1,58,68,34,1,1,58,0,1,1,1,1,1,35,52,35,1,1,1,1,1,1,1,1,70,69,86,35,96,85,70,0,39,38,32,76,40,52,79
2514,,77,1991,1985,Ron,Heller,8,37,17,1985,Penn State,65,,6,29,77,298,T,250000,1,250000,0,0,0,0,0,0,0,0,0,0,0,0,0,None,,,,,b,10077.png,default-jersey-01.png,black_3095.png,85,49,1,40,26,65,1,74,71,47,1,1,77,0,1,1,1,1,1,1,61,1,1,1,1,1,1,1,1,1,66,99,68,63,98,97,81,0,30,31,45,84,39,54,98
7276,,66,1991,0,Mario,Henderson,0,0,0,0,Florida State,69,,1,23,78,302,T,0,0,0,0,0,0,0,0,0,0,0,0,0,0,0,0,None,,,,,b,10098.png,,black_3088.png,65,46,1,36,14,48,1,56,75,28,1,1,45,0,1,1,1,1,1,10,60,12,1,1,1,1,1,1,1,1,44,62,39,38,51,41,93,0,36,30,59,92,37,35,93
2441,,75,1991,1985,Matt,Herkenhoff,0,38,15,1985,Minnesota,76,,2,36,76,267,T,0,0,0,0,0,0,0,0,0,0,0,0,0,0,0,0,None,,,,,b,10079.png,,bald_3008.png,68,41,1,49,19,58,1,70,82,43,1,1,68,0,1,1,1,1,1,27,53,31,1,1,1,1,1,1,1,1,34,39,53,34,25,28,97,0,35,49,63,74,41,49,99
7367,,82,1991,1988,Stephon,Heyer,19,2,17,1988,Maryland,66,,3,25,78,319,T,2450000,4,2450000,2450000,2450000,2450000,0,0,0,0,0,0,0,0,0,0,None,,,,,a,10575.png,default-jersey-01.png,red_3024.png,80,45,1,47,13,58,1,75,82,33,1,1,60,0,1,1,1,1,1,24,97,13,1,1,1,1,1,1,1,1,41,33,46,67,65,46,90,0,44,44,63,84,31,64,20
9893,,71,1991,0,Robert,Hicks,0,0,0,0,Mississippi State,65,,0,24,79,338,T,0,0,0,0,0,0,0,0,0,0,0,0,0,0,0,0,None,,,,,a,10591.png,,lightbrown_3079.png,69,50,1,40,4,63,1,67,70,43,1,1,70,0,0,0,0,0,0,35,56,35,0,0,0,0,0,0,0,0,62,50,38,99,69,60,95,0,37,50,50,95,35,60,97
1845,,92,1991,1985,Chris,Hinton,13,3,7,1985,Northwestern,67,,6,30,76,300,T,11150000,3,11150000,11150000,11150000,0,0,0,0,0,0,0,0,0,0,0,None,BookEndTackle,,,,a,10584.png,,darkbrown_3024.png,83,66,1,56,28,75,1,88,85,59,2,1,74,0,1,1,1,1,1,20,100,20,1,1,1,1,1,1,1,1,43,66,69,54,61,85,70,0,48,31,34,77,40,49,-1
6109,,66,1991,0,Bill,Hitchcock,0,0,0,0,Purdue,66,,4,30,78,296,T,0,0,0,0,0,0,0,0,0,0,0,0,0,0,0,0,None,,,,,a,10575.png,,lightbrown_3069.png,73,42,1,31,1,52,1,59,66,20,1,1,46,0,1,1,1,1,1,25,63,20,1,1,1,1,1,1,1,1,65,62,67,37,72,96,95,0,42,31,65,96,31,55,100
12541,,69,1991,0,Steve,Hoyem,0,0,0,0,Stanford,62,,0,24,79,287,T,0,0,0,0,0,0,0,0,0,0,0,0,0,0,0,0,None,,,,,b,0092.png,,black_3010.png,69,44,1,31,1,60,1,65,70,38,1,1,60,0,1,1,1,1,1,35,54,35,1,1,1,1,1,1,1,1,7,88,100,23,68,75,71,0,50,39,57,87,39,37,74
2182,,73,1991,1985,Dave,Huffman,0,33,1,1985,Notre Dame,72,,4,32,78,280,T,0,0,0,0,0,0,0,0,0,0,0,0,0,0,0,0,None,,,,,a,10557.png,,darkbrown_3087.png,77,38,1,46,14,71,1,59,66,28,1,1,58,0,1,1,1,1,1,21,97,27,1,1,1,1,1,1,1,1,28,46,37,16,10,17,86,0,39,36,69,91,41,57,44
2179,,66,1991,1985,Tunch,Ilkin,0,20,16,1985,Indiana State,62,,5,33,75,263,T,0,0,0,0,0,0,0,0,0,0,0,0,0,0,0,0,None,AthBlocker,,,,b,0019.png,,black_3044.png,81,39,1,46,1,55,1,52,67,43,1,1,48,0,1,1,1,1,1,9,54,11,1,1,1,1,1,1,1,1,20,100,88,25,76,94,88,0,36,46,66,71,30,37,16
2178,,73,1991,1985,Tim,Irwin,0,27,2,1985,Tennessee,76,,6,33,79,300,T,0,0,0,0,0,0,0,0,0,0,0,0,0,0,0,0,None,AthBlocker,,,,b,0011.png,,black_3072.png,72,40,1,39,25,63,1,64,70,35,1,1,84,0,1,1,1,1,1,20,95,26,1,1,1,1,1,1,1,1,38,85,82,37,76,64,96,0,46,37,53,100,50,57,66
2107,,83,1991,1985,Joe,Jacoby,18,9,2,1985,Louisville,65,,6,32,79,305,T,350000,2,350000,350000,0,0,0,0,0,0,0,0,0,0,0,0,None,AthBlocker,,,,b,10089.png,default-jersey-01.png,bald_3013.png,70,60,1,46,12,78,3,71,87,43,1,1,78,0,1,1,1,1,1,19,97,26,1,1,1,1,1,1,1,1,30,94,64,61,89,86,95,0,35,45,65,86,48,58,30
9902,,67,1991,0,Paul,Janus,0,0,0,0,Northwestern,79,,1,24,76,294,T,0,0,0,0,0,0,0,0,0,0,0,0,0,0,0,0,None,,,,,a,10599.png,,darkbrown_3072.png,70,29,1,41,1,55,1,66,61,39,1,1,55,0,1,1,1,1,1,35,52,35,1,1,1,1,1,1,1,1,3,50,68,27,16,31,71,0,35,41,55,71,31,57,88
5389,,78,1991,1987,Charlie,Johnson,8,4,4,1987,Oklahoma State,67,,4,26,75,302,T,490000,1,490000,0,0,0,0,0,0,0,0,0,0,0,0,0,None,,,,,b,10076.png,default-jersey-01.png,bald_3008.png,69,42,1,42,9,60,1,74,76,42,1,1,69,0,1,1,1,1,1,15,98,6,1,1,1,1,1,1,1,1,21,93,82,35,92,79,97,0,32,44,53,80,50,57,77
12782,14509,70,1991,0,Chuck,Johnson,0,0,0,0,Texas,0,,0,23,77,275,T,0,0,0,0,0,0,0,0,0,0,0,0,0,0,0,0,None,,,,,,,,,79,42,1,47,3,60,1,65,61,33,1,1,55,0,0,0,0,0,0,15,56,23,0,0,0,0,0,0,0,0,91,39,47,61,54,45,100,0,42,30,50,86,32,30,73
8601,,85,1991,1989,Braxton,Jones,13,3,8,1989,Southern Utah,70,,2,24,78,310,T,850000,1,850000,0,0,0,0,0,0,0,0,0,0,0,0,0,None,,,,,a,0121.png,,blonde_3020.png,78,52,4,60,12,73,2,78,79,39,15,12,65,0,1,1,1,1,1,24,87,26,1,1,1,1,1,1,1,1,89,55,69,82,60,51,92,0,63,49,65,88,49,43,47
2241,,65,1991,1985,Ken,Jones,0,35,13,1985,Arkansas State,77,,3,36,77,260,T,0,0,0,0,0,0,0,0,0,0,0,0,0,0,0,0,None,,,,,a,0128.png,,darkbrown_3017.png,69,37,1,33,12,67,1,55,58,30,1,1,58,0,1,1,1,1,1,25,79,36,1,1,1,1,1,1,1,1,100,95,90,99,85,94,99,0,43,47,42,96,32,52,27
3354,,69,1991,0,Rod,Jones,0,0,0,0,Kansas,75,,1,23,76,325,T,0,0,0,0,0,0,0,0,0,0,0,0,0,0,0,0,None,,,,,b,10081.png,,black_3011.png,75,45,1,54,15,63,1,62,65,43,1,1,68,0,1,1,1,1,1,17,29,28,1,1,1,1,1,1,1,1,86,63,35,74,52,30,95,0,50,48,30,80,39,66,92
5399,,87,1991,1987,Winston,Justice,5,4,2,1987,USC,65,,4,26,78,317,T,10300000,1,10300000,0,0,0,0,0,0,0,0,0,0,0,0,0,None,,,,,b,10056.png,,black_3039.png,87,51,1,60,32,65,1,83,74,43,1,1,67,0,1,1,1,1,1,17,100,11,1,1,1,1,1,1,1,1,27,71,41,21,30,32,94,0,35,40,33,99,32,54,7
12919,15538,66,1991,0,Mike,Keim,0,0,0,0,BYU,0,,0,27,79,302,T,0,0,0,0,0,0,0,0,0,0,0,0,0,0,0,0,None,,,,,,,,,80,43,1,48,9,60,1,56,60,39,1,1,48,0,0,0,0,0,0,2,48,6,0,0,0,0,0,0,0,0,5,77,81,3,61,80,99,0,48,46,70,83,45,41,89
1835,,87,1991,1985,Mike,Kenn,0,3,10,1985,Michigan,78,,3,32,79,273,T,0,0,0,0,0,0,0,0,0,0,0,0,0,0,0,0,None,,,,,b,10098.png,,lightbrown_3003.png,86,46,1,47,31,69,1,85,78,46,4,1,77,0,1,1,1,1,1,13,100,24,1,1,1,1,1,1,1,1,90,57,56,88,58,64,74,0,45,33,63,81,48,33,100
2125,,84,1991,1985,Jim,Lachey,16,12,2,1985,Ohio State,63,,6,28,78,294,T,6750000,1,6750000,0,0,0,0,0,0,0,0,0,0,0,0,0,None,Legend,,,,a,0146.png,default-jersey-01.png,black_3058.png,85,54,1,52,26,66,1,73,81,49,1,3,68,0,1,1,1,1,1,1,100,1,1,1,1,1,1,1,1,1,68,54,34,39,70,50,98,0,39,33,39,92,40,56,0
12537,,74,1991,1991,Max,Lane,20,5,9,1991,Navy,60,,0,23,78,315,T,250000,2,250000,250000,0,0,0,0,0,0,0,0,0,0,0,0,None,,,,,b,10067.png,,bald_3015.png,70,39,1,56,7,57,1,65,80,31,1,1,60,0,1,1,1,1,1,34,57,34,1,1,1,1,1,1,1,1,71,33,70,81,64,38,79,0,50,38,42,93,42,39,100
1930,,85,1991,1985,Ken,Lanier,0,7,9,1985,Florida State,76,,6,32,75,281,T,0,0,0,0,0,0,0,0,0,0,0,0,0,0,0,0,None,AthBlocker,,,,b,0007.png,,black_3089.png,67,64,1,38,31,54,1,89,83,48,1,1,68,0,1,1,1,1,1,6,100,13,1,1,1,1,1,1,1,1,65,92,90,71,93,87,79,0,42,39,36,93,32,35,57
8603,,83,1991,1989,Abraham,Lucas,2,3,10,1989,Wash. St.,61,,2,24,78,322,T,850000,1,850000,0,0,0,0,0,0,0,0,0,0,0,0,0,None,,,,,b,0033.png,,blonde_3002.png,79,61,1,53,22,70,1,79,75,31,1,1,65,0,1,1,1,1,1,14,75,23,1,1,1,1,1,1,1,1,8,54,33,23,14,16,75,0,63,46,60,76,61,55,43
12718,17862,77,1991,0,Siupeli,Malamala,0,0,0,0,Washington,0,,0,23,77,310,T,0,0,0,0,0,0,0,0,0,0,0,0,0,0,0,0,None,,,,,,,,,68,38,1,55,10,60,1,69,80,32,1,1,67,0,0,0,0,0,0,11,75,14,0,0,0,0,0,0,0,0,51,98,85,62,74,92,77,0,40,43,50,71,45,64,75
9903,,68,1991,0,Patrick,Mannelly,0,0,0,0,Duke,60,,1,24,77,265,T,0,0,0,0,0,0,0,0,0,0,0,0,0,0,0,0,None,,,,,a,10550.png,,bald_3009.png,65,36,1,45,11,58,1,62,69,38,1,1,54,0,1,1,1,1,1,35,56,35,1,1,1,1,1,1,1,1,46,50,46,70,51,53,83,0,38,33,62,74,45,31,97
12535,,76,1991,1991,Jason,Mathews,19,5,4,1991,BYU,74,,0,23,77,285,T,250000,2,250000,250000,0,0,0,0,0,0,0,0,0,0,0,0,None,,,,,a,0118.png,,lightbrown_3062.png,71,54,1,50,11,57,1,70,79,34,1,1,61,0,1,1,1,1,1,31,60,33,1,1,1,1,1,1,1,1,32,65,50,4,13,28,85,0,39,33,38,71,48,50,93
9879,,79,1991,1990,Ron,Mattes,12,6,15,1990,Virginia,60,,1,24,78,309,T,250000,1,250000,0,0,0,0,0,0,0,0,0,0,0,0,0,None,,,,,a,0101.png,,red_3027.png,83,55,1,47,18,61,1,74,80,39,1,1,65,0,1,1,1,1,1,27,54,29,1,1,1,1,1,1,1,1,81,75,75,65,81,72,84,0,50,37,50,95,32,57,64
1834,,98,1991,1985,Bruce,Matthews,12,1,11,1985,USC,74,,6,30,77,305,T,10650000,3,10650000,10650000,10650000,0,0,0,0,0,0,0,0,0,0,0,None,BookEndTackle,,,,b,10067.png,,blonde_3007.png,91,71,7,70,41,75,1,89,93,53,1,1,91,0,1,1,1,1,1,18,100,24,1,1,1,1,1,1,1,1,45,71,89,69,95,84,76,0,48,41,33,75,48,39,98
2304,,72,1991,1985,Mark,May,0,16,16,1985,Pittsburgh,71,,6,32,78,295,T,0,0,0,0,0,0,0,0,0,0,0,0,0,0,0,0,None,,,,,a,10576.png,default-jersey-01.png,lightbrown_3070.png,65,43,1,23,10,64,1,73,71,33,1,1,54,0,1,1,1,1,1,14,76,16,1,1,1,1,1,1,1,1,49,58,68,33,72,61,78,0,47,37,68,78,42,36,38
5447,,80,1991,1987,Nevin,McCaskill,3,5,11,1987,Hampton,62,,4,26,76,305,T,250000,1,250000,0,0,0,0,0,0,0,0,0,0,0,0,0,None,,,,,b,0004.png,default-jersey-01.png,black_3017.png,77,46,1,44,17,57,1,74,83,31,1,1,62,0,1,1,1,1,1,43,88,2,1,1,1,1,1,1,1,1,50,36,51,51,40,47,74,0,34,39,64,77,40,68,17
2739,,65,1991,1985,Reggie,McElroy,0,54,17,1985,West Texas A&M,74,,3,28,78,290,T,0,0,0,0,0,0,0,0,0,0,0,0,0,0,0,0,None,,,,,b,0090.png,,bald_3034.png,75,41,1,50,15,50,1,53,69,30,1,1,68,0,1,1,1,1,1,13,40,21,1,1,1,1,1,1,1,1,39,62,39,29,20,11,70,0,32,31,37,79,30,57,77
5454,,94,1991,1987,Marcus,McNeill,9,1,19,1987,Auburn,68,,4,27,80,335,T,13800000,6,13800000,13800000,13800000,13800000,13800000,13800000,0,0,0,0,0,0,0,0,None,AthBlocker,,,,a,0141.png,,lightbrown_3034.png,96,65,1,69,28,70,10,81,88,55,1,1,82,0,1,1,1,1,1,13,100,11,1,1,1,1,1,1,1,1,95,61,44,100,48,48,92,0,34,43,63,99,40,54,98
6038,,77,1991,0,Charles,McRae,0,0,0,0,Tennessee,62,,4,27,79,305,T,0,0,0,0,0,0,0,0,0,0,0,0,0,0,0,0,None,,,,,b,0054.png,default-jersey-01.png,bald_3007.png,83,45,1,53,23,69,1,70,68,36,1,1,65,0,1,1,1,1,1,21,71,22,1,1,1,1,1,1,1,1,63,35,37,75,55,59,94,0,41,30,67,71,41,62,43
3398,,85,1991,1986,John,Michels,14,5,5,1986,USC,66,,5,28,79,300,T,3150000,4,3150000,3150000,3150000,3150000,0,0,0,0,0,0,0,0,0,0,None,,,,,a,0122.png,,darkbrown_3012.png,83,54,1,52,18,56,1,80,82,31,1,1,64,0,1,1,1,1,1,1,99,1,1,1,1,1,1,1,1,1,65,62,61,86,44,33,96,0,43,39,70,83,40,69,2
2443,,65,1991,1985,Bryan,Millard,0,37,10,1985,Texas,77,,6,31,77,282,T,0,0,0,0,0,0,0,0,0,0,0,0,0,0,0,0,None,,,,,b,10055.png,,black_3047.png,63,38,1,40,9,58,1,58,56,26,1,1,48,0,1,1,1,1,1,10,81,9,1,1,1,1,1,1,1,1,40,34,59,57,62,55,80,0,31,43,43,99,30,68,66
2516,,63,1991,1985,Brett,Miller,0,44,2,1985,Iowa,60,,6,33,79,293,T,0,0,0,0,0,0,0,0,0,0,0,0,0,0,0,0,None,Perceptive,,,,a,0126.png,,darkbrown_3007.png,76,39,1,39,1,56,1,51,63,18,1,1,43,0,1,1,1,1,1,13,45,15,1,1,1,1,1,1,1,1,69,77,95,100,85,88,99,0,37,33,34,72,39,31,1
2375,,64,1991,1985,Leonard,Mitchell,0,15,7,1985,Houston,76,,5,32,79,290,T,0,0,0,0,0,0,0,0,0,0,0,0,0,0,0,0,None,,,,,b,0082.png,,darkbrown_3024.png,63,29,1,32,1,50,1,55,72,30,1,1,48,0,1,1,1,1,1,24,66,19,1,1,1,1,1,1,1,1,33,26,30,58,43,45,86,0,40,47,66,92,46,62,36
8604,,73,1991,0,Max,Mitchell,0,0,0,0,UL Lafayette,67,,2,23,78,299,T,0,0,0,0,0,0,0,0,0,0,0,0,0,0,0,0,None,,,,,b,0024.png,,darkbrown_3017.png,71,35,1,39,1,60,1,66,69,26,1,1,58,0,1,1,1,1,1,26,91,12,1,1,1,1,1,1,1,1,3,63,93,16,67,85,91,0,32,37,65,90,48,59,23
1828,,86,1991,1985,Anthony,Munoz,5,2,3,1985,USC,61,,6,33,78,278,T,4000000,1,4000000,0,0,0,0,0,0,0,0,0,0,0,0,0,None,BookEndTackle,,,,b,10066.png,default-jersey-01.png,darkbrown_3018.png,70,55,10,41,24,69,1,84,84,59,9,10,82,0,1,1,1,1,1,28,100,24,1,1,1,1,1,1,1,1,19,100,100,7,79,76,94,0,35,50,41,72,50,31,100
8606,,86,1991,1989,George,Musso,4,2,7,1989,Millikin,16,,2,24,74,262,T,1500000,1,1500000,0,0,0,0,0,0,0,0,0,0,0,0,0,None,TenaciousBlocker,,,,b,0097.png,,black_3052.png,84,43,1,69,51,71,1,78,75,73,1,1,92,0,1,1,1,1,25,59,93,44,1,1,60,55,33,1,1,1,81,89,82,93,91,93,88,0,35,38,32,89,41,59,0
12545,,88,1991,1991,Tom,Nalen,8,1,14,1991,Boston College,52,,0,23,75,286,T,2000000,4,2000000,2000000,2000000,2000000,0,0,0,0,0,0,0,0,0,0,None,,,,,a,0141.png,default-jersey-01.png,darkbrown_3072.png,89,67,1,61,11,79,1,78,85,50,1,1,73,0,1,1,1,1,1,35,62,50,1,1,1,1,1,1,1,1,37,81,66,13,62,77,78,0,33,33,65,95,44,30,100
8607,,84,1991,1989,Evan,Neal,10,5,4,1989,Alabama,68,,2,22,79,350,T,3050000,6,3050000,3050000,3050000,3050000,3050000,3050000,0,0,0,0,0,0,0,0,None,,,,,a,10575.png,,red_3027.png,90,51,8,61,13,57,2,72,82,34,3,3,68,0,1,1,1,1,1,21,88,26,1,1,1,1,1,1,1,1,70,74,94,72,80,84,84,0,50,34,54,73,46,47,93
5478,,80,1991,1987,Ryan,O'Callaghan,20,5,18,1987,California,53,,4,27,78,345,T,400000,2,400000,400000,0,0,0,0,0,0,0,0,0,0,0,0,None,,,,,b,0100.png,default-jersey-01.png,black_3084.png,79,43,1,55,16,68,1,72,73,43,1,1,70,0,1,1,1,1,1,8,83,18,1,1,1,1,1,1,1,1,40,55,41,60,61,55,80,0,32,47,68,93,49,49,97
3428,,98,1991,1986,Jonathan,Ogden,10,1,9,1986,UCLA,63,,5,27,81,340,T,10300000,5,10300000,10300000,10300000,10300000,10300000,0,0,0,0,0,0,0,0,0,None,TenaciousBlocker,,,,a,10562.png,,red_3029.png,95,70,8,60,28,88,7,85,95,54,1,1,89,0,1,1,1,1,1,26,100,31,1,1,1,1,1,1,1,1,58,42,42,36,45,61,78,0,42,43,53,82,30,45,92
7113,,60,1991,0,Clint,Oldenburg,0,0,0,0,Colorado State,75,,1,24,77,299,T,0,0,0,0,0,0,0,0,0,0,0,0,0,0,0,0,None,,,,,b,0038.png,,black_3093.png,78,46,1,39,3,45,1,51,66,30,1,1,49,0,1,1,1,1,1,10,16,14,1,1,1,1,1,1,1,1,62,30,47,60,67,51,90,0,32,47,67,87,39,65,78
7304,,82,1991,1988,Michael,Otto,9,3,18,1988,Purdue,76,,3,26,77,310,T,750000,3,750000,750000,750000,0,0,0,0,0,0,0,0,0,0,0,None,,,,,b,0063.png,default-jersey-01.png,bald_3043.png,75,46,1,61,25,76,1,75,68,34,1,1,63,0,1,1,1,1,1,75,99,70,1,1,1,1,1,1,1,1,56,59,31,66,43,60,100,0,40,30,35,78,39,61,89
1932,,79,1991,1985,Irv,Pankey,14,7,14,1985,Penn State,51,,6,33,76,277,T,250000,1,250000,0,0,0,0,0,0,0,0,0,0,0,0,0,None,,,,,b,0012.png,default-jersey-01.png,black_3101.png,63,56,1,30,30,61,1,78,79,33,1,1,62,0,1,1,1,1,1,26,100,3,1,1,1,1,1,1,1,1,65,33,38,73,61,38,84,0,30,36,36,77,38,52,18
2215,,82,1991,1985,Bubba,Paris,17,21,12,1985,Michigan,77,,6,31,78,300,T,3850000,5,3850000,3850000,3850000,3850000,3850000,0,0,0,0,0,0,0,0,0,None,,,,,a,10596.png,,lightbrown_3094.png,91,51,1,37,13,71,1,71,78,42,1,1,70,0,1,1,1,1,1,2,95,5,1,1,1,1,1,1,1,1,6,47,48,13,12,28,75,0,41,30,39,72,33,58,-1
12539,,70,1991,0,Vaughn,Parker,0,0,0,0,UCLA,61,,0,23,75,300,T,0,0,0,0,0,0,0,0,0,0,0,0,0,0,0,0,None,,,,,b,0035.png,,darkbrown_3013.png,72,37,1,49,4,54,1,66,68,40,1,1,59,0,1,1,1,1,1,35,50,35,1,1,1,1,1,1,1,1,35,41,61,2,1,32,98,0,50,36,44,82,40,30,74
12538,,74,1991,1991,Joe,Patton,12,6,8,1991,Alabama A&M,79,,0,22,77,306,T,250000,2,250000,250000,0,0,0,0,0,0,0,0,0,0,0,0,None,,,,,a,0121.png,,lightbrown_3045.png,82,54,1,38,18,55,1,69,73,35,1,1,59,0,1,1,1,1,1,31,53,30,1,1,1,1,1,1,1,1,51,93,92,44,84,90,73,0,50,42,54,85,39,50,79
5489,,90,1991,1987,Donald,Penn,20,1,6,1987,Utah State,72,,4,27,76,340,T,11500000,2,11500000,11400000,0,0,0,0,0,0,0,0,0,0,0,0,None,,,,,b,10088.png,default-jersey-01.png,black_3089.png,90,73,1,52,35,79,1,71,93,60,9,1,84,0,1,1,1,1,1,26,100,26,1,1,1,1,1,1,1,1,65,42,39,46,31,52,89,0,35,33,58,70,42,65,37
8608,,75,1991,1989,Trevor,Penning,0,7,15,1989,Northern Iowa,79,,2,24,79,325,T,0,0,0,0,0,0,0,0,0,0,0,0,0,0,0,0,None,,,,,b,0009.png,,black_3065.png,81,58,4,58,24,49,5,67,78,25,1,1,65,0,1,1,1,1,1,14,44,24,1,1,1,1,1,1,1,1,80,38,56,94,49,54,97,0,57,58,64,93,68,37,57
5490,,66,1991,0,Terrance,Pennington,0,0,0,0,New Mexico,69,,4,27,79,325,T,0,0,0,0,0,0,0,0,0,0,0,0,0,0,0,0,None,Competitor,,,,a,0108.png,,darkbrown_3053.png,59,48,1,42,1,56,1,55,64,33,1,1,60,0,1,1,1,1,1,2,89,5,1,1,1,1,1,1,1,1,31,65,87,68,63,63,76,0,37,31,65,76,37,42,91
8609,,77,1991,0,Nicholas,Petit-Frere,11,0,0,0,Ohio State,78,,2,23,77,316,T,950000,1,950000,0,0,0,0,0,0,0,0,0,0,0,0,0,None,,,,,b,0018.png,default-jersey-01.png,darkbrown_3003.png,79,43,1,50,5,63,1,73,76,28,1,1,68,0,1,1,1,1,1,16,55,20,1,1,1,1,1,1,1,1,55,71,64,39,82,65,76,0,33,48,44,72,49,44,100
12542,,67,1991,0,Trent,Pollard,0,0,0,0,Eastern Washington,67,,0,22,76,304,T,0,0,0,0,0,0,0,0,0,0,0,0,0,0,0,0,None,,,,,b,0034.png,,black_3015.png,77,40,1,34,5,56,1,62,64,22,1,1,47,0,1,1,1,1,1,35,51,35,1,1,1,1,1,1,1,1,25,72,67,14,86,80,71,0,47,48,61,75,49,32,79
1865,,82,1991,1985,Marvin,Powell,0,6,4,1985,USC,68,,4,34,77,268,T,0,0,0,0,0,0,0,0,0,0,0,0,0,0,0,0,None,,,,,b,10089.png,,black_3034.png,70,54,1,29,11,77,1,76,82,52,1,3,68,0,1,1,1,1,1,20,100,23,1,1,1,1,1,1,1,1,64,64,45,54,40,36,100,0,30,47,55,93,31,37,1
2672,,65,1991,1985,Phil,Pozderac,0,50,14,1985,Notre Dame,76,,3,29,81,277,T,0,0,0,0,0,0,0,0,0,0,0,0,0,0,0,0,None,,,,,a,10570.png,,lightbrown_3071.png,71,47,1,48,14,46,1,51,69,38,1,1,55,0,1,1,1,1,1,29,65,17,1,1,1,1,1,1,1,1,7,79,73,12,100,67,83,0,36,47,31,77,44,57,21
8610,,88,1991,1989,Bernhard,Raimann,16,2,2,1989,Central Michigan,62,,2,25,78,303,T,1750000,1,1750000,0,0,0,0,0,0,0,0,0,0,0,0,0,None,BookEndTackle,,,,a,0115.png,,darkbrown_3065.png,90,61,4,70,29,75,6,75,76,32,18,17,71,0,1,1,1,1,1,16,99,21,1,1,1,1,1,1,1,1,64,73,73,92,74,65,100,0,62,55,61,99,60,33,46
2247,,79,1991,1985,Ken,Reeves,17,20,4,1985,Texas A&M,71,,6,30,77,270,T,1750000,1,1750000,0,0,0,0,0,0,0,0,0,0,0,0,0,None,AthBlocker,,,,b,0077.png,,blonde_3002.png,73,44,1,49,12,63,1,74,71,45,1,1,73,0,1,1,1,1,1,1,99,1,1,1,1,1,1,1,1,1,8,49,44,15,16,16,88,0,38,42,46,78,48,45,1
2083,,67,1991,1985,Bruce,Reimers,0,15,18,1985,Iowa State,64,,6,31,79,285,T,0,0,0,0,0,0,0,0,0,0,0,0,0,0,0,0,None,,,,,a,0105.png,,blonde_3049.png,63,35,1,30,1,46,1,61,71,26,1,1,66,0,1,1,1,1,1,1,85,4,1,1,1,1,1,1,1,1,85,34,39,75,32,72,75,0,31,49,69,91,31,52,39
2376,,65,1991,1985,Howard,Richards,0,36,1,1985,Missouri,74,,6,32,78,263,T,0,0,0,0,0,0,0,0,0,0,0,0,0,0,0,0,None,,,,,a,0110.png,,darkbrown_3072.png,67,31,1,28,6,48,1,56,68,34,1,1,67,0,1,1,1,1,1,14,91,4,1,1,1,1,1,1,1,1,93,62,62,70,83,69,84,0,46,40,49,88,45,40,1
9888,,74,1991,0,Victor,Riley,0,0,0,0,Auburn,66,,1,25,77,328,T,0,0,0,0,0,0,0,0,0,0,0,0,0,0,0,0,None,,,,,a,10551.png,default-jersey-01.png,blonde_3013.png,70,49,1,41,8,60,1,71,76,48,1,1,67,0,1,1,1,1,1,30,60,29,1,1,1,1,1,1,1,1,83,50,48,86,40,45,97,0,37,40,34,92,46,64,89
1949,,79,1991,1985,Cody,Risien,0,8,3,1985,Texas A&M,71,,5,33,79,269,T,0,0,0,0,0,0,0,0,0,0,0,0,0,0,0,0,None,,,,,b,0025.png,,black_3001.png,66,46,1,37,25,72,1,73,77,52,1,4,65,0,1,1,1,1,1,19,97,18,1,1,1,1,1,1,1,1,16,97,94,33,89,92,92,0,33,34,30,89,49,63,4
2060,,81,1991,1985,Tootie,Robbins,6,9,17,1985,East Carolina,61,,6,33,77,303,T,250000,2,250000,500000,0,0,0,0,0,0,0,0,0,0,0,0,None,AthBlocker,,,,b,0061.png,default-jersey-01.png,bald_3041.png,77,58,1,53,15,64,1,73,72,48,1,1,75,0,1,1,1,1,1,21,97,14,1,1,1,1,1,1,1,1,20,60,44,12,24,10,79,0,43,49,38,80,50,66,11
12920,24216,77,1991,0,Ray,Roberts,0,0,0,0,Virginia,0,,0,23,78,315,T,0,0,0,0,0,0,0,0,0,0,0,0,0,0,0,0,None,,,,,,,,,79,42,1,60,9,64,1,64,77,37,1,1,66,0,0,0,0,0,0,24,74,12,0,0,0,0,0,0,0,0,79,100,66,91,79,95,95,0,45,50,49,72,34,62,74
5508,,67,1991,1987,Dennis,Roland,0,6,13,1987,Georgia,70,,4,27,81,322,T,0,0,0,0,0,0,0,0,0,0,0,0,0,0,0,0,None,,,,,a,0113.png,,black_3021.png,76,46,1,47,1,55,1,55,68,21,1,1,65,0,1,1,1,1,1,22,50,18,1,1,1,1,1,1,1,1,71,71,45,55,71,68,86,0,41,30,44,85,42,44,100
9882,,76,1991,0,Oliver,Ross,1,0,0,0,Iowa State,68,,1,25,77,317,T,250000,1,250000,0,0,0,0,0,0,0,0,0,0,0,0,0,None,,,,,b,10068.png,default-jersey-01.png,black_3042.png,84,50,1,45,14,71,1,67,73,41,1,1,65,0,1,1,1,1,1,27,58,29,1,1,1,1,1,1,1,1,31,82,90,34,97,75,86,0,47,36,46,98,40,59,1
1931,,83,1991,1985,Ken,Ruettgers,17,5,13,1985,USC,78,,6,29,78,295,T,10550000,5,10550000,10550000,10550000,10550000,10550000,0,0,0,0,0,0,0,0,0,None,TenaciousBlocker,,,,a,10562.png,,black_3005.png,83,50,1,48,29,73,1,70,79,50,1,1,73,0,1,1,1,1,1,15,100,1,1,1,1,1,1,1,1,1,82,85,70,79,74,86,92,0,44,45,30,91,46,69,1
9889,,73,1991,0,Chris,Ruhman,18,0,0,0,Texas A&M,75,,1,25,77,321,T,250000,1,250000,0,0,0,0,0,0,0,0,0,0,0,0,0,None,,,,,b,0022.png,default-jersey-01.png,darkbrown_3025.png,72,45,1,41,8,65,1,71,67,34,1,1,51,0,1,1,1,1,1,29,63,28,1,1,1,1,1,1,1,1,81,67,49,67,54,59,78,0,47,36,48,89,38,30,93
3457,,85,1991,1986,Jon,Runyan,2,3,2,1986,Michigan,70,,5,28,79,330,T,3700000,3,3700000,2500000,2500000,0,0,0,0,0,0,0,0,0,0,0,None,TenaciousBlocker,,,,b,0002.png,,darkbrown_3002.png,93,54,1,57,23,72,1,74,78,43,1,5,79,0,1,1,1,1,1,1,84,4,1,1,1,1,1,1,1,1,76,47,56,64,49,39,93,0,49,40,65,99,41,39,3
9886,,79,1991,1990,Ephraim,Salaam,15,5,14,1990,San Diego State,65,,1,23,79,295,T,250000,1,250000,0,0,0,0,0,0,0,0,0,0,0,0,0,None,,,,,a,10574.png,,darkbrown_3099.png,78,58,1,54,24,60,1,76,76,44,1,1,53,0,1,1,1,1,1,28,61,29,1,1,1,1,1,1,1,1,19,50,63,25,21,27,81,0,43,36,59,99,30,45,70
2306,,78,1991,1985,Harvey,Salem,0,28,8,1985,California,78,,6,30,78,283,T,0,0,0,0,0,0,0,0,0,0,0,0,0,0,0,0,None,,,,,a,0109.png,,blonde_3004.png,73,57,1,47,19,68,1,60,83,48,1,1,57,0,1,1,1,1,1,17,99,12,1,1,1,1,1,1,1,1,49,99,74,67,70,92,86,0,40,42,41,80,33,45,56
2127,,76,1991,1985,Eric,Sanders,0,18,1,1985,Nevada-Reno,70,,6,33,78,277,T,0,0,0,0,0,0,0,0,0,0,0,0,0,0,0,0,None,AthBlocker,,,,a,10571.png,default-jersey-01.png,darkbrown_3036.png,79,52,1,36,7,59,1,65,76,31,1,1,66,0,1,1,1,1,1,15,93,13,1,1,1,1,1,1,1,1,85,55,32,95,66,39,100,0,32,33,65,76,40,59,6
2517,,48,1991,1985,Gene,Sanders,0,48,4,1985,Texas A&M,68,,6,35,75,273,T,0,0,0,0,0,0,0,0,0,0,0,0,0,0,0,0,None,,,,,b,0012.png,,black_3096.png,56,24,1,32,1,39,1,52,35,21,1,1,28,0,1,1,1,1,1,37,33,29,1,1,1,1,1,1,1,1,43,56,38,73,52,37,84,0,39,33,62,75,37,54,21
12739,25141,73,1991,0,Kevin,Sargent,0,0,0,0,Eastern Washington,0,,0,23,78,289,T,0,0,0,0,0,0,0,0,0,0,0,0,0,0,0,0,None,,,,,,,,,70,47,1,47,3,69,1,64,74,37,1,1,62,0,0,0,0,0,0,16,57,12,0,0,0,0,0,0,0,0,64,87,78,65,61,74,70,0,46,31,32,72,46,60,92
12752,25603,74,1991,0,Leon,Searcy,0,0,0,0,Miami (FL),0,,0,23,76,313,T,0,0,0,0,0,0,0,0,0,0,0,0,0,0,0,0,None,,,,,,,,,82,44,1,52,5,60,1,65,74,50,1,1,60,0,0,0,0,0,0,18,54,17,0,0,0,0,0,0,0,0,67,83,75,54,71,60,89,0,45,34,48,74,43,65,86
2028,,81,1991,1985,Luis,Sharpe,18,8,18,1985,UCLA,66,,6,31,77,275,T,3250000,1,3250000,0,0,0,0,0,0,0,0,0,0,0,0,0,None,,,,,a,0103.png,,blonde_3045.png,83,37,1,55,30,65,1,72,73,43,1,1,67,0,1,1,1,1,1,4,100,1,1,1,1,1,1,1,1,1,65,76,94,71,88,98,86,0,44,34,41,83,47,62,82
2002,,73,1991,1985,Billy,Shields,0,16,13,1985,Georgia Tech,70,,2,34,80,272,T,0,0,0,0,0,0,0,0,0,0,0,0,0,0,0,0,None,,,,,a,10574.png,,darkbrown_3016.png,60,39,1,29,11,59,1,65,81,34,1,1,74,0,1,1,1,1,1,19,100,14,1,1,1,1,1,1,1,1,67,89,96,42,73,94,88,0,47,42,43,82,42,60,16
6140,,65,1991,0,Darin,Shoulders,0,0,0,0,Tulane,61,,4,27,75,288,T,0,0,0,0,0,0,0,0,0,0,0,0,0,0,0,0,None,,,,,b,10068.png,,red_3001.png,73,42,1,34,1,46,1,60,56,30,1,1,41,0,1,1,1,1,1,3,85,1,1,1,1,1,1,1,1,1,46,38,66,63,48,58,90,0,41,46,48,72,43,57,80
6039,,79,1991,0,Joe,Sims,2,0,0,0,Nebraska,64,,4,26,75,310,T,250000,2,250000,250000,0,0,0,0,0,0,0,0,0,0,0,0,None,,,,,b,0023.png,default-jersey-01.png,black_3009.png,70,41,1,54,9,68,1,76,72,40,1,1,72,0,1,1,1,1,1,21,77,22,1,1,1,1,1,1,1,1,62,98,88,89,82,84,70,0,48,40,34,72,36,38,42
12951,26298,76,1991,0,Greg,Skrepenak,0,0,0,0,Michigan,0,,0,22,79,316,T,0,0,0,0,0,0,0,0,0,0,0,0,0,0,0,0,None,,,,,,,,,74,49,1,47,8,67,1,74,67,29,1,1,68,0,0,0,0,0,0,27,62,23,0,0,0,0,0,0,0,0,34,47,61,62,47,47,88,0,43,47,38,88,40,59,88
2004,,86,1991,1985,Lance,Smith,8,8,10,1985,LSU,61,,6,28,75,283,T,5400000,3,5400000,5400000,5400000,0,0,0,0,0,0,0,0,0,0,0,None,,,,,b,0039.png,,black_3053.png,91,64,1,56,8,70,1,73,79,34,1,1,74,0,1,1,1,1,1,1,100,1,1,1,1,1,1,1,1,1,31,83,98,66,79,84,98,0,44,45,30,86,45,56,4
5539,,67,1991,0,Rob,Smith,0,0,0,0,Tennessee,77,,1,23,76,306,T,0,0,0,0,0,0,0,0,0,0,0,0,0,0,0,0,None,,,,,a,10589.png,,black_3004.png,72,39,1,35,11,60,1,59,63,23,1,1,56,0,1,1,1,1,1,5,70,2,1,1,1,1,1,1,1,1,60,76,82,86,86,92,99,0,36,46,45,77,43,59,89
7217,,79,1991,1988,Joe,Staley,15,4,10,1988,Central Michigan,62,,3,25,78,306,T,350000,3,350000,250000,250000,0,0,0,0,0,0,0,0,0,0,0,None,,,,,a,0109.png,default-jersey-01.png,black_3032.png,74,41,1,50,14,69,1,71,71,38,1,1,60,0,1,1,1,1,1,15,98,22,1,1,1,1,1,1,1,1,85,53,43,64,60,62,94,0,47,33,37,75,33,38,9
5548,,80,1991,1987,Adam,Stenavich,19,4,5,1987,Michigan,79,,4,27,76,298,T,3200000,2,3200000,3200000,0,0,0,0,0,0,0,0,0,0,0,0,None,,,,,a,10580.png,default-jersey-01.png,darkbrown_3040.png,82,44,1,39,19,62,1,73,74,44,1,1,65,0,1,1,1,1,1,6,100,22,1,1,1,1,1,1,1,1,62,69,69,85,63,64,93,0,50,50,39,77,48,65,11
12531,,85,1991,1991,Todd,Steussie,7,1,20,1991,California,65,,0,24,78,320,T,1750000,4,1750000,1750000,1750000,1750000,0,0,0,0,0,0,0,0,0,0,None,AthBlocker,,,,b,0087.png,default-jersey-01.png,black_3053.png,87,57,5,55,22,79,3,71,88,44,1,1,65,0,1,1,1,1,1,35,72,34,1,1,1,1,1,1,1,1,51,58,68,45,44,60,100,0,50,30,53,77,47,39,87
12511,,79,1991,1991,Ron,Stone,5,4,11,1991,Boston College,64,,0,23,77,325,T,500000,3,500000,500000,500000,0,0,0,0,0,0,0,0,0,0,0,None,,,,,b,0100.png,default-jersey-01.png,blonde_3004.png,86,41,1,52,14,62,1,80,68,37,1,1,67,0,1,1,1,1,1,49,53,33,1,1,1,1,1,1,1,1,41,41,55,64,35,34,85,0,35,43,55,74,46,31,79
5552,,83,1991,1987,Zach,Strief,1,4,19,1987,Northwestern,75,,4,27,79,349,T,3150000,5,3150000,3150000,3150000,3150000,3150000,0,0,0,0,0,0,0,0,0,None,,,,,c,0239.png,,darkbrown_3029.png,80,42,1,51,3,69,1,73,79,37,1,1,56,0,1,1,1,1,1,14,100,7,1,1,1,1,1,1,1,1,12,68,99,24,96,85,75,0,43,36,31,72,31,64,0
2081,,70,1991,1985,Dave,Studdard,0,25,6,1985,Texas,60,,3,33,76,260,T,0,0,0,0,0,0,0,0,0,0,0,0,0,0,0,0,None,,,,,a,0114.png,,black_3036.png,55,39,1,30,19,63,1,63,76,30,1,1,63,0,1,1,1,1,1,23,84,22,1,1,1,1,1,1,1,1,45,68,81,36,74,62,87,0,46,34,68,77,41,57,11
2245,,63,1991,1985,Karl,Swanke,0,34,12,1985,Boston College,63,,5,33,78,257,T,0,0,0,0,0,0,0,0,0,0,0,0,0,0,0,0,None,,,,,a,0132.png,,lightbrown_3002.png,68,29,1,41,1,39,1,56,60,20,1,1,59,0,1,1,1,1,1,22,84,12,1,1,1,1,1,1,1,1,20,68,66,38,100,63,78,0,44,48,39,81,38,38,49
7187,,65,1991,0,Herbert,Taylor,0,0,0,0,TCU,61,,1,23,76,282,T,0,0,0,0,0,0,0,0,0,0,0,0,0,0,0,0,None,,,,,b,10084.png,,black_3078.png,74,36,1,32,2,46,1,53,66,32,1,1,53,0,1,1,1,1,1,8,93,11,1,1,1,1,1,1,1,1,84,82,97,87,77,63,93,0,33,37,49,94,49,68,87
12865,28322,70,1991,0,Larry,Tharpe,0,0,0,0,Tennessee State,0,,0,22,76,300,T,0,0,0,0,0,0,0,0,0,0,0,0,0,0,0,0,None,,,,,,,,,68,48,1,52,14,68,1,60,73,42,1,1,54,0,0,0,0,0,0,16,36,28,0,0,0,0,0,0,0,0,27,98,61,1,98,81,96,0,46,34,45,95,38,35,95
7218,,97,1991,1988,Joe,Thomas,20,1,6,1988,Wisconsin,76,,3,25,79,311,T,2500000,1,2500000,0,0,0,0,0,0,0,0,0,0,0,0,0,None,AthBlocker,,,,a,10591.png,,black_3001.png,91,57,1,74,29,73,1,92,85,46,1,1,74,0,1,1,1,1,1,26,100,26,1,1,1,1,1,1,1,1,85,83,95,80,75,66,91,0,37,41,53,73,45,38,52
9875,,86,1991,1990,Tra,Thomas,9,4,11,1990,Florida State,75,,1,25,79,349,T,500000,2,500000,500000,0,0,0,0,0,0,0,0,0,0,0,0,None,,,,,b,10062.png,,black_3036.png,95,57,1,65,20,78,1,73,72,36,1,1,81,0,1,1,1,1,1,28,86,33,1,1,1,1,1,1,1,1,53,76,89,54,78,85,95,0,50,36,56,89,42,65,97
2181,,83,1991,1985,Broderick,Thompson,6,21,5,1985,Kansas,60,,6,31,77,295,T,250000,1,250000,0,0,0,0,0,0,0,0,0,0,0,0,0,None,,,,,b,10091.png,default-jersey-01.png,bald_3029.png,81,45,1,40,10,61,1,86,70,33,1,1,56,0,1,1,1,1,1,9,100,1,1,1,1,1,1,1,1,1,34,59,37,38,25,31,100,0,31,44,52,97,44,60,14
8613,,83,1991,1989,Zach,Tom,17,5,5,1989,Wake Forest,76,,2,24,76,304,T,4150000,1,4150000,0,0,0,0,0,0,0,0,0,0,0,0,0,None,,,,,b,0062.png,default-jersey-01.png,bald_3025.png,75,60,1,58,9,68,2,79,72,27,1,1,62,0,1,1,1,1,1,26,88,20,1,1,1,1,1,1,1,1,37,67,84,35,78,82,94,0,59,37,67,71,47,33,15
5636,,88,1991,1987,Jeremy,Trueblood,4,3,17,1987,Boston College,60,,4,27,80,315,T,10400000,1,10400000,0,0,0,0,0,0,0,0,0,0,0,0,0,None,Competitor,,,,a,0144.png,default-jersey-01.png,blonde_3054.png,91,46,1,58,17,69,1,84,72,34,1,1,64,0,1,1,1,1,1,11,100,14,1,1,1,1,1,1,1,1,80,61,76,93,100,67,95,0,47,36,55,87,47,36,0
9876,,84,1991,1990,Kyle,Turley,3,3,7,1990,San Diego State,66,,1,24,77,309,T,750000,2,750000,750000,0,0,0,0,0,0,0,0,0,0,0,0,None,,,,,a,10565.png,,darkbrown_3014.png,91,59,1,60,3,59,1,75,81,29,1,1,72,0,1,1,1,1,1,27,78,27,1,1,1,1,1,1,1,1,38,91,87,29,84,96,99,0,49,38,63,74,38,30,35
7385,,64,1991,0,Tony,Ugoh,0,0,0,0,Arkansas,69,,1,24,77,301,T,0,0,0,0,0,0,0,0,0,0,0,0,0,0,0,0,None,,,,,a,0116.png,,blonde_3022.png,74,40,1,41,10,54,1,59,63,27,1,1,62,0,1,1,1,1,1,14,25,8,1,1,1,1,1,1,1,1,64,87,68,65,61,67,88,0,36,39,37,72,30,61,94
2486,,68,1991,1985,Keith,Van Horne,0,30,16,1985,USC,78,,6,34,78,281,T,0,0,0,0,0,0,0,0,0,0,0,0,0,0,0,0,None,,,,,b,10081.png,,bald_3014.png,60,48,1,38,1,39,1,73,63,24,1,1,45,0,1,1,1,1,1,9,64,21,1,1,1,1,1,1,1,1,29,67,92,23,65,79,99,0,49,41,57,84,31,42,15
6215,,64,1991,0,Mark,Vander Poel,0,0,0,0,Colorado,69,,1,24,79,303,T,0,0,0,0,0,0,0,0,0,0,0,0,0,0,0,0,None,,,,,b,10092.png,,black_3069.png,65,39,1,46,1,57,1,51,58,23,1,1,56,0,1,1,1,1,1,15,87,7,1,1,1,1,1,1,1,1,64,69,89,67,95,61,83,0,44,49,50,95,41,59,83
9884,,76,1991,0,Alan,Veingrad,4,0,0,0,Texas A&M-Commerce,64,,1,24,77,277,T,250000,1,250000,0,0,0,0,0,0,0,0,0,0,0,0,0,None,,,,,b,0008.png,default-jersey-01.png,black_3095.png,72,46,1,55,15,60,1,67,81,40,1,1,55,0,1,1,1,1,1,28,63,26,1,1,1,1,1,1,1,1,59,86,95,49,76,88,79,0,43,37,36,77,36,49,15
9913,,61,1991,0,Jeff,Walker,0,0,0,0,Memphis,67,,1,24,76,295,T,0,0,0,0,0,0,0,0,0,0,0,0,0,0,0,0,None,,,,,a,10575.png,,darkbrown_3004.png,72,34,1,29,1,53,1,56,57,25,1,1,46,0,1,1,1,1,1,35,53,35,1,1,1,1,1,1,1,1,45,55,38,41,54,66,97,0,31,40,57,87,36,57,87
8616,,75,1991,1989,Rasheed,Walker,0,7,13,1989,Penn State,63,,2,23,78,324,T,0,0,0,0,0,0,0,0,0,0,0,0,0,0,0,0,None,,,,,a,0141.png,,blonde_3028.png,75,43,1,60,8,48,1,65,69,42,1,1,61,0,1,1,1,1,1,24,93,14,1,1,1,1,1,1,1,1,20,69,65,5,35,24,87,0,41,47,66,99,33,55,8
9881,,78,1991,1990,Steve,Wallace,10,6,20,1990,Auburn,67,,1,23,76,285,T,250000,1,250000,0,0,0,0,0,0,0,0,0,0,0,0,0,None,,,,,a,0133.png,,black_3047.png,89,43,1,54,22,71,1,68,71,43,1,1,75,0,1,1,1,1,1,28,60,28,1,1,1,1,1,1,1,1,89,96,86,83,80,72,97,0,48,50,41,76,32,57,89
2442,,83,1991,1985,Joe,Walter,7,36,7,1985,Texas Tech,76,,6,28,79,292,T,250000,1,250000,0,0,0,0,0,0,0,0,0,0,0,0,0,None,,,,,b,0085.png,default-jersey-01.png,black_3084.png,78,62,1,46,14,80,1,76,73,34,1,1,69,0,1,1,1,1,1,20,97,8,1,1,1,1,1,1,1,1,57,66,60,53,63,66,100,0,30,39,30,72,47,64,92
9880,,81,1991,1990,Todd,Weiner,19,7,6,1990,Kansas State,68,,1,24,76,297,T,250000,1,250000,0,0,0,0,0,0,0,0,0,0,0,0,0,None,,,,,b,0018.png,,black_3049.png,71,56,1,53,11,73,1,83,68,35,1,1,79,0,1,1,1,1,1,30,63,28,1,1,1,1,1,1,1,1,14,67,55,28,19,26,95,0,40,31,50,83,45,65,21
12897,30694,76,1991,0,Bob,Whitfield,0,0,0,0,Stanford,0,,0,21,77,310,T,0,0,0,0,0,0,0,0,0,0,0,0,0,0,0,0,None,,,,,,,,,92,47,1,54,9,67,1,66,68,44,1,1,64,0,0,0,0,0,0,18,49,20,0,0,0,0,0,0,0,0,66,58,42,69,69,66,85,0,47,44,63,74,31,33,71
5585,,92,1991,1987,Andrew,Whitworth,11,2,3,1987,LSU,71,,4,29,79,325,T,10550000,1,10550000,0,0,0,0,0,0,0,0,0,0,0,0,0,None,,,,,b,0053.png,,black_3013.png,98,53,1,58,26,67,1,84,85,30,1,1,70,0,1,1,1,1,1,26,100,17,1,1,1,1,1,1,1,1,85,34,45,90,52,69,80,0,42,33,66,77,42,67,99
12536,,75,1991,1991,Bernard,Williams,14,5,5,1991,Georgia,72,,0,22,80,317,T,250000,2,250000,250000,0,0,0,0,0,0,0,0,0,0,0,0,None,,,,,b,10072.png,,black_3071.png,84,48,1,42,8,54,1,74,68,38,1,1,59,0,1,1,1,1,1,31,57,31,1,1,1,1,1,1,1,1,51,67,40,53,39,36,84,0,43,33,31,70,50,41,96
6064,,91,1991,0,Erik,Williams,11,0,0,0,Central State (OH),51,,4,27,78,324,T,10660000,2,10660000,10660000,0,0,0,0,0,0,0,0,0,0,0,0,None,BookEndTackle,,,,b,0067.png,default-jersey-01.png,black_3066.png,93,66,1,48,10,75,5,89,75,54,1,3,83,0,1,1,1,1,1,26,100,26,1,1,1,1,1,1,1,1,16,71,63,29,63,80,98,0,47,47,63,73,48,51,51
3525,,77,1991,0,Grant,Williams,19,0,0,0,Louisiana Tech,67,,5,27,79,320,T,2550000,1,2550000,0,0,0,0,0,0,0,0,0,0,0,0,0,None,,,,,b,0099.png,default-jersey-01.png,darkbrown_3001.png,78,46,1,49,19,54,1,69,73,34,1,1,70,0,1,1,1,1,1,1,90,2,1,1,1,1,1,1,1,1,63,36,63,90,51,42,77,0,50,38,30,70,46,70,23
6025,,85,1991,0,James,Williams,15,0,0,0,Cheyney,78,,4,27,79,329,T,2950000,1,2950000,0,0,0,0,0,0,0,0,0,0,0,0,0,None,AthBlocker,,,,b,10054.png,,black_3081.png,85,55,1,56,16,61,1,79,74,75,1,1,61,0,1,1,1,1,1,17,100,14,1,1,27,1,1,1,1,1,33,74,63,58,77,98,81,0,33,45,60,95,49,39,54
6117,,66,1991,0,Willie,Williams,0,0,0,0,LSU,65,,4,28,78,300,T,0,0,0,0,0,0,0,0,0,0,0,0,0,0,0,0,None,,,,,a,10570.png,,red_3004.png,61,31,1,32,11,56,1,59,66,15,1,1,60,0,1,1,1,1,1,18,85,5,1,1,1,1,1,1,1,1,85,38,65,80,59,46,84,0,50,42,39,98,35,62,77
1915,,83,1991,1985,Mike,Wilson,0,7,4,1985,Georgia,77,,2,32,77,275,T,0,0,0,0,0,0,0,0,0,0,0,0,0,0,0,0,None,,,,,b,10082.png,,black_3088.png,85,44,1,56,8,69,4,72,83,46,1,1,67,0,1,1,1,1,1,43,81,57,1,1,1,1,1,1,1,1,66,75,61,77,67,83,71,0,37,45,62,96,50,32,46
5605,,86,1991,1987,Eric,Winston,6,3,8,1987,Miami (FL),69,,4,27,78,305,T,3100000,4,3100000,3100000,3100000,3100000,0,0,0,0,0,0,0,0,0,0,None,,,,,b,0074.png,default-jersey-01.png,black_3006.png,78,59,1,58,22,74,1,82,74,35,1,1,56,0,1,1,1,1,1,5,100,24,1,1,1,1,1,1,1,1,48,66,75,40,78,80,82,0,46,47,36,87,50,37,69
9877,,82,1991,1990,Will,Wolford,13,3,17,1990,Vanderbilt,69,,1,23,77,294,T,750000,2,750000,750000,0,0,0,0,0,0,0,0,0,0,0,0,None,,,,,b,0006.png,,black_3073.png,84,49,1,62,21,73,2,65,90,48,1,1,74,0,1,1,1,1,1,27,61,27,1,1,1,1,1,1,1,1,64,96,92,79,62,63,74,0,44,37,70,78,35,64,41
2445,,59,1991,1985,George,Yarno,0,37,12,1985,Washington State,71,,5,33,74,260,T,0,0,0,0,0,0,0,0,0,0,0,0,0,0,0,0,None,,,,,a,0102.png,,darkbrown_3049.png,58,25,1,48,1,45,1,56,57,36,1,1,44,0,1,1,1,1,1,26,40,14,1,1,1,1,1,1,1,1,97,65,69,75,59,66,70,0,39,38,30,91,45,57,64
7171,,86,1991,1988,Eric,Young,5,1,15,1988,Tennessee,69,,3,26,75,295,T,2000000,1,2000000,0,0,0,0,0,0,0,0,0,0,0,0,0,None,AthBlocker|BookEndTackle,,,,b,0068.png,,black_3052.png,88,51,1,59,26,72,1,74,77,31,1,1,74,0,1,1,1,1,1,26,100,23,1,1,1,1,1,1,1,1,36,44,34,38,47,62,95,0,37,45,30,79,37,59,96
6116,,78,1991,0,Mike,Arthur,12,0,0,0,Texas A&M,65,,4,27,75,280,C,500000,1,500000,0,0,0,0,0,0,0,0,0,0,0,0,0,None,,,,,a,0106.png,default-jersey-01.png,bald_3022.png,69,54,1,47,5,64,1,76,75,36,1,1,70,0,1,1,1,1,1,24,16,80,1,1,1,1,1,1,1,1,30,80,74,33,83,60,85,0,39,36,52,99,30,61,93
1934,,77,1991,1985,Mike,Baab,0,7,10,1985,Texas,74,,6,32,76,270,C,0,0,0,0,0,0,0,0,0,0,0,0,0,0,0,0,None,,,,,b,10060.png,default-jersey-01.png,black_3063.png,74,35,1,42,19,54,1,66,84,47,1,1,66,0,1,1,1,1,1,25,20,96,1,1,1,1,1,1,1,1,63,65,50,92,50,42,84,0,37,34,40,91,46,65,15
9937,,63,1991,0,Tom,Baugh,0,0,0,0,Southern Illinois,53,,1,24,75,274,C,0,0,0,0,0,0,0,0,0,0,0,0,0,0,0,0,None,,,,,b,0082.png,,black_3075.png,71,41,1,34,6,50,1,61,59,25,1,1,49,0,1,1,1,1,1,35,35,52,1,1,1,1,1,1,1,1,33,52,36,25,28,20,81,0,41,41,43,94,31,38,79
2013,,75,1991,1985,Guy,Bingham,0,20,15,1985,Montana,53,,6,33,75,255,C,0,0,0,0,0,0,0,0,0,0,0,0,0,0,0,0,None,,,,,b,0053.png,,bald_3034.png,75,41,1,46,14,56,1,69,68,31,1,1,63,0,1,1,1,1,1,13,16,100,1,1,1,1,1,1,1,1,66,76,65,54,77,85,90,0,45,33,34,71,45,45,1
12551,,68,1991,0,David,Binn,0,0,0,0,California,57,,0,22,75,245,C,0,0,0,0,0,0,0,0,0,0,0,0,0,0,0,0,None,,,,,a,10593.png,,black_3010.png,66,52,1,49,2,53,1,65,63,28,1,1,66,0,1,1,1,1,1,35,35,58,1,1,1,1,1,1,1,1,61,39,35,35,53,45,92,0,44,37,66,96,35,38,85
9918,,88,1991,1990,Matt,Birk,2,1,19,1990,Harvard,56,,1,23,76,300,C,1750000,3,1750000,1750000,1750000,0,0,0,0,0,0,0,0,0,0,0,None,,,,,a,10569.png,,darkbrown_3047.png,92,67,5,49,19,90,4,71,85,45,1,1,81,0,1,1,1,1,1,29,29,88,1,1,1,1,1,1,1,1,48,50,61,51,65,61,82,0,32,43,43,76,31,63,64
12548,,77,1991,1991,Rich,Braham,10,3,12,1991,West Virginia,55,,0,24,76,305,C,750000,3,750000,750000,750000,0,0,0,0,0,0,0,0,0,0,0,None,,,,,a,10561.png,,bald_3022.png,89,51,1,59,19,65,1,70,67,50,1,1,63,0,1,1,1,1,1,29,31,61,1,1,1,1,1,1,1,1,40,79,80,62,99,94,89,0,39,44,45,94,41,38,86
1917,,84,1991,1985,Bill,Bryan,0,11,6,1985,Duke,64,,3,33,74,251,C,0,0,0,0,0,0,0,0,0,0,0,0,0,0,0,0,None,AthBlocker,,,,a,10570.png,,black_3034.png,75,53,1,60,22,56,1,82,82,38,1,1,71,0,1,1,1,1,1,34,37,82,1,1,1,1,1,1,1,1,84,96,69,80,91,65,83,0,49,32,60,75,45,50,11
9944,,59,1991,0,Leonard,Burton,0,0,0,0,South Carolina,55,,1,23,75,275,C,0,0,0,0,0,0,0,0,0,0,0,0,0,0,0,0,None,,,,,b,10085.png,,black_3052.png,61,44,1,39,1,61,1,50,55,23,1,1,56,0,1,1,1,1,1,35,35,55,1,1,1,1,1,1,1,1,65,86,77,49,80,96,81,0,45,38,37,91,45,51,90
5630,,77,1991,1987,Jeremy,Cain,6,7,7,1987,Massachusetts,62,,4,30,73,245,C,250000,2,250000,300000,0,0,0,0,0,0,0,0,0,0,0,0,None,,,,,b,10068.png,default-jersey-01.png,bald_3011.png,78,52,1,56,4,55,1,63,78,38,1,1,71,0,1,1,1,1,1,18,25,89,1,1,1,1,1,1,1,1,91,73,93,73,86,61,79,0,39,41,66,97,41,65,0
9921,,77,1991,1990,Gene,Chilton,12,4,4,1990,Texas,54,,1,23,75,281,C,500000,2,500000,500000,0,0,0,0,0,0,0,0,0,0,0,0,None,AthBlocker,,,,a,10556.png,,lightbrown_3007.png,79,55,1,38,20,57,1,75,80,39,1,1,68,0,1,1,1,1,1,28,27,57,1,1,1,1,1,1,1,1,44,60,70,60,38,59,90,0,38,41,62,92,38,31,80
5651,,73,1991,0,Nick,Cole,14,0,0,0,New Mexico State,53,,4,26,72,350,C,2600000,5,2600000,2600000,2600000,2600000,2600000,0,0,0,0,0,0,0,0,0,None,AthBlocker,,,,b,0094.png,,bald_3022.png,82,46,1,36,13,63,1,59,79,28,1,1,56,0,1,1,1,1,1,7,12,59,1,1,1,1,1,1,1,1,16,75,88,7,100,90,80,0,40,47,35,83,40,35,29
7254,,84,1991,1988,Kyle,Cook,9,2,5,1988,Michigan St.,77,,3,26,75,316,C,1950000,4,1950000,1950000,1950000,1950000,0,0,0,0,0,0,0,0,0,0,None,,,,,b,10059.png,default-jersey-01.png,black_3011.png,71,60,1,67,21,65,1,75,81,41,1,1,83,0,1,1,1,1,1,23,23,100,1,1,1,1,1,1,1,1,98,73,88,83,65,78,90,0,39,42,42,94,35,41,63
5659,,81,1991,1987,Ryan,Cook,12,5,16,1987,New Mexico,55,,4,27,78,325,C,1800000,2,1800000,1800000,0,0,0,0,0,0,0,0,0,0,0,0,None,,,,,a,0105.png,default-jersey-01.png,darkbrown_3008.png,89,43,1,40,12,65,1,70,84,42,1,1,65,0,1,1,1,1,1,20,14,73,1,1,1,1,1,1,1,1,84,89,89,64,94,63,72,0,37,47,31,86,50,45,78
12939,6502,76,1991,0,Ed,Cunningham,0,0,0,0,Washington,0,,0,23,75,290,C,0,0,0,0,0,0,0,0,0,0,0,0,0,0,0,0,None,,,,,,,,,75,40,1,55,12,64,1,72,71,43,1,1,69,0,0,0,0,0,0,20,26,71,0,0,0,0,0,0,0,0,62,38,51,40,70,31,89,0,39,49,70,93,32,42,89
1970,,77,1991,1985,Mark,Dennard,0,20,7,1985,Texas A&M,51,,4,34,73,253,C,0,0,0,0,0,0,0,0,0,0,0,0,0,0,0,0,None,,,,,a,0106.png,,darkbrown_3014.png,84,42,1,40,17,62,1,62,77,31,1,1,56,0,1,1,1,1,1,15,16,95,1,1,1,1,1,1,1,1,38,50,46,26,12,15,99,0,39,30,34,96,35,33,74
12719,7479,66,1991,0,Cal,Dixon,0,0,0,0,Florida,0,,0,23,76,302,C,0,0,0,0,0,0,0,0,0,0,0,0,0,0,0,0,None,,,,,,,,,73,38,1,47,15,58,1,59,66,27,1,1,59,0,0,0,0,0,0,22,26,31,0,0,0,0,0,0,0,0,76,66,36,98,32,34,81,0,39,39,30,80,37,39,79
2132,,72,1991,1985,Ray,Donaldson,0,22,16,1985,Georgia,53,,6,33,75,311,C,0,0,0,0,0,0,0,0,0,0,0,0,0,0,0,0,None,AthBlocker,,,,a,0134.png,,lightbrown_3059.png,70,48,3,38,9,70,1,65,65,33,1,1,70,0,1,1,1,1,1,9,22,84,1,1,1,1,1,1,1,1,74,65,63,92,70,55,87,0,44,30,48,95,31,54,9
2319,,61,1991,1985,Rick,Donnalley,0,36,6,1985,North Carolina,51,,6,33,74,261,C,0,0,0,0,0,0,0,0,0,0,0,0,0,0,0,0,None,,,,,a,0120.png,,lightbrown_3100.png,63,33,1,20,9,64,1,43,67,26,1,1,52,0,1,1,1,1,1,10,19,86,1,1,1,1,1,1,1,1,58,66,45,26,32,57,77,0,31,39,32,72,32,66,58
9941,,61,1991,0,David,Douglas,0,0,0,0,Tennessee,59,,1,24,76,280,C,0,0,0,0,0,0,0,0,0,0,0,0,0,0,0,0,None,,,,,b,10085.png,,bald_3010.png,69,34,1,33,1,52,1,55,60,28,1,1,57,0,1,1,1,1,1,35,35,53,1,1,1,1,1,1,1,1,39,50,38,19,20,29,95,0,48,49,62,70,39,67,92
9926,,80,1991,1990,Jamie,Dukes,1,5,8,1990,Florida State,58,,1,23,73,285,C,250000,1,250000,0,0,0,0,0,0,0,0,0,0,0,0,0,None,,,,,b,0012.png,,black_3025.png,80,50,1,56,14,64,1,75,77,40,1,1,55,0,1,1,1,1,1,26,28,67,1,1,1,1,1,1,1,1,25,70,31,13,31,17,95,0,38,34,33,94,49,40,12
8597,,81,1991,1989,Ikem,Ekwonu,1,5,17,1989,N.C. State,77,,2,22,76,320,C,2000000,5,2000000,2000000,2000000,2000000,2000000,0,0,0,0,0,0,0,0,0,None,,,,,b,10060.png,default-jersey-01.png,bald_3009.png,86,48,5,49,15,66,2,79,74,44,12,9,74,0,1,1,1,1,1,31,60,68,1,1,1,1,1,1,1,1,13,34,51,19,10,32,77,0,49,35,51,74,47,67,24
12552,,65,1991,0,Brad,Fichtel,0,0,0,0,Eastern Illinois,51,,0,24,74,285,C,0,0,0,0,0,0,0,0,0,0,0,0,0,0,0,0,None,,,,,a,0117.png,,red_3010.png,69,39,1,40,1,50,1,56,67,21,1,1,56,0,1,1,1,1,1,35,35,56,1,1,1,1,1,1,1,1,32,99,67,52,91,63,77,0,30,36,34,96,47,33,91
9927,,74,1991,0,Mike,Flanagan,18,0,0,0,UCLA,50,,1,26,77,297,C,250000,1,250000,0,0,0,0,0,0,0,0,0,0,0,0,0,None,,,,,a,10586.png,default-jersey-01.png,darkbrown_3033.png,71,52,1,55,9,55,1,63,76,37,1,1,70,0,1,1,1,1,1,26,27,65,1,1,1,1,1,1,1,1,29,74,85,37,84,68,83,0,50,40,43,77,41,53,87
9922,,79,1991,0,Mike,Flynn,18,0,0,0,Maine,53,,1,25,75,305,C,250000,1,250000,0,0,0,0,0,0,0,0,0,0,0,0,0,None,,,,,a,0144.png,default-jersey-01.png,red_3034.png,85,46,1,45,4,62,1,75,77,34,1,1,63,0,1,1,1,1,1,29,29,63,1,1,1,1,1,1,1,1,12,65,63,26,19,31,99,0,45,38,45,83,38,47,77
6027,,77,1991,0,Roman,Fortin,13,0,0,0,Oregon State,57,,4,28,77,297,C,490000,1,490000,0,0,0,0,0,0,0,0,0,0,0,0,0,None,,,,,a,10555.png,default-jersey-01.png,darkbrown_3096.png,82,44,1,48,16,57,1,67,77,40,1,1,69,0,1,1,1,1,1,18,13,76,1,1,1,1,1,1,1,1,73,38,70,79,39,49,76,0,32,50,37,85,42,49,59
8358,,83,1991,1989,Luke,Fortner,10,4,15,1989,Kentucky,52,,2,25,78,307,C,550000,1,550000,0,0,0,0,0,0,0,0,0,0,0,0,0,None,ClutchKicker,,,,b,0010.png,default-jersey-01.png,darkbrown_3002.png,80,49,1,51,9,68,2,75,78,32,1,1,70,0,1,1,1,1,1,21,12,96,1,1,1,1,1,1,1,1,46,88,72,60,95,100,92,0,55,68,55,95,51,58,98
7157,,61,1991,0,Dustin,Fry,0,0,0,0,Clemson,59,,3,26,75,315,C,0,0,0,0,0,0,0,0,0,0,0,0,0,0,0,0,None,,,,,a,0115.png,,blonde_3010.png,60,41,1,33,1,47,1,66,58,27,1,1,48,0,1,1,1,1,1,15,18,33,1,1,1,1,1,1,1,1,100,98,100,83,65,73,82,0,34,35,49,87,44,45,7
12753,9776,74,1991,0,Kendall,Gammon,0,0,0,0,Pittsburg State,0,,0,24,76,255,C,0,0,0,0,0,0,0,0,0,0,0,0,0,0,0,0,None,,,,,,,,,76,43,1,48,10,67,1,69,73,43,1,1,68,0,0,0,0,0,0,11,17,42,0,0,0,0,0,0,0,0,43,61,99,61,71,65,78,0,30,30,39,81,39,61,70
2007,,84,1991,1985,Kevin,Glover,17,9,11,1985,Maryland,52,,6,28,74,278,C,1800000,3,1800000,1800000,1800000,0,0,0,0,0,0,0,0,0,0,0,None,,,,,a,10593.png,default-jersey-01.png,lightbrown_3088.png,74,61,1,55,18,63,1,79,80,47,1,1,76,0,1,1,1,1,1,1,11,100,1,1,1,1,1,1,1,1,56,98,85,72,91,97,95,0,40,40,31,90,50,51,24
7085,,78,1991,1988,Brett,Goode,11,3,6,1988,Arkansas,68,,3,25,73,255,C,250000,2,250000,250000,0,0,0,0,0,0,0,0,0,0,0,0,None,,,,,b,0011.png,default-jersey-01.png,black_3072.png,77,45,1,55,11,66,1,73,74,32,1,1,72,0,1,1,1,1,1,15,13,60,1,1,1,1,1,1,1,1,66,47,34,38,37,44,83,0,47,49,54,98,50,38,24
3290,,80,1991,1986,Aaron,Graham,3,4,1,1986,Nebraska,58,,5,28,76,301,C,2500000,1,2500000,0,0,0,0,0,0,0,0,0,0,0,0,0,None,Perceptive,,,,a,10559.png,,lightbrown_3012.png,86,54,1,48,20,70,1,67,83,28,1,1,67,0,1,1,1,1,1,1,2,57,1,1,1,1,1,1,1,1,25,72,68,32,93,84,72,0,42,46,65,95,48,38,8
2251,,67,1991,1985,Randy,Grimes,0,34,11,1985,Baylor,54,,6,31,76,270,C,0,0,0,0,0,0,0,0,0,0,0,0,0,0,0,0,None,,,,,b,10056.png,,black_3051.png,71,32,1,43,12,53,1,58,62,35,1,1,55,0,1,1,1,1,1,1,12,85,1,1,1,1,1,1,1,1,35,88,67,41,62,91,97,0,36,37,36,84,35,59,91
3296,,83,1991,1986,Mike,Gruttadauria,20,5,18,1986,Central Florida,78,,5,29,75,280,C,1650000,3,1650000,1650000,1650000,0,0,0,0,0,0,0,0,0,0,0,None,,,,,a,0149.png,default-jersey-01.png,darkbrown_3036.png,79,39,1,52,15,71,1,76,82,45,1,1,81,0,1,1,1,1,1,1,19,83,1,1,1,1,1,1,1,1,75,96,96,96,82,72,99,0,43,31,45,79,37,44,99
3314,,83,1991,1986,Jeff,Hartings,6,3,14,1986,Penn State,53,,5,29,75,301,C,2750000,2,2750000,2750000,0,0,0,0,0,0,0,0,0,0,0,0,None,AthBlocker,,,,b,0072.png,default-jersey-01.png,black_3103.png,78,54,1,59,19,68,1,70,81,48,1,1,73,0,1,1,1,1,1,8,12,100,1,1,1,1,1,1,1,1,66,56,40,74,49,33,80,0,40,46,48,80,43,59,13
1856,,87,1991,1985,Jay,Hilgenberg,19,2,17,1985,Iowa,56,,6,32,75,259,C,5200000,2,5200000,5200000,0,0,0,0,0,0,0,0,0,0,0,0,None,,,,,b,10092.png,default-jersey-01.png,black_3061.png,89,47,4,51,21,62,5,81,85,43,1,1,60,0,1,1,1,1,1,24,27,98,1,1,1,1,1,1,1,1,34,43,38,34,41,35,88,0,32,40,53,94,37,65,39
1867,,88,1991,1985,Joel,Hilgenberg,13,3,8,1985,Iowa,61,,6,29,75,250,C,10600000,2,10600000,10600000,0,0,0,0,0,0,0,0,0,0,0,0,None,,,,,b,10061.png,,black_3022.png,90,50,1,54,13,74,1,79,82,45,1,1,84,0,1,1,1,1,1,26,26,100,1,1,1,1,1,1,1,1,61,96,73,50,92,89,99,0,45,33,37,83,39,56,0
2318,,59,1991,1985,John,Hill,0,44,3,1985,Lehigh,52,,4,39,74,249,C,0,0,0,0,0,0,0,0,0,0,0,0,0,0,0,0,None,,,,,b,0034.png,,darkbrown_3024.png,63,36,1,29,7,67,1,45,60,33,1,1,56,0,1,1,1,1,1,11,16,52,1,1,1,1,1,1,1,1,99,66,54,68,53,43,75,0,38,39,52,78,50,61,98
9919,,88,1991,1990,Kent,Hull,20,3,3,1990,Mississippi State,58,,1,26,77,284,C,750000,2,750000,750000,0,0,0,0,0,0,0,0,0,0,0,0,None,,,,,b,0019.png,,bald_3042.png,82,50,1,68,8,72,1,82,81,50,1,1,76,0,1,1,1,1,1,27,28,88,1,1,1,1,1,1,1,1,51,83,91,44,97,91,90,0,36,41,34,74,47,52,65
7353,,76,1991,1988,Ryan,Kalil,5,5,10,1988,USC,62,,3,24,75,299,C,250000,1,250000,0,0,0,0,0,0,0,0,0,0,0,0,0,None,,,,,a,10583.png,default-jersey-01.png,lightbrown_3053.png,75,50,1,53,10,65,1,61,78,29,1,1,71,0,1,1,1,1,1,26,15,77,1,1,1,1,1,1,1,1,41,80,76,35,69,84,89,0,39,37,41,91,47,40,66
5400,,76,1991,1987,Norm,Katnik,4,7,9,1987,USC,55,,4,29,76,280,C,490000,1,490000,0,0,0,0,0,0,0,0,0,0,0,0,0,None,,,,,b,10081.png,,black_3048.png,83,47,1,39,13,57,1,64,77,23,1,1,57,0,1,1,1,1,1,11,4,95,1,1,1,1,1,1,1,1,32,83,91,50,75,91,80,0,37,30,55,100,37,37,83
2190,,77,1991,1985,Bruce,Kozerski,8,19,12,1985,Holy Cross,64,,6,29,76,287,C,250000,1,250000,0,0,0,0,0,0,0,0,0,0,0,0,0,None,,,,,b,0034.png,default-jersey-01.png,black_3077.png,86,56,1,38,27,54,1,59,83,36,1,1,78,0,1,1,1,1,1,5,1,95,1,1,1,1,1,1,1,1,42,64,63,50,71,71,100,0,35,33,42,95,45,30,62
9917,,90,1991,1990,Olin,Kreutz,7,1,16,1990,Washington,56,,1,22,74,292,C,1750000,3,1750000,1750000,1750000,0,0,0,0,0,0,0,0,0,0,0,None,AthBlocker,,,,a,10552.png,,blonde_3007.png,90,46,1,61,31,75,1,80,88,42,1,1,69,0,1,1,1,1,1,27,26,85,1,1,1,1,1,1,1,1,67,50,51,60,62,59,83,0,47,41,60,71,48,57,75
9943,,62,1991,0,Bob,Landsee,0,0,0,0,Wisconsin,57,,1,23,76,273,C,0,0,0,0,0,0,0,0,0,0,0,0,0,0,0,0,None,,,,,a,10578.png,,bald_3027.png,64,35,1,48,3,58,1,51,61,32,1,1,50,0,1,1,1,1,1,35,35,49,1,1,1,1,1,1,1,1,69,64,40,79,65,58,74,0,43,42,60,85,49,50,84
9928,,73,1991,0,Bill,Lewis,0,0,0,0,Nebraska,54,,1,24,78,285,C,0,0,0,0,0,0,0,0,0,0,0,0,0,0,0,0,None,,,,,b,0095.png,default-jersey-01.png,darkbrown_3022.png,68,52,1,40,11,59,1,70,72,38,1,1,71,0,1,1,1,1,1,28,29,65,1,1,1,1,1,1,1,1,56,50,58,40,57,30,71,0,49,30,55,94,41,57,48
2189,,90,1991,1985,Kirk,Lowdermilk,18,8,12,1985,Ohio State,54,,6,28,75,269,C,3300000,3,3300000,3300000,3300000,0,0,0,0,0,0,0,0,0,0,0,None,FanFavorite,,,,b,10076.png,,black_3063.png,88,57,1,47,33,67,1,90,83,32,1,1,69,0,1,1,1,1,1,1,1,97,1,1,1,1,1,1,1,1,97,80,72,83,88,82,87,0,40,46,61,99,33,34,82
5435,,91,1991,1987,Nick,Mangold,5,1,17,1987,Ohio State,52,,4,26,75,295,C,7100000,6,7100000,7100000,7100000,7100000,7100000,7100000,0,0,0,0,0,0,0,0,None,,,,,b,0044.png,,black_3074.png,85,73,1,55,24,81,6,81,88,52,1,1,73,0,1,1,1,1,1,29,31,100,1,1,1,1,1,1,1,1,15,30,68,33,33,24,89,0,44,37,50,74,35,49,68
12546,,86,1991,1991,Kevin,Mawae,11,1,17,1991,LSU,67,,0,23,76,289,C,1750000,4,1750000,1750000,1750000,1750000,0,0,0,0,0,0,0,0,0,0,None,TenaciousBlocker,,,,a,0142.png,default-jersey-01.png,darkbrown_3062.png,87,70,1,50,33,76,3,77,85,56,1,1,77,0,1,1,1,1,1,33,33,73,1,1,1,1,1,1,1,1,76,96,80,64,60,67,74,0,48,44,38,97,39,60,90
9939,,63,1991,0,Jason,McEndoo,0,0,0,0,Washington State,51,,1,24,77,307,C,0,0,0,0,0,0,0,0,0,0,0,0,0,0,0,0,None,,,,,a,0119.png,,lightbrown_3051.png,70,31,1,46,1,52,1,57,59,30,1,1,59,0,1,1,1,1,1,35,35,54,1,1,1,1,1,1,1,1,69,50,35,100,52,58,88,0,43,37,47,70,35,58,79
1952,,85,1991,1985,Raleigh,McKenzie,14,7,17,1985,Tennessee,63,,6,28,74,290,C,3150000,2,3150000,3150000,0,0,0,0,0,0,0,0,0,0,0,0,None,Competitor,,,,b,0036.png,default-jersey-01.png,black_3049.png,72,42,1,64,14,72,1,82,77,41,1,1,56,0,1,1,1,1,1,1,10,100,1,1,1,1,1,1,1,1,60,68,45,59,36,57,76,0,39,42,55,98,31,60,7
9920,,82,1991,1990,Steve,McKinney,15,3,14,1990,Texas A&M,59,,1,24,76,300,C,750000,2,750000,750000,0,0,0,0,0,0,0,0,0,0,0,0,None,,,,,a,10590.png,,darkbrown_3095.png,79,49,1,43,10,69,1,80,78,29,1,1,58,0,1,1,1,1,1,27,28,90,1,1,1,1,1,1,1,1,45,79,82,34,86,86,90,0,37,46,68,74,47,44,21
12866,19706,70,1991,0,Blake,Miller,0,0,0,0,LSU,0,,0,24,73,282,C,0,0,0,0,0,0,0,0,0,0,0,0,0,0,0,0,None,,,,,,,,,64,33,1,44,5,60,1,61,67,40,1,1,51,0,0,0,0,0,0,14,14,95,0,0,0,0,0,0,0,0,67,90,64,48,76,83,74,0,43,45,44,89,30,49,100
9924,,77,1991,0,Larry,Moore,7,0,0,0,BYU,74,,1,24,75,300,C,250000,1,250000,0,0,0,0,0,0,0,0,0,0,0,0,0,None,AthBlocker,,,,a,0135.png,default-jersey-01.png,blonde_3025.png,72,54,1,54,8,60,1,69,81,40,1,1,55,0,1,1,1,1,1,26,27,61,1,1,1,1,1,1,1,1,93,50,66,73,33,68,77,0,31,42,68,73,40,47,76
5465,,73,1991,0,Chris,Morris,0,0,0,0,Michigan State,59,,4,27,75,299,C,0,0,0,0,0,0,0,0,0,0,0,0,0,0,0,0,None,AthBlocker,,,,a,10575.png,,darkbrown_3039.png,78,49,1,39,7,54,1,66,76,38,1,1,67,0,1,1,1,1,1,8,7,55,1,1,1,1,1,1,1,1,15,38,56,11,21,19,93,0,40,30,67,74,38,42,92
2010,,85,1991,1985,Don,Mosebar,8,9,13,1985,USC,55,,6,30,78,285,C,6200000,1,6200000,0,0,0,0,0,0,0,0,0,0,0,0,0,None,,,,,b,0059.png,default-jersey-01.png,black_3082.png,85,58,1,57,17,57,1,76,81,50,1,1,74,0,1,1,1,1,1,10,3,100,1,1,1,1,1,1,1,1,53,98,73,38,65,80,91,0,34,36,46,97,35,40,20
2383,,65,1991,1985,Steve,Mott,0,46,6,1985,Alabama,57,,6,30,75,266,C,0,0,0,0,0,0,0,0,0,0,0,0,0,0,0,0,None,,,,,a,0146.png,,lightbrown_3086.png,72,48,1,32,5,50,1,60,56,28,1,1,56,0,1,1,1,1,1,1,1,89,1,1,1,1,1,1,1,1,54,49,47,57,40,41,86,0,41,31,34,75,43,33,1
7203,,83,1991,1988,Jason,Murphy,4,2,12,1988,Virginia Tech,50,,3,27,74,294,C,2250000,2,2250000,2250000,0,0,0,0,0,0,0,0,0,0,0,0,None,,,,,a,0135.png,,blonde_3049.png,73,48,1,58,14,61,1,76,80,50,1,1,63,0,1,1,1,1,1,13,13,100,1,1,1,1,1,1,1,1,66,85,86,53,81,93,71,0,40,43,42,75,47,66,1
3422,,79,1991,1986,Quentin,Neujahr,3,3,17,1986,Kansas State,53,,5,30,76,297,C,2800000,1,2800000,0,0,0,0,0,0,0,0,0,0,0,0,0,None,OFRedFlags,,,,b,0045.png,,black_3054.png,77,37,1,44,8,67,1,70,76,36,1,1,53,0,1,1,1,1,1,16,12,100,1,1,1,1,1,1,1,1,78,88,93,94,99,67,96,0,49,41,34,78,50,42,22
5475,,74,1991,1987,Rudy,Niswanger,0,5,20,1987,LSU,58,,4,28,77,301,C,0,0,0,0,0,0,0,0,0,0,0,0,0,0,0,0,None,,,,,b,10068.png,default-jersey-01.png,black_3060.png,74,45,1,56,3,63,1,73,66,31,1,1,64,0,1,1,1,1,1,21,18,59,1,1,1,1,1,1,1,1,35,62,99,32,81,67,96,0,33,44,37,75,42,68,48
1951,,84,1991,1985,Bart,Oates,0,7,3,1985,BYU,65,,5,32,76,275,C,0,0,0,0,0,0,0,0,0,0,0,0,0,0,0,0,None,,,,,b,0074.png,,darkbrown_3018.png,71,61,1,51,20,78,1,83,72,46,1,1,73,0,1,1,1,1,1,7,1,100,1,1,1,1,1,1,1,1,89,43,68,93,69,69,74,0,43,42,34,80,49,60,67
5487,,71,1991,1987,Dave,Pearson,0,7,12,1987,Michigan,58,,4,29,75,297,C,0,0,0,0,0,0,0,0,0,0,0,0,0,0,0,0,None,,,,,a,10589.png,,lightbrown_3036.png,69,45,1,31,5,51,1,65,73,19,1,1,49,0,1,1,1,1,1,6,15,91,1,1,1,1,1,1,1,1,37,38,65,40,62,60,95,0,43,30,69,71,50,40,1
9916,,91,1991,1990,Jim,Ringo,16,1,10,1990,Syracuse,52,,1,23,73,232,C,2500000,3,2500000,2500000,2500000,0,0,0,0,0,0,0,0,0,0,0,None,TenaciousBlocker,,,,a,0137.png,,lightbrown_3054.png,86,63,1,61,19,80,1,81,88,52,1,1,82,0,1,1,1,1,1,28,30,89,1,1,1,1,1,1,1,1,63,69,51,69,32,62,89,0,41,47,45,95,41,66,82
12549,,77,1991,1991,Tim,Ruddy,2,3,14,1991,Notre Dame,52,,0,22,75,295,C,750000,3,750000,750000,750000,0,0,0,0,0,0,0,0,0,0,0,None,,,,,b,0089.png,,black_3071.png,88,52,1,51,20,67,1,76,66,39,1,1,62,0,1,1,1,1,1,32,30,53,1,1,1,1,1,1,1,1,38,43,61,60,40,53,98,0,44,36,49,95,37,60,92
7359,,78,1991,1988,Samson,Satele,20,4,18,1988,Hawaii,54,,3,25,75,300,C,850000,6,850000,850000,850000,850000,850000,850000,0,0,0,0,0,0,0,0,None,,,,,a,10554.png,default-jersey-01.png,red_3017.png,75,51,1,59,14,63,1,61,77,32,1,1,73,0,1,1,1,1,1,19,23,95,1,1,1,1,1,1,1,1,92,98,98,100,93,90,99,0,50,46,67,94,50,44,89
3472,,83,1991,1986,Clay,Shiver,9,2,8,1986,Florida State,52,,5,29,74,283,C,2700000,2,2700000,2700000,0,0,0,0,0,0,0,0,0,0,0,0,None,RoughDiamond,,,,a,10562.png,default-jersey-01.png,lightbrown_3012.png,80,56,1,46,8,59,1,83,76,42,1,1,73,0,1,1,1,1,1,1,12,100,1,1,1,1,1,1,1,1,31,98,98,31,69,73,81,0,31,30,39,87,49,34,60
2254,,81,1991,1985,Tony,Slaton,16,31,14,1985,USC,61,,6,30,75,265,C,1550000,1,1550000,0,0,0,0,0,0,0,0,0,0,0,0,0,None,InjuryProne,,,,a,0120.png,,lightbrown_3065.png,68,49,1,50,18,56,1,82,77,45,1,1,66,0,1,1,1,1,1,7,1,95,1,1,1,1,1,1,1,1,12,90,98,7,85,87,71,0,46,47,41,74,48,31,9
1933,,74,1991,1985,Dwight,Stephenson,0,9,1,1985,Alabama,58,,5,33,74,255,C,0,0,0,0,0,0,0,0,0,0,0,0,0,0,0,0,None,CommunityBenefactor,,,,a,10574.png,,darkbrown_3097.png,63,46,1,42,26,57,1,74,68,40,1,3,62,0,1,1,1,1,1,23,14,97,1,1,1,1,1,1,1,1,34,69,75,64,87,93,79,0,45,45,58,90,42,30,89
6015,,73,1991,0,Chris,Thome,19,0,0,0,Minnesota,50,,4,26,76,278,C,950000,3,950000,950000,950000,0,0,0,0,0,0,0,0,0,0,0,None,,,,,a,10589.png,default-jersey-01.png,blonde_3046.png,76,46,1,34,8,48,1,65,72,37,1,1,56,0,1,1,1,1,1,13,7,98,1,1,1,1,1,1,1,1,82,50,61,66,57,49,95,0,36,34,70,82,31,61,42
12550,,74,1991,1991,Robbie,Tobeck,8,6,6,1991,Washington State,59,,0,24,76,297,C,250000,2,250000,250000,0,0,0,0,0,0,0,0,0,0,0,0,None,,,,,b,10093.png,,black_3067.png,82,52,1,56,6,60,1,58,74,36,1,1,61,0,1,1,1,1,1,33,32,62,1,1,1,1,1,1,1,1,5,31,50,24,8,1,78,0,45,41,41,84,37,40,85
12553,,64,1991,0,Greg,Truitt,0,0,0,0,Penn State,55,,0,29,72,235,C,0,0,0,0,0,0,0,0,0,0,0,0,0,0,0,0,None,,,,,b,10062.png,,bald_3025.png,61,34,1,43,11,49,1,67,58,32,1,1,60,0,1,1,1,1,1,35,35,56,1,1,1,1,1,1,1,1,30,88,77,49,86,89,96,0,34,43,42,95,30,42,78
2009,,77,1991,1985,Mark,Tuinei,0,13,18,1985,Hawaii,74,,6,31,77,302,C,0,0,0,0,0,0,0,0,0,0,0,0,0,0,0,0,None,AthBlocker,,,,b,10069.png,default-jersey-01.png,bald_3042.png,76,59,1,50,17,72,1,66,68,42,1,1,71,0,1,1,1,1,1,5,13,100,1,1,1,1,1,1,1,1,83,69,34,74,48,48,88,0,44,46,64,93,32,58,34
2086,,81,1991,1985,Dan,Turk,17,23,11,1985,Drake,59,,6,29,76,290,C,2500000,2,2500000,5000000,0,0,0,0,0,0,0,0,0,0,0,0,None,AthBlocker,,,,a,10574.png,default-jersey-01.png,lightbrown_3002.png,77,41,1,47,18,70,1,72,77,37,1,1,61,0,1,1,1,1,1,4,15,100,1,1,1,1,1,1,1,1,66,34,57,54,38,39,77,0,43,39,40,88,35,37,1
2052,,79,1991,1985,Rich,Umphrey,0,22,17,1985,Colorado,56,,5,32,75,263,C,0,0,0,0,0,0,0,0,0,0,0,0,0,0,0,0,None,,,,,a,10584.png,,red_3026.png,72,45,1,33,9,68,1,81,74,38,1,1,57,0,1,1,1,1,1,23,10,89,1,1,1,1,1,1,1,1,46,46,41,48,49,34,78,0,42,42,47,90,48,65,64
12793,29354,62,1991,0,Joe,Valerio,0,0,0,0,Pennsylvania,0,,0,23,77,295,C,0,0,0,0,0,0,0,0,0,0,0,0,0,0,0,0,None,,,,,,,,,73,38,1,35,9,58,1,59,58,39,1,1,56,0,0,0,0,0,0,0,1,26,0,0,0,0,0,0,0,0,12,90,71,38,82,77,85,0,47,34,44,90,48,39,72
12547,,83,1991,1991,Jeff,Van Note II,19,2,2,1991,Kentucky,57,,0,22,74,227,C,1500000,3,1500000,1500000,1500000,0,0,0,0,0,0,0,0,0,0,0,None,TenaciousBlocker,,,,c,0229.png,default-jersey-01.png,black_3041.png,84,47,1,43,15,72,1,77,88,53,1,1,80,0,1,1,1,1,1,47,33,59,1,1,1,34,50,1,1,1,69,67,55,70,41,36,85,0,47,43,33,74,31,32,87
1837,,85,1991,1985,Jeff,Van Note,0,6,15,1985,Kentucky,57,,1,40,74,247,C,0,0,0,0,0,0,0,0,0,0,0,0,0,0,0,0,None,AthBlocker,,,,a,10565.png,,black_3017.png,74,45,1,43,14,71,4,77,87,53,1,1,80,0,1,1,1,1,1,31,38,100,1,1,1,1,1,1,1,1,69,67,55,70,41,36,85,0,33,45,31,89,35,39,88
9925,,71,1991,1990,John,Wade,0,7,12,1990,Marshall,58,,1,24,77,299,C,0,0,0,0,0,0,0,0,0,0,0,0,0,0,0,0,None,,,,,b,0013.png,,darkbrown_3007.png,69,50,1,45,16,67,1,54,78,37,1,1,53,0,1,1,1,1,1,33,33,58,1,1,1,1,1,1,1,1,5,69,54,40,9,40,95,0,38,34,56,87,46,70,69
1836,,87,1991,1985,Mike,Webster,0,6,10,1985,Wisconsin,52,,1,34,73,255,C,0,0,0,0,0,0,0,0,0,0,0,0,0,0,0,0,None,TenaciousBlocker,,,,c,0244.png,,darkbrown_3033.png,85,50,1,62,19,74,1,85,75,57,7,6,72,0,1,1,1,1,1,50,44,87,1,1,1,1,1,1,1,1,61,55,57,34,64,58,83,0,30,33,48,85,41,50,100
12804,30698,75,1991,0,Curtis,Whitley,0,0,0,0,Chowan,0,,0,23,73,295,C,0,0,0,0,0,0,0,0,0,0,0,0,0,0,0,0,None,,,,,,,,,70,48,1,43,3,61,1,69,74,31,1,1,58,0,0,0,0,0,0,17,12,88,0,0,0,0,0,0,0,0,38,84,76,32,96,70,83,0,40,42,54,91,44,33,97
9923,,76,1991,1990,Casey,Wiegmann,15,7,14,1990,Iowa,53,,1,26,74,285,C,250000,1,250000,0,0,0,0,0,0,0,0,0,0,0,0,0,None,,,,,b,0013.png,,darkbrown_3009.png,84,52,1,60,13,63,1,72,65,43,1,1,59,0,1,1,1,1,1,29,29,59,1,1,1,1,1,1,1,1,3,76,100,20,64,70,95,0,43,39,69,87,38,39,40
3542,,79,1991,1986,Dusty,Zeigler,13,6,1,1986,Notre Dame,51,,5,28,77,298,C,500000,4,500000,250000,250000,250000,0,0,0,0,0,0,0,0,0,0,None,,,,,b,0071.png,default-jersey-01.png,black_3074.png,89,54,1,52,11,68,1,61,76,41,1,1,70,0,1,1,1,1,1,4,3,93,1,1,1,1,1,1,1,1,81,62,51,81,66,53,82,0,46,44,38,97,38,50,41
12763,32198,73,1991,0,Lance,Zeno,0,0,0,0,UCLA,0,,0,25,76,279,C,0,0,0,0,0,0,0,0,0,0,0,0,0,0,0,0,None,,,,,,,,,71,49,1,46,14,50,1,64,73,30,1,1,49,0,0,0,0,0,0,12,18,84,0,0,0,0,0,0,0,0,52,30,66,53,49,65,77,0,42,42,59,94,41,68,96
9790,,76,1991,0,Stephen,Alexander,10,0,0,0,Oklahoma,82,,1,24,76,246,TE,250000,1,250000,0,0,0,0,0,0,0,0,0,0,0,0,0,None,,,,,a,10553.png,default-jersey-01.png,black_3046.png,57,62,1,77,68,52,1,45,44,29,1,1,79,0,1,1,1,26,62,1,1,1,1,1,1,1,1,1,1,1,60,59,51,57,39,70,81,0,36,36,38,81,39,64,93
12769,741,67,1991,0,Charles,Arbuckle,0,0,0,0,UCLA,0,,0,24,75,248,TE,0,0,0,0,0,0,0,0,0,0,0,0,0,0,0,0,None,,,,,,,,,59,61,1,61,62,44,1,30,43,25,1,1,65,0,0,0,0,3,40,0,0,0,0,0,0,0,0,0,0,0,78,78,97,100,71,76,99,0,36,41,45,73,39,44,70
12887,803,69,1991,0,Tyji,Armstrong,0,0,0,0,Iowa Central,0,,0,22,76,259,TE,0,0,0,0,0,0,0,0,0,0,0,0,0,0,0,0,None,,,,,,,,,60,49,1,66,57,51,1,33,54,25,1,1,69,0,0,0,0,15,55,0,0,0,0,0,0,0,0,0,0,0,67,46,62,63,47,47,88,0,46,31,48,79,45,63,98
2373,,68,1991,1985,Walt,Arnold,0,20,17,1985,New Mexico,82,,6,33,75,228,TE,0,0,0,0,0,0,0,0,0,0,0,0,0,0,0,0,None,ReceiveFB,,,,a,10590.png,,blonde_3060.png,44,65,1,52,78,47,1,32,44,31,1,1,67,0,1,1,28,18,53,1,1,1,1,1,1,1,1,1,1,1,51,54,50,59,48,61,81,0,40,45,30,77,50,61,28
12485,,74,1991,1991,Bradford,Banta,3,6,1,1991,USC,80,,0,24,78,253,TE,250000,2,250000,250000,0,0,0,0,0,0,0,0,0,0,0,0,None,,,,,a,0104.png,,lightbrown_3017.png,56,64,1,71,67,59,1,37,41,39,1,1,74,0,1,1,1,30,62,1,1,1,1,1,1,1,1,1,1,1,67,81,80,61,97,80,71,0,45,45,53,74,37,56,80
3365,,70,1991,0,Marco,Battaglia,0,0,0,0,Rutgers,85,,1,24,75,250,TE,0,0,0,0,0,0,0,0,0,0,0,0,0,0,0,0,None,,,,,a,10562.png,,bald_3023.png,56,60,1,69,57,44,1,38,35,25,1,1,71,0,1,1,1,4,79,1,1,1,1,1,1,1,1,1,1,1,34,94,93,3,93,61,97,0,44,41,51,79,44,41,85
9803,,63,1991,0,Greg,Baty,0,0,0,0,Stanford,85,,1,23,77,241,TE,0,0,0,0,0,0,0,0,0,0,0,0,0,0,0,0,None,,,,,b,10054.png,,bald_3028.png,43,55,1,60,59,55,1,30,41,22,1,1,67,0,1,1,1,35,57,1,1,1,1,1,1,1,1,1,1,1,33,68,36,68,58,47,98,0,40,49,31,78,50,45,82
2027,,88,1991,1985,Mark,Bavaro,1,9,15,1985,Notre Dame,87,,6,28,76,245,TE,4100000,2,4100000,4100000,0,0,0,0,0,0,0,0,0,0,0,0,None,BlockingTE,,,,a,10568.png,default-jersey-01.png,red_3021.png,64,66,1,88,82,66,1,51,39,39,1,1,71,0,1,1,1,13,100,1,1,1,1,1,1,1,1,1,1,1,64,62,91,57,91,69,100,0,31,32,47,75,43,56,47
2571,,75,1991,1985,Pat,Beach,0,35,15,1985,Washington State,83,,6,32,76,247,TE,0,0,0,0,0,0,0,0,0,0,0,0,0,0,0,0,None,ReceivingTE,,,,b,10076.png,,lightbrown_3002.png,59,57,1,74,71,56,1,43,42,41,1,1,72,0,1,1,1,1,60,1,1,1,1,1,1,1,1,1,1,1,25,47,42,24,32,34,82,0,30,39,33,71,43,38,5
8619,,83,1991,1989,Daniel,Bellinger,10,6,8,1989,San Diego St.,45,,2,22,77,253,TE,2450000,1,2450000,0,0,0,0,0,0,0,0,0,0,0,0,0,None,,,,,b,0052.png,default-jersey-01.png,black_3047.png,61,56,1,79,78,66,1,46,49,38,1,1,83,0,1,1,1,11,95,1,1,1,1,1,1,1,1,1,1,1,71,65,61,96,83,64,79,0,30,46,52,72,46,62,100
12496,,66,1991,0,Harold,Bishop,0,0,0,0,LSU,87,,0,24,76,254,TE,0,0,0,0,0,0,0,0,0,0,0,0,0,0,0,0,None,,,,,a,10579.png,,blonde_3054.png,50,47,1,68,63,53,1,31,36,25,1,1,71,0,1,1,1,35,59,1,1,1,1,1,1,1,1,1,1,1,89,89,76,79,62,64,87,0,31,43,37,82,47,39,100
12855,2396,72,1991,0,Kelly,Blackwell,0,0,0,0,TCU,0,,0,23,73,255,TE,0,0,0,0,0,0,0,0,0,0,0,0,0,0,0,0,None,,,,,,,,,47,64,1,58,68,49,1,38,49,37,1,1,71,0,0,0,0,6,90,0,0,0,0,0,0,0,0,0,0,0,70,94,74,87,64,96,87,0,42,44,54,70,30,70,97
9813,,74,1991,0,Cap,Boso,4,0,0,0,Illinois,88,,1,24,76,232,TE,250000,1,250000,0,0,0,0,0,0,0,0,0,0,0,0,0,None,,,,,b,0062.png,default-jersey-01.png,bald_3021.png,65,54,1,68,73,45,1,32,43,40,1,1,70,0,1,1,1,26,63,1,1,1,1,1,1,1,1,1,1,1,31,65,68,56,71,84,87,0,46,32,51,94,35,31,20
7246,,77,1991,1988,Kevin,Boss,2,7,20,1988,Western Oregon,82,,3,25,79,255,TE,2150000,1,2150000,0,0,0,0,0,0,0,0,0,0,0,0,0,None,MrIrellevant,,,,b,10057.png,default-jersey-01.png,black_3009.png,63,71,1,65,71,58,1,39,56,29,1,1,70,0,1,1,1,17,51,1,1,1,1,1,1,1,1,1,1,1,37,56,57,38,35,34,90,0,33,49,37,98,45,52,56
12486,,73,1991,1991,Kirk,Botkin,13,6,18,1991,Arkansas,83,,0,23,75,245,TE,250000,2,250000,250000,0,0,0,0,0,0,0,0,0,0,0,0,None,,,,,a,0115.png,,black_3030.png,57,63,1,73,61,58,1,33,45,23,1,1,70,0,1,1,1,31,63,1,1,1,1,1,1,1,1,1,1,1,81,36,70,75,41,48,90,0,34,45,41,78,46,33,61
12504,,63,1991,0,Rickey,Brady,0,0,0,0,Oklahoma,87,,0,24,76,246,TE,0,0,0,0,0,0,0,0,0,0,0,0,0,0,0,0,None,,,,,a,0129.png,,bald_3031.png,44,62,1,57,56,44,1,32,40,33,1,1,61,0,1,1,1,35,59,1,1,1,1,1,1,1,1,1,1,1,73,84,61,98,65,84,95,0,47,32,66,83,40,45,96
2176,,77,1991,1985,Hoby,Brenner,0,15,1,1985,USC,80,,6,32,76,240,TE,0,0,0,0,0,0,0,0,0,0,0,0,0,0,0,0,None,,,,,a,0107.png,default-jersey-01.png,red_3034.png,36,59,1,69,86,57,1,51,42,49,1,1,92,0,1,1,1,8,99,1,1,1,1,1,1,1,1,1,1,1,21,39,38,13,28,22,75,0,32,39,63,81,34,50,71
9791,,73,1991,0,Jeremy,Brigham,4,0,0,0,Washington,81,,1,24,78,255,TE,250000,1,250000,0,0,0,0,0,0,0,0,0,0,0,0,0,None,,,,,b,0070.png,default-jersey-01.png,blonde_3010.png,58,61,1,68,68,53,1,33,47,28,1,1,69,0,1,1,1,26,59,1,1,1,1,1,1,1,1,1,1,1,30,58,64,36,65,49,91,0,45,31,33,87,40,51,0
12819,3411,64,1991,0,Derek,Brown,0,0,0,0,Notre Dame,0,,0,22,78,259,TE,0,0,0,0,0,0,0,0,0,0,0,0,0,0,0,0,None,,,,,,,,,46,65,1,56,67,48,1,28,44,35,1,1,58,0,0,0,0,0,25,0,0,0,0,0,0,0,0,0,0,0,56,45,65,41,36,55,90,0,37,49,44,77,50,30,76
12501,,65,1991,0,John,Burke,0,0,0,0,Virginia Tech,82,,0,23,75,248,TE,0,0,0,0,0,0,0,0,0,0,0,0,0,0,0,0,None,,,,,b,10072.png,,darkbrown_3010.png,47,60,1,66,59,47,1,26,36,34,1,1,72,0,1,1,1,35,59,1,1,1,1,1,1,1,1,1,1,1,21,40,36,8,40,31,78,0,43,39,51,97,49,32,97
8644,,78,1991,1989,Treylon,Burks,9,5,10,1989,Arkansas,16,,2,23,74,225,TE,500000,5,500000,350000,350000,350000,350000,0,0,0,0,0,0,0,0,0,None,,,,,b,0052.png,default-jersey-01.png,black_3095.png,53,81,23,78,87,65,17,17,29,40,2,2,76,0,1,1,1,45,55,1,1,1,1,1,1,1,1,1,1,1,31,49,63,66,62,52,83,0,32,42,47,84,44,33,98
9697,,79,1991,1990,Keith,Byars,11,5,5,1990,Ohio State,38,,1,24,73,245,TE,250000,1,250000,0,0,0,0,0,0,0,0,0,0,0,0,0,None,,,,,b,0038.png,default-jersey-01.png,black_3088.png,68,71,17,80,71,65,25,37,40,23,1,1,80,0,1,43,60,1,42,1,1,1,1,1,1,1,1,1,1,1,21,53,53,20,24,6,94,0,34,36,58,84,30,44,76
8620,,79,1991,0,Grant,Calcaterra,2,0,0,0,SMU,81,,2,24,76,240,TE,250000,6,250000,250000,250000,250000,250000,250000,0,0,0,0,0,0,0,0,None,,,,,b,0083.png,default-jersey-01.png,black_3072.png,53,61,1,79,75,58,1,39,43,12,1,1,76,0,1,1,1,16,92,1,1,1,1,1,1,1,1,1,1,1,18,79,70,18,75,87,95,0,61,41,58,93,62,52,27
12751,4408,66,1991,0,Russ,Campbell,0,0,0,0,Kansas State,0,,0,23,77,259,TE,0,0,0,0,0,0,0,0,0,0,0,0,0,0,0,0,None,,,,,,,,,57,49,1,63,62,52,1,28,46,36,1,1,59,0,0,0,0,10,42,0,0,0,0,0,0,0,0,0,0,0,39,34,56,20,1,17,90,0,35,49,39,90,30,66,70
12499,,66,1991,0,Brett,Carolan,0,0,0,0,Washington State,82,,0,23,75,241,TE,0,0,0,0,0,0,0,0,0,0,0,0,0,0,0,0,None,,,,,b,0019.png,,black_3063.png,50,54,1,64,56,60,1,34,44,25,1,1,67,0,1,1,1,35,59,1,1,1,1,1,1,1,1,1,1,1,70,56,59,67,31,38,91,0,32,40,36,88,43,58,80
12484,,77,1991,1991,Dwayne,Carswell,1,3,8,1991,Liberty,85,,0,22,75,290,TE,750000,3,750000,750000,750000,0,0,0,0,0,0,0,0,0,0,0,None,ReceivingTE,,,,b,10072.png,default-jersey-01.png,darkbrown_3014.png,60,68,1,78,64,59,1,47,45,44,1,1,78,0,1,1,1,33,60,1,1,1,1,1,1,1,1,1,1,1,83,40,63,97,57,32,80,0,45,30,57,99,50,34,49
6032,,62,1991,0,Kerry,Cash,0,0,0,0,Texas,86,,1,23,76,245,TE,0,0,0,0,0,0,0,0,0,0,0,0,0,0,0,0,None,,,,,a,0115.png,,bald_3008.png,44,59,1,58,57,47,1,25,42,30,1,1,70,0,1,1,1,13,60,1,1,1,1,1,1,1,1,1,1,1,66,70,39,68,48,52,87,0,44,31,51,97,39,41,100
7083,,80,1991,1988,Brent,Celek,1,2,9,1988,Cincinnati,81,,3,24,76,261,TE,1300000,4,1300000,1350000,1350000,1350000,0,0,0,0,0,0,0,0,0,0,None,,,,,b,0051.png,default-jersey-01.png,black_3005.png,61,62,1,78,72,63,1,41,46,34,1,1,79,0,1,1,1,21,85,1,1,1,1,1,1,1,1,1,1,1,68,69,71,61,44,45,92,0,39,47,39,83,34,39,0
9819,,61,1991,0,Thornton,Chandler,0,0,0,0,Alabama,82,,1,24,77,243,TE,0,0,0,0,0,0,0,0,0,0,0,0,0,0,0,0,None,,,,,a,0137.png,,blonde_3005.png,40,47,1,67,57,49,1,38,30,25,1,1,62,0,1,1,1,35,51,1,1,1,1,1,1,1,1,1,1,1,49,77,69,65,71,72,83,0,32,38,38,90,38,38,89
1980,,70,1991,1985,Todd,Christensen,0,12,14,1985,BYU,82,,6,35,75,230,TE,0,0,0,0,0,0,0,0,0,0,0,0,0,0,0,0,None,ReceivingTE,,,,b,10076.png,,black_3029.png,42,65,1,51,80,50,1,22,45,37,1,1,70,0,1,1,1,23,97,1,1,1,1,1,1,1,1,1,1,1,24,76,69,21,84,57,93,0,47,44,40,93,34,54,1
6085,,91,1991,0,Ben,Coates,16,0,0,0,Livingstone,83,,4,26,77,245,TE,7750000,4,7750000,7750000,7750000,7750000,0,0,0,0,0,0,0,0,0,0,None,,,,,b,0050.png,,bald_3025.png,72,75,1,77,81,70,1,50,62,40,1,1,71,0,1,1,1,10,96,1,1,1,1,1,1,1,1,1,1,1,9,38,42,46,11,11,100,0,47,38,56,89,30,45,8
3569,,85,1991,1986,Ernie,Conwell,14,6,7,1986,Washington,83,,5,29,74,255,TE,1750000,1,1750000,0,0,0,0,0,0,0,0,0,0,0,0,0,None,,,,,b,0099.png,,black_3002.png,70,73,1,75,76,65,1,50,46,36,1,1,83,0,1,1,1,14,79,1,1,1,1,1,1,1,1,1,1,1,28,45,56,55,35,41,94,0,42,46,58,95,49,48,29
5982,,63,1991,0,Adrian,Cooper,0,0,0,0,Oklahoma,82,,1,24,77,255,TE,0,0,0,0,0,0,0,0,0,0,0,0,0,0,0,0,None,,,,,b,0061.png,,black_3044.png,57,55,1,55,61,46,1,31,33,34,1,1,63,0,1,1,1,6,33,1,1,1,1,1,1,1,1,1,1,1,44,68,70,38,57,60,86,0,36,34,39,70,46,36,86
2372,,81,1991,1985,Arthur,Cox,7,29,7,1985,Texas Southern,86,,6,30,75,262,TE,250000,1,250000,0,0,0,0,0,0,0,0,0,0,0,0,0,None,,,,,a,0107.png,default-jersey-01.png,darkbrown_3034.png,54,72,1,80,73,59,1,42,42,34,1,1,83,0,1,1,1,1,98,1,1,1,1,1,1,1,1,1,1,1,10,63,69,38,94,79,99,0,45,32,39,81,39,41,89
12490,,72,1991,1991,Carlester,Crumpler,8,7,6,1991,East Carolina,89,,0,23,78,260,TE,250000,2,250000,250000,0,0,0,0,0,0,0,0,0,0,0,0,None,,,,,b,0062.png,,bald_3027.png,57,58,1,70,63,57,1,39,44,24,1,1,68,0,1,1,1,33,61,1,1,1,1,1,1,1,1,1,1,1,43,91,85,68,71,87,78,0,44,31,31,100,44,59,86
2124,,79,1991,1985,Bennie,Cunningham,0,24,5,1985,Clemson,89,,3,34,77,254,TE,0,0,0,0,0,0,0,0,0,0,0,0,0,0,0,0,None,,,,,a,10576.png,,lightbrown_3048.png,45,57,1,80,79,65,1,45,40,43,1,1,65,0,1,1,1,5,99,1,1,1,1,1,1,1,1,1,1,1,28,54,64,25,13,26,100,0,43,49,46,95,48,35,3
5671,,94,1991,1987,Owen,Daniels,19,3,4,1987,Wisconsin,89,,4,28,75,245,TE,7750000,3,7750000,7750000,7750000,0,0,0,0,0,0,0,0,0,0,0,None,,,,,a,10597.png,,black_3062.png,80,86,1,69,90,59,1,64,45,53,1,1,81,0,1,1,1,26,96,1,1,1,1,1,1,1,1,1,1,1,32,39,68,26,39,23,98,0,40,38,54,87,31,32,56
5675,,89,1991,1987,Vernon,Davis,7,4,1,1987,Maryland,82,,4,26,75,250,TE,8250000,5,8250000,8250000,8250000,8250000,8250000,0,0,0,0,0,0,0,0,0,None,FanFavorite,,,,b,0098.png,,black_3076.png,70,79,1,83,78,70,1,44,41,41,1,1,70,0,1,1,1,18,100,1,1,1,1,1,1,1,1,1,1,1,60,76,63,32,85,69,100,0,49,43,39,95,31,58,3
9814,,61,1991,0,Wendell,Davis,0,0,0,0,Temple,87,,1,24,74,246,TE,0,0,0,0,0,0,0,0,0,0,0,0,0,0,0,0,None,,,,,b,10066.png,,black_3080.png,44,46,1,64,70,41,1,23,30,30,1,1,60,0,1,1,1,35,44,1,1,1,1,1,1,1,1,1,1,1,39,50,47,45,56,33,94,0,33,42,39,80,40,34,87
2509,,72,1991,1985,Clint,Didier,20,27,3,1985,Portland State,80,,6,32,77,240,TE,2450000,1,2450000,0,0,0,0,0,0,0,0,0,0,0,0,0,None,WorkoutFanatic|TeamPlayer,,,,b,0067.png,,black_3099.png,55,67,1,51,80,63,1,40,32,39,1,1,69,0,1,1,1,12,57,1,1,1,1,1,1,1,1,1,1,1,51,94,74,60,80,88,70,0,45,48,51,87,35,67,42
2374,,81,1991,1985,Chris,Dressel,20,27,11,1985,Stanford,88,,6,30,76,238,TE,3000000,3,3000000,3000000,3000000,0,0,0,0,0,0,0,0,0,0,0,None,,,,,b,10071.png,,bald_3026.png,63,70,1,73,71,61,1,35,44,37,1,1,81,0,1,1,1,1,95,1,1,1,1,1,1,1,1,1,1,1,11,77,96,29,93,76,88,0,40,48,44,72,38,42,62
3593,,85,1991,1986,Rickey,Dudley,10,2,12,1986,Ohio State,81,,5,29,78,255,TE,1650000,4,1650000,1650000,1650000,1650000,0,0,0,0,0,0,0,0,0,0,None,ReceivingTE|CommunityBenefactor,,,,a,10567.png,,bald_3024.png,58,67,1,77,86,66,1,33,52,29,1,1,82,0,1,1,1,19,100,1,1,1,1,1,1,1,1,1,1,1,69,67,62,89,48,43,77,0,34,48,50,70,44,31,85
8621,,82,1991,1989,Greg,Dulcich,9,6,19,1989,UCLA,49,,2,23,76,245,TE,3000000,4,3000000,3000000,3000000,3000000,0,0,0,0,0,0,0,0,0,0,None,,,,,b,0098.png,default-jersey-01.png,black_3086.png,49,66,1,77,83,71,1,40,45,28,7,7,82,0,1,1,1,26,100,1,1,1,1,1,1,1,1,1,1,1,1,84,87,23,99,64,92,0,44,48,57,70,35,60,98
3595,,63,1991,0,Jason,Dunn,0,0,0,0,Eastern Kentucky,80,,1,24,78,276,TE,0,0,0,0,0,0,0,0,0,0,0,0,0,0,0,0,None,,,,,b,0017.png,,lightbrown_3003.png,51,52,1,60,56,41,1,22,31,26,1,1,64,0,1,1,1,1,84,1,1,1,1,1,1,1,1,1,1,1,65,53,64,76,53,54,80,0,33,33,32,89,40,65,72
3220,,62,1991,0,K.D.,Dunn,0,0,0,0,Clemson,80,,2,24,75,235,TE,0,0,0,0,0,0,0,0,0,0,0,0,0,0,0,0,None,,,,,b,0097.png,,black_3066.png,46,51,1,60,52,52,1,29,37,33,1,1,68,0,1,1,1,7,67,1,1,1,1,1,1,1,1,1,1,1,65,62,68,31,80,66,82,0,45,35,68,76,30,38,98
12493,,67,1991,0,Carlos,Etheredge,0,0,0,0,Miami (FL),87,,0,24,77,236,TE,0,0,0,0,0,0,0,0,0,0,0,0,0,0,0,0,None,,,,,b,0092.png,,black_3051.png,50,54,1,65,70,43,1,25,41,36,1,1,63,0,1,1,1,35,59,1,1,1,1,1,1,1,1,1,1,1,61,42,54,98,53,66,98,0,40,30,34,77,48,63,70
5693,,76,1991,1987,Anthony,Fasano,15,7,17,1987,Notre Dame,85,,4,26,76,255,TE,300000,2,300000,300000,0,0,0,0,0,0,0,0,0,0,0,0,None,,,,,b,0028.png,default-jersey-01.png,black_3065.png,58,62,1,76,64,66,1,47,36,31,1,1,62,0,1,1,1,14,76,1,1,1,1,1,1,1,1,1,1,1,96,76,67,94,84,61,95,0,37,30,46,74,31,62,87
8622,,83,1991,1989,Jake,Ferguson,4,6,7,1989,Wisconsin,87,,2,24,77,244,TE,2300000,4,2300000,2300000,2300000,2300000,0,0,0,0,0,0,0,0,0,0,None,,,,,b,0100.png,,lightbrown_3001.png,53,65,2,74,78,69,6,49,51,33,4,4,78,0,1,1,1,13,97,1,1,1,1,1,1,1,1,1,1,1,53,34,60,65,48,51,74,0,56,43,60,85,69,70,-1
8623,,74,1991,0,John,FitzPatrick,0,0,0,0,N/A,88,,2,23,79,250,TE,0,0,0,0,0,0,0,0,0,0,0,0,0,0,0,0,None,,,,,b,0013.png,,black_3066.png,58,44,1,67,67,59,1,43,48,31,12,10,70,0,1,1,1,21,87,1,1,1,1,1,1,1,1,1,1,1,31,65,53,40,30,7,87,0,40,37,31,92,45,62,97
5698,,83,1991,1987,J.P.,Foschi,16,6,3,1987,Georgia,80,,4,28,75,255,TE,1700000,2,1700000,1700000,0,0,0,0,0,0,0,0,0,0,0,0,None,,,,,b,10060.png,,darkbrown_3004.png,57,67,1,73,82,62,1,65,53,39,1,1,86,0,1,1,1,21,54,1,1,1,1,1,1,1,1,1,1,1,71,77,73,94,78,83,70,0,46,31,44,94,35,34,11
2068,,71,1991,1985,Jimmie,Giles,0,16,5,1985,Alcorn State,80,,5,36,75,239,TE,0,0,0,0,0,0,0,0,0,0,0,0,0,0,0,0,None,,,,,b,0087.png,,black_3099.png,46,52,1,52,72,68,1,43,40,34,1,1,74,0,1,1,1,42,96,1,1,1,1,1,1,1,1,1,1,1,18,84,87,26,60,71,88,0,31,44,39,96,46,60,19
6097,,82,1991,0,Andrew,Glover,7,0,0,0,Grambling State,87,,4,28,78,250,TE,2400000,3,2400000,2400000,2400000,0,0,0,0,0,0,0,0,0,0,0,None,BlockingTE,,,,a,10592.png,,red_3029.png,62,68,1,81,69,58,1,46,53,42,1,1,72,0,1,1,1,22,77,1,1,1,1,1,1,1,1,1,1,1,16,37,57,28,6,7,74,0,47,44,48,76,38,38,25
2177,,85,1991,1985,Preston,Gothard,13,15,8,1985,Alabama,88,,6,29,76,239,TE,1900000,1,1900000,0,0,0,0,0,0,0,0,0,0,0,0,0,None,Competitor,,,,b,10095.png,default-jersey-01.png,black_3019.png,58,72,1,79,79,61,1,44,49,30,1,1,69,0,1,1,1,1,100,1,1,1,1,1,1,1,1,1,1,1,61,63,99,91,93,78,84,0,45,41,42,70,45,67,27
12489,,72,1991,1991,Tracy,Greene,19,7,2,1991,Grambling State,45,,0,22,77,270,TE,250000,2,250000,250000,0,0,0,0,0,0,0,0,0,0,0,0,None,,,,,a,0136.png,,lightbrown_3037.png,60,49,1,68,65,52,1,44,47,29,1,1,73,0,1,1,1,34,62,1,1,1,1,1,1,1,1,1,1,1,15,66,73,22,73,73,86,0,48,38,47,89,44,45,85
3619,,79,1991,1986,George,Halas,6,3,5,1986,Illinois,82,,5,29,72,182,TE,250000,1,250000,0,0,0,0,0,0,0,0,0,0,0,0,0,None,CommunityBenefactor,,,,a,0143.png,default-jersey-01.png,lightbrown_3083.png,62,60,1,65,84,80,1,40,55,71,1,1,93,0,1,1,1,61,34,1,1,1,1,1,8,57,12,1,1,1,90,80,90,65,45,50,100,0,30,34,44,71,47,50,-1
9793,,66,1991,0,Terry,Hardy,0,0,0,0,Southern Miss,87,,1,23,76,266,TE,0,0,0,0,0,0,0,0,0,0,0,0,0,0,0,0,None,,,,,b,0097.png,,darkbrown_3001.png,50,61,1,53,69,51,1,32,37,24,1,1,69,0,1,1,1,35,56,1,1,1,1,1,1,1,1,1,1,1,92,71,77,79,87,100,97,0,45,44,51,90,48,35,73
12888,12000,73,1991,0,Todd,Harrison,0,0,0,0,North Carolina State,0,,0,23,76,260,TE,0,0,0,0,0,0,0,0,0,0,0,0,0,0,0,0,None,,,,,,,,,51,65,1,65,71,53,1,27,50,29,1,1,66,0,0,0,0,2,80,0,0,0,0,0,0,0,0,0,0,0,35,67,32,36,30,35,90,0,39,35,36,90,45,50,93
12491,,69,1991,0,Frank,Hartley,0,0,0,0,Illinois,84,,0,27,74,268,TE,0,0,0,0,0,0,0,0,0,0,0,0,0,0,0,0,None,,,,,b,10076.png,,darkbrown_3005.png,56,56,1,59,73,42,1,31,43,23,1,1,71,0,1,1,1,35,57,1,1,1,1,1,1,1,1,1,1,1,37,42,68,13,24,38,72,0,30,34,59,91,37,33,82
12497,,66,1991,0,Kurt,Haws,0,0,0,0,Utah,88,,0,25,77,248,TE,0,0,0,0,0,0,0,0,0,0,0,0,0,0,0,0,None,,,,,b,10082.png,,black_3074.png,53,47,1,57,65,57,1,34,37,24,1,1,72,0,1,1,1,35,59,1,1,1,1,1,1,1,1,1,1,1,60,100,95,85,94,68,97,0,33,38,43,74,40,31,91
2439,,79,1991,1985,Jonathan,Hayes,14,30,11,1985,Iowa,80,,6,29,77,248,TE,1500000,1,1500000,0,0,0,0,0,0,0,0,0,0,0,0,0,None,,,,,b,0034.png,default-jersey-01.png,blonde_3004.png,50,71,1,71,76,63,1,36,45,42,1,1,80,0,1,1,1,1,96,1,1,1,1,1,1,1,1,1,1,1,81,80,80,75,62,67,88,0,31,42,60,76,30,68,13
8624,,74,1991,0,Peyton,Hendershot,0,0,0,0,N/A,89,,0,22,76,254,TE,0,0,0,0,0,0,0,0,0,0,0,0,0,0,0,0,None,,,,,b,0064.png,,bald_3010.png,52,66,1,72,75,51,1,32,40,33,1,1,71,0,0,0,0,22,62,0,0,0,0,0,0,0,0,0,0,0,41,99,100,59,70,73,94,0,63,39,53,97,44,61,94
9799,,65,1991,0,Carl,Hilton,0,0,0,0,Houston,85,,1,23,75,232,TE,0,0,0,0,0,0,0,0,0,0,0,0,0,0,0,0,None,,,,,a,10572.png,,darkbrown_3064.png,59,55,1,57,55,50,1,39,33,20,1,1,71,0,1,1,1,35,56,1,1,1,1,1,1,1,1,1,1,1,5,55,60,15,12,25,79,0,42,47,62,90,45,67,78
2508,,75,1991,1985,Rodney,Holman,12,22,6,1985,Tulane,87,,6,31,75,238,TE,1500000,1,1500000,0,0,0,0,0,0,0,0,0,0,0,0,0,None,,,,,b,0017.png,default-jersey-01.png,black_3071.png,42,52,1,64,84,69,1,51,38,42,1,1,84,0,1,1,1,22,80,1,1,1,1,1,1,1,1,1,1,1,17,86,82,26,90,74,77,0,49,38,45,79,36,53,33
1948,,86,1991,1985,Pete,Holohan,17,7,2,1985,Notre Dame,88,,6,32,76,237,TE,3000000,1,3000000,0,0,0,0,0,0,0,0,0,0,0,0,0,None,BlockingTE,,,,b,10095.png,,black_3079.png,66,71,1,76,77,58,1,46,51,31,1,1,64,0,1,1,1,10,100,1,1,1,1,1,1,1,1,1,1,1,19,34,58,44,25,16,83,0,45,50,39,85,38,34,1
2512,,86,1991,1985,Tony,Hunter,11,34,9,1985,Notre Dame,87,,6,31,76,237,TE,1900000,1,1900000,0,0,0,0,0,0,0,0,0,0,0,0,0,None,,,,,b,0009.png,default-jersey-01.png,darkbrown_3024.png,65,68,1,68,79,67,1,60,46,42,1,1,78,0,1,1,1,6,99,1,1,1,1,1,1,1,1,1,1,1,80,49,60,87,33,54,75,0,38,44,70,78,34,40,70
9787,,82,1991,1990,LeBron,James,14,2,12,1990,Akron,87,,1,20,81,250,TE,1000000,2,1000000,1000000,0,0,0,0,0,0,0,0,0,0,0,0,None,Competitor,,,,b,0045.png,default-jersey-01.png,bald_3035.png,73,79,1,79,67,77,1,31,34,35,1,1,83,0,1,33,40,29,66,1,1,1,1,1,1,1,1,35,31,30,94,50,62,73,68,61,98,0,40,39,54,73,32,54,29
5390,,65,1991,1987,Darcy,Johnson,0,7,15,1987,Central Florida,87,,4,27,77,252,TE,0,0,0,0,0,0,0,0,0,0,0,0,0,0,0,0,None,,,,,b,0071.png,,black_3038.png,52,60,1,63,53,44,1,22,31,21,1,1,66,0,1,1,1,1,88,1,1,1,1,1,1,1,1,1,1,1,31,80,74,17,89,82,84,0,41,32,70,93,48,62,1
12502,,66,1991,0,Lonnie,Johnson,0,0,0,0,Florida State,82,,0,23,75,240,TE,0,0,0,0,0,0,0,0,0,0,0,0,0,0,0,0,None,,,,,a,10559.png,,black_3029.png,44,55,1,69,57,45,1,40,43,38,1,1,66,0,1,1,1,35,59,1,1,1,1,1,1,1,1,1,1,1,45,32,51,40,32,55,89,0,39,38,37,84,41,61,89
6053,,59,1991,0,Reggie,Johnson,0,0,0,0,Florida State,86,,4,27,74,256,TE,0,0,0,0,0,0,0,0,0,0,0,0,0,0,0,0,None,,,,,a,0142.png,,black_3010.png,46,45,1,57,64,40,1,24,27,32,1,1,63,0,1,1,1,6,50,1,1,1,1,1,1,1,1,1,1,1,65,36,52,59,64,60,95,0,41,36,70,91,49,45,48
12949,14967,70,1991,0,David,Jones,0,0,0,0,Delaware State,0,,0,24,74,220,TE,0,0,0,0,0,0,0,0,0,0,0,0,0,0,0,0,None,,,,,,,,,49,55,1,61,69,49,1,28,52,36,1,1,60,0,0,0,0,0,83,0,0,0,0,0,0,0,0,0,0,0,2,33,54,8,34,18,85,0,36,33,37,96,40,65,87
12505,,62,1991,0,Andrew,Jordan,0,0,0,0,Western Carolina,83,,0,22,78,260,TE,0,0,0,0,0,0,0,0,0,0,0,0,0,0,0,0,None,,,,,b,0037.png,,black_3016.png,42,50,1,54,61,60,1,28,43,40,1,1,62,0,1,1,1,35,59,1,1,1,1,1,1,1,1,1,1,1,35,65,58,36,31,46,90,0,50,38,34,89,33,59,100
2151,,88,1991,1985,Steve,Jordan,15,6,16,1985,Brown,83,,6,30,75,236,TE,5500000,2,5500000,6500000,0,0,0,0,0,0,0,0,0,0,0,0,None,ReceivingTE|WorkoutFanatic,,,,a,10577.png,,lightbrown_3056.png,57,66,3,73,85,67,1,55,67,52,1,1,74,0,1,1,1,25,100,1,1,1,1,1,1,1,1,1,1,1,83,37,53,98,42,34,76,0,50,44,53,79,38,51,57
9823,,61,1991,0,Eric,Kattus,0,0,0,0,Michigan,82,,1,24,77,240,TE,0,0,0,0,0,0,0,0,0,0,0,0,0,0,0,0,None,,,,,b,10094.png,,black_3050.png,38,60,1,67,55,41,1,26,38,23,1,1,59,0,1,1,1,35,47,1,1,1,1,1,1,1,1,1,1,1,39,57,32,50,46,47,97,0,35,32,49,86,50,59,82
2219,,78,1991,1985,Clarence,Kay,3,23,6,1985,Georgia,45,,6,30,74,237,TE,250000,1,250000,0,0,0,0,0,0,0,0,0,0,0,0,0,None,,,,,b,0012.png,default-jersey-01.png,black_3097.png,57,68,1,63,73,60,1,39,40,45,1,1,79,0,1,1,1,1,100,1,1,1,1,1,1,1,1,1,1,1,66,39,48,53,32,35,83,0,46,44,40,99,41,38,16
8626,,67,1991,0,Ko,Kieft,0,0,0,0,Minnesota,83,,2,25,77,265,TE,0,0,0,0,0,0,0,0,0,0,0,0,0,0,0,0,None,,,,,b,0021.png,,black_3011.png,49,60,1,58,67,53,1,41,46,25,1,1,65,0,1,1,1,20,36,1,1,1,1,1,1,1,1,1,1,1,83,99,61,97,93,82,81,0,58,42,69,76,64,48,51
5410,,61,1991,0,Joe,Klopfenstein,0,0,0,0,Colorado,84,,1,24,77,250,TE,0,0,0,0,0,0,0,0,0,0,0,0,0,0,0,0,None,,,,,a,0105.png,,bald_3011.png,42,56,1,62,68,44,1,29,29,33,1,1,58,0,1,1,1,13,26,1,1,1,1,1,1,1,1,1,1,1,67,99,71,80,80,100,91,0,46,37,38,87,34,65,70
12488,,70,1991,0,Brian,Kozlowski,0,0,0,0,Connecticut,81,,0,24,75,250,TE,0,0,0,0,0,0,0,0,0,0,0,0,0,0,0,0,None,,,,,b,10088.png,,black_3052.png,61,63,1,57,61,56,1,39,40,39,1,1,61,0,1,1,1,35,58,1,1,1,1,1,1,1,1,1,1,1,57,39,68,50,56,31,94,0,34,31,41,79,48,59,78
2440,,62,1991,1985,Greg,LaFleur,0,31,18,1985,LSU,89,,6,33,76,236,TE,0,0,0,0,0,0,0,0,0,0,0,0,0,0,0,0,None,ReceivingTE,,,,b,10077.png,,black_3070.png,38,45,1,68,65,45,1,25,25,33,1,1,54,0,1,1,1,6,80,1,1,1,1,1,1,1,1,1,1,1,93,53,35,60,50,39,79,0,35,30,53,100,30,48,82
12487,,72,1991,1991,Aaron,Laing,8,6,10,1991,Lamar,81,,0,23,75,260,TE,250000,2,250000,250000,0,0,0,0,0,0,0,0,0,0,0,0,None,,,,,c,0242.png,,bald_3012.png,55,54,1,72,67,51,1,41,39,30,1,1,70,0,1,1,1,32,64,1,1,1,1,1,1,1,1,1,1,1,20,100,95,9,60,68,82,0,38,31,61,72,37,45,87
5425,,94,1991,1987,Marcedes,Lewis,2,2,11,1987,UCLA,86,,4,26,78,255,TE,5600000,5,5600000,5600000,5600000,5600000,5600000,0,0,0,0,0,0,0,0,0,None,ReceivingTE,,,,b,0026.png,default-jersey-01.png,black_3039.png,84,76,1,78,81,49,1,57,57,41,1,1,75,0,1,1,1,13,100,1,1,1,1,1,1,1,1,1,1,1,36,42,48,33,21,31,81,0,46,31,44,72,43,32,80
12494,,68,1991,0,Roderick,Lewis,0,0,0,0,Arizona,81,,0,23,77,254,TE,0,0,0,0,0,0,0,0,0,0,0,0,0,0,0,0,None,,,,,b,0049.png,,darkbrown_3013.png,54,61,1,73,58,43,1,40,30,37,1,1,59,0,1,1,1,35,58,1,1,1,1,1,1,1,1,1,1,1,37,61,38,13,24,33,77,0,37,47,66,72,45,50,98
8628,,84,1991,1989,Isaiah,Likely,12,4,16,1989,Coastal Carolina,80,,2,23,76,241,TE,550000,1,550000,0,0,0,0,0,0,0,0,0,0,0,0,0,None,FanFavorite,,,,a,10567.png,,bald_3032.png,58,64,1,85,80,64,1,39,50,32,1,1,80,0,1,1,1,26,84,1,1,1,1,1,1,1,1,1,1,1,35,95,66,42,91,89,92,0,33,36,56,98,45,58,78
2511,,83,1991,1985,Calvin,Magee,9,34,6,1985,Southern,85,,6,28,75,240,TE,1200000,2,1200000,800000,0,0,0,0,0,0,0,0,0,0,0,0,None,,,,,a,10586.png,default-jersey-01.png,black_3003.png,64,76,1,74,69,62,1,48,41,39,1,1,84,0,1,1,1,1,95,1,1,1,1,1,1,1,1,1,1,1,50,97,75,66,96,82,77,0,39,49,30,86,31,58,97
3378,,68,1991,1986,Sean,Manuel,0,7,14,1986,New Mexico State,81,,4,27,74,245,TE,0,0,0,0,0,0,0,0,0,0,0,0,0,0,0,0,None,ReceivingTE,,,,b,10092.png,,black_3013.png,43,59,1,66,65,54,1,30,40,20,1,1,56,0,1,1,1,6,78,1,1,1,1,1,1,1,1,1,1,1,62,68,88,83,68,74,98,0,50,44,60,76,42,68,65
12492,,68,1991,0,Vince,Marrow,0,0,0,0,Toledo,89,,0,26,75,251,TE,0,0,0,0,0,0,0,0,0,0,0,0,0,0,0,0,None,,,,,b,10069.png,,black_3026.png,49,52,1,70,72,58,1,27,31,35,1,1,57,0,1,1,1,35,57,1,1,1,1,1,1,1,1,1,1,1,37,75,91,48,77,96,72,0,41,37,60,91,37,44,93
7303,,68,1991,0,Michael,Matthews,0,0,0,0,Georgia Tech,84,,1,24,76,270,TE,0,0,0,0,0,0,0,0,0,0,0,0,0,0,0,0,None,,,,,b,0093.png,,black_3060.png,48,63,1,70,63,51,1,39,34,31,1,1,64,0,1,1,1,10,44,1,1,1,1,1,1,1,1,1,1,1,40,44,33,53,41,67,97,0,36,46,44,97,49,31,87
12802,18490,65,1991,0,Deems,May,0,0,0,0,North Carolina,0,,0,23,76,263,TE,0,0,0,0,0,0,0,0,0,0,0,0,0,0,0,0,None,,,,,,,,,57,59,1,61,60,45,1,30,41,25,1,1,70,0,0,0,0,11,37,0,0,0,0,0,0,0,0,0,0,0,12,34,61,21,23,15,70,0,43,35,70,74,39,63,96
9809,,64,1991,0,Alonzo,Mayes,0,0,0,0,Oklahoma State,82,,1,24,76,259,TE,0,0,0,0,0,0,0,0,0,0,0,0,0,0,0,0,None,,,,,a,10576.png,,blonde_3043.png,47,64,1,53,65,41,1,36,32,24,1,1,59,0,1,1,1,35,54,1,1,1,1,1,1,1,1,1,1,1,47,72,92,44,73,75,78,0,31,47,37,93,40,70,95
8629,,86,1991,1989,Trey,McBride,16,2,18,1989,Colorado St.,85,,2,23,76,246,TE,850000,1,850000,0,0,0,0,0,0,0,0,0,0,0,0,0,None,ReceivingTE,,,,b,0042.png,default-jersey-01.png,darkbrown_3019.png,62,68,5,84,81,69,1,45,44,34,5,5,81,0,1,1,1,26,95,1,1,1,1,1,1,1,1,1,1,1,29,80,92,4,74,100,99,0,39,40,35,97,48,59,64
6170,,65,1991,0,Bruce,McGonnigal,0,0,0,0,Virginia,82,,4,27,76,229,TE,0,0,0,0,0,0,0,0,0,0,0,0,0,0,0,0,None,,,,,b,0056.png,,black_3047.png,52,47,1,59,71,37,1,27,40,19,1,1,67,0,1,1,1,1,62,1,1,1,1,1,1,1,1,1,1,1,64,84,100,63,64,99,97,0,35,34,68,87,35,63,1
3253,,58,1991,0,Keli,McGregor,0,0,0,0,Colorado State,89,,2,24,78,250,TE,0,0,0,0,0,0,0,0,0,0,0,0,0,0,0,0,None,,,,,b,0057.png,,black_3052.png,49,45,1,62,52,57,1,32,27,24,1,1,67,0,1,1,1,1,30,1,1,1,1,1,1,1,1,1,1,1,59,39,36,41,61,55,94,0,50,41,58,72,31,64,96
3391,,66,1991,0,James,McKeehan,0,0,0,0,Texas A&M,85,,1,24,75,251,TE,0,0,0,0,0,0,0,0,0,0,0,0,0,0,0,0,None,,,,,b,0034.png,,darkbrown_3016.png,47,56,1,67,59,41,1,39,29,19,1,1,68,0,1,1,1,14,80,1,1,1,1,1,1,1,1,1,1,1,71,85,74,97,81,72,85,0,42,37,45,86,33,33,91
12864,19260,71,1991,0,Thomas,McLemore,0,0,0,0,Southern,0,,0,22,77,245,TE,0,0,0,0,0,0,0,0,0,0,0,0,0,0,0,0,None,,,,,,,,,58,52,1,56,63,51,1,37,45,24,1,1,74,0,0,0,0,15,98,0,0,0,0,0,0,0,0,0,0,0,13,87,90,34,60,88,90,0,34,39,45,100,48,62,82
2371,,84,1991,1985,Pete,Metzelaars,5,14,12,1985,Wabash,85,,6,31,79,254,TE,2000000,2,2000000,2000000,0,0,0,0,0,0,0,0,0,0,0,0,None,,,,,a,0121.png,,black_3020.png,62,70,1,74,80,53,1,42,56,36,1,1,92,0,1,1,1,1,96,1,1,1,1,1,1,1,1,1,1,1,34,41,48,69,56,40,85,0,49,46,37,72,42,37,87
9795,,65,1991,0,Ron,Middleton,0,0,0,0,Auburn,85,,1,22,74,262,TE,0,0,0,0,0,0,0,0,0,0,0,0,0,0,0,0,None,,,,,b,0048.png,,black_3031.png,50,54,1,56,67,48,1,27,41,19,1,1,69,0,1,1,1,35,55,1,1,1,1,1,1,1,1,1,1,1,83,50,70,63,58,32,86,0,35,34,69,84,48,47,71
7407,,79,1991,1988,Zach,Miller,12,3,11,1988,Arizona State,89,,3,24,77,256,TE,700000,5,700000,700000,700000,700000,700000,0,0,0,0,0,0,0,0,0,None,,,,,a,0104.png,default-jersey-01.png,black_3035.png,52,69,1,79,69,50,1,41,47,41,1,1,81,0,1,1,1,13,95,1,1,1,1,1,1,1,1,1,1,1,63,65,81,46,76,91,84,0,50,49,64,82,47,45,56
7282,,65,1991,0,Martrez,Milner,0,0,0,0,Georgia,83,,1,23,76,256,TE,0,0,0,0,0,0,0,0,0,0,0,0,0,0,0,0,None,,,,,b,10083.png,,blonde_3002.png,54,48,1,59,65,53,1,28,33,26,1,1,57,0,1,1,1,1,68,1,1,1,1,1,1,1,1,1,1,1,70,36,55,86,35,68,75,0,37,38,60,96,50,38,73
12717,19977,74,1991,0,Johnny,Mitchell,0,0,0,0,Nebraska,0,,0,21,75,241,TE,0,0,0,0,0,0,0,0,0,0,0,0,0,0,0,0,None,,,,,,,,,54,53,1,75,65,51,1,43,47,39,1,1,67,0,0,0,0,13,81,0,0,0,0,0,0,0,0,0,0,0,25,75,95,11,92,90,84,0,43,35,42,80,31,30,97
12506,,61,1991,0,Shannon,Mitchell,0,0,0,0,Georgia,82,,0,22,74,245,TE,0,0,0,0,0,0,0,0,0,0,0,0,0,0,0,0,None,,,,,b,0028.png,,black_3056.png,43,50,1,57,59,58,1,27,36,40,1,1,63,0,1,1,1,35,58,1,1,1,1,1,1,1,1,1,1,1,22,34,30,31,6,9,87,0,39,37,69,87,36,54,100
9800,,65,1991,0,Orson,Mobley,0,0,0,0,Florida State,88,,1,24,77,256,TE,0,0,0,0,0,0,0,0,0,0,0,0,0,0,0,0,None,,,,,b,10094.png,,bald_3015.png,41,52,1,68,69,47,1,36,33,29,1,1,61,0,1,1,1,35,50,1,1,1,1,1,1,1,1,1,1,1,95,80,91,61,60,68,83,0,42,42,37,75,41,52,72
9797,,65,1991,0,Mike,Moffitt,0,0,0,0,Fresno State,87,,1,24,76,215,TE,0,0,0,0,0,0,0,0,0,0,0,0,0,0,0,0,None,,,,,a,0120.png,,red_3019.png,58,57,1,68,58,40,1,22,38,27,1,1,56,0,1,1,1,35,49,1,1,1,1,1,1,1,1,1,1,1,9,57,32,3,35,35,75,0,38,42,52,70,43,49,71
8631,,79,1991,0,Nick,Muse,5,0,0,0,South Carolina,34,,2,24,77,252,TE,500000,4,500000,500000,500000,500000,0,0,0,0,0,0,0,0,0,0,None,,,,,a,10557.png,default-jersey-01.png,darkbrown_3023.png,60,64,1,73,72,52,4,40,45,32,1,1,75,0,1,1,1,23,93,1,1,1,1,1,1,1,1,1,1,1,27,97,93,9,81,84,88,0,57,50,63,96,49,44,97
2066,,79,1991,1985,Ozzie,Newsome,0,10,7,1985,Alabama,87,,4,33,74,232,TE,0,0,0,0,0,0,0,0,0,0,0,0,0,0,0,0,None,,,,,b,0057.png,,black_3006.png,53,62,1,73,87,51,1,32,40,52,1,1,74,0,1,1,1,1,89,1,1,1,1,1,1,1,1,1,1,1,88,32,53,77,61,70,95,0,46,34,67,81,45,39,76
1883,,90,1991,1985,Jay,Novacek,8,4,10,1985,Wyoming,85,,6,29,76,234,TE,6350000,3,6350000,6350000,6350000,0,0,0,0,0,0,0,0,0,0,0,None,ReceivingTE,,,,b,0088.png,default-jersey-01.png,black_3036.png,66,71,1,74,90,68,1,59,44,35,1,1,74,0,1,1,1,1,100,1,1,1,1,1,1,1,1,1,1,1,80,77,66,79,99,93,72,0,47,35,37,76,49,48,61
8633,,85,1991,1989,Chigoziem,Okonkwo,17,5,1,1989,Maryland,85,,2,23,75,238,TE,5000000,1,5000000,0,0,0,0,0,0,0,0,0,0,0,0,0,None,,,,,a,10598.png,default-jersey-01.png,darkbrown_3001.png,62,64,1,82,77,64,1,43,49,26,4,3,77,0,1,1,1,24,98,1,1,1,1,1,1,1,1,1,1,1,30,49,32,15,14,18,77,0,43,40,44,79,36,56,0
7184,,86,1991,1988,Greg,Olsen,17,2,7,1988,Miami (FL),86,,3,24,78,254,TE,5000000,1,5000000,0,0,0,0,0,0,0,0,0,0,0,0,0,None,ReceivingTE,,,,b,0092.png,default-jersey-01.png,black_3092.png,70,64,1,79,72,58,1,51,54,36,1,1,81,0,1,1,1,20,100,1,1,1,1,1,1,1,1,1,1,1,40,61,30,51,67,66,82,0,38,39,54,86,36,65,60
8634,,85,1991,1989,Cade,Otton,11,3,5,1989,Washington,88,,2,24,77,247,TE,850000,1,850000,0,0,0,0,0,0,0,0,0,0,0,0,0,None,BlockingTE,,,,a,0137.png,,blonde_3036.png,62,59,2,76,87,73,6,52,51,35,4,4,80,0,1,1,1,25,73,1,1,1,1,1,1,1,1,1,1,1,40,53,31,15,3,25,80,0,69,49,66,99,53,60,81
9798,,65,1991,0,Jeff,Parks,0,0,0,0,Auburn,89,,1,23,76,238,TE,0,0,0,0,0,0,0,0,0,0,0,0,0,0,0,0,None,,,,,b,0002.png,,black_3103.png,55,50,1,62,64,42,1,27,41,32,1,1,63,0,1,1,1,35,55,1,1,1,1,1,1,1,1,1,1,1,12,56,61,21,8,7,75,0,30,35,44,92,44,42,79
7067,,64,1991,0,Ben,Patrick,0,0,0,0,Delaware,84,,1,23,75,252,TE,0,0,0,0,0,0,0,0,0,0,0,0,0,0,0,0,None,,,,,b,10085.png,,black_3076.png,46,54,1,67,63,46,1,36,29,27,1,1,61,0,1,1,1,5,53,1,1,1,1,1,1,1,1,1,1,1,77,93,76,73,87,89,79,0,40,35,31,78,50,67,75
12820,22671,70,1991,0,Aaron,Pierce,0,0,0,0,Washington,0,,0,23,77,252,TE,0,0,0,0,0,0,0,0,0,0,0,0,0,0,0,0,None,,,,,,,,,47,58,1,58,70,49,1,36,49,35,1,1,61,0,0,0,0,10,85,0,0,0,0,0,0,0,0,0,0,0,55,61,68,45,75,100,98,0,49,36,31,71,41,67,97
12495,,67,1991,0,Ted,Popson,0,0,0,0,Portland State,87,,0,28,76,250,TE,0,0,0,0,0,0,0,0,0,0,0,0,0,0,0,0,None,,,,,b,0052.png,,black_3005.png,58,61,1,62,56,53,1,32,38,27,1,1,60,0,1,1,1,35,59,1,1,1,1,1,1,1,1,1,1,1,68,62,60,65,92,76,82,0,36,46,39,93,37,55,100
3439,,68,1991,0,Derek,Price,0,0,0,0,Iowa,82,,2,26,75,240,TE,0,0,0,0,0,0,0,0,0,0,0,0,0,0,0,0,None,,,,,a,10565.png,,lightbrown_3095.png,53,57,1,68,55,40,1,39,30,26,1,1,58,0,1,1,1,1,94,1,1,1,1,1,1,1,1,1,1,1,64,67,84,51,65,63,99,0,38,49,51,95,34,69,54
12803,23265,67,1991,0,Alfred,Pupunu,0,0,0,0,Weber State,0,,0,23,74,260,TE,0,0,0,0,0,0,0,0,0,0,0,0,0,0,0,0,None,,,,,,,,,55,53,1,56,72,47,1,36,52,39,1,1,57,0,0,0,0,6,25,0,0,0,0,0,0,0,0,0,0,0,34,75,60,48,63,80,71,0,38,40,61,76,46,51,75
5502,,61,1991,0,Jason,Rader,0,0,0,0,Georgia,84,,4,29,76,274,TE,0,0,0,0,0,0,0,0,0,0,0,0,0,0,0,0,None,,,,,a,0135.png,,lightbrown_3030.png,53,41,1,70,59,48,1,23,18,24,1,1,57,0,1,1,1,10,56,1,1,1,1,1,1,1,1,1,1,1,40,73,73,31,83,64,83,0,41,46,60,87,44,43,85
12500,,66,1991,0,Walter,Rasby,0,0,0,0,Wake Forest,83,,0,22,75,252,TE,0,0,0,0,0,0,0,0,0,0,0,0,0,0,0,0,None,,,,,b,0085.png,,black_3027.png,52,49,1,64,58,54,1,43,33,31,1,1,61,0,1,1,1,35,58,1,1,1,1,1,1,1,1,1,1,1,63,60,39,66,37,60,82,0,41,41,57,100,47,32,85
3453,,61,1991,0,Brian,Roche,0,0,0,0,Cal Poly-San Luis Obispo,89,,1,24,76,255,TE,0,0,0,0,0,0,0,0,0,0,0,0,0,0,0,0,None,,,,,b,10075.png,,black_3042.png,53,46,1,70,54,47,1,38,33,19,1,1,68,0,1,1,1,13,19,1,1,1,1,1,1,1,1,1,1,1,47,61,50,32,46,39,71,0,36,33,63,95,43,36,83
8636,,69,1991,0,Armani,Rogers,0,0,0,0,N/A,88,,1,24,77,225,TE,0,0,0,0,0,0,0,0,0,0,0,0,0,0,0,0,None,,,,,b,10099.png,,black_3027.png,41,58,28,73,72,47,30,29,37,26,1,1,62,0,1,1,1,20,67,1,1,1,1,1,1,1,1,1,1,1,27,61,90,9,79,79,75,0,59,65,59,95,59,69,96
9802,,63,1991,0,Butch,Rolle,0,0,0,0,Michigan State,85,,1,23,75,242,TE,0,0,0,0,0,0,0,0,0,0,0,0,0,0,0,0,None,,,,,b,0055.png,,blonde_3001.png,46,58,1,70,60,41,1,33,26,36,1,1,61,0,1,1,1,35,47,1,1,1,1,1,1,1,1,1,1,1,57,72,84,39,80,72,72,0,30,40,41,82,38,57,88
12837,24702,69,1991,0,Ray,Rowe,0,0,0,0,San Diego State,0,,0,23,74,256,TE,0,0,0,0,0,0,0,0,0,0,0,0,0,0,0,0,None,,,,,,,,,50,57,1,70,66,47,1,39,51,23,1,1,64,0,0,0,0,4,34,0,0,0,0,0,0,0,0,0,0,0,18,60,38,15,25,37,70,0,39,49,35,75,37,63,83
8637,,79,1991,0,Jeremy,Ruckert,6,0,0,0,Ohio State,89,,2,23,77,250,TE,250000,5,250000,300000,300000,300000,300000,0,0,0,0,0,0,0,0,0,None,,,,,b,0064.png,default-jersey-01.png,bald_3008.png,61,54,1,74,79,59,4,44,53,31,7,5,75,0,1,1,1,21,59,1,1,1,1,1,1,1,1,1,1,1,22,63,33,35,39,15,97,0,47,50,49,91,45,51,78
9788,,74,1991,0,Rod,Rutledge,10,0,0,0,Alabama,80,,1,24,77,262,TE,250000,1,250000,0,0,0,0,0,0,0,0,0,0,0,0,0,None,,,,,b,10056.png,default-jersey-01.png,black_3076.png,57,60,1,71,73,58,1,38,40,38,1,1,71,0,1,1,1,27,59,1,1,1,1,1,1,1,1,1,1,1,97,92,71,92,63,89,72,0,36,35,62,86,30,34,99
12503,,62,1991,0,Terry,Samuels,0,0,0,0,Kentucky,82,,0,24,74,254,TE,0,0,0,0,0,0,0,0,0,0,0,0,0,0,0,0,None,,,,,b,0001.png,,black_3096.png,50,55,1,55,56,49,1,33,34,36,1,1,63,0,1,1,1,35,58,1,1,1,1,1,1,1,1,1,1,1,3,99,70,27,61,61,70,0,46,48,30,100,43,33,89
5521,,78,1991,0,Tony,Scheffler,6,0,0,0,Western Michigan,84,,4,27,77,255,TE,250000,1,250000,0,0,0,0,0,0,0,0,0,0,0,0,0,None,,,,,c,0225.png,default-jersey-01.png,black_3013.png,54,72,1,61,81,66,1,46,42,39,1,1,82,0,1,1,1,14,67,1,1,1,1,1,1,1,1,1,1,1,71,37,63,99,42,70,94,0,40,43,54,79,43,68,66
7147,,63,1991,0,Derek,Schouman,0,0,0,0,Boise State,82,,1,22,74,247,TE,0,0,0,0,0,0,0,0,0,0,0,0,0,0,0,0,None,,,,,b,0052.png,,black_3062.png,49,49,1,70,57,50,1,29,41,25,1,1,57,0,1,1,1,7,41,1,1,1,1,1,1,1,1,1,1,1,24,72,99,2,98,60,90,0,47,38,52,92,34,67,79
1968,,75,1991,1985,Mickey,Shuler,0,13,4,1985,Penn State,86,,5,34,75,232,TE,0,0,0,0,0,0,0,0,0,0,0,0,0,0,0,0,None,,,,,b,10067.png,,black_3006.png,44,57,1,65,82,68,1,35,40,47,1,1,71,0,1,1,1,9,100,1,1,1,1,1,1,1,1,1,1,1,16,57,54,1,6,33,71,0,32,40,58,94,36,69,1
9815,,63,1991,0,Kaseem,Sinceno,0,0,0,0,Syracuse,82,,1,23,76,259,TE,0,0,0,0,0,0,0,0,0,0,0,0,0,0,0,0,None,,,,,b,10089.png,,darkbrown_3002.png,46,46,1,57,67,42,1,37,38,32,1,1,55,0,1,1,1,35,48,1,1,1,1,1,1,1,1,1,1,1,76,50,68,78,55,60,94,0,38,44,43,74,50,49,88
12950,26631,75,1991,0,Kevin,Smith,0,0,0,0,UCLA,0,,0,23,76,255,TE,0,0,0,0,0,0,0,0,0,0,0,0,0,0,0,0,None,,,,,,,,,62,56,1,64,68,59,1,35,53,26,1,1,71,0,0,0,0,17,74,0,0,0,0,0,0,0,0,0,0,0,23,95,66,39,70,79,90,0,31,44,46,94,40,65,95
2301,,71,1991,1985,John,Spagnola,0,19,18,1985,Yale,88,,6,34,76,240,TE,0,0,0,0,0,0,0,0,0,0,0,0,0,0,0,0,None,BlockingTE,,,,b,0052.png,default-jersey-01.png,darkbrown_3016.png,49,60,1,63,69,56,1,25,36,40,1,1,64,0,1,1,1,17,99,1,1,1,1,1,1,1,1,1,1,1,69,35,52,81,49,56,91,0,30,30,42,70,36,39,1
9821,,62,1991,0,Blake,Spence,0,0,0,0,Oregon,87,,1,24,76,249,TE,0,0,0,0,0,0,0,0,0,0,0,0,0,0,0,0,None,,,,,b,0067.png,,bald_3023.png,50,49,1,66,57,46,1,28,31,37,1,1,66,0,1,1,1,35,56,1,1,1,1,1,1,1,1,1,1,1,81,60,37,62,30,36,85,0,42,48,69,73,46,31,85
9816,,63,1991,0,Robert,Stallings,0,0,0,0,Southern Miss,81,,1,23,78,250,TE,0,0,0,0,0,0,0,0,0,0,0,0,0,0,0,0,None,,,,,c,0233.png,,darkbrown_3001.png,50,50,1,60,56,54,1,36,35,28,1,1,71,0,1,1,1,35,55,1,1,1,1,1,1,1,1,1,1,1,35,50,34,39,68,42,90,0,44,33,33,88,34,70,75
12905,27599,70,1991,0,Tommie,Stowers,0,0,0,0,Missouri,0,,0,26,75,240,TE,0,0,0,0,0,0,0,0,0,0,0,0,0,0,0,0,None,,,,,,,,,55,65,1,59,66,59,1,31,51,25,1,1,60,0,0,0,0,15,42,0,0,0,0,0,0,0,0,0,0,0,34,78,76,66,98,100,72,0,36,44,68,72,41,33,72
12737,28549,71,1991,0,Jeff,Thomason,0,0,0,0,Oregon,0,,0,23,77,255,TE,0,0,0,0,0,0,0,0,0,0,0,0,0,0,0,0,None,,,,,,,,,50,50,1,71,67,54,1,28,51,40,1,1,69,0,0,0,0,9,76,0,0,0,0,0,0,0,0,0,0,0,73,72,87,87,91,96,82,0,45,42,57,83,43,65,95
12738,28578,70,1991,0,Craig,Thompson,0,0,0,0,North Carolina A&T,0,,0,23,74,244,TE,0,0,0,0,0,0,0,0,0,0,0,0,0,0,0,0,None,,,,,,,,,62,57,1,71,62,56,1,42,47,26,1,1,66,0,0,0,0,7,19,0,0,0,0,0,0,0,0,0,0,0,85,59,58,61,34,62,86,0,42,36,53,70,35,67,79
2417,,79,1991,1985,Mike,Tice,17,30,18,1985,Maryland,84,,6,32,79,253,TE,250000,5,250000,250000,250000,250000,250000,0,0,0,0,0,0,0,0,0,None,,,,,b,10062.png,default-jersey-01.png,blonde_3004.png,63,67,1,68,73,63,1,33,44,38,1,1,68,0,1,1,1,13,96,1,1,1,1,1,1,1,1,1,1,1,37,65,66,40,70,62,85,0,35,31,41,80,47,59,-1
3122,,64,1991,0,Travis,Tucker,0,0,0,0,Southern Connecticut State,87,,2,24,75,234,TE,0,0,0,0,0,0,0,0,0,0,0,0,0,0,0,0,None,,,,,b,0017.png,,black_3090.png,52,54,1,61,64,45,1,30,29,22,1,1,56,0,1,1,1,4,49,1,1,1,1,1,1,1,1,1,1,1,94,75,97,66,77,63,78,0,31,41,56,92,45,69,70
5570,,63,1991,0,Delanie,Walker,0,0,0,0,Central Missouri State,82,,1,23,73,241,TE,0,0,0,0,0,0,0,0,0,0,0,0,0,0,0,0,None,,,,,b,10055.png,,black_3094.png,52,59,1,54,67,53,1,28,38,33,1,1,69,0,1,1,1,1,13,1,1,1,1,1,1,1,1,1,1,1,68,88,92,45,86,94,82,0,31,33,69,95,42,37,73
5571,,74,1991,0,Cooper,Wallace,0,0,0,0,Auburn,85,,4,28,75,258,TE,0,0,0,0,0,0,0,0,0,0,0,0,0,0,0,0,None,,,,,a,10554.png,default-jersey-01.png,lightbrown_3009.png,54,62,1,70,60,52,1,43,42,24,1,1,62,0,1,1,1,2,96,1,1,1,1,1,1,1,1,1,1,1,88,79,99,70,75,90,74,0,44,45,51,70,35,42,13
12936,29955,67,1991,0,Derek,Ware,0,0,0,0,Central Oklahoma,0,,0,25,74,255,TE,0,0,0,0,0,0,0,0,0,0,0,0,0,0,0,0,None,,,,,,,,,48,50,1,57,72,54,1,34,48,39,1,1,63,0,0,0,0,14,56,0,0,0,0,0,0,0,0,0,0,0,33,57,59,10,12,38,85,0,38,30,60,85,45,38,98
2593,,77,1991,1985,Ed,West,8,36,3,1985,Auburn,87,,6,30,73,250,TE,250000,1,250000,0,0,0,0,0,0,0,0,0,0,0,0,0,None,,,,,b,0037.png,default-jersey-01.png,bald_3006.png,53,67,1,79,66,52,1,36,48,43,1,1,63,0,1,1,1,1,95,1,1,1,1,1,1,1,1,1,1,1,58,71,56,55,45,61,82,0,32,37,43,91,32,56,8
2303,,80,1991,1985,Ken,Whisenhunt,18,24,8,1985,Georgia Tech,85,,6,29,75,237,TE,1550000,1,1550000,0,0,0,0,0,0,0,0,0,0,0,0,0,None,,,,,b,0048.png,,black_3069.png,63,63,1,72,72,54,1,43,42,31,1,1,70,0,1,1,1,1,100,1,1,1,1,1,1,1,1,1,1,1,2,31,56,24,4,23,86,0,40,41,37,70,42,63,85
9825,,60,1991,0,Gary,Wilkins,0,0,0,0,Georgia Tech,87,,1,24,73,235,TE,0,0,0,0,0,0,0,0,0,0,0,0,0,0,0,0,None,,,,,b,0089.png,,black_3103.png,46,50,1,60,60,40,1,24,35,22,1,1,68,0,1,1,1,35,52,1,1,1,1,1,1,1,1,1,1,1,67,50,69,57,58,59,88,0,36,39,40,71,34,42,82
2302,,66,1991,1985,Jamie,Williams,0,27,4,1985,Nebraska,85,,6,31,76,240,TE,0,0,0,0,0,0,0,0,0,0,0,0,0,0,0,0,None,,,,,b,10068.png,,black_3052.png,40,58,1,60,66,54,1,25,36,33,1,1,77,0,1,1,1,2,89,1,1,1,1,1,1,1,1,1,1,1,58,81,87,48,78,75,74,0,34,48,40,88,45,68,1
9818,,62,1991,0,Roland,Williams,0,0,0,0,Syracuse,80,,1,24,77,265,TE,0,0,0,0,0,0,0,0,0,0,0,0,0,0,0,0,None,,,,,a,0125.png,,lightbrown_3034.png,51,49,1,66,53,43,1,25,42,29,1,1,55,0,1,1,1,35,48,1,1,1,1,1,1,1,1,1,1,1,7,66,93,21,63,100,79,0,34,44,64,84,39,44,85
12498,,66,1991,0,Jeff,Wilner,0,0,0,0,Connecticut,85,,0,23,76,245,TE,0,0,0,0,0,0,0,0,0,0,0,0,0,0,0,0,None,,,,,a,0150.png,,lightbrown_3002.png,47,62,1,60,63,54,1,25,45,27,1,1,70,0,1,1,1,35,59,1,1,1,1,1,1,1,1,1,1,1,14,77,93,4,92,96,100,0,49,37,41,82,34,30,95
1887,,92,1991,1985,Kellen,Winslow,18,3,17,1985,Missouri,80,,6,34,77,251,TE,7141820,2,7141820,7141820,0,0,0,0,0,0,0,0,0,0,0,0,None,ReceivingTE|OFRedFlags,,,,a,0141.png,default-jersey-01.png,blonde_3032.png,73,70,9,64,89,74,1,63,57,48,9,1,89,0,1,1,1,22,100,1,1,1,1,1,1,1,1,1,1,1,68,60,84,67,61,60,95,0,36,48,39,90,37,47,69
8640,,81,1991,1989,Jelani,Woods,20,7,11,1989,Virginia,49,,2,24,79,253,TE,2550000,6,2550000,2550000,2550000,2400000,2400000,2200000,0,0,0,0,0,0,0,0,None,,,,,b,0031.png,default-jersey-01.png,red_3001.png,60,68,45,76,77,52,45,42,40,32,1,1,76,0,1,1,1,15,95,1,1,1,1,1,1,1,1,1,1,1,42,78,90,50,76,89,70,0,65,30,60,86,44,58,99
2513,,64,1991,1985,James,Wright,0,33,12,1985,TCU,85,,4,33,75,240,TE,0,0,0,0,0,0,0,0,0,0,0,0,0,0,0,0,None,FilmGeek,,,,b,0005.png,,bald_3019.png,52,48,1,56,64,59,1,21,43,27,1,1,49,0,1,1,1,29,55,1,1,1,1,1,1,1,1,1,1,1,20,65,57,21,33,3,99,0,32,40,66,100,35,51,90
12937,31914,66,1991,0,Willie,Wright,0,0,0,0,Wyoming,0,,0,24,76,239,TE,0,0,0,0,0,0,0,0,0,0,0,0,0,0,0,0,None,,,,,,,,,51,57,1,59,69,51,1,43,39,25,1,1,72,0,0,0,0,14,25,0,0,0,0,0,0,0,0,0,0,0,65,52,34,72,55,61,74,0,34,36,30,73,38,58,89
2669,,76,1991,1985,Tim,Wrightman,0,41,2,1985,UCLA,85,,6,31,75,237,TE,0,0,0,0,0,0,0,0,0,0,0,0,0,0,0,0,None,,,,,b,0079.png,,black_3049.png,53,60,1,75,83,51,1,41,50,31,1,1,81,0,1,1,1,2,42,1,1,1,1,1,1,1,1,1,1,1,47,75,98,49,60,64,90,0,43,33,58,75,42,65,14
2175,,79,1991,1985,Charle,Young,0,24,3,1985,USC,80,,3,37,76,234,TE,0,0,0,0,0,0,0,0,0,0,0,0,0,0,0,0,None,,,,,a,10556.png,,darkbrown_3004.png,58,55,1,80,77,68,1,53,42,33,1,1,62,0,1,1,1,28,62,1,1,1,1,1,1,1,1,1,1,1,32,61,47,28,53,40,93,0,35,39,66,94,38,63,99
6009,,68,1991,0,Duane,Young,0,0,0,0,Michigan State,86,,4,27,75,270,TE,0,0,0,0,0,0,0,0,0,0,0,0,0,0,0,0,None,,,,,b,0029.png,,blonde_3002.png,50,63,1,65,64,47,1,27,31,34,1,1,62,0,1,1,1,1,82,1,1,1,1,1,1,1,1,1,1,1,57,34,54,41,41,33,86,0,36,44,48,96,31,37,28
12446,,79,1991,1991,Derrick,Alexander,5,3,11,1991,Michigan,11,,0,23,74,195,WR,750000,3,750000,750000,750000,0,0,0,0,0,0,0,0,0,0,0,None,DeepThreat,,,,b,10089.png,default-jersey-01.png,bald_3025.png,34,76,1,81,78,70,1,20,20,19,1,1,86,0,1,1,1,63,34,1,1,1,1,1,1,1,1,1,1,1,32,65,34,29,26,39,93,0,47,49,43,77,34,47,86
9755,,67,1991,0,Brian,Alford,0,0,0,0,Purdue,82,,1,24,73,190,WR,0,0,0,0,0,0,0,0,0,0,0,0,0,0,0,0,None,,,,,b,10062.png,,blonde_3002.png,28,69,1,67,68,51,1,3,11,17,1,1,75,0,1,1,1,49,35,1,1,1,1,1,1,1,1,1,1,1,39,96,78,20,89,81,94,0,49,31,30,80,40,68,74
5656,,63,1991,0,David,Anderson,0,0,0,0,Colorado State,86,,1,24,70,195,WR,0,0,0,0,0,0,0,0,0,0,0,0,0,0,0,0,None,ReturnSpecialist,,,,c,0245.png,,black_3013.png,35,64,1,70,60,45,1,12,23,13,1,1,71,0,1,1,1,15,9,1,1,1,1,1,1,1,1,1,1,1,45,61,69,64,80,95,82,0,30,36,70,79,46,32,76
12460,,70,1991,0,Stevie,Anderson,0,0,0,0,Grambling State,82,,0,24,77,215,WR,0,0,0,0,0,0,0,0,0,0,0,0,0,0,0,0,None,,,,,b,10061.png,,bald_3028.png,31,74,1,76,62,43,1,1,18,12,1,1,64,0,1,1,1,59,35,1,1,1,1,1,1,1,1,1,1,1,50,61,34,49,62,39,89,0,31,39,67,87,36,36,80
3598,,69,1991,0,Jahine,Arnold,0,0,0,0,Fresno State,87,,1,24,72,187,WR,0,0,0,0,0,0,0,0,0,0,0,0,0,0,0,0,None,,,,,b,0032.png,,darkbrown_3015.png,37,63,1,68,73,52,1,11,10,21,1,1,61,0,1,1,1,66,7,1,1,1,1,1,1,1,1,1,1,1,87,49,41,94,47,33,71,0,38,34,46,87,44,42,72
7152,,70,1991,1988,Devin,Aromashodu,0,5,11,1988,Auburn,87,,3,25,74,202,WR,0,0,0,0,0,0,0,0,0,0,0,0,0,0,0,0,None,CommunityBenefactor,,,,b,10079.png,,darkbrown_3013.png,37,66,1,74,74,56,1,6,14,15,1,1,75,0,1,1,1,35,21,1,1,1,1,1,1,1,1,1,1,1,68,67,49,40,66,57,74,0,32,48,66,88,50,39,20
8642,,82,1991,1989,Calvin,Austin III,20,6,1,1989,N/A,86,,2,24,69,162,WR,550000,6,550000,550000,500000,450000,400000,400000,0,0,0,0,0,0,0,0,None,,,,,b,0098.png,default-jersey-01.png,black_3063.png,31,86,5,85,75,43,12,10,16,26,3,3,80,0,1,1,1,100,19,1,1,1,1,1,1,1,1,1,1,1,27,58,38,20,7,19,90,0,50,35,64,95,37,56,97
5702,,86,1991,1987,Miles,Austin,1,2,10,1987,Monmouth,89,,4,26,75,215,WR,2550000,5,2550000,2550000,2550000,2550000,2550000,0,0,0,0,0,0,0,0,0,None,SlotReceiver,,,,a,10561.png,,lightbrown_3086.png,50,75,1,85,86,58,1,11,19,20,1,1,75,0,1,1,1,100,10,1,1,1,1,1,1,1,1,1,1,1,44,100,60,47,68,77,70,0,50,44,54,100,44,51,1
12473,,67,1991,0,Aaron,Bailey,0,0,0,0,Louisville,85,,0,23,70,185,WR,0,0,0,0,0,0,0,0,0,0,0,0,0,0,0,0,None,,,,,b,10072.png,,black_3050.png,26,74,1,65,65,48,1,12,11,19,1,1,77,0,1,1,1,58,35,1,1,1,1,1,1,1,1,1,1,1,5,58,49,10,11,9,72,0,34,41,59,84,31,58,87
12466,,69,1991,0,Shannon,Baker,0,0,0,0,Florida State,84,,0,23,69,185,WR,0,0,0,0,0,0,0,0,0,0,0,0,0,0,0,0,None,,,,,a,0117.png,,darkbrown_3054.png,40,67,1,70,66,48,1,16,19,28,1,1,77,0,1,1,1,59,35,1,1,1,1,1,1,1,1,1,1,1,46,66,98,60,90,95,85,0,32,47,52,77,42,48,75
3155,,67,1991,0,Gordon,Banks,0,0,0,0,Stanford,87,,0,27,70,175,WR,0,0,0,0,0,0,0,0,0,0,0,0,0,0,0,0,None,,,,,b,10071.png,,bald_3041.png,35,63,1,69,71,44,1,11,12,15,1,1,74,0,0,0,0,47,28,0,0,0,0,0,0,0,0,0,0,0,1,67,64,25,76,85,74,0,46,30,47,96,35,42,75
12800,1461,69,1991,0,Johnnie,Barnes,0,0,0,0,Hampton,0,,0,24,73,185,WR,0,0,0,0,0,0,0,0,0,0,0,0,0,0,0,0,None,,,,,,,,,37,72,1,65,62,46,1,3,23,27,1,1,66,0,0,0,0,92,2,0,0,0,0,0,0,0,0,0,0,0,31,91,99,61,66,78,89,0,44,50,52,81,32,68,93
2174,,69,1991,1985,Malcom,Barnwell,0,26,18,1985,Virginia Union,84,,6,33,71,184,WR,0,0,0,0,0,0,0,0,0,0,0,0,0,0,0,0,None,OFRedFlags,,,,a,0150.png,,blonde_3039.png,38,70,1,61,66,54,1,4,14,13,1,1,85,0,1,1,1,86,5,1,1,1,1,1,1,1,1,1,1,1,16,59,47,49,7,18,78,0,49,50,53,83,48,65,67
6200,,66,1991,0,Reggie,Barrett,0,0,0,0,Texas-El Paso,85,,2,24,75,214,WR,0,0,0,0,0,0,0,0,0,0,0,0,0,0,0,0,None,,,,,a,0134.png,,blonde_3035.png,34,69,1,69,62,42,1,1,18,23,1,1,68,0,1,1,1,45,1,1,1,1,1,1,1,1,1,1,1,1,6,34,47,22,15,13,78,0,41,38,30,85,36,59,72
5414,,81,1991,1987,Hank,Baskett,6,7,16,1987,New Mexico,16,,4,28,74,220,WR,250000,1,250000,0,0,0,0,0,0,0,0,0,0,0,0,0,None,,,,,b,0022.png,default-jersey-01.png,black_3079.png,35,81,1,77,83,59,1,7,25,24,1,1,67,0,1,1,1,85,7,1,1,1,1,1,1,1,1,1,1,1,54,57,38,64,55,64,89,0,44,35,50,91,41,45,56
2732,,67,1991,1985,Jesse,Bendross,0,53,10,1985,Alabama,86,,3,26,72,196,WR,0,0,0,0,0,0,0,0,0,0,0,0,0,0,0,0,None,,,,,b,0035.png,,blonde_3010.png,18,71,1,62,69,54,1,4,19,10,1,1,65,0,1,1,1,83,1,1,1,1,1,1,1,1,1,1,1,1,35,32,45,57,53,63,95,0,31,36,43,87,43,47,38
5492,,62,1991,0,Taye,Biddle,0,0,0,0,Mississippi,88,,1,24,74,185,WR,0,0,0,0,0,0,0,0,0,0,0,0,0,0,0,0,None,,,,,b,0081.png,,black_3047.png,27,59,1,62,72,49,1,6,15,25,1,1,64,0,1,1,1,35,5,1,1,1,1,1,1,1,1,1,1,1,42,88,81,37,82,94,93,0,34,32,43,100,35,33,94
12934,2476,67,1991,0,Eric,Blount,0,0,0,0,North Carolina,0,,0,22,69,192,WR,0,0,0,0,0,0,0,0,0,0,0,0,0,0,0,0,None,,,,,,,,,27,66,1,74,67,52,1,4,13,19,1,1,64,0,0,0,0,33,4,0,0,0,0,0,0,0,0,0,0,0,11,66,60,14,6,1,74,0,38,35,36,95,50,51,75
7159,,89,1991,1988,Dwayne,Bowe,13,2,3,1988,LSU,87,,3,25,74,221,WR,3050000,6,3050000,3050000,3050000,3050000,3050000,3050000,0,0,0,0,0,0,0,0,None,SlotReceiver,,,,b,10091.png,,bald_3032.png,44,85,1,87,86,68,1,19,28,34,1,1,78,0,1,1,1,100,20,1,1,1,1,1,1,1,1,1,1,1,64,61,69,41,73,82,99,0,42,47,68,97,36,69,9
2366,,82,1991,1985,Mark,Boyer,10,23,8,1985,USC,83,,6,29,76,233,WR,1250000,2,1250000,1250000,0,0,0,0,0,0,0,0,0,0,0,0,None,Perceptive,,,,b,0072.png,default-jersey-01.png,bald_3041.png,49,74,1,74,86,62,1,14,20,34,1,1,82,0,1,1,1,95,14,1,1,1,1,1,1,1,1,1,1,1,87,90,99,93,94,77,82,0,43,50,42,95,35,47,86
9715,,79,1991,0,Corey,Bradford,18,0,0,0,Jackson State,89,,1,24,73,201,WR,250000,1,250000,0,0,0,0,0,0,0,0,0,0,0,0,0,None,,,,,a,10586.png,default-jersey-01.png,lightbrown_3002.png,43,73,1,83,73,60,1,21,28,21,1,1,96,0,1,1,1,64,29,1,1,1,1,1,1,1,1,1,1,1,58,88,83,35,74,68,98,0,36,36,54,94,31,39,91
12461,,70,1991,0,Chris,Brantley,0,0,0,0,Rutgers,88,,0,24,70,180,WR,0,0,0,0,0,0,0,0,0,0,0,0,0,0,0,0,None,,,,,b,10087.png,,bald_3030.png,30,67,1,74,65,54,1,7,23,17,1,1,65,0,1,1,1,59,35,1,1,1,1,1,1,1,1,1,1,1,84,67,93,88,60,60,100,0,30,30,51,86,35,34,79
7368,,74,1991,1988,Steve,Breaston,0,6,4,1988,Michigan,82,,3,26,73,175,WR,0,0,0,0,0,0,0,0,0,0,0,0,0,0,0,0,None,,,,,a,0119.png,default-jersey-01.png,lightbrown_3046.png,36,74,1,81,69,52,1,12,20,25,1,1,87,0,1,1,1,47,11,1,1,1,1,1,1,1,1,1,1,1,25,63,60,6,69,98,70,0,50,48,67,95,47,55,1
9761,,66,1991,0,Jessie,Britt,0,0,0,0,North Carolina A&T,80,,1,24,76,198,WR,0,0,0,0,0,0,0,0,0,0,0,0,0,0,0,0,None,,,,,b,10087.png,,black_3058.png,21,59,1,73,66,50,1,13,18,24,1,1,73,0,1,1,1,51,35,1,1,1,1,1,1,1,1,1,1,1,54,69,68,61,58,67,92,0,30,49,46,97,38,32,71
9713,,79,1991,1990,Bill,Brooks,19,7,10,1990,Boston University,80,,1,23,72,188,WR,250000,1,250000,0,0,0,0,0,0,0,0,0,0,0,0,0,None,,,,,b,10092.png,default-jersey-01.png,bald_3024.png,40,73,1,77,88,50,1,27,26,31,1,1,74,0,1,1,1,60,27,1,1,1,1,1,1,1,1,1,1,1,15,69,52,5,38,20,78,0,36,40,51,89,38,44,49
12846,3288,77,1991,0,Robert,Brooks,0,0,0,0,South Carolina,0,,0,22,72,177,WR,0,0,0,0,0,0,0,0,0,0,0,0,0,0,0,0,None,,,,,,,,,45,70,1,71,80,64,1,15,17,32,1,1,79,0,0,0,0,80,24,0,0,0,0,0,0,0,0,0,0,0,24,46,57,12,17,14,90,0,31,45,36,75,34,70,81
1943,,91,1991,1985,Eddie,Brown,10,5,1,1985,Miami (FL),88,,6,29,72,185,WR,14150000,2,14150000,14150000,0,0,0,0,0,0,0,0,0,0,0,0,None,,,,,a,10579.png,,black_3038.png,55,76,2,92,85,71,1,35,27,24,1,1,87,0,1,1,1,100,22,1,1,1,1,1,1,1,1,1,1,1,33,60,90,55,79,93,85,0,43,41,59,79,38,52,93
12444,,90,1991,1991,Isaac,Bruce,4,1,7,1991,Memphis,80,,0,22,72,188,WR,2500000,4,2500000,2500000,2500000,2500000,0,0,0,0,0,0,0,0,0,0,None,PossessionWR,,,,b,0024.png,default-jersey-01.png,blonde_3010.png,43,91,1,85,93,64,4,28,40,29,1,1,95,0,1,1,1,76,34,1,1,1,1,1,1,1,1,1,1,1,62,83,76,75,67,100,93,0,35,37,67,81,41,43,58
2237,,88,1991,1985,Chris,Burkett,20,12,12,1985,Jackson State,85,,6,29,76,205,WR,2200000,2,2200000,2000000,0,0,0,0,0,0,0,0,0,0,0,0,None,None|FanFavorite,,,,b,10051.png,default-jersey-01.png,bald_3042.png,36,82,1,86,87,69,1,10,33,18,1,1,86,0,1,1,1,100,11,1,1,1,1,1,1,1,1,1,1,1,37,60,63,5,22,1,87,0,41,47,30,79,33,56,40
2235,,66,1991,1985,Jerry,Butler,0,14,17,1985,Clemson,84,,6,34,72,178,WR,0,0,0,0,0,0,0,0,0,0,0,0,0,0,0,0,None,,,,,a,10573.png,,blonde_3029.png,28,57,1,62,79,60,1,4,16,27,1,1,67,0,1,1,1,55,23,1,1,1,1,1,1,1,1,1,1,1,67,68,73,45,70,66,72,0,50,35,38,80,38,55,100
5632,,79,1991,1987,Greg,Camarillo,0,4,8,1987,Stanford,86,,4,28,73,190,WR,0,0,0,0,0,0,0,0,0,0,0,0,0,0,0,0,None,,,,,a,0115.png,default-jersey-01.png,darkbrown_3074.png,22,79,1,79,75,62,1,1,22,28,1,1,80,0,1,1,1,98,1,1,1,1,1,1,1,1,1,1,1,1,56,96,79,44,94,86,97,0,37,44,55,81,43,60,21
2299,,58,1991,1985,Carlos,Carson,0,33,11,1985,LSU,87,,6,33,71,180,WR,0,0,0,0,0,0,0,0,0,0,0,0,0,0,0,0,None,,,,,b,0092.png,,black_3086.png,10,67,1,48,63,45,1,1,14,35,1,1,76,0,1,1,1,86,12,1,1,1,1,1,1,1,1,1,1,1,99,30,51,100,38,61,85,0,30,33,52,73,48,52,49
1959,,91,1991,1985,Anthony,Carter,12,4,16,1985,Michigan,19,,6,31,71,168,WR,7000000,1,7000000,0,0,0,0,0,0,0,0,0,0,0,0,0,None,,,,,b,0078.png,default-jersey-01.png,blonde_3008.png,44,82,1,88,96,56,1,14,39,38,1,1,91,0,1,1,1,100,1,1,1,1,1,1,1,1,1,1,1,1,32,35,43,40,32,38,85,0,49,33,41,75,39,61,100
2487,,64,1991,1985,Gerald,Carter,0,40,11,1985,Texas A&M,87,,4,32,73,190,WR,0,0,0,0,0,0,0,0,0,0,0,0,0,0,0,0,None,,,,,a,10551.png,,lightbrown_3006.png,41,61,1,66,54,41,1,6,9,20,1,1,70,0,1,1,1,77,7,1,1,1,1,1,1,1,1,1,1,1,33,84,72,11,73,84,78,0,37,39,33,84,31,41,22
2122,,79,1991,1985,Jeff,Chadwick,1,13,15,1985,Grand Valley State,16,,6,31,75,190,WR,1600000,2,1600000,1600000,0,0,0,0,0,0,0,0,0,0,0,0,None,,,,,a,10594.png,default-jersey-01.png,blonde_3035.png,36,68,1,75,82,61,1,17,31,32,1,1,81,0,1,1,1,99,1,1,1,1,1,1,1,1,1,1,1,1,51,44,38,73,38,43,76,0,40,44,36,88,39,51,19
1998,,79,1991,1985,Wes,Chandler,0,11,16,1985,Florida,86,,5,34,72,196,WR,0,0,0,0,0,0,0,0,0,0,0,0,0,0,0,0,None,,,,,b,0099.png,,black_3069.png,25,89,1,68,77,72,5,20,24,40,1,1,73,0,1,1,1,92,26,1,1,1,1,1,1,1,1,1,1,1,82,34,60,69,58,50,89,0,46,43,62,95,49,39,1
12801,5176,73,1991,0,Robert,Claiborne,0,0,0,0,San Diego State,0,,0,25,70,175,WR,0,0,0,0,0,0,0,0,0,0,0,0,0,0,0,0,None,,,,,,,,,36,66,1,70,72,53,1,9,25,20,1,1,74,0,0,0,0,97,9,0,0,0,0,0,0,0,0,0,0,0,83,60,100,96,64,82,86,0,41,31,56,70,40,69,76
5643,,60,1991,0,Brian,Clark,0,0,0,0,North Carolina State,89,,1,24,74,204,WR,0,0,0,0,0,0,0,0,0,0,0,0,0,0,0,0,None,ReturnSpecialist,,,,b,0059.png,,black_3035.png,26,58,1,65,65,40,1,1,14,22,1,1,74,0,1,1,1,23,14,1,1,1,1,1,1,1,1,1,1,1,50,60,100,46,84,96,79,0,33,41,46,98,41,62,74
2061,,73,1991,1985,Dwight,Clark,0,12,9,1985,Clemson,80,,6,34,76,212,WR,0,0,0,0,0,0,0,0,0,0,0,0,0,0,0,0,None,,,,,a,10584.png,default-jersey-01.png,black_3037.png,29,63,1,65,81,65,1,10,16,24,1,1,81,0,1,1,1,93,7,1,1,1,1,1,1,1,1,1,1,1,50,35,58,62,37,50,86,0,30,32,70,77,35,56,80
1827,,95,1991,1985,Gary,Clark,16,1,14,1985,James Madison,84,,6,29,69,173,WR,14350000,1,14350000,0,0,0,0,0,0,0,0,0,0,0,0,0,None,DeepThreat|Legend,,,,b,0086.png,,bald_3040.png,56,92,1,92,93,60,8,22,33,42,1,1,94,0,1,1,1,100,26,1,1,1,1,1,1,1,1,1,1,1,16,78,82,24,79,65,82,0,35,49,58,96,46,44,100
1983,,88,1991,1985,Mark,Clayton,18,7,18,1985,Louisville,17,,6,30,69,177,WR,9250000,3,9250000,9250000,9250000,0,0,0,0,0,0,0,0,0,0,0,None,MrIrellevant,,,,a,10560.png,default-jersey-01.png,lightbrown_3082.png,50,91,1,79,85,64,1,8,23,41,1,1,91,0,1,1,1,100,1,1,1,1,1,1,1,1,1,1,1,1,62,68,80,48,72,90,82,0,39,48,32,70,50,65,86
12474,,67,1991,0,Andre,Coleman,0,0,0,0,Kansas State,89,,0,22,69,165,WR,0,0,0,0,0,0,0,0,0,0,0,0,0,0,0,0,None,,,,,b,10089.png,,black_3015.png,29,63,1,72,64,42,1,9,13,16,1,1,67,0,1,1,1,59,35,1,1,1,1,1,1,1,1,1,1,1,67,90,70,33,67,94,78,0,40,40,60,83,32,33,80
1966,,83,1991,1985,Cris,Collinsworth,7,8,15,1985,Florida,14,,6,32,77,192,WR,800000,1,800000,0,0,0,0,0,0,0,0,0,0,0,0,0,None,Diva,,,,a,10557.png,default-jersey-01.png,lightbrown_3068.png,47,81,1,70,87,60,3,14,34,28,1,4,83,0,1,1,1,100,14,1,1,1,1,1,1,1,1,1,1,1,40,57,36,38,13,4,88,0,31,37,56,73,39,45,47
5657,,91,1991,1987,Marques,Colston,9,2,6,1987,Hofstra,83,,4,27,76,225,WR,14450000,1,14450000,0,0,0,0,0,0,0,0,0,0,0,0,0,None,ReturnSpecialist,,,,b,10052.png,,darkbrown_3021.png,51,74,2,90,92,70,1,29,36,42,1,4,84,0,1,1,1,100,12,1,1,1,1,1,1,1,1,1,1,1,22,95,79,27,88,98,84,0,32,33,46,74,41,67,88
9731,,80,1991,1990,Germane,Crowell,19,6,6,1990,Virginia,84,,1,23,75,213,WR,250000,1,250000,0,0,0,0,0,0,0,0,0,0,0,0,0,None,,,,,b,0039.png,default-jersey-01.png,bald_3026.png,35,76,1,83,80,58,1,11,21,20,1,1,73,0,1,1,1,63,29,1,1,1,1,1,1,1,1,1,1,1,67,62,65,78,72,81,82,0,44,45,47,87,40,59,22
12884,6467,69,1991,0,Willie,Culpepper,0,0,0,0,La-Lafayette,0,,0,25,71,155,WR,0,0,0,0,0,0,0,0,0,0,0,0,0,0,0,0,None,,,,,,,,,32,75,1,70,72,54,1,6,9,20,1,1,73,0,0,0,0,33,13,0,0,0,0,0,0,0,0,0,0,0,69,59,66,73,30,48,86,0,34,48,66,90,43,53,74
6210,,65,1991,0,David,Daniels,0,0,0,0,Penn State,85,,1,23,73,190,WR,0,0,0,0,0,0,0,0,0,0,0,0,0,0,0,0,None,,,,,a,10550.png,,lightbrown_3101.png,27,61,1,69,63,54,1,11,16,22,1,1,74,0,1,1,1,55,2,1,1,1,1,1,1,1,1,1,1,1,71,63,64,40,62,88,96,0,36,35,48,80,38,53,98
12748,6757,68,1991,0,Charles,Davenport,0,0,0,0,North Carolina State,0,,0,24,75,210,WR,0,0,0,0,0,0,0,0,0,0,0,0,0,0,0,0,None,,,,,,,,,25,69,1,65,63,43,1,12,21,16,1,1,67,0,0,0,0,96,14,0,0,0,0,0,0,0,0,0,0,0,43,34,40,37,50,53,72,0,33,32,54,100,39,44,98
7103,,70,1991,1988,Chris,Davis,0,7,10,1988,Florida State,82,,3,25,70,181,WR,0,0,0,0,0,0,0,0,0,0,0,0,0,0,0,0,None,,,,,a,0127.png,,lightbrown_3006.png,24,60,1,76,68,44,1,10,9,17,1,1,76,0,1,1,1,87,26,1,1,1,1,1,1,1,1,1,1,1,31,82,63,41,73,87,92,0,46,30,49,78,46,46,69
6095,,85,1991,0,Willie,Davis,17,0,0,0,Central Arkansas,82,,4,28,72,180,WR,2600000,2,2600000,2600000,0,0,0,0,0,0,0,0,0,0,0,0,None,,,,,a,10573.png,,black_3052.png,29,82,1,83,88,68,1,13,21,33,1,1,82,0,1,1,1,96,17,1,1,1,1,1,1,1,1,1,1,1,24,42,68,18,37,30,73,0,44,49,43,74,36,60,1
12480,,64,1991,0,Lake,Dawson,0,0,0,0,Notre Dame,86,,0,22,73,204,WR,0,0,0,0,0,0,0,0,0,0,0,0,0,0,0,0,None,,,,,a,0102.png,,black_3059.png,30,59,1,61,72,46,1,3,11,19,1,1,67,0,1,1,1,58,35,1,1,1,1,1,1,1,1,1,1,1,81,79,75,97,93,82,84,0,33,32,55,91,43,31,76
2501,,61,1991,1985,Preston,Dennard,0,41,13,1985,New Mexico,82,,4,34,73,185,WR,0,0,0,0,0,0,0,0,0,0,0,0,0,0,0,0,None,,,,,a,10596.png,,lightbrown_3081.png,17,52,1,66,65,39,1,1,1,29,1,1,64,0,1,1,1,73,23,1,1,1,1,1,1,1,1,1,1,1,55,56,52,69,67,35,82,0,50,45,54,81,30,59,64
12749,7372,67,1991,0,Mark,Didio,0,0,0,0,Connecticut,0,,0,23,71,181,WR,0,0,0,0,0,0,0,0,0,0,0,0,0,0,0,0,None,,,,,,,,,24,71,1,75,65,49,1,17,10,18,1,1,64,0,0,0,0,32,12,0,0,0,0,0,0,0,0,0,0,0,69,32,68,65,37,66,76,0,40,42,45,73,43,41,87
9740,,74,1991,0,Floyd,Dixon,0,0,0,0,Stephen F. Austin,85,,1,23,69,170,WR,0,0,0,0,0,0,0,0,0,0,0,0,0,0,0,0,None,,,,,b,0058.png,default-jersey-01.png,black_3016.png,24,77,1,75,78,44,1,2,20,30,1,1,70,0,1,1,1,66,27,1,1,1,1,1,1,1,1,1,1,1,17,51,55,3,6,29,88,0,48,30,32,83,36,66,55
8646,,79,1991,1989,Jahan,Dotson,9,7,9,1989,Penn State,1,,2,23,71,182,WR,950000,4,950000,950000,900000,900000,0,0,0,0,0,0,0,0,0,0,None,,,,,a,0110.png,default-jersey-01.png,blonde_3026.png,39,75,18,80,83,65,18,10,20,19,1,1,81,0,1,1,1,47,20,1,1,1,1,1,1,1,1,1,1,1,67,78,98,34,74,87,76,0,40,45,49,91,46,64,96
8647,,81,1991,1989,Romeo,Doubs,3,4,19,1989,Nevada,82,,2,23,74,204,WR,550000,1,550000,0,0,0,0,0,0,0,0,0,0,0,0,0,None,,,,,b,0074.png,,black_3066.png,38,75,1,80,78,67,1,8,16,29,5,3,82,0,1,1,1,94,14,1,1,1,1,1,1,1,1,1,1,1,65,85,85,82,84,91,95,0,50,48,65,100,34,34,61
12476,,66,1991,0,Omar,Douglas,0,0,0,0,Minnesota,88,,0,22,70,182,WR,0,0,0,0,0,0,0,0,0,0,0,0,0,0,0,0,None,,,,,b,0030.png,,black_3079.png,37,68,1,61,66,54,1,12,14,17,1,1,65,0,1,1,1,59,35,1,1,1,1,1,1,1,1,1,1,1,32,74,64,11,63,82,93,0,43,32,60,87,32,46,99
12903,7732,64,1991,0,Marcus,Dowdell,0,0,0,0,Tennessee State,0,,0,22,70,179,WR,0,0,0,0,0,0,0,0,0,0,0,0,0,0,0,0,None,,,,,,,,,29,66,1,68,68,48,1,2,13,23,1,1,80,0,0,0,0,23,14,0,0,0,0,0,0,0,0,0,0,0,37,82,63,21,78,78,100,0,30,42,49,91,37,44,84
9709,,86,1991,1990,Boyd,Dowler,11,3,5,1990,Colorado,82,,1,23,77,224,WR,750000,2,750000,750000,0,0,0,0,0,0,0,0,0,0,0,0,None,PossessionWR,,,,a,10590.png,default-jersey-01.png,red_3003.png,49,89,1,87,80,51,1,28,27,26,1,1,79,0,1,1,1,66,26,1,1,1,1,1,1,1,1,1,1,1,47,61,34,70,30,30,70,0,35,39,50,71,30,64,67
9732,,69,1991,0,Todd,Doxzon,0,0,0,0,Iowa State,89,,1,24,73,186,WR,0,0,0,0,0,0,0,0,0,0,0,0,0,0,0,0,None,,,,,b,0076.png,,black_3085.png,33,73,1,70,68,41,1,3,24,26,1,1,75,0,1,1,1,51,35,1,1,1,1,1,1,1,1,1,1,1,29,50,68,16,19,10,76,0,35,33,67,100,39,41,71
2881,,68,1991,0,Willie,Drewrey,0,0,0,0,West Virginia,87,,2,24,67,184,WR,0,0,0,0,0,0,0,0,0,0,0,0,0,0,0,0,None,ReturnSpecialist,,,,a,0119.png,,blonde_3015.png,25,71,1,73,65,39,1,4,17,26,1,1,61,0,1,1,1,60,15,1,1,1,1,1,1,1,1,1,1,1,62,70,41,60,38,43,95,0,48,31,63,72,30,44,86
2589,,64,1991,1985,Kenny,Duckett,0,44,1,1985,Wake Forest,80,,4,30,72,184,WR,0,0,0,0,0,0,0,0,0,0,0,0,0,0,0,0,None,,,,,a,0149.png,,blonde_3040.png,26,70,1,59,69,39,1,5,17,12,1,1,71,0,1,1,1,57,23,1,1,1,1,1,1,1,1,1,1,1,29,53,50,26,30,20,100,0,48,32,42,90,37,55,10
2503,,63,1991,1985,Bobby,Duckworth,0,41,10,1985,Arkansas,82,,5,32,75,198,WR,0,0,0,0,0,0,0,0,0,0,0,0,0,0,0,0,None,ReturnSpecialist,,,,a,10583.png,,black_3025.png,21,67,1,67,54,44,1,8,1,7,1,1,56,0,1,1,1,71,10,1,1,1,1,1,1,1,1,1,1,1,71,42,50,63,71,45,98,0,48,36,57,84,32,55,83
2106,,75,1991,1985,Mark,Duper,0,9,18,1985,Northwest State (LA),83,,6,32,69,185,WR,0,0,0,0,0,0,0,0,0,0,0,0,0,0,0,0,None,FanFavorite,,,,a,0143.png,,lightbrown_3010.png,23,59,1,76,81,61,1,8,9,28,1,1,88,0,1,1,1,94,19,1,1,1,1,1,1,1,1,1,1,1,46,69,35,38,48,45,94,0,46,30,43,74,48,59,2
9741,,78,1991,1990,Tim,Dwight,14,6,10,1990,Iowa,81,,1,24,68,180,WR,250000,1,250000,0,0,0,0,0,0,0,0,0,0,0,0,0,None,,,,,c,0240.png,default-jersey-01.png,red_3001.png,30,76,1,85,77,57,1,11,21,25,1,1,69,0,1,1,1,58,26,1,1,1,1,1,1,1,1,1,1,1,42,58,67,32,61,58,75,0,47,46,60,72,33,63,13
9781,,78,1991,1990,Kevin,Dyson,4,7,7,1990,Utah,89,,1,24,73,208,WR,250000,1,250000,0,0,0,0,0,0,0,0,0,0,0,0,0,None,,,,,a,0136.png,default-jersey-01.png,darkbrown_3044.png,28,72,1,86,78,58,1,7,14,21,1,1,75,0,1,1,1,62,26,1,1,1,1,1,1,1,1,1,1,1,70,74,86,77,72,90,82,0,30,37,68,93,35,56,0
7069,,64,1991,0,Biren,Ealy,0,0,0,0,Houston,89,,1,23,75,207,WR,0,0,0,0,0,0,0,0,0,0,0,0,0,0,0,0,None,,,,,a,0142.png,,blonde_3019.png,29,71,1,69,59,56,1,6,9,28,1,1,76,0,1,1,1,25,7,1,1,1,1,1,1,1,1,1,1,1,55,89,98,31,82,81,70,0,44,31,53,98,46,36,80
9756,,67,1991,0,Kelvin,Edwards,0,0,0,0,Liberty,81,,1,23,74,202,WR,0,0,0,0,0,0,0,0,0,0,0,0,0,0,0,0,None,,,,,b,0065.png,,black_3047.png,33,62,1,72,66,49,1,1,15,18,1,1,72,0,1,1,1,45,35,1,1,1,1,1,1,1,1,1,1,1,69,89,99,45,71,72,87,0,50,35,51,90,48,34,70
1822,,87,1991,1985,Henry,Ellard,2,2,6,1985,Fresno State,80,,6,30,71,180,WR,7650000,4,7650000,7650000,7650000,7650000,0,0,0,0,0,0,0,0,0,0,None,DeepThreat,,,,a,10564.png,,lightbrown_3065.png,30,89,1,78,94,60,10,27,32,38,1,1,90,0,1,1,1,100,16,1,1,1,1,1,1,1,1,1,1,1,69,75,89,69,94,77,95,0,37,44,34,71,47,69,84
12447,,76,1991,1991,Bert,Emanuel,2,4,12,1991,Rice,85,,0,24,70,180,WR,500000,3,500000,500000,500000,0,0,0,0,0,0,0,0,0,0,0,None,SlotReceiver,,,,a,0143.png,default-jersey-01.png,lightbrown_3067.png,35,79,1,78,72,50,1,8,28,29,1,1,74,0,1,1,1,61,31,1,1,1,1,1,1,1,1,1,1,1,19,96,75,5,75,62,89,0,36,46,52,95,48,39,52
12483,,58,1991,0,Joseph,Emery,0,0,0,0,Penn State,84,,0,21,73,199,WR,0,0,0,0,0,0,0,0,0,0,0,0,0,0,0,0,None,,,,,b,10086.png,,black_3035.png,22,56,1,53,65,40,1,18,16,34,1,1,79,0,1,1,1,59,35,1,1,1,1,1,1,1,1,1,1,1,10,44,64,23,26,30,93,0,36,38,32,79,45,66,73
3605,,84,1991,1986,Bobby,Engram,18,6,13,1986,Penn State,88,,5,28,70,188,WR,2200000,2,2200000,2200000,0,0,0,0,0,0,0,0,0,0,0,0,None,,,,,c,0238.png,default-jersey-01.png,bald_3013.png,47,87,1,77,78,71,1,19,18,32,1,1,77,0,1,1,1,89,14,1,1,1,1,1,1,1,1,1,1,1,58,35,38,62,59,50,84,0,35,50,35,84,35,50,31
8648,,69,1991,0,Erik,Ezukanma,0,0,0,0,N/A,18,,1,22,74,206,WR,0,0,0,0,0,0,0,0,0,0,0,0,0,0,0,0,None,,,,,b,0025.png,,black_3081.png,40,68,1,70,72,42,1,14,20,9,1,1,73,0,1,1,1,38,19,1,1,1,1,1,1,1,1,1,1,1,99,59,55,88,31,52,70,0,36,39,39,77,49,68,88
12469,,68,1991,0,Cory,Fleming,0,0,0,0,Tennessee,80,,0,23,73,216,WR,0,0,0,0,0,0,0,0,0,0,0,0,0,0,0,0,None,,,,,a,0128.png,,darkbrown_3035.png,39,75,1,65,61,57,1,17,13,18,1,1,74,0,1,1,1,59,35,1,1,1,1,1,1,1,1,1,1,1,96,78,84,70,97,96,72,0,35,40,56,95,44,41,100
12459,,70,1991,0,Malcolm,Floyd,0,0,0,0,Fresno State,85,,0,22,72,194,WR,0,0,0,0,0,0,0,0,0,0,0,0,0,0,0,0,None,,,,,b,0078.png,,black_3086.png,30,76,1,71,68,51,1,1,10,23,1,1,78,0,1,1,1,59,35,1,1,1,1,1,1,1,1,1,1,1,17,55,54,26,6,4,79,0,33,49,64,90,40,39,81
9733,,68,1991,0,Chas,Fox,0,0,0,0,Furman,82,,1,24,71,180,WR,0,0,0,0,0,0,0,0,0,0,0,0,0,0,0,0,None,,,,,a,0107.png,,blonde_3024.png,37,55,1,74,70,50,1,5,6,24,1,1,74,0,1,1,1,50,35,1,1,1,1,1,1,1,1,1,1,1,68,69,61,32,36,47,82,0,49,37,49,97,41,66,94
2029,,91,1991,1985,Irving,Fryar,8,7,8,1985,Nebraska,83,,6,29,72,200,WR,5300000,3,5300000,5300000,5300000,0,0,0,0,0,0,0,0,0,0,0,None,ConsummatePro,,,,c,0234.png,,black_3022.png,41,98,1,85,85,75,4,34,19,31,1,1,86,0,1,1,1,100,18,1,1,1,1,1,1,1,1,1,1,1,85,96,68,97,78,77,72,0,34,38,43,83,48,59,18
9716,,77,1991,0,Oronde,Gadsden,10,0,0,0,Winston-Salem State,87,,1,28,74,215,WR,250000,1,250000,0,0,0,0,0,0,0,0,0,0,0,0,0,None,,,,,b,10077.png,default-jersey-01.png,black_3076.png,33,81,1,77,79,52,1,19,15,35,1,1,71,0,1,1,1,62,28,1,1,1,1,1,1,1,1,1,1,1,1,87,74,19,85,87,89,0,32,33,61,81,38,42,78
6106,,65,1991,0,Shane,Garrett,0,0,0,0,Texas A&M,85,,4,28,71,185,WR,0,0,0,0,0,0,0,0,0,0,0,0,0,0,0,0,None,,,,,b,0100.png,,bald_3037.png,27,70,1,67,55,37,1,1,11,7,1,1,68,0,1,1,1,89,1,1,1,1,1,1,1,1,1,1,1,1,86,50,54,64,35,60,81,0,31,41,41,70,44,45,100
2033,,80,1991,1985,Willie,Gault,7,9,12,1985,Tennessee,83,,6,31,72,181,WR,4700000,2,4700000,4700000,0,0,0,0,0,0,0,0,0,0,0,0,None,,,,,a,0126.png,,red_3025.png,26,72,1,95,63,51,1,10,25,34,1,1,78,0,1,1,1,100,1,1,1,1,1,1,1,1,1,1,1,1,46,82,94,68,85,64,86,0,46,35,38,88,38,33,16
2415,,74,1991,1985,Dennis,Gentry,0,30,9,1985,Baylor,87,,6,32,68,181,WR,0,0,0,0,0,0,0,0,0,0,0,0,0,0,0,0,None,,,,,a,0102.png,default-jersey-01.png,darkbrown_3086.png,32,88,1,77,56,49,1,1,27,27,1,1,76,0,1,1,1,83,3,1,1,1,1,1,1,1,1,1,1,1,63,91,78,80,73,69,82,0,30,35,42,93,50,33,16
9726,,70,1991,0,Damon,Gibson,0,0,0,0,Iowa,80,,1,24,69,180,WR,0,0,0,0,0,0,0,0,0,0,0,0,0,0,0,0,None,,,,,a,0146.png,,darkbrown_3048.png,29,68,1,76,72,40,1,1,21,17,1,1,69,0,1,1,1,51,35,1,1,1,1,1,1,1,1,1,1,1,60,50,68,35,64,63,100,0,31,42,58,71,36,31,75
5716,,85,1991,1987,Kirk,Gibson,7,3,9,1987,Michigan State,23,,4,26,75,215,WR,4800000,2,4800000,4650000,0,0,0,0,0,0,0,0,0,0,0,0,None,None|FanFavorite,,,,a,10590.png,,black_3035.png,49,82,1,76,86,69,1,17,22,25,1,1,73,0,1,1,1,100,31,1,1,1,1,1,1,1,1,1,1,1,65,50,82,52,74,52,80,0,37,35,45,93,44,57,57
7377,,85,1991,1988,Ted,Ginn Jr.,15,1,16,1988,Ohio State,81,,3,24,71,178,WR,1750000,1,1750000,0,0,0,0,0,0,0,0,0,0,0,0,0,None,ReturnSpecialist,,,,a,10594.png,,lightbrown_3043.png,40,70,1,93,82,51,1,8,19,16,1,1,74,0,1,1,1,95,18,1,1,1,1,1,1,1,1,1,1,1,75,95,69,75,84,72,92,0,37,38,51,70,30,55,48
9718,,81,1991,1990,Ernest,Givins,10,5,15,1990,Louisville,86,,1,23,69,178,WR,250000,1,250000,0,0,0,0,0,0,0,0,0,0,0,0,0,None,,,,,a,0111.png,default-jersey-01.png,lightbrown_3072.png,40,88,1,81,73,65,1,25,34,29,1,1,71,0,1,1,1,62,30,1,1,1,1,1,1,1,1,1,1,1,69,50,49,74,31,57,77,0,46,37,46,98,48,41,55
3285,,87,1991,1986,Terry,Glenn,19,2,18,1986,Ohio State,88,,5,27,71,195,WR,2500000,2,2500000,2500000,0,0,0,0,0,0,0,0,0,0,0,0,None,Athlete|PossessionWR,,,,a,0109.png,,bald_3034.png,36,81,1,86,87,61,1,16,31,18,1,1,74,0,1,1,1,100,9,1,1,1,1,1,1,1,1,1,1,1,54,100,61,55,70,90,86,0,50,34,62,84,34,42,15
2790,,70,1991,1985,Leon,Gonzalez,0,55,4,1985,Bethune-Cookman,81,,1,23,70,162,WR,0,0,0,0,0,0,0,0,0,0,0,0,0,0,0,0,None,,,,,b,0028.png,,bald_3021.png,31,66,1,63,71,56,1,18,20,29,1,1,82,0,1,1,1,96,13,1,1,1,1,1,1,1,1,1,1,1,39,43,44,2,36,15,74,0,46,46,34,89,31,70,93
5985,,87,1991,0,Jeff,Graham,7,0,0,0,Ohio State,84,,4,26,74,200,WR,8000000,1,8000000,0,0,0,0,0,0,0,0,0,0,0,0,0,None,DeepThreat|ConsummatePro,,,,a,10565.png,default-jersey-01.png,blonde_3017.png,46,78,1,91,75,71,1,16,24,21,1,1,92,0,1,1,1,96,9,1,1,1,1,1,1,1,1,1,1,1,72,69,52,71,40,56,87,0,47,43,46,91,45,51,55
12778,10672,70,1991,0,John,Granby,0,0,0,0,Virginia Tech,0,,0,24,73,200,WR,0,0,0,0,0,0,0,0,0,0,0,0,0,0,0,0,None,,,,,,,,,37,63,1,77,69,51,1,16,12,15,1,1,78,0,0,0,0,36,16,0,0,0,0,0,0,0,0,0,0,0,62,97,78,56,99,97,78,0,50,44,57,71,49,64,71
8649,,80,1991,0,Danny,Gray,9,0,0,0,N/A,6,,2,24,72,200,WR,250000,1,250000,0,0,0,0,0,0,0,0,0,0,0,0,0,None,,,,,b,10081.png,default-jersey-01.png,lightbrown_3003.png,30,79,1,85,74,44,1,7,14,14,1,1,72,0,1,1,1,95,14,1,1,1,1,1,1,1,1,1,1,1,33,78,70,69,67,92,80,0,60,44,56,100,62,50,100
2587,,61,1991,1985,Earnest,Gray,0,44,10,1985,Memphis,87,,5,33,75,195,WR,0,0,0,0,0,0,0,0,0,0,0,0,0,0,0,0,None,,,,,c,0228.png,,black_3040.png,12,66,1,61,63,48,1,7,9,11,1,1,68,0,1,1,1,60,11,1,1,1,1,1,1,1,1,1,1,1,38,97,74,40,83,85,91,0,47,44,65,93,50,36,44
9758,,66,1991,0,E.G.,Green,0,0,0,0,Florida State,85,,1,24,71,188,WR,0,0,0,0,0,0,0,0,0,0,0,0,0,0,0,0,None,,,,,a,10550.png,,blonde_3026.png,23,61,1,71,70,43,1,15,19,27,1,1,78,0,1,1,1,53,35,1,1,1,1,1,1,1,1,1,1,1,64,50,60,73,34,32,99,0,44,38,45,72,47,44,86
1900,,79,1991,1985,Roy,Green,3,5,17,1985,Henderson State,88,,6,34,72,195,WR,250000,2,250000,250000,0,0,0,0,0,0,0,0,0,0,0,0,None,WorkoutFanatic,,,,b,10058.png,default-jersey-01.png,black_3051.png,39,64,1,70,89,67,1,15,29,39,1,2,81,0,1,1,1,100,19,1,1,1,1,1,1,1,1,1,1,1,54,71,90,49,79,93,99,0,42,35,60,98,38,52,79
5337,,66,1991,0,Skyler,Green,0,0,0,0,LSU,86,,1,23,69,195,WR,0,0,0,0,0,0,0,0,0,0,0,0,0,0,0,0,None,,,,,b,0056.png,,darkbrown_3021.png,31,64,1,71,67,44,1,12,13,21,1,1,64,0,1,1,1,38,9,1,1,1,1,1,1,1,1,1,1,1,62,41,53,68,36,61,83,0,43,38,52,94,36,53,84
3297,,64,1991,0,Terry,Guess,0,0,0,0,Gardner-Webb,85,,5,27,72,200,WR,0,0,0,0,0,0,0,0,0,0,0,0,0,0,0,0,None,Perceptive,,,,a,10551.png,,blonde_3057.png,29,57,1,63,59,51,1,10,21,12,1,1,71,0,1,1,1,90,1,1,1,1,1,1,1,1,1,1,1,1,27,75,61,17,77,76,77,0,32,35,63,71,34,34,98
9719,,82,1991,1990,Az-Zahir,Hakim,13,3,16,1990,San Diego State,84,,1,22,70,189,WR,750000,2,750000,750000,0,0,0,0,0,0,0,0,0,0,0,0,None,Athlete,,,,a,0103.png,default-jersey-01.png,red_3035.png,35,89,1,88,72,58,1,11,26,33,1,1,77,0,1,1,1,60,28,1,1,1,1,1,1,1,1,1,1,1,70,73,94,82,89,63,98,0,38,41,44,87,41,35,45
7349,,64,1991,0,Roy,Hall,0,0,0,0,Ohio State,82,,1,24,74,229,WR,0,0,0,0,0,0,0,0,0,0,0,0,0,0,0,0,None,,,,,a,0113.png,,darkbrown_3009.png,32,73,1,62,65,56,1,1,18,19,1,1,63,0,1,1,1,28,13,1,1,1,1,1,1,1,1,1,1,1,28,52,58,10,7,22,99,0,46,38,62,73,39,51,84
2369,,71,1991,1985,Anthony,Hancock,0,35,9,1985,Tennessee,83,,6,31,72,200,WR,0,0,0,0,0,0,0,0,0,0,0,0,0,0,0,0,None,,,,,b,0099.png,default-jersey-01.png,bald_3022.png,35,75,1,71,63,51,1,9,16,16,1,1,72,0,1,1,1,78,11,1,1,1,1,1,1,1,1,1,1,1,28,66,68,14,61,93,82,0,34,50,30,78,44,52,21
12790,11709,72,1991,0,Tony,Hargain,0,0,0,0,Oregon,0,,0,25,72,194,WR,0,0,0,0,0,0,0,0,0,0,0,0,0,0,0,0,None,,,,,,,,,36,66,1,77,76,46,1,16,23,26,1,1,68,0,0,0,0,38,15,0,0,0,0,0,0,0,0,0,0,0,65,46,54,32,44,47,91,0,46,45,41,86,35,51,77
6065,,84,1991,0,Alvin,Harper,8,0,0,0,Tennessee,82,,4,27,75,210,WR,3250000,2,3250000,3250000,0,0,0,0,0,0,0,0,0,0,0,0,None,SlotReceiver,,,,b,0037.png,,lightbrown_3002.png,43,85,1,90,77,61,1,15,16,30,1,1,81,0,1,1,1,63,16,1,1,1,1,1,1,1,1,1,1,1,43,87,64,67,98,87,100,0,37,43,44,85,35,69,21
3313,,97,1991,1986,Marvin,Harrison,7,1,2,1986,Syracuse,88,,5,29,72,175,WR,14550000,3,14550000,14550000,14550000,0,0,0,0,0,0,0,0,0,0,0,None,PossessionWR,,,,b,10085.png,default-jersey-01.png,black_3093.png,48,91,1,92,95,79,1,33,40,40,1,1,92,0,1,1,1,100,21,1,1,1,1,1,1,1,1,1,1,1,36,85,67,37,92,89,92,0,37,38,40,77,32,49,72
9786,,64,1991,0,Emile,Harry,0,0,0,0,Stanford,83,,1,24,71,175,WR,0,0,0,0,0,0,0,0,0,0,0,0,0,0,0,0,None,,,,,b,10092.png,,black_3094.png,24,65,1,60,74,49,1,7,22,18,1,1,70,0,1,1,1,49,35,1,1,1,1,1,1,1,1,1,1,1,100,68,70,81,99,85,91,0,36,30,32,73,33,36,78
7308,,71,1991,1988,Mike,Hass,0,6,2,1988,Oregon State,83,,3,26,73,210,WR,0,0,0,0,0,0,0,0,0,0,0,0,0,0,0,0,None,,,,,a,0123.png,,red_3031.png,26,59,1,76,71,42,1,2,5,25,1,1,71,0,1,1,1,90,22,1,1,1,1,1,1,1,1,1,1,1,38,71,97,67,92,74,84,0,46,30,58,93,35,46,24
12885,12167,71,1991,0,Courtney,Hawkins,0,0,0,0,Michigan State,0,,0,23,69,183,WR,0,0,0,0,0,0,0,0,0,0,0,0,0,0,0,0,None,,,,,,,,,45,71,1,67,69,61,1,15,22,26,1,1,76,0,0,0,0,54,14,0,0,0,0,0,0,0,0,0,0,0,54,38,69,54,48,60,70,0,41,38,31,90,32,41,86
12467,,69,1991,0,Steve,Hawkins,0,0,0,0,Tennessee State,87,,0,23,77,210,WR,0,0,0,0,0,0,0,0,0,0,0,0,0,0,0,0,None,,,,,b,0091.png,,black_3001.png,27,64,1,74,66,52,1,1,22,25,1,1,77,0,1,1,1,59,35,1,1,1,1,1,1,1,1,1,1,1,15,74,69,18,80,77,82,0,33,30,60,88,44,66,70
2164,,77,1991,1985,Greg,Hawthorne,0,24,14,1985,Baylor,81,,4,33,74,228,WR,0,0,0,0,0,0,0,0,0,0,0,0,0,0,0,0,None,,,,,b,0082.png,,black_3073.png,34,68,1,74,81,55,1,20,8,24,1,1,75,0,1,1,1,99,19,1,1,1,1,1,1,1,1,1,1,1,74,72,63,68,61,85,93,0,36,33,35,79,42,50,9
9765,,64,1991,0,Donald,Hayes,0,0,0,0,Wisconsin,81,,1,24,76,220,WR,0,0,0,0,0,0,0,0,0,0,0,0,0,0,0,0,None,,,,,a,10558.png,,lightbrown_3091.png,32,65,1,58,73,54,1,1,7,17,1,1,77,0,1,1,1,47,35,1,1,1,1,1,1,1,1,1,1,1,15,98,79,12,100,76,75,0,42,44,53,83,39,43,93
3318,,77,1991,1986,Mercury,Hayes,4,5,16,1986,Michigan,83,,5,28,71,195,WR,1300000,1,1300000,0,0,0,0,0,0,0,0,0,0,0,0,0,None,,,,,b,10092.png,default-jersey-01.png,bald_3019.png,29,75,1,83,70,44,1,6,6,24,1,1,74,0,1,1,1,95,1,1,1,1,1,1,1,1,1,1,1,1,62,79,93,66,92,92,81,0,35,31,44,72,39,35,0
5356,,94,1991,1987,Devin,Hester,13,1,9,1987,Miami (FL),86,,4,28,70,185,WR,15000000,3,15000000,15000000,15000000,0,0,0,0,0,0,0,0,0,0,0,None,,,,,b,10062.png,default-jersey-01.png,black_3042.png,47,94,8,96,77,77,1,25,35,38,6,1,90,0,1,27,1,100,28,1,1,1,1,1,1,1,1,11,1,1,40,32,45,68,52,41,94,0,42,47,44,72,38,33,67
2433,,63,1991,1985,Jessie,Hester,0,35,12,1985,Florida State,84,,5,27,71,175,WR,0,0,0,0,0,0,0,0,0,0,0,0,0,0,0,0,None,,,,,b,0059.png,,black_3074.png,28,66,1,61,73,53,1,1,14,19,1,1,70,0,1,1,1,21,8,1,1,1,1,1,1,1,1,1,1,1,50,65,48,39,62,58,87,0,42,30,39,76,39,51,92
1899,,82,1991,1985,Drew,Hill,0,7,5,1985,Georgia Tech,85,,4,33,69,170,WR,0,0,0,0,0,0,0,0,0,0,0,0,0,0,0,0,None,SlotReceiver,,,,a,0103.png,,black_3022.png,28,80,1,74,88,70,1,22,9,43,1,1,86,0,1,1,1,95,36,1,1,1,1,1,1,1,1,1,1,1,56,64,47,65,40,42,86,0,49,39,35,98,48,46,1
12451,,74,1991,1991,Jeff,Hill,19,6,4,1991,Purdue,87,,0,22,71,178,WR,250000,2,250000,250000,0,0,0,0,0,0,0,0,0,0,0,0,None,,,,,b,0013.png,,black_3049.png,30,77,1,76,75,46,1,13,17,18,1,1,69,0,1,1,1,62,31,1,1,1,1,1,1,1,1,1,1,1,62,82,86,97,68,95,91,0,44,42,47,98,44,66,79
12935,12763,78,1991,0,Randal,Hill,0,0,0,0,Miami (FL),0,,0,23,70,180,WR,0,0,0,0,0,0,0,0,0,0,0,0,0,0,0,0,None,,,,,,,,,44,83,1,72,68,63,1,9,21,18,1,1,68,0,0,0,0,92,28,0,0,0,0,0,0,0,0,0,0,0,34,77,66,36,79,90,87,0,40,33,67,82,45,36,71
1928,,80,1991,1985,Tony,Hill,14,10,3,1985,Stanford,85,,6,35,74,199,WR,3500000,1,3500000,0,0,0,0,0,0,0,0,0,0,0,0,0,None,,,,,c,0231.png,default-jersey-01.png,black_3004.png,42,70,1,77,78,55,1,15,27,44,4,4,85,0,1,1,1,100,11,1,1,1,1,1,1,1,1,1,1,1,59,62,91,69,89,88,99,0,43,39,67,91,45,54,21
5360,,87,1991,1987,Santonio,Holmes,1,4,3,1987,Ohio State,86,,4,26,70,185,WR,14730000,2,14730000,14730000,0,0,0,0,0,0,0,0,0,0,0,0,None,SlotReceiver,,,,b,0016.png,default-jersey-01.png,black_3075.png,33,96,1,80,79,75,1,34,27,28,1,1,94,0,1,1,1,100,14,1,1,1,1,1,1,1,1,1,1,1,44,70,80,63,96,67,99,0,30,44,38,78,40,53,-1
3326,,90,1991,1986,Joe,Horn,9,2,5,1986,Itawamba Junior College,88,,5,29,73,206,WR,2350000,2,2350000,2350000,0,0,0,0,0,0,0,0,0,0,0,0,None,,,,,b,0037.png,,darkbrown_3009.png,50,82,1,90,87,63,1,9,36,19,1,1,81,0,1,1,1,100,7,1,1,1,1,1,1,1,1,1,1,1,21,65,44,1,1,30,75,0,32,47,58,92,45,37,82
9778,,65,1991,0,Tony,Horne,0,0,0,0,Clemson,89,,1,23,69,173,WR,0,0,0,0,0,0,0,0,0,0,0,0,0,0,0,0,None,,,,,a,0150.png,,black_3041.png,25,72,1,65,62,58,1,12,13,22,1,1,69,0,1,1,1,49,35,1,1,1,1,1,1,1,1,1,1,1,1,63,81,15,68,84,85,0,49,42,60,97,43,60,88
12836,13280,73,1991,0,Desmond,Howard,0,0,0,0,Michigan,0,,0,22,70,185,WR,0,0,0,0,0,0,0,0,0,0,0,0,0,0,0,0,None,,,,,,,,,38,63,1,73,78,46,1,12,12,26,1,1,76,0,0,0,0,75,12,0,0,0,0,0,0,0,0,0,0,0,25,47,54,32,23,8,93,0,49,33,48,88,50,49,93
2435,,84,1991,1985,Bobby,Humphery,16,28,5,1985,New Mexico State,86,,6,30,70,178,WR,1900000,1,1900000,0,0,0,0,0,0,0,0,0,0,0,0,0,None,,,,,b,10077.png,,black_3029.png,33,84,1,86,74,67,1,7,20,21,1,1,81,0,1,1,1,97,7,1,1,1,1,1,1,1,1,1,1,1,62,61,66,86,100,75,82,0,31,42,62,78,46,32,13
2437,,71,1991,1985,Kenny,Jackson,0,36,12,1985,Penn State,81,,6,29,72,180,WR,0,0,0,0,0,0,0,0,0,0,0,0,0,0,0,0,None,ReturnSpecialist,,,,b,0091.png,,black_3003.png,28,77,1,72,64,52,1,9,10,17,1,1,68,0,1,1,1,68,1,1,1,1,1,1,1,1,1,1,1,1,48,81,65,56,81,84,92,0,44,35,54,99,44,59,50
9736,,68,1991,0,Mark,Jackson,0,0,0,0,Purdue,82,,1,24,69,180,WR,0,0,0,0,0,0,0,0,0,0,0,0,0,0,0,0,None,,,,,b,0048.png,,black_3058.png,34,69,1,69,67,48,1,16,25,15,1,1,66,0,1,1,1,49,35,1,1,1,1,1,1,1,1,1,1,1,22,88,89,40,66,76,92,0,30,41,34,91,47,70,73
6134,,84,1991,0,Michael,Jackson,4,0,0,0,Southern Miss,84,,4,26,76,195,WR,3050000,2,3050000,3050000,0,0,0,0,0,0,0,0,0,0,0,0,None,,,,,a,10564.png,,lightbrown_3013.png,34,78,1,85,82,52,1,15,21,30,1,1,86,0,1,1,1,99,17,1,1,1,1,1,1,1,1,1,1,1,60,74,93,36,83,92,81,0,31,38,39,76,41,57,-1
2110,,79,1991,1985,Lionel,James,16,21,17,1985,Auburn,37,,6,29,66,171,WR,1650000,2,1650000,1650000,0,0,0,0,0,0,0,0,0,0,0,0,None,AllPurposeRB,,,,a,0150.png,default-jersey-01.png,black_3001.png,55,80,24,79,84,51,8,23,34,23,1,1,71,0,1,66,4,20,1,1,1,1,1,1,1,1,1,1,1,1,60,35,39,67,47,40,72,0,50,48,38,70,30,61,30
7160,,62,1991,0,Dwayne,Jarrett,0,0,0,0,USC,89,,1,21,76,219,WR,0,0,0,0,0,0,0,0,0,0,0,0,0,0,0,0,None,,,,,a,0108.png,,black_3051.png,36,66,1,58,65,49,1,6,14,24,1,1,74,0,1,1,1,35,2,1,1,1,1,1,1,1,1,1,1,1,54,43,57,69,51,62,86,0,42,31,49,89,44,68,77
3338,,70,1991,1986,Patrick,Jeffers,0,7,5,1986,Virginia,19,,4,27,75,217,WR,0,0,0,0,0,0,0,0,0,0,0,0,0,0,0,0,None,,,,,c,0235.png,,bald_3007.png,34,64,1,74,62,58,1,16,13,13,1,1,79,0,1,1,1,75,1,1,1,1,1,1,1,1,1,1,1,1,84,79,68,63,94,75,91,0,36,30,32,94,39,30,41
1925,,82,1991,1985,John,Jefferson,5,12,13,1985,Arizona State,83,,6,35,73,198,WR,250000,1,250000,0,0,0,0,0,0,0,0,0,0,0,0,0,None,,,,,c,0233.png,default-jersey-01.png,bald_3006.png,30,76,1,83,77,57,2,28,24,40,1,1,90,0,1,1,1,100,8,1,1,1,1,1,1,1,1,1,1,1,70,32,36,58,33,48,72,0,37,40,63,96,30,65,97
6036,,83,1991,0,Shawn,Jefferson,8,0,0,0,Central Florida,10,,4,26,71,185,WR,250000,1,250000,0,0,0,0,0,0,0,0,0,0,0,0,0,None,,,,,a,0133.png,default-jersey-01.png,blonde_3011.png,35,83,1,81,88,61,1,15,28,35,1,1,85,0,1,1,1,68,9,1,1,1,1,1,1,1,1,1,1,1,87,63,35,78,63,29,97,0,38,42,36,81,37,50,95
5384,,93,1991,1987,Greg,Jennings,12,1,13,1987,Western Michigan,86,,4,27,71,195,WR,7300000,5,7300000,7300000,7300000,7300000,7300000,0,0,0,0,0,0,0,0,0,None,DeepThreat,,,,b,10056.png,,black_3090.png,53,90,1,94,77,72,1,27,35,28,1,1,96,0,1,1,1,100,17,1,1,1,1,1,1,1,1,1,1,1,50,71,50,42,51,46,72,0,46,43,63,81,36,32,18
2239,,73,1991,1985,Jim,Jensen,0,19,11,1985,Boston University,86,,6,33,76,215,WR,0,0,0,0,0,0,0,0,0,0,0,0,0,0,0,0,None,SlotReceiver,,,,b,0007.png,,black_3002.png,24,74,1,71,73,55,1,11,19,24,1,1,74,0,1,1,1,87,2,1,1,1,1,1,1,1,1,1,1,1,85,64,65,78,55,52,79,0,48,34,65,78,35,37,1
6006,,66,1991,0,Barry,Johnson,0,0,0,0,Maryland,83,,4,27,74,197,WR,0,0,0,0,0,0,0,0,0,0,0,0,0,0,0,0,None,Competitor,,,,a,0148.png,,black_3039.png,18,63,1,73,59,38,1,1,12,19,1,1,73,0,1,1,1,85,1,1,1,1,1,1,1,1,1,1,1,1,88,78,89,81,95,78,71,0,44,40,68,78,30,70,55
1914,,77,1991,1985,Billy,Johnson,0,11,5,1985,Widener,81,,3,36,69,170,WR,0,0,0,0,0,0,0,0,0,0,0,0,0,0,0,0,None,Diva,,,,a,0147.png,,black_3012.png,38,73,1,72,79,61,1,1,24,35,1,1,65,0,1,1,1,92,30,1,1,1,1,1,1,1,1,1,1,1,53,80,96,66,81,86,91,0,41,50,41,84,33,46,11
7095,,98,1991,1988,Calvin,Johnson,19,1,1,1988,Georgia Tech,81,,3,24,77,239,WR,3000000,1,3000000,0,0,0,0,0,0,0,0,0,0,0,0,0,None,Pick1Overall|DeepThreat,,,,a,10558.png,,darkbrown_3035.png,54,97,1,92,97,74,4,27,31,35,1,1,86,0,1,1,1,100,26,1,1,1,1,1,1,1,1,1,1,1,45,64,81,9,76,93,75,0,31,37,50,72,31,66,46
12448,,76,1991,1991,Charles,Johnson,11,4,17,1991,Colorado,85,,0,22,72,200,WR,500000,3,500000,500000,500000,0,0,0,0,0,0,0,0,0,0,0,None,,,,,a,10558.png,,red_3009.png,31,83,1,77,70,65,1,16,18,20,1,1,74,0,1,1,1,61,33,1,1,1,1,1,1,1,1,1,1,1,67,87,93,62,89,76,86,0,39,31,49,98,42,44,73
3345,,90,1991,1986,Keyshawn,Johnson,16,1,10,1986,USC,89,,5,29,76,212,WR,15750000,2,15750000,15750000,0,0,0,0,0,0,0,0,0,0,0,0,None,Diva,,,,b,0035.png,default-jersey-01.png,black_3036.png,38,94,1,87,82,73,1,15,26,33,1,3,89,0,1,1,1,100,26,1,1,1,1,1,1,1,1,1,1,1,26,48,48,17,21,33,97,0,33,46,45,88,38,30,87
9771,,65,1991,0,Patrick,Johnson,0,0,0,0,Oregon,87,,1,23,70,186,WR,0,0,0,0,0,0,0,0,0,0,0,0,0,0,0,0,None,,,,,a,0113.png,,lightbrown_3036.png,33,73,1,62,61,55,1,1,7,19,1,1,78,0,1,1,1,50,35,1,1,1,1,1,1,1,1,1,1,1,21,50,51,28,22,13,97,0,38,45,65,95,35,34,86
2731,,67,1991,1985,Trumaine,Johnson,0,53,13,1985,Grambling State,83,,6,31,73,196,WR,0,0,0,0,0,0,0,0,0,0,0,0,0,0,0,0,None,,,,,c,0238.png,,black_3020.png,29,56,1,69,70,46,1,13,23,17,1,1,69,0,1,1,1,72,1,1,1,1,1,1,1,1,1,1,1,1,21,62,83,23,81,100,75,0,34,45,65,89,34,43,4
12479,,66,1991,0,Tyrone,Johnson,0,0,0,0,Western State (CO),83,,0,23,71,171,WR,0,0,0,0,0,0,0,0,0,0,0,0,0,0,0,0,None,,,,,a,10570.png,,darkbrown_3101.png,23,62,1,74,63,50,1,1,9,19,1,1,66,0,1,1,1,59,35,1,1,1,1,1,1,1,1,1,1,1,36,67,59,55,65,44,92,0,30,30,65,77,40,65,99
2414,,86,1991,1985,Vance,Johnson,19,17,3,1985,Arizona,82,,6,28,71,185,WR,1500000,1,1500000,0,0,0,0,0,0,0,0,0,0,0,0,0,None,,,,,b,0090.png,,bald_3020.png,42,81,1,83,87,62,1,8,27,26,1,1,90,0,1,1,1,94,1,1,1,1,1,1,1,1,1,1,1,1,92,82,68,100,82,85,85,0,42,39,59,81,47,47,26
1880,,81,1991,1985,Charlie,Joiner,0,13,6,1985,Grambling State,18,,2,40,71,188,WR,0,0,0,0,0,0,0,0,0,0,0,0,0,0,0,0,None,PossessionWR,,,,a,10575.png,,blonde_3043.png,38,73,1,74,83,66,5,10,30,35,1,1,75,0,1,1,1,100,46,1,1,1,1,1,1,1,1,1,1,1,58,87,83,48,99,64,74,0,45,50,46,88,45,70,3
7199,,85,1991,1988,James,Jones WR,17,2,4,1988,San Jose State,17,,3,25,73,208,WR,4150000,1,4150000,0,0,0,0,0,0,0,0,0,0,0,0,0,None,SlotReceiver,,,,a,10597.png,default-jersey-01.png,lightbrown_3058.png,44,83,1,85,72,63,1,19,29,28,1,1,77,0,1,1,1,100,15,1,1,1,1,1,1,1,1,1,1,1,72,87,87,76,91,70,96,0,35,41,54,97,46,33,0
2300,,80,1991,1985,Cedric,Jones,0,22,8,1985,Duke,84,,6,31,73,184,WR,0,0,0,0,0,0,0,0,0,0,0,0,0,0,0,0,None,,,,,a,10581.png,default-jersey-01.png,blonde_3060.png,35,70,1,77,81,66,1,7,24,19,1,1,85,0,1,1,1,94,9,1,1,1,1,1,1,1,1,1,1,1,31,74,97,14,80,90,96,0,30,48,68,70,41,65,3
9720,,72,1991,0,Hassan,Jones,0,0,0,0,Florida State,85,,1,23,72,198,WR,0,0,0,0,0,0,0,0,0,0,0,0,0,0,0,0,None,,,,,a,0126.png,,darkbrown_3052.png,32,70,1,76,73,47,1,4,22,31,1,1,73,0,1,1,1,48,35,1,1,1,1,1,1,1,1,1,1,1,14,65,68,31,20,9,84,0,43,47,36,97,32,34,76
7195,,71,1991,1988,Jacoby,Jones,0,5,2,1988,Lane,89,,3,25,75,192,WR,0,0,0,0,0,0,0,0,0,0,0,0,0,0,0,0,None,,,,,a,0111.png,,lightbrown_3026.png,32,74,1,69,70,46,1,1,10,20,1,1,66,0,1,1,1,80,12,1,1,1,1,1,1,1,1,1,1,1,58,76,86,38,100,93,95,0,49,38,59,88,46,52,38
2218,,88,1991,1985,Johnny Lam,Jones,11,16,17,1985,Texas,84,,6,28,71,180,WR,3700000,1,3700000,0,0,0,0,0,0,0,0,0,0,0,0,0,None,,,,,b,0060.png,default-jersey-01.png,bald_3010.png,53,84,1,82,84,70,1,17,11,30,1,1,72,0,1,1,1,100,26,1,1,1,1,1,1,1,1,1,1,1,91,28,47,72,62,72,94,0,40,47,70,70,46,54,63
12458,,73,1991,1991,Charles,Jordan,13,7,20,1991,Long Beach Community College,85,,0,25,71,182,WR,250000,2,250000,250000,0,0,0,0,0,0,0,0,0,0,0,0,None,MrIrellevant,,,,b,0045.png,,black_3094.png,37,72,1,74,73,45,1,2,13,16,1,1,73,0,1,1,1,63,32,1,1,1,1,1,1,1,1,1,1,1,6,58,64,4,38,30,83,0,47,30,57,82,50,33,71
9711,,80,1991,1990,Joe,Jurevicius,6,5,7,1990,Penn State,88,,1,25,77,230,WR,250000,1,250000,0,0,0,0,0,0,0,0,0,0,0,0,0,None,WorkoutFanatic,,,,b,10066.png,default-jersey-01.png,bald_3007.png,31,83,1,80,81,59,1,14,23,18,1,1,76,0,1,1,1,68,26,1,1,1,1,1,1,1,1,1,1,1,5,76,82,15,80,90,79,0,31,35,61,70,32,41,72
3359,,81,1991,1986,Eddie,Kennison,11,3,15,1986,LSU,13,,5,28,73,201,WR,250000,1,250000,0,0,0,0,0,0,0,0,0,0,0,0,0,None,,,,,b,10097.png,default-jersey-01.png,black_3102.png,32,86,1,79,88,55,1,27,33,40,1,1,94,0,1,1,1,47,3,1,1,1,1,1,1,1,1,1,1,1,14,70,78,11,90,80,86,0,43,48,40,80,37,60,37
5405,,61,1991,0,Ethan,Kilmer,0,0,0,0,Penn State,81,,1,24,72,205,WR,0,0,0,0,0,0,0,0,0,0,0,0,0,0,0,0,None,,,,,a,0117.png,,red_3015.png,24,62,1,64,64,55,1,11,7,21,1,1,70,0,1,1,1,27,10,1,1,1,1,1,1,1,1,1,1,1,39,74,92,34,60,75,71,0,37,36,41,79,40,48,97
12927,15826,74,1991,0,Todd,Kinchen,0,0,0,0,LSU,0,,0,23,71,187,WR,0,0,0,0,0,0,0,0,0,0,0,0,0,0,0,0,None,,,,,,,,,30,68,1,77,74,49,1,9,24,18,1,1,69,0,0,0,0,73,15,0,0,0,0,0,0,0,0,0,0,0,27,42,44,16,7,6,74,0,38,39,51,78,50,61,74
5407,,66,1991,0,Derek,Kinder,0,0,0,0,Pittsburgh,81,,1,21,73,200,WR,0,0,0,0,0,0,0,0,0,0,0,0,0,0,0,0,None,,,,,a,10550.png,,bald_3010.png,28,70,1,63,66,46,1,19,17,16,1,1,76,0,1,1,1,66,20,1,1,1,1,1,1,1,1,1,1,1,41,83,85,44,81,83,72,0,39,32,60,80,43,43,87
12477,,66,1991,0,Kevin,Knox,0,0,0,0,Florida State,85,,0,23,75,195,WR,0,0,0,0,0,0,0,0,0,0,0,0,0,0,0,0,None,,,,,b,0087.png,,bald_3043.png,31,73,1,61,65,52,1,12,19,27,1,1,73,0,1,1,1,58,35,1,1,1,1,1,1,1,1,1,1,1,47,60,83,69,73,80,85,0,38,31,48,77,48,32,96
2238,,68,1991,1985,Steve,Kreider,0,20,1,1985,Lehigh,86,,6,33,75,192,WR,0,0,0,0,0,0,0,0,0,0,0,0,0,0,0,0,None,ReturnSpecialist,,,,a,0109.png,,blonde_3024.png,28,66,1,64,75,62,1,1,15,14,1,1,76,0,1,1,1,55,22,1,1,1,1,1,1,1,1,1,1,1,70,68,67,36,96,94,98,0,37,47,46,72,49,63,77
9759,,69,1991,0,Anthony,Ladd,0,0,0,0,Cincinnati,84,,0,25,73,188,WR,0,0,0,0,0,0,0,0,0,0,0,0,0,0,0,0,None,,,,,b,10076.png,,bald_3028.png,30,74,1,65,78,46,1,9,20,15,1,1,65,0,0,0,0,50,35,0,0,0,0,0,0,0,0,0,0,0,58,61,62,56,91,87,72,0,33,48,65,85,45,35,100
12694,16461,65,1991,0,Brad,Lamb,0,0,0,0,Anderson (IN),0,,0,25,70,171,WR,0,0,0,0,0,0,0,0,0,0,0,0,0,0,0,0,None,,,,,,,,,33,63,1,64,72,47,1,9,21,22,1,1,80,0,0,0,0,42,7,0,0,0,0,0,0,0,0,0,0,0,33,70,93,44,69,77,88,0,49,44,33,74,40,59,96
2412,,85,1991,1985,Reggie,Langhorne,17,28,15,1985,Elizabeth City State,89,,6,28,74,200,WR,3150000,2,3150000,2150000,0,0,0,0,0,0,0,0,0,0,0,0,None,,,,,b,10100.png,,black_3101.png,35,80,1,87,81,59,1,7,20,26,1,1,88,0,1,1,1,100,2,1,1,1,1,1,1,1,1,1,1,1,5,51,49,38,12,7,71,0,47,34,30,97,37,34,-1
1852,,83,1991,1985,Steve,Largent,0,3,14,1985,Tulsa,87,,3,34,71,187,WR,0,0,0,0,0,0,0,0,0,0,0,0,0,0,0,0,None,PossessionWR,,,,b,0018.png,,black_3070.png,39,78,9,70,95,65,1,31,23,38,1,1,81,0,1,1,1,89,30,1,1,1,1,1,1,1,1,1,1,1,44,58,60,30,38,69,79,0,48,33,56,97,47,70,58
3368,,88,1991,1986,Jermaine,Lewis,3,2,11,1986,Maryland,86,,5,27,67,183,WR,2750000,1,2750000,0,0,0,0,0,0,0,0,0,0,0,0,0,None,DeepThreat|CommunityBenefactor,,,,b,0049.png,default-jersey-01.png,black_3091.png,45,84,1,94,75,63,1,10,17,26,1,1,84,0,1,1,1,94,3,1,1,1,1,1,1,1,1,1,1,1,70,59,63,59,44,61,82,0,38,44,44,92,42,51,21
2502,,48,1991,1985,Leo,Lewis,0,38,2,1985,Missouri,87,,6,35,68,170,WR,0,0,0,0,0,0,0,0,0,0,0,0,0,0,0,0,None,,,,,b,0026.png,,darkbrown_3012.png,15,48,1,53,50,29,1,1,15,7,1,1,54,0,1,1,1,32,22,1,1,1,1,1,1,1,1,1,1,1,86,69,58,90,51,34,85,0,50,35,31,77,44,48,88
12472,,68,1991,0,Thomas,Lewis,0,0,0,0,Indiana,81,,0,22,73,191,WR,0,0,0,0,0,0,0,0,0,0,0,0,0,0,0,0,None,,,,,b,0018.png,,black_3077.png,32,66,1,71,68,46,1,15,7,27,1,1,69,0,1,1,1,58,35,1,1,1,1,1,1,1,1,1,1,1,40,70,100,56,100,62,87,0,40,39,56,92,43,36,98
2108,,87,1991,1985,Louis,Lipps,18,4,12,1985,Southern Miss,81,,6,29,70,190,WR,6550000,3,6550000,6550000,6550000,0,0,0,0,0,0,0,0,0,0,0,None,Legend,,,,b,0006.png,,bald_3037.png,30,81,1,86,87,71,1,10,17,21,1,1,72,0,1,1,1,100,5,1,1,1,1,1,1,1,1,1,1,1,18,41,59,11,37,33,90,0,45,41,43,86,48,42,44
1855,,91,1991,1985,James,Lofton,0,3,9,1985,Stanford,84,,4,33,75,192,WR,0,0,0,0,0,0,0,0,0,0,0,0,0,0,0,0,None,,,,,b,10098.png,,black_3065.png,49,96,9,79,89,74,9,34,39,50,10,1,91,0,1,1,1,94,17,1,1,1,1,1,1,1,1,1,1,1,56,69,45,51,56,61,81,0,37,33,31,90,36,67,45
8652,,87,1991,1989,Drake,London,14,2,17,1989,USC,89,,2,22,76,213,WR,850000,1,850000,0,0,0,0,0,0,0,0,0,0,0,0,0,None,PossessionWR,,,,b,0068.png,,black_3039.png,54,81,1,81,85,68,1,15,26,22,1,3,80,0,1,1,1,90,23,1,1,1,1,1,1,1,1,1,1,1,45,59,39,42,57,57,91,0,37,46,36,71,45,58,4
9751,,67,1991,0,Kamil,Loud,0,0,0,0,Cal Poly-San Luis Obispo,80,,1,23,72,190,WR,0,0,0,0,0,0,0,0,0,0,0,0,0,0,0,0,None,,,,,b,0063.png,,black_3091.png,25,58,1,67,77,54,1,6,19,13,1,1,68,0,1,1,1,53,35,1,1,1,1,1,1,1,1,1,1,1,28,67,82,39,83,84,72,0,31,48,51,94,39,34,73
2368,,83,1991,1985,Pete,Mandley,3,28,6,1985,Northern Arizona,83,,6,30,70,191,WR,3550000,1,3550000,0,0,0,0,0,0,0,0,0,0,0,0,0,None,Perceptive,,,,b,10061.png,default-jersey-01.png,bald_3022.png,36,76,1,87,72,67,1,21,19,21,1,1,77,0,1,1,1,95,1,1,1,1,1,1,1,1,1,1,1,1,6,78,68,13,91,94,78,0,35,46,41,78,34,66,50
2365,,79,1991,1985,Lionel,Manuel,0,23,15,1985,Pacific,88,,6,29,71,178,WR,0,0,0,0,0,0,0,0,0,0,0,0,0,0,0,0,None,,,,,a,0128.png,,blonde_3039.png,42,84,1,67,84,46,1,12,30,31,1,1,90,0,1,1,1,94,5,1,1,1,1,1,1,1,1,1,1,1,23,85,81,9,68,81,70,0,33,40,57,98,45,49,1
2370,,72,1991,1985,Ken,Margerum,0,25,12,1985,Stanford,87,,6,33,72,175,WR,0,0,0,0,0,0,0,0,0,0,0,0,0,0,0,0,None,,,,,b,0031.png,,bald_3012.png,28,64,1,66,82,50,1,8,22,21,1,1,82,0,1,1,1,92,5,1,1,1,1,1,1,1,1,1,1,1,14,97,79,17,80,64,81,0,49,43,70,91,33,55,12
12779,18112,67,1991,0,Arthur,Marshall,0,0,0,0,Georgia,0,,0,23,71,186,WR,0,0,0,0,0,0,0,0,0,0,0,0,0,0,0,0,None,,,,,,,,,28,72,1,70,65,46,1,6,9,25,1,1,73,0,0,0,0,51,13,0,0,0,0,0,0,0,0,0,0,0,7,57,38,6,35,5,78,0,33,34,32,71,41,50,94
5440,,88,1991,1987,Brandon,Marshall,15,1,16,1987,Central Florida,15,,4,26,76,229,WR,3300000,4,3300000,3300000,3300000,3300000,0,0,0,0,0,0,0,0,0,0,None,PossessionWR,,,,b,0088.png,,darkbrown_3018.png,42,82,1,80,96,56,1,14,39,28,1,5,89,0,1,1,1,100,7,1,1,1,1,1,1,1,1,1,1,1,36,51,70,41,70,48,97,0,50,46,53,79,30,70,22
2432,,71,1991,1985,Henry,Marshall,0,38,3,1985,Missouri,84,,2,33,74,214,WR,0,0,0,0,0,0,0,0,0,0,0,0,0,0,0,0,None,ReturnSpecialist,,,,b,0043.png,,red_3002.png,31,72,1,72,75,45,1,1,10,24,1,1,81,0,1,1,1,58,18,1,1,1,1,1,1,1,1,1,1,1,63,74,90,30,77,84,93,0,45,44,53,88,44,49,93
1913,,87,1991,1985,Eric,Martin,2,3,13,1985,LSU,84,,6,30,73,207,WR,14450000,1,14450000,0,0,0,0,0,0,0,0,0,0,0,0,0,None,DeepThreat,,,,a,10589.png,,blonde_3060.png,32,76,1,90,83,67,1,21,32,28,1,1,90,0,1,1,1,100,1,1,1,1,1,1,1,1,1,1,1,1,59,79,89,72,62,74,97,0,40,44,33,81,32,59,84
12943,18539,72,1991,0,Damon,Mays,0,0,0,0,Missouri,0,,0,24,69,170,WR,0,0,0,0,0,0,0,0,0,0,0,0,0,0,0,0,None,,,,,,,,,28,67,1,75,69,51,1,13,18,14,1,1,72,0,0,0,0,77,1,0,0,0,0,0,0,0,0,0,0,0,94,42,46,86,36,65,94,0,36,38,45,75,37,33,86
6054,,86,1991,0,Ed,McCaffrey,8,0,0,0,Stanford,19,,4,27,77,215,WR,3700000,4,3700000,3700000,3700000,3700000,0,0,0,0,0,0,0,0,0,0,None,,,,,a,0123.png,default-jersey-01.png,black_3053.png,37,80,1,75,93,76,1,28,33,38,1,1,87,0,1,1,1,100,23,1,1,1,1,1,1,1,1,1,1,1,40,41,56,47,33,56,100,0,43,30,30,100,31,37,98
12760,18656,87,1991,0,Keenan,McCardell,0,0,0,0,UNLV,0,,0,22,73,191,WR,0,0,0,0,0,0,0,0,0,0,0,0,0,0,0,0,None,,,,,,,,,44,83,1,92,75,55,1,24,18,32,1,1,86,0,0,0,0,93,19,0,0,0,0,0,0,0,0,0,0,0,77,88,79,67,66,69,73,0,46,30,38,95,30,67,87
2730,,66,1991,1985,Phil,McConkey,0,40,17,1985,Navy,89,,3,31,70,170,WR,0,0,0,0,0,0,0,0,0,0,0,0,0,0,0,0,None,,,,,b,10084.png,,black_3053.png,26,56,1,76,65,47,1,8,16,27,1,1,71,0,1,1,1,44,22,1,1,1,1,1,1,1,1,28,1,1,30,61,68,14,5,39,75,0,32,38,44,83,31,54,60
9717,,80,1991,0,Tim,McGee,19,0,0,0,Tennessee,86,,1,23,70,183,WR,250000,1,250000,0,0,0,0,0,0,0,0,0,0,0,0,0,None,,,,,b,0055.png,default-jersey-01.png,black_3049.png,33,85,1,75,85,62,1,16,21,18,1,1,84,0,1,1,1,59,27,1,1,1,1,1,1,1,1,1,1,1,92,70,35,93,39,49,75,0,36,47,51,91,44,35,57
2434,,79,1991,1985,Dennis,McKinnon,0,26,17,1985,Florida State,85,,6,30,73,185,WR,0,0,0,0,0,0,0,0,0,0,0,0,0,0,0,0,None,,,,,b,10071.png,,black_3103.png,33,72,1,77,88,50,1,9,22,21,1,1,79,0,1,1,1,77,1,1,1,1,1,1,1,1,1,1,1,1,63,43,46,40,66,44,84,0,40,46,46,100,47,47,52
12450,,77,1991,1991,James,McKnight,4,5,7,1991,Liberty,15,,0,22,73,198,WR,250000,2,250000,250000,0,0,0,0,0,0,0,0,0,0,0,0,None,,,,,b,0057.png,,black_3008.png,41,75,1,74,80,53,1,17,30,18,1,1,75,0,1,1,1,62,30,1,1,1,1,1,1,1,1,1,1,1,52,66,63,35,79,90,92,0,39,33,44,94,32,52,72
7343,,82,1991,1988,Robert,Meachem,15,2,19,1988,Tennessee,19,,3,25,74,215,WR,350000,3,350000,300000,250000,0,0,0,0,0,0,0,0,0,0,0,None,SlotReceiver,,,,b,10065.png,default-jersey-01.png,bald_3017.png,35,85,1,89,67,49,1,15,31,20,1,1,87,0,1,1,1,86,21,1,1,1,1,1,1,1,1,1,1,1,66,62,58,89,59,35,70,0,44,50,42,92,38,39,55
8653,,72,1991,0,John,Metchie III,0,0,0,0,Alabama,83,,2,23,71,187,WR,0,0,0,0,0,0,0,0,0,0,0,0,0,0,0,0,None,,,,,a,0142.png,default-jersey-01.png,lightbrown_3016.png,42,75,1,72,74,56,1,10,22,15,1,1,70,0,1,1,1,34,23,1,1,1,1,1,1,1,1,1,1,1,36,57,56,2,22,18,97,0,46,30,34,82,40,45,98
12452,,74,1991,1991,Terry,Mickens,16,5,15,1991,Florida A&M,11,,0,23,72,201,WR,250000,2,250000,250000,0,0,0,0,0,0,0,0,0,0,0,0,None,,,,,b,0093.png,,black_3076.png,23,63,1,81,75,62,1,13,21,25,1,1,67,0,1,1,1,62,33,1,1,1,1,1,1,1,1,1,1,1,22,91,91,5,84,66,93,0,43,44,36,92,35,39,48
12768,19741,66,1991,0,Eddie,Miller,0,0,0,0,South Carolina,0,,0,23,72,185,WR,0,0,0,0,0,0,0,0,0,0,0,0,0,0,0,0,None,,,,,,,,,30,72,1,61,66,51,1,17,17,19,1,1,69,0,0,0,0,62,6,0,0,0,0,0,0,0,0,0,0,0,94,65,99,81,66,84,81,0,34,48,62,88,45,60,77
9773,,65,1991,0,Solomon,Miller,0,0,0,0,Utah State,82,,1,23,73,185,WR,0,0,0,0,0,0,0,0,0,0,0,0,0,0,0,0,None,,,,,a,0141.png,,darkbrown_3032.png,33,66,1,59,71,47,1,9,19,18,1,1,67,0,1,1,1,53,35,1,1,1,1,1,1,1,1,1,1,1,38,93,73,70,82,65,100,0,41,43,46,97,40,66,84
12453,,73,1991,1991,Derrell,Mitchell,7,6,14,1991,Texas Tech,15,,0,23,69,189,WR,250000,2,250000,250000,0,0,0,0,0,0,0,0,0,0,0,0,None,,,,,a,0114.png,,red_3023.png,40,70,1,74,74,50,1,15,14,14,1,1,70,0,1,1,1,62,29,1,1,1,1,1,1,1,1,1,1,1,61,63,76,60,76,88,74,0,40,48,40,99,31,55,93
3215,,62,1991,0,Tim,Moffett,0,0,0,0,Mississippi,83,,1,24,74,180,WR,0,0,0,0,0,0,0,0,0,0,0,0,0,0,0,0,None,,,,,b,10073.png,,darkbrown_3019.png,24,59,1,62,71,52,1,14,8,28,1,1,71,0,1,1,1,40,11,1,1,1,1,1,1,1,1,1,1,1,91,68,69,67,60,62,89,0,33,42,69,92,39,62,84
1870,,94,1991,1985,Art,Monk,0,2,10,1985,Syracuse,81,,6,34,75,210,WR,0,0,0,0,0,0,0,0,0,0,0,0,0,0,0,0,None,PossessionWR,,,,a,10567.png,,red_3020.png,51,91,1,86,97,66,4,22,22,32,9,1,88,0,1,1,1,100,26,1,1,1,1,1,1,1,1,1,1,1,62,66,57,32,60,69,85,0,49,35,30,82,38,31,10
6144,,87,1991,0,Herman,Moore,6,0,0,0,Virginia,80,,4,26,76,210,WR,5200000,3,5200000,5200000,5200000,0,0,0,0,0,0,0,0,0,0,0,None,,,,,a,10599.png,,darkbrown_3032.png,33,82,1,86,85,66,1,29,34,25,5,1,91,0,1,1,1,100,27,1,1,1,1,1,1,1,1,1,1,1,51,49,54,54,38,69,72,0,34,34,32,86,38,39,18
2071,,81,1991,1985,Nat,Moore,0,24,13,1985,Florida,80,,1,35,69,184,WR,0,0,0,0,0,0,0,0,0,0,0,0,0,0,0,0,None,,,,,a,0111.png,,bald_3027.png,42,83,1,74,85,61,1,10,12,23,1,1,65,0,1,1,1,85,39,1,1,1,1,1,1,1,1,1,1,1,58,80,70,46,83,87,94,0,37,30,32,72,41,36,26
8654,,84,1991,1989,Skyy,Moore,17,6,6,1989,W. Michigan,15,,2,22,70,195,WR,3100000,2,3100000,4150000,0,0,0,0,0,0,0,0,0,0,0,0,None,,,,,a,10555.png,default-jersey-01.png,darkbrown_3024.png,50,80,25,78,83,58,19,16,25,24,3,4,84,0,1,1,1,94,10,1,1,1,1,1,1,1,1,1,1,1,33,64,59,12,18,1,98,0,33,44,53,82,39,60,56
2079,,83,1991,1985,Stanley,Morgan,0,13,8,1985,Tennessee,86,,2,32,71,181,WR,0,0,0,0,0,0,0,0,0,0,0,0,0,0,0,0,None,,,,,b,0068.png,,darkbrown_3011.png,36,87,1,70,93,74,1,29,20,36,1,1,80,0,1,1,1,78,15,1,1,1,1,1,1,1,1,1,1,1,74,63,84,68,89,70,79,0,30,38,67,79,34,59,22
12445,,82,1991,1991,Johnnie,Morton,8,2,8,1991,USC,86,,0,23,72,190,WR,1250000,3,1250000,1250000,1250000,0,0,0,0,0,0,0,0,0,0,0,None,PossessionWR,,,,b,0024.png,default-jersey-01.png,bald_3044.png,36,75,1,84,87,69,1,8,21,19,1,1,87,0,1,1,1,61,35,1,1,1,1,1,1,1,1,1,1,1,57,66,95,68,65,83,99,0,44,30,46,84,39,31,98
9708,,99,1991,1990,Randy,Moss,11,1,2,1990,Marshall,81,,1,22,76,215,WR,3000000,3,3000000,3000000,3000000,0,0,0,0,0,0,0,0,0,0,0,None,DeepThreat,,,,b,0088.png,default-jersey-01.png,black_3081.png,45,94,1,93,100,83,1,34,43,39,6,1,93,0,1,1,1,95,28,1,1,1,1,1,1,1,1,1,1,1,28,61,81,22,98,86,85,0,32,38,50,88,49,68,91
3417,,85,1991,1986,Eric,Moulds,5,2,7,1986,Mississippi State,86,,5,28,74,210,WR,3850000,5,3850000,3850000,3850000,3850000,3850000,0,0,0,0,0,0,0,0,0,None,TeamPlayer,,,,a,0102.png,,darkbrown_3098.png,48,80,1,83,85,68,1,14,33,40,1,1,90,0,1,1,1,72,8,1,1,1,1,1,1,1,1,1,1,1,78,39,44,86,38,55,78,0,50,46,58,84,43,70,12
2803,,69,1991,1985,Calvin,Muhammad,0,57,7,1985,Texas Southern,86,,2,29,71,190,WR,0,0,0,0,0,0,0,0,0,0,0,0,0,0,0,0,None,,,,,b,10086.png,,black_3044.png,25,77,1,64,70,54,1,4,21,15,1,1,68,0,1,1,1,65,15,1,1,1,1,1,1,1,1,1,1,1,56,56,53,41,59,60,93,0,33,36,55,86,30,38,88
3418,,85,1991,1986,Muhsin,Muhammad,6,2,14,1986,Michigan State,81,,5,28,74,217,WR,250000,5,250000,250000,250000,4000000,5000000,0,0,0,0,0,0,0,0,0,None,SlotReceiver,,,,b,0032.png,default-jersey-01.png,blonde_3010.png,35,95,1,76,78,76,1,20,30,36,1,1,92,0,1,1,1,98,8,1,1,1,1,1,1,1,1,1,1,1,55,66,71,61,62,90,87,0,47,31,32,84,43,31,35
8655,,79,1991,0,Jalen,Nailor,1,0,0,0,Michigan St.,83,,2,24,72,190,WR,1600000,2,1600000,1600000,0,0,0,0,0,0,0,0,0,0,0,0,None,,,,,a,0130.png,default-jersey-01.png,lightbrown_3037.png,33,78,1,78,77,51,1,8,24,26,1,1,73,0,1,1,1,95,26,1,1,1,1,1,1,1,1,1,1,1,70,84,77,43,86,66,76,0,54,37,55,74,31,69,36
9737,,68,1991,0,Marcus,Nash,0,0,0,0,Tennessee,87,,1,23,75,195,WR,0,0,0,0,0,0,0,0,0,0,0,0,0,0,0,0,None,,,,,b,0086.png,,darkbrown_3018.png,39,74,1,71,59,49,1,10,13,22,1,1,75,0,1,1,1,47,35,1,1,1,1,1,1,1,1,1,1,1,50,95,81,62,99,75,89,0,42,30,37,88,47,46,77
2282,,71,1991,1985,Renaldo,Nehemiah,0,11,17,1985,Maryland,88,,6,32,73,181,WR,0,0,0,0,0,0,0,0,0,0,0,0,0,0,0,0,None,Athlete,,,,b,0099.png,default-jersey-01.png,black_3088.png,29,65,1,86,53,37,1,3,13,17,1,1,77,0,1,1,1,92,13,1,1,1,1,1,1,1,1,1,1,1,76,83,66,79,79,85,98,0,40,42,68,76,44,54,1
2123,,83,1991,1985,Mark,Nichols,0,14,4,1985,San Jose State,84,,6,32,74,210,WR,0,0,0,0,0,0,0,0,0,0,0,0,0,0,0,0,None,,,,,a,0134.png,,lightbrown_3037.png,31,83,1,78,83,68,1,23,20,28,1,1,69,0,1,1,1,98,6,1,1,1,1,1,1,1,1,1,1,1,64,50,44,59,46,32,98,0,44,30,51,86,46,34,43
9738,,68,1991,0,James,Noble,0,0,0,0,Stephen F. Austin,89,,1,24,72,193,WR,0,0,0,0,0,0,0,0,0,0,0,0,0,0,0,0,None,,,,,a,0110.png,,red_3019.png,24,74,1,69,69,41,1,3,8,20,1,1,60,0,1,1,1,57,35,1,1,1,1,1,1,1,1,1,1,1,11,98,61,37,63,89,73,0,36,46,55,85,39,53,98
9723,,75,1991,0,Jeff,Ogden,0,0,0,0,Eastern Washington,82,,1,24,72,190,WR,0,0,0,0,0,0,0,0,0,0,0,0,0,0,0,0,None,,,,,b,0005.png,default-jersey-01.png,black_3099.png,34,73,1,77,78,45,1,12,20,26,1,1,75,0,1,1,1,61,27,1,1,1,1,1,1,1,1,1,1,1,40,93,94,14,64,67,76,0,42,50,51,75,42,54,100
8656,,88,1991,1989,Chris,Olave,11,1,12,1989,Ohio State,83,,2,23,72,187,WR,2100000,2,2100000,2300000,0,0,0,0,0,0,0,0,0,0,0,0,None,PossessionWR,,,,a,0135.png,,darkbrown_3046.png,42,84,1,83,87,76,1,14,21,12,5,7,87,0,1,1,1,100,30,1,1,1,1,1,1,1,1,1,1,1,79,75,89,60,69,93,73,0,48,47,62,72,39,60,46
12750,21848,66,1991,0,Darrick,Owens,0,0,0,0,Mississippi,0,,0,22,74,195,WR,0,0,0,0,0,0,0,0,0,0,0,0,0,0,0,0,None,,,,,,,,,28,67,1,61,62,54,1,13,18,23,1,1,63,0,0,0,0,84,7,0,0,0,0,0,0,0,0,0,0,0,35,35,49,17,9,24,84,0,43,31,33,85,44,47,95
3431,,97,1991,1986,Terrell,Owens,18,1,1,1986,Tennessee-Chattanooga,82,,5,28,75,226,WR,13700000,4,13700000,13700000,13700000,13700000,0,0,0,0,0,0,0,0,0,0,None,PossessionWR|Pick1Overall,,,,a,10569.png,default-jersey-01.png,red_3010.png,54,90,9,91,98,71,10,26,42,34,1,1,87,0,1,1,1,100,19,1,1,1,1,1,1,1,1,1,1,1,41,32,48,47,65,56,96,0,42,36,38,97,33,70,81
2080,,88,1991,1985,Stephone,Paige,13,12,8,1985,Fresno State,80,,6,30,74,184,WR,4100000,1,4100000,0,0,0,0,0,0,0,0,0,0,0,0,0,None,,,,,a,0148.png,,lightbrown_3058.png,38,87,1,84,86,63,1,22,35,39,1,1,95,0,1,1,1,100,1,1,1,1,1,1,1,1,1,1,1,1,59,93,69,55,96,63,76,0,36,32,63,80,35,53,1
12454,,73,1991,1991,David,Palmer,14,7,5,1991,Alabama,82,,0,22,68,173,WR,250000,2,250000,250000,0,0,0,0,0,0,0,0,0,0,0,0,None,,,,,c,0231.png,,darkbrown_3029.png,40,66,1,73,76,58,1,9,16,22,1,1,70,0,1,1,1,61,32,1,1,1,1,1,1,1,1,1,1,1,27,66,68,29,29,32,100,0,50,32,65,98,42,56,67
12886,22046,70,1991,0,Jeff,Parker,0,0,0,0,Bethune-Cookman,0,,0,23,70,185,WR,0,0,0,0,0,0,0,0,0,0,0,0,0,0,0,0,None,,,,,,,,,38,76,1,66,67,58,1,13,21,18,1,1,74,0,0,0,0,52,6,0,0,0,0,0,0,0,0,0,0,0,50,52,66,43,58,57,75,0,47,46,60,75,32,53,80
12455,,74,1991,1991,Orlando,Parker,16,6,15,1991,Troy,17,,0,22,71,190,WR,250000,2,250000,250000,0,0,0,0,0,0,0,0,0,0,0,0,None,,,,,a,10598.png,,blonde_3036.png,28,80,1,72,77,47,1,19,24,17,1,1,79,0,1,1,1,62,30,1,1,1,1,1,1,1,1,1,1,1,58,76,62,41,60,84,81,0,41,36,45,89,41,49,57
9724,,71,1991,0,Jerome,Pathon,0,0,0,0,Acadia (Canada),87,,1,24,72,195,WR,0,0,0,0,0,0,0,0,0,0,0,0,0,0,0,0,None,,,,,b,0014.png,,darkbrown_3018.png,35,69,1,66,77,60,1,12,21,20,1,1,81,0,1,1,1,52,35,1,1,1,1,1,1,1,1,1,1,1,58,93,78,63,96,100,84,0,44,31,45,99,33,49,96
12468,,69,1991,0,Chris,Penn,0,0,0,0,Tulsa,81,,0,23,72,198,WR,0,0,0,0,0,0,0,0,0,0,0,0,0,0,0,0,None,,,,,a,0113.png,,black_3005.png,31,78,1,70,63,41,1,9,14,14,1,1,62,0,1,1,1,59,35,1,1,1,1,1,1,1,1,1,1,1,1,39,38,5,35,7,71,0,38,38,47,83,43,44,99
8657,,79,1991,0,Kyle,Philips,0,0,0,0,N/A,18,,2,24,71,189,WR,0,0,0,0,0,0,0,0,0,0,0,0,0,0,0,0,None,,,,,b,10089.png,,black_3079.png,39,84,1,75,79,54,1,13,26,25,2,1,81,0,1,1,1,71,16,1,1,1,1,1,1,1,1,1,1,1,89,60,88,86,93,94,91,0,69,31,54,97,52,69,100
12735,22659,83,1991,0,Carl,Pickens,0,0,0,0,Tennessee,0,,0,22,74,206,WR,0,0,0,0,0,0,0,0,0,0,0,0,0,0,0,0,None,,,,,,,,,48,81,1,86,76,62,1,20,32,34,1,1,81,0,0,0,0,57,25,0,0,0,0,0,0,0,0,0,0,0,54,44,34,52,49,48,90,0,39,45,31,71,45,39,81
8658,,84,1991,1989,George,Pickens,6,3,18,1989,Georgia,14,,2,22,75,200,WR,850000,1,850000,0,0,0,0,0,0,0,0,0,0,0,0,0,None,,,,,b,10063.png,default-jersey-01.png,black_3008.png,43,83,3,80,90,72,1,18,36,19,5,4,82,0,1,1,1,57,20,1,1,1,1,1,1,1,1,1,1,1,99,69,60,66,70,92,83,0,33,50,37,87,32,63,43
2807,,64,1991,1985,Clay,Pickering,0,55,14,1985,Maine,87,,3,27,77,215,WR,0,0,0,0,0,0,0,0,0,0,0,0,0,0,0,0,None,,,,,a,10554.png,,blonde_3003.png,21,61,1,62,62,49,1,1,11,17,1,1,66,0,1,1,1,87,2,1,1,1,1,1,1,1,1,1,1,1,31,63,48,4,7,12,85,0,39,46,66,72,35,37,67
8659,,82,1991,1989,Alec,Pierce,20,6,14,1989,Cincinnati,14,,2,23,75,211,WR,500000,2,500000,500000,0,0,0,0,0,0,0,0,0,0,0,0,None,,,,,a,0113.png,default-jersey-01.png,lightbrown_3007.png,41,77,1,85,82,65,1,17,20,23,2,2,80,0,1,1,1,59,14,1,1,1,1,1,1,1,1,1,1,1,36,66,81,23,96,96,77,0,31,48,51,91,30,30,98
3073,,65,1991,0,Frank,Pokorny,0,0,0,0,Youngstown State,80,,2,24,72,198,WR,0,0,0,0,0,0,0,0,0,0,0,0,0,0,0,0,None,,,,,a,0126.png,,black_3038.png,29,68,1,73,59,40,1,1,16,20,1,1,66,0,1,1,1,46,4,1,1,1,1,1,1,1,1,1,1,1,17,70,37,25,36,23,79,0,40,32,52,89,35,63,84
12462,,70,1991,0,Greg,Primus,0,0,0,0,Colorado State,84,,0,24,71,190,WR,0,0,0,0,0,0,0,0,0,0,0,0,0,0,0,0,None,,,,,a,10555.png,,darkbrown_3062.png,33,76,1,64,75,54,1,10,6,23,1,1,62,0,1,1,1,59,35,1,1,1,1,1,1,1,1,1,1,1,32,60,38,51,43,62,92,0,32,35,39,95,44,62,95
6067,,83,1991,0,Mike,Pritchard,20,0,0,0,Colorado,35,,4,26,70,188,WR,550000,1,550000,0,0,0,0,0,0,0,0,0,0,0,0,0,None,,,,,b,10057.png,,black_3030.png,46,81,1,86,80,65,1,20,20,21,1,1,83,0,1,1,1,49,13,1,1,1,1,1,1,1,1,1,1,1,91,76,80,85,68,94,94,0,37,39,40,94,49,66,47
9774,,64,1991,0,James,Pruitt,0,0,0,0,Cal State-Fullerton,89,,1,23,75,199,WR,0,0,0,0,0,0,0,0,0,0,0,0,0,0,0,0,None,,,,,b,10051.png,,black_3038.png,35,63,1,64,64,44,1,1,12,24,1,1,70,0,1,1,1,55,35,1,1,1,1,1,1,1,1,1,1,1,99,65,85,82,94,82,86,0,50,38,59,82,32,65,85
1988,,91,1991,1985,Mike,Quick,14,6,2,1985,North Carolina State,86,,6,32,74,190,WR,14450000,1,14450000,0,0,0,0,0,0,0,0,0,0,0,0,0,None,DeepThreat|TeamPlayer,,,,b,10064.png,,black_3087.png,58,83,1,92,84,63,1,9,27,27,1,1,86,0,1,1,1,100,7,1,1,1,1,1,1,1,1,1,1,1,52,54,32,71,40,57,97,0,33,31,51,96,30,42,40
12481,,63,1991,0,John,Quinn,0,0,0,0,Ohio State,89,,0,21,74,203,WR,0,0,0,0,0,0,0,0,0,0,0,0,0,0,0,0,None,,,,,b,10080.png,,blonde_3002.png,32,53,1,66,55,68,1,1,11,34,1,1,82,0,1,1,1,59,35,1,1,1,1,1,1,1,1,1,1,1,68,37,58,57,69,60,99,0,33,49,34,71,40,63,77
5504,,66,1991,1987,Jamaica,Rector,0,7,13,1987,Northwest Missouri State,86,,3,28,70,186,WR,0,0,0,0,0,0,0,0,0,0,0,0,0,0,0,0,None,,,,,a,0124.png,,blonde_3023.png,21,66,1,68,72,47,1,6,1,24,1,1,68,0,1,1,1,48,7,1,1,1,1,1,1,1,1,1,1,1,45,35,70,53,67,63,78,0,35,32,68,83,47,33,68
1941,,90,1991,1985,Andre,Reed,5,2,18,1985,Kutztown Pennsylvania,81,,6,27,74,190,WR,5500000,4,5500000,5500000,5500000,5500000,0,0,0,0,0,0,0,0,0,0,None,FanFavorite,,,,b,0070.png,,darkbrown_3014.png,40,90,1,86,88,61,1,18,35,37,5,1,93,0,1,1,1,100,1,1,1,1,1,1,1,1,1,1,1,1,25,66,40,12,34,37,84,0,50,46,56,92,33,59,68
6086,,78,1991,0,Jake,Reed,14,0,0,0,Grambling State,16,,4,28,75,216,WR,250000,1,250000,0,0,0,0,0,0,0,0,0,0,0,0,0,None,,,,,b,0074.png,default-jersey-01.png,bald_3009.png,40,72,1,70,81,58,1,22,28,25,1,1,81,0,1,1,1,96,22,1,1,1,1,1,1,1,1,1,1,1,92,74,91,86,79,81,88,0,46,36,45,85,32,70,10
12478,,66,1991,0,Bryan,Reeves,0,0,0,0,Arizona State,84,,0,24,71,195,WR,0,0,0,0,0,0,0,0,0,0,0,0,0,0,0,0,None,,,,,b,0001.png,,bald_3015.png,29,67,1,68,59,60,1,3,8,23,1,1,64,0,1,1,1,58,35,1,1,1,1,1,1,1,1,1,1,1,5,66,41,33,15,35,79,0,48,44,50,98,38,56,86
6115,,75,1991,0,Reggie,Rembert,0,0,0,0,West Virginia,85,,4,29,77,200,WR,0,0,0,0,0,0,0,0,0,0,0,0,0,0,0,0,None,,,,,b,10071.png,,black_3065.png,34,76,1,71,74,43,1,5,16,7,1,1,72,0,1,1,1,93,2,1,1,1,1,1,1,1,1,1,1,1,14,61,56,34,8,1,72,0,35,45,31,72,40,30,48
12475,,66,1991,0,Steve,Rhem,0,0,0,0,Ark-Monticello,82,,0,23,74,212,WR,0,0,0,0,0,0,0,0,0,0,0,0,0,0,0,0,None,,,,,b,10066.png,,blonde_3007.png,28,68,1,60,74,43,1,8,23,28,1,1,79,0,1,1,1,58,35,1,1,1,1,1,1,1,1,1,1,1,50,57,43,60,47,51,92,0,43,43,31,82,39,56,83
1826,,100,1991,1985,Jerry,Rice,15,1,3,1985,Miss. Valley State,80,,6,29,74,200,WR,13700000,3,13700000,13700000,13700000,0,0,0,0,0,0,0,0,0,0,0,None,PossessionWR,,,,a,10589.png,,blonde_3032.png,47,95,8,95,99,90,7,37,33,34,7,5,98,0,1,1,1,100,30,1,1,1,1,1,1,1,1,1,1,1,61,53,66,60,64,44,83,0,37,36,61,92,41,69,77
7365,,87,1991,1988,Sidney,Rice,5,1,17,1988,South Carolina,87,,3,23,76,200,WR,1750000,1,1750000,0,0,0,0,0,0,0,0,0,0,0,0,0,None,DeepThreat,,,,b,10096.png,,black_3074.png,32,91,1,91,74,58,1,15,13,30,1,1,89,0,1,1,1,100,23,1,1,1,1,1,1,1,1,1,1,1,59,60,31,44,57,63,93,0,38,31,37,81,31,57,67
7259,,78,1991,1988,Laurent,Robinson,17,5,6,1988,Illinois State,12,,3,24,74,192,WR,250000,1,250000,0,0,0,0,0,0,0,0,0,0,0,0,0,None,,,,,b,10087.png,default-jersey-01.png,black_3018.png,31,83,1,74,73,50,1,15,20,25,1,1,76,0,1,1,1,95,20,1,1,1,1,1,1,1,1,1,1,1,61,83,85,99,62,75,99,0,30,36,68,98,49,30,-1
9721,,78,1991,1990,Marcus,Robinson,12,7,15,1990,South Carolina,88,,1,24,75,215,WR,250000,1,250000,0,0,0,0,0,0,0,0,0,0,0,0,0,None,,,,,b,10089.png,default-jersey-01.png,black_3024.png,31,79,1,83,79,47,1,8,20,29,1,1,84,0,1,1,1,61,28,1,1,1,1,1,1,1,1,1,1,1,36,50,43,52,62,50,85,0,45,43,65,75,34,63,71
8660,,84,1991,1989,Wan'Dale,Robinson,12,3,16,1989,Kentucky,84,,2,22,68,185,WR,850000,1,850000,0,0,0,0,0,0,0,0,0,0,0,0,0,None,,,,,b,0015.png,default-jersey-01.png,blonde_3009.png,39,83,1,80,82,55,1,14,23,28,4,3,75,0,1,1,1,100,15,1,1,1,1,1,1,1,1,1,1,1,37,92,71,33,72,95,81,0,50,35,51,95,33,66,96
12463,,69,1991,0,Jermaine,Ross,0,0,0,0,Purdue,89,,0,23,72,192,WR,0,0,0,0,0,0,0,0,0,0,0,0,0,0,0,0,None,,,,,b,0097.png,,bald_3024.png,32,71,1,68,68,54,1,2,14,25,1,1,75,0,1,1,1,59,35,1,1,1,1,1,1,1,1,1,1,1,50,60,62,62,97,94,74,0,39,33,32,75,40,51,79
6227,,63,1991,0,Derek,Russell,0,0,0,0,Arkansas,80,,1,23,72,195,WR,0,0,0,0,0,0,0,0,0,0,0,0,0,0,0,0,None,,,,,b,10053.png,,blonde_3007.png,36,61,1,59,66,50,1,3,14,16,1,1,69,0,1,1,1,61,5,1,1,1,1,1,1,1,1,1,1,1,21,88,74,19,91,78,94,0,35,35,33,75,36,56,96
2418,,72,1991,1985,Clint,Sampson,0,30,14,1985,San Diego State,84,,6,30,71,183,WR,0,0,0,0,0,0,0,0,0,0,0,0,0,0,0,0,None,,,,,b,10096.png,,bald_3040.png,37,70,1,66,66,65,1,12,16,14,1,1,70,0,1,1,1,90,9,1,1,1,1,1,1,1,1,1,1,1,35,70,42,2,38,16,74,0,45,47,54,85,32,52,92
9714,,81,1991,1990,Ricky,Sanders,3,4,12,1990,Texas State,81,,1,25,71,182,WR,500000,2,500000,500000,0,0,0,0,0,0,0,0,0,0,0,0,None,,,,,b,0032.png,default-jersey-01.png,black_3013.png,41,74,1,84,83,61,1,12,14,26,1,1,77,0,1,1,1,60,26,1,1,1,1,1,1,1,1,1,1,1,61,63,97,61,99,82,92,0,42,33,48,74,32,35,16
9779,,64,1991,0,Chuck,Scott,0,0,0,0,Vanderbilt,83,,1,24,74,198,WR,0,0,0,0,0,0,0,0,0,0,0,0,0,0,0,0,None,,,,,b,10093.png,,bald_3011.png,31,68,1,63,63,47,1,12,6,14,1,1,71,0,1,1,1,48,35,1,1,1,1,1,1,1,1,1,1,1,60,99,89,63,61,100,94,0,49,33,33,82,46,52,96
12449,,76,1991,1991,Darnay,Scott,15,3,13,1991,San Diego State,11,,0,22,73,200,WR,750000,3,750000,750000,750000,0,0,0,0,0,0,0,0,0,0,0,None,,,,,b,0002.png,,bald_3026.png,34,67,1,78,77,63,1,23,29,19,1,1,69,0,1,1,1,61,33,1,1,1,1,1,1,1,1,1,1,1,95,99,95,96,62,62,88,0,40,35,53,100,48,45,72
2591,,66,1991,1985,Lindsay,Scott,0,42,18,1985,Georgia,89,,4,29,73,195,WR,0,0,0,0,0,0,0,0,0,0,0,0,0,0,0,0,None,,,,,c,0246.png,,black_3035.png,25,65,1,63,66,51,1,1,21,21,1,1,64,0,1,1,1,83,13,1,1,1,1,1,1,1,1,1,1,1,1,64,91,2,61,96,80,0,39,40,38,93,48,35,93
8662,,81,1991,1989,Rashid,Shaheed,5,6,3,1989,Weber State,80,,2,25,72,180,WR,250000,1,250000,0,0,0,0,0,0,0,0,0,0,0,0,0,None,,,,,b,0087.png,default-jersey-01.png,bald_3041.png,39,81,1,82,84,62,1,15,16,19,2,3,75,0,1,1,1,51,26,1,1,1,1,1,1,1,1,1,1,1,77,49,53,75,38,38,73,0,64,45,64,99,36,54,52
8663,,79,1991,0,Khalil,Shakir,2,0,0,0,Boise State,10,,2,23,72,190,WR,900000,4,900000,900000,900000,900000,0,0,0,0,0,0,0,0,0,0,None,,,,,b,0018.png,default-jersey-01.png,bald_3042.png,38,76,3,80,75,58,7,9,12,17,1,1,80,0,1,1,1,77,26,1,1,1,1,1,1,1,1,1,1,1,56,82,63,42,60,71,71,0,50,49,45,75,49,46,88
12456,,73,1991,1991,Leslie,Shepherd,8,5,14,1991,Temple,88,,0,25,71,186,WR,250000,2,250000,250000,0,0,0,0,0,0,0,0,0,0,0,0,None,,,,,a,0138.png,,lightbrown_3004.png,33,68,1,69,82,61,1,9,15,22,1,1,78,0,1,1,1,62,35,1,1,1,1,1,1,1,1,1,1,1,69,34,43,45,34,48,77,0,44,46,54,83,40,53,81
9739,,78,1991,0,Mike,Sherrard,20,0,0,0,UCLA,82,,1,24,73,185,WR,250000,1,250000,0,0,0,0,0,0,0,0,0,0,0,0,0,None,,,,,a,0129.png,default-jersey-01.png,lightbrown_3048.png,42,80,1,79,75,53,1,20,13,32,1,1,85,0,1,1,1,57,27,1,1,1,1,1,1,1,1,1,1,1,31,62,63,54,61,90,81,0,43,46,44,78,50,33,85
3474,,65,1991,0,Nilo,Silvan,0,0,0,0,Tennessee,84,,1,24,69,176,WR,0,0,0,0,0,0,0,0,0,0,0,0,0,0,0,0,None,ReturnSpecialist,,,,b,10082.png,,bald_3023.png,26,75,1,70,61,39,1,3,23,14,1,1,68,0,1,1,1,37,9,1,1,1,1,1,1,1,1,1,1,1,57,68,82,31,64,61,93,0,33,45,62,98,34,64,82
7310,,84,1991,1988,Mike,Sims-Walker,1,2,15,1988,Central Florida,10,,3,24,74,199,WR,3200000,3,3200000,3200000,3200000,0,0,0,0,0,0,0,0,0,0,0,None,,,,,b,0033.png,,bald_3019.png,35,84,1,88,76,49,1,19,23,37,1,1,82,0,1,1,1,94,19,1,1,1,1,1,1,1,1,1,1,1,44,89,67,35,76,89,74,0,43,34,56,90,50,63,-1
9712,,80,1991,1990,Webster,Slaughter,1,4,18,1990,San Diego State,84,,1,23,73,175,WR,500000,2,500000,500000,0,0,0,0,0,0,0,0,0,0,0,0,None,,,,,a,0150.png,default-jersey-01.png,black_3028.png,50,71,1,86,71,65,1,28,24,38,1,1,72,0,1,1,1,61,27,1,1,1,1,1,1,1,1,1,1,1,41,89,81,32,71,96,91,0,30,48,40,83,45,42,1
12904,26373,71,1991,0,Torrance,Small,0,0,0,0,Alcorn State,0,,0,22,75,209,WR,0,0,0,0,0,0,0,0,0,0,0,0,0,0,0,0,None,,,,,,,,,33,67,1,71,69,60,1,7,30,25,1,1,80,0,0,0,0,65,3,0,0,0,0,0,0,0,0,0,0,0,63,91,77,57,68,94,100,0,43,42,39,81,41,63,81
2729,,53,1991,1985,Jim,Smith,0,54,3,1985,Michigan,83,,4,34,74,205,WR,0,0,0,0,0,0,0,0,0,0,0,0,0,0,0,0,None,,,,,a,0101.png,,lightbrown_3034.png,23,54,1,49,57,39,1,1,9,23,1,1,59,0,1,1,1,48,33,1,1,1,1,1,1,1,1,1,1,1,83,40,40,79,35,63,90,0,32,38,67,91,38,41,85
12827,26605,82,1991,0,Jimmy,Smith,0,0,0,0,Jackson State,0,,0,23,73,213,WR,0,0,0,0,0,0,0,0,0,0,0,0,0,0,0,0,None,,,,,,,,,33,88,1,79,87,58,5,28,31,35,1,1,77,0,0,0,0,54,13,0,0,0,0,0,0,0,0,0,0,0,63,97,61,31,92,64,71,0,39,43,53,96,34,58,82
6196,,65,1991,0,Joey,Smith,0,0,0,0,Louisville,80,,2,24,70,177,WR,0,0,0,0,0,0,0,0,0,0,0,0,0,0,0,0,None,,,,,b,0070.png,,bald_3015.png,29,68,1,58,65,36,1,10,19,24,1,1,73,0,1,1,1,92,1,1,1,1,1,1,1,1,1,1,1,1,33,45,34,53,33,34,84,0,37,38,35,87,33,50,76
12791,26668,68,1991,0,Michael,Smith,0,0,0,0,Kansas State,0,,0,22,68,160,WR,0,0,0,0,0,0,0,0,0,0,0,0,0,0,0,0,None,,,,,,,,,26,68,1,69,74,60,1,1,10,29,1,1,76,0,0,0,0,37,11,0,0,0,0,0,0,0,0,0,0,0,54,78,84,31,100,93,95,0,39,45,32,77,38,48,90
12761,26710,74,1991,0,Rico,Smith,0,0,0,0,Colorado,0,,0,23,72,185,WR,0,0,0,0,0,0,0,0,0,0,0,0,0,0,0,0,None,,,,,,,,,40,68,1,75,66,52,1,13,17,29,1,1,75,0,0,0,0,90,10,0,0,0,0,0,0,0,0,0,0,0,7,36,51,19,11,39,82,0,33,45,64,80,50,31,76
2659,,68,1991,1985,Freddie,Solomon,0,51,16,1985,Tampa,88,,2,34,71,185,WR,0,0,0,0,0,0,0,0,0,0,0,0,0,0,0,0,None,,,,,b,0074.png,,black_3023.png,20,62,1,64,74,66,1,1,11,16,1,1,66,0,1,1,1,75,34,1,1,1,1,1,1,1,1,1,1,1,75,69,78,75,66,95,99,0,46,32,64,96,36,59,83
12464,,70,1991,0,Darryl,Spencer,0,0,0,0,Miami (FL),81,,0,24,68,172,WR,0,0,0,0,0,0,0,0,0,0,0,0,0,0,0,0,None,,,,,b,0019.png,,black_3102.png,26,61,1,78,67,54,1,11,20,27,1,1,80,0,1,1,1,59,35,1,1,1,1,1,1,1,1,1,1,1,55,58,61,40,32,30,97,0,35,37,50,96,39,35,93
5545,,61,1991,0,Micheal,Spurlock,0,0,0,0,Mississippi,84,,4,27,70,214,WR,0,0,0,0,0,0,0,0,0,0,0,0,0,0,0,0,None,,,,,a,0133.png,,darkbrown_3012.png,26,55,1,63,65,44,1,8,2,17,1,1,54,0,1,1,1,57,12,1,1,1,1,1,1,1,1,1,1,1,49,81,62,62,79,63,85,0,30,45,48,86,47,37,39
1912,,76,1991,1985,John,Stallworth,0,11,4,1985,Alabama A&M,82,,4,37,74,191,WR,0,0,0,0,0,0,0,0,0,0,0,0,0,0,0,0,None,LockerLeader,,,,a,0101.png,,darkbrown_3022.png,26,77,1,71,75,53,1,12,26,38,1,1,76,0,1,1,1,99,1,1,1,1,1,1,1,1,1,1,1,1,59,64,100,52,68,83,95,0,30,44,64,80,38,49,1
2240,,85,1991,1985,Walter,Stanley,20,13,11,1985,Colorado,87,,6,29,69,180,WR,3750000,4,3750000,3750000,3750000,3750000,0,0,0,0,0,0,0,0,0,0,None,,,,,a,10552.png,default-jersey-01.png,blonde_3030.png,37,80,1,84,83,61,1,2,29,22,1,1,78,0,1,1,1,100,1,1,1,1,1,1,1,1,1,1,1,1,51,42,56,62,61,52,76,0,45,34,59,70,37,50,24
2641,,72,1991,1985,Stephen,Starring,0,45,8,1985,McNeese State,81,,6,30,70,172,WR,0,0,0,0,0,0,0,0,0,0,0,0,0,0,0,0,None,,,,,a,0145.png,,blonde_3043.png,37,68,1,69,69,47,1,15,31,25,1,1,66,0,1,1,1,95,7,1,1,1,1,1,1,1,1,1,1,1,32,53,33,7,38,40,85,0,44,50,62,97,38,47,9
12736,27321,72,1991,0,Milt,Stegall,0,0,0,0,Miami (OH),0,,0,22,72,184,WR,0,0,0,0,0,0,0,0,0,0,0,0,0,0,0,0,None,,,,,,,,,29,68,1,70,73,49,1,7,24,28,1,1,80,0,0,0,0,85,14,0,0,0,0,0,0,0,0,0,0,0,84,49,63,69,50,52,92,0,39,42,51,97,31,58,98
3487,,65,1991,0,Bryan,Still,0,0,0,0,Virginia Tech,89,,1,23,71,174,WR,0,0,0,0,0,0,0,0,0,0,0,0,0,0,0,0,None,,,,,b,10072.png,,blonde_3004.png,31,61,1,60,65,52,1,1,22,14,1,1,65,0,1,1,1,79,3,1,1,1,1,1,1,1,1,1,1,1,61,93,82,63,81,77,80,0,48,34,30,93,40,44,87
5551,,66,1991,0,Maurice,Stovall,0,0,0,0,Notre Dame,86,,1,22,76,215,WR,0,0,0,0,0,0,0,0,0,0,0,0,0,0,0,0,None,,,,,a,0137.png,,black_3013.png,27,59,1,70,59,42,1,1,16,20,1,1,66,0,1,1,1,87,13,1,1,1,1,1,1,1,1,1,1,1,26,47,68,38,15,31,73,0,30,44,69,96,47,64,71
12482,,60,1991,0,Andre,Street,0,0,0,0,Iowa State,81,,0,22,74,224,WR,0,0,0,0,0,0,0,0,0,0,0,0,0,0,0,0,None,,,,,a,10554.png,,blonde_3025.png,22,69,1,53,57,61,1,1,31,18,1,1,85,0,1,1,1,59,35,1,1,1,1,1,1,1,1,1,1,1,90,56,47,68,49,68,73,0,45,50,34,82,48,64,71
12465,,70,1991,0,Charles,Swann,0,0,0,0,Indiana State,82,,0,24,73,188,WR,0,0,0,0,0,0,0,0,0,0,0,0,0,0,0,0,None,,,,,b,0039.png,,black_3054.png,30,75,1,71,64,59,1,14,9,13,1,1,62,0,1,1,1,58,35,1,1,1,1,1,1,1,1,1,1,1,70,58,30,94,35,46,98,0,49,31,55,78,38,30,84
9767,,66,1991,0,Eric,Swanson,0,0,0,0,Tennessee,84,,1,24,71,186,WR,0,0,0,0,0,0,0,0,0,0,0,0,0,0,0,0,None,,,,,b,0092.png,,black_3051.png,28,66,1,69,66,46,1,3,15,12,1,1,65,0,1,1,1,50,35,1,1,1,1,1,1,1,1,1,1,1,20,68,56,20,19,19,89,0,31,50,66,75,47,37,80
2163,,74,1991,1985,Calvin,Sweeney,0,31,4,1985,California-Riverside,83,,3,33,74,190,WR,0,0,0,0,0,0,0,0,0,0,0,0,0,0,0,0,None,,,,,b,10076.png,,blonde_3004.png,23,73,1,71,73,52,1,5,29,31,1,1,81,0,1,1,1,100,11,1,1,1,1,1,1,1,1,1,1,1,34,92,100,46,93,89,87,0,43,36,41,70,44,37,47
12812,27950,78,1991,0,Jeff,Sydner,0,0,0,0,Hawaii,0,,0,23,66,177,WR,0,0,0,0,0,0,0,0,0,0,0,0,0,0,0,0,None,,,,,,,,,39,78,1,76,76,53,1,10,8,30,1,1,79,0,0,0,0,91,11,0,0,0,0,0,0,0,0,0,0,0,5,49,67,10,15,40,91,0,43,42,37,92,39,67,73
2153,,84,1991,1985,Steve,Tasker,5,13,12,1985,Northwestern,84,,6,29,69,185,WR,3300000,2,3300000,3300000,0,0,0,0,0,0,0,0,0,0,0,0,None,SlotReceiver,,,,a,0104.png,,blonde_3029.png,41,80,1,86,76,64,1,8,18,18,1,1,77,0,1,1,1,95,1,1,1,1,1,1,1,1,1,1,1,1,73,75,62,82,65,80,96,0,46,47,48,86,46,66,29
7122,,77,1991,1988,Courtney,Taylor,0,4,20,1988,Auburn,87,,3,25,75,204,WR,0,0,0,0,0,0,0,0,0,0,0,0,0,0,0,0,None,,,,,b,0003.png,,black_3013.png,39,62,1,79,79,54,1,9,15,24,1,1,68,0,1,1,1,92,26,1,1,1,1,1,1,1,1,1,1,1,46,45,45,35,64,46,85,0,48,42,55,94,43,40,82
6075,,84,1991,0,Yancey,Thigpen,9,0,0,0,Winston-Salem State,87,,4,26,73,208,WR,1500000,3,1500000,1500000,1500000,0,0,0,0,0,0,0,0,0,0,0,None,,,,,b,0062.png,default-jersey-01.png,blonde_3005.png,42,77,1,80,88,54,1,12,26,19,1,1,80,0,1,1,1,95,3,1,1,1,1,1,1,1,1,1,1,1,40,68,97,61,60,87,93,0,43,37,66,97,48,59,98
9745,,68,1991,0,Corey,Thomas,0,0,0,0,Duke,84,,1,24,72,174,WR,0,0,0,0,0,0,0,0,0,0,0,0,0,0,0,0,None,,,,,b,10080.png,,darkbrown_3018.png,21,65,1,72,74,46,1,7,16,19,1,1,79,0,1,1,1,53,35,1,1,1,1,1,1,1,1,1,1,1,72,60,82,67,95,64,90,0,32,45,32,93,48,43,100
12470,,69,1991,0,Damon,Thomas,0,0,0,0,Wayne State (NE),89,,0,24,74,215,WR,0,0,0,0,0,0,0,0,0,0,0,0,0,0,0,0,None,,,,,b,0086.png,,darkbrown_3013.png,35,73,1,72,62,46,1,3,17,16,1,1,78,0,1,1,1,58,35,1,1,1,1,1,1,1,1,1,1,1,78,62,79,82,72,86,79,0,32,47,63,88,45,62,99
6197,,61,1991,0,Doug,Thomas,0,0,0,0,Clemson,84,,1,23,70,178,WR,0,0,0,0,0,0,0,0,0,0,0,0,0,0,0,0,None,,,,,b,0083.png,,black_3035.png,39,61,1,64,59,47,1,1,24,24,1,1,78,0,1,1,1,27,11,1,1,1,1,1,1,1,1,1,1,1,82,63,61,69,45,51,83,0,47,44,30,98,46,62,71
8664,,70,1991,0,Deven,Thompkins,0,0,0,0,N/A,83,,1,22,68,160,WR,0,0,0,0,0,0,0,0,0,0,0,0,0,0,0,0,None,,,,,b,10082.png,,black_3103.png,17,74,1,77,68,33,1,6,1,9,1,1,70,0,1,1,1,73,17,1,1,1,1,1,1,1,1,1,1,1,84,54,56,100,62,60,100,0,37,39,40,82,40,50,82
2804,,67,1991,1985,Weegie,Thompson,0,55,15,1985,Florida State,84,,6,30,78,212,WR,0,0,0,0,0,0,0,0,0,0,0,0,0,0,0,0,None,,,,,b,0057.png,,darkbrown_3006.png,37,72,1,73,61,49,1,1,12,23,1,1,80,0,1,1,1,30,1,1,1,1,1,1,1,1,1,1,1,1,42,61,71,13,67,68,100,0,43,31,32,94,39,59,32
8665,,68,1991,0,Tyquan,Thornton,0,0,0,0,Baylor,11,,2,23,74,182,WR,0,0,0,0,0,0,0,0,0,0,0,0,0,0,0,0,None,,,,,a,0114.png,,red_3035.png,26,69,5,76,70,49,4,1,12,5,1,1,75,0,1,1,1,27,17,1,1,1,1,1,1,1,1,1,1,1,56,62,89,46,68,83,76,0,50,42,61,92,44,54,94
7125,,70,1991,1988,Craphonso,Thorpe,0,7,5,1988,Florida State,80,,3,26,72,187,WR,0,0,0,0,0,0,0,0,0,0,0,0,0,0,0,0,None,,,,,a,0131.png,,lightbrown_3042.png,35,61,1,69,75,54,1,8,20,16,1,1,73,0,1,1,1,64,23,1,1,1,1,1,1,1,1,1,1,1,39,89,88,41,71,77,85,0,39,30,63,72,39,68,44
12780,28726,75,1991,0,Cedric,Tillman,0,0,0,0,Alcorn State,0,,0,22,74,204,WR,0,0,0,0,0,0,0,0,0,0,0,0,0,0,0,0,None,,,,,,,,,29,78,1,69,77,57,1,11,20,19,1,1,71,0,0,0,0,82,21,0,0,0,0,0,0,0,0,0,0,0,64,50,37,94,62,56,95,0,36,43,68,80,34,62,94
8666,,80,1991,0,Jalen,Tolbert,11,0,0,0,South Alabama,18,,2,24,73,195,WR,250000,1,250000,0,0,0,0,0,0,0,0,0,0,0,0,0,None,,,,,a,0108.png,default-jersey-01.png,darkbrown_3006.png,39,81,1,79,76,52,4,11,23,17,3,1,86,0,1,1,1,85,19,1,1,1,1,1,1,1,1,1,1,1,45,75,85,58,99,65,72,0,63,63,67,86,66,45,98
3501,,86,1991,1986,Amani,Toomer,3,3,3,1986,Michigan,81,,5,27,75,208,WR,2250000,2,2250000,2250000,0,0,0,0,0,0,0,0,0,0,0,0,None,SlotReceiver,,,,a,0106.png,,red_3031.png,49,87,1,83,74,65,1,6,37,22,1,1,89,0,1,1,1,97,5,1,1,1,1,1,1,1,1,1,1,1,95,92,90,81,99,72,76,0,37,50,45,90,49,63,1
2067,,90,1991,1985,Al,Toon,6,9,10,1985,Wisconsin,87,,6,28,76,205,WR,4700000,2,4700000,4700000,0,0,0,0,0,0,0,0,0,0,0,0,None,InjuryProne|Legend,,,,b,0015.png,default-jersey-01.png,black_3054.png,53,85,1,84,90,66,1,17,28,28,1,1,75,0,1,1,1,100,2,1,1,1,1,1,1,1,1,1,1,1,26,34,45,23,15,9,97,0,48,32,62,90,31,38,46
5711,,79,1991,1987,Jo-Jo,Townsell II,13,5,19,1987,UCLA,89,,4,29,69,180,WR,250000,2,250000,250000,0,0,0,0,0,0,0,0,0,0,0,0,None,,,,,a,10567.png,,blonde_3037.png,49,78,1,74,78,68,1,26,17,30,1,1,79,0,1,1,1,62,10,1,1,1,1,1,1,1,1,1,1,1,33,83,37,46,60,43,85,0,43,44,43,89,41,46,57
12917,28975,74,1991,0,Brian,Treggs,0,0,0,0,California,0,,0,22,69,161,WR,0,0,0,0,0,0,0,0,0,0,0,0,0,0,0,0,None,,,,,,,,,40,74,1,76,76,57,1,11,10,25,1,1,63,0,0,0,0,42,14,0,0,0,0,0,0,0,0,0,0,0,46,97,69,46,90,72,85,0,37,46,46,94,45,57,83
2367,,79,1991,1985,Daryl,Turner,0,27,13,1985,Michigan State,81,,6,30,75,194,WR,0,0,0,0,0,0,0,0,0,0,0,0,0,0,0,0,None,,,,,b,0095.png,,black_3071.png,44,76,1,74,77,57,1,7,25,32,1,1,75,0,1,1,1,92,3,1,1,1,1,1,1,1,1,1,1,1,51,77,92,63,78,87,89,0,49,44,42,81,40,62,57
3509,,65,1991,0,Iheanyi,Uwaezuoke,0,0,0,0,California,82,,1,24,74,198,WR,0,0,0,0,0,0,0,0,0,0,0,0,0,0,0,0,None,,,,,a,10565.png,,darkbrown_3015.png,25,59,1,71,69,47,1,5,7,25,1,1,64,0,1,1,1,39,4,1,1,1,1,1,1,1,1,1,1,1,91,91,77,89,64,87,73,0,31,37,55,98,32,34,90
9746,,78,1991,0,Clarence,Verdin,12,0,0,0,La-Lafayette,81,,1,24,68,160,WR,250000,1,250000,0,0,0,0,0,0,0,0,0,0,0,0,0,None,,,,,a,10588.png,default-jersey-01.png,lightbrown_3041.png,40,71,1,86,68,60,1,14,19,17,1,1,80,0,1,1,1,66,28,1,1,1,1,1,1,1,1,1,1,1,5,88,79,25,63,77,72,0,49,43,48,84,33,39,69
5567,,78,1991,1987,Marcus,Vick,4,5,17,1987,Virginia Tech,10,,4,26,72,216,WR,1250000,2,1250000,1250000,0,0,0,0,0,0,0,0,0,0,0,0,None,Athlete,,,,b,0083.png,default-jersey-01.png,black_3023.png,25,82,66,86,65,62,72,7,29,20,1,1,80,0,26,1,1,65,1,1,1,1,1,1,1,1,1,1,1,1,66,94,68,67,91,74,71,0,34,33,55,77,36,42,6
8668,,69,1991,0,Jalen,Virgil,0,0,0,0,N/A,15,,1,24,73,210,WR,0,0,0,0,0,0,0,0,0,0,0,0,0,0,0,0,None,,,,,b,10065.png,,black_3096.png,37,68,1,77,65,27,1,14,16,21,1,1,69,0,1,1,1,52,21,1,1,1,1,1,1,1,1,1,1,1,28,53,66,11,23,28,70,0,50,55,58,79,31,49,86
12854,29662,72,1991,0,Barry,Wagner,0,0,0,0,Alabama A&M,0,,0,25,75,213,WR,0,0,0,0,0,0,0,0,0,0,0,0,0,0,0,0,None,,,,,,,,,26,74,1,78,69,60,1,14,8,19,1,1,75,0,0,0,0,38,14,0,0,0,0,0,0,0,0,0,0,0,65,41,41,54,41,54,84,0,44,45,67,79,43,69,90
2806,,69,1991,1985,Byron,Walker,0,56,17,1985,The Citadel,81,,2,27,76,190,WR,0,0,0,0,0,0,0,0,0,0,0,0,0,0,0,0,None,,,,,b,0072.png,,black_3079.png,35,78,1,64,70,51,1,1,11,16,1,1,77,0,1,1,1,53,17,1,1,1,1,1,1,1,1,1,1,1,12,68,84,39,88,94,84,0,44,36,43,92,37,30,74
12695,29856,73,1991,0,Chris,Walsh,0,0,0,0,Stanford,0,,0,24,73,194,WR,0,0,0,0,0,0,0,0,0,0,0,0,0,0,0,0,None,,,,,,,,,30,74,1,74,71,44,1,4,22,25,1,1,64,0,0,0,0,82,3,0,0,0,0,0,0,0,0,0,0,0,46,37,65,66,52,48,86,0,46,36,50,86,34,54,91
9710,,88,1991,1990,Hines,Ward,10,1,20,1990,Georgia,84,,1,23,72,205,WR,1750000,3,1750000,1750000,1750000,0,0,0,0,0,0,0,0,0,0,0,None,ConsummatePro,,,,a,0142.png,default-jersey-01.png,bald_3030.png,38,90,70,87,84,66,65,10,39,26,1,1,85,0,27,1,1,81,28,1,1,1,1,1,1,1,1,1,1,1,86,77,99,71,71,68,83,0,50,31,52,85,36,47,99
5708,,97,1991,1987,Paul,Warfield,10,1,1,1987,Ohio State,42,,4,26,72,188,WR,7500000,6,7500000,7500000,7500000,7500000,7500000,7500000,0,0,0,0,0,0,0,0,None,Pick1Overall|PossessionWR|DeepThreat,,,,b,10068.png,default-jersey-01.png,black_3087.png,56,88,1,92,99,64,1,30,45,30,1,1,99,0,1,1,1,100,20,1,1,1,1,1,1,1,1,1,1,1,48,51,50,67,38,79,75,0,43,41,40,76,37,50,82
9729,,69,1991,0,Vince,Warren,0,0,0,0,San Diego State,81,,1,24,72,180,WR,0,0,0,0,0,0,0,0,0,0,0,0,0,0,0,0,None,,,,,b,0062.png,,bald_3017.png,24,66,1,71,73,51,1,9,23,19,1,1,63,0,1,1,1,54,35,1,1,1,1,1,1,1,1,1,1,1,19,52,53,3,5,13,85,0,50,50,41,71,38,33,92
8669,,69,1991,0,Montrell,Washington,0,0,0,0,N/A,12,,1,23,70,170,WR,0,0,0,0,0,0,0,0,0,0,0,0,0,0,0,0,None,,,,,b,0032.png,,black_3002.png,24,77,1,75,72,39,6,1,8,16,1,1,66,0,1,1,1,33,14,1,1,1,1,1,1,1,1,1,1,1,22,61,95,21,93,86,78,0,66,52,58,94,58,58,72
8670,,85,1991,1989,Christian,Watson,9,2,16,1989,North Dakota St.,84,,2,24,76,208,WR,850000,1,850000,0,0,0,0,0,0,0,0,0,0,0,0,0,None,DeepThreat,,,,a,10582.png,,lightbrown_3049.png,44,82,1,88,76,56,1,12,24,21,1,3,67,0,1,1,1,94,19,1,1,1,1,1,1,1,1,1,1,1,22,89,87,1,86,62,98,0,67,42,50,97,63,50,100
2364,,72,1991,1985,Steve,Watson,0,33,3,1985,Temple,81,,6,34,76,195,WR,0,0,0,0,0,0,0,0,0,0,0,0,0,0,0,0,None,,,,,a,10583.png,default-jersey-01.png,black_3041.png,17,77,1,64,88,52,1,10,26,25,1,1,83,0,1,1,1,59,9,1,1,1,1,1,1,1,1,1,1,1,94,79,98,97,81,73,86,0,48,50,48,92,33,52,100
7169,,70,1991,0,Eric,Weems,0,0,0,0,Bethune-Cookman,82,,3,24,68,182,WR,0,0,0,0,0,0,0,0,0,0,0,0,0,0,0,0,None,,,,,b,0038.png,,black_3004.png,26,70,1,69,75,39,1,7,6,22,1,1,73,0,1,1,1,75,11,1,1,1,1,1,1,1,1,1,1,1,30,78,98,34,100,95,83,0,40,39,39,74,30,62,80
12944,30373,67,1991,0,Gary,Wellman,0,0,0,0,USC,0,,0,25,69,170,WR,0,0,0,0,0,0,0,0,0,0,0,0,0,0,0,0,None,,,,,,,,,34,76,1,71,67,43,1,5,10,14,1,1,65,0,0,0,0,24,12,0,0,0,0,0,0,0,0,0,0,0,65,54,47,52,49,68,70,0,33,34,49,71,33,52,84
12873,30467,68,1991,0,Ronnie,West,0,0,0,0,Pittsburg State,0,,0,24,73,215,WR,0,0,0,0,0,0,0,0,0,0,0,0,0,0,0,0,None,,,,,,,,,23,71,1,76,67,46,1,13,8,16,1,1,71,0,0,0,0,36,5,0,0,0,0,0,0,0,0,0,0,0,28,70,89,34,83,94,94,0,43,32,40,80,40,69,90
2158,,75,1991,1985,Sammy,White,0,27,9,1985,Grambling State,88,,3,34,71,190,WR,0,0,0,0,0,0,0,0,0,0,0,0,0,0,0,0,None,,,,,b,10100.png,,black_3022.png,42,64,1,71,73,68,1,4,19,31,1,1,76,0,1,1,1,98,22,1,1,1,1,1,1,1,1,1,1,1,35,62,43,37,32,18,84,0,31,34,65,77,40,63,65
9730,,70,1991,0,David,Williams,0,0,0,0,Illinois,85,,1,24,75,190,WR,0,0,0,0,0,0,0,0,0,0,0,0,0,0,0,0,None,,,,,a,10568.png,,lightbrown_3022.png,25,72,1,75,65,49,1,9,22,11,1,1,63,0,1,1,1,56,35,1,1,1,1,1,1,1,1,1,1,1,70,85,73,55,100,78,85,0,50,30,69,74,41,45,70
9754,,67,1991,0,Elijah,Williams,0,0,0,0,Florida,89,,1,24,70,181,WR,0,0,0,0,0,0,0,0,0,0,0,0,0,0,0,0,None,,,,,a,10568.png,,blonde_3060.png,38,75,1,68,63,44,1,8,17,12,1,1,64,0,1,1,1,46,35,1,1,1,1,1,1,1,1,1,1,1,55,87,98,62,77,82,93,0,30,30,43,100,49,60,95
8671,,84,1991,1989,Jameson,Williams,2,3,14,1989,Alabama,9,,2,22,74,189,WR,850000,1,850000,0,0,0,0,0,0,0,0,0,0,0,0,0,None,,,,,b,10052.png,,black_3074.png,41,85,1,86,77,55,1,11,18,20,1,3,74,0,1,1,1,90,10,1,1,1,1,1,1,1,1,1,1,1,43,67,47,69,60,35,96,0,47,37,50,82,39,60,63
9782,,62,1991,0,Keith,Williams,0,0,0,0,Southwest Missouri State,84,,1,23,70,173,WR,0,0,0,0,0,0,0,0,0,0,0,0,0,0,0,0,None,,,,,c,0236.png,,black_3044.png,19,58,1,58,74,46,1,12,10,11,1,1,71,0,1,1,1,54,35,1,1,1,1,1,1,1,1,1,1,1,66,50,62,51,45,38,82,0,41,42,47,70,43,65,98
5597,,91,1991,1987,Mike,Williams,12,2,18,1987,Online Classes?,17,,4,26,77,220,WR,14000000,3,14000000,14000000,14000000,0,0,0,0,0,0,0,0,0,0,0,None,,,,,b,10055.png,,bald_3013.png,48,78,3,87,96,62,1,20,38,32,4,1,92,0,1,1,1,100,17,1,1,1,1,1,1,1,1,1,1,1,60,92,76,48,81,94,100,0,36,50,43,80,36,32,58
3529,,80,1991,1986,Stepfret,Williams,3,4,5,1986,La-Monroe,85,,5,28,72,170,WR,250000,4,250000,250000,250000,250000,0,0,0,0,0,0,0,0,0,0,None,,,,,b,10072.png,,blonde_3002.png,31,78,1,79,78,64,1,12,11,15,1,1,80,0,1,1,1,95,1,1,1,1,1,1,1,1,1,1,1,1,56,31,72,65,48,55,74,0,45,45,55,92,41,46,1
7293,,65,1991,0,Matt,Willis,0,0,0,0,UCLA,88,,1,23,71,185,WR,0,0,0,0,0,0,0,0,0,0,0,0,0,0,0,0,None,,,,,b,10059.png,,bald_3036.png,19,61,1,63,66,53,1,1,17,11,1,1,64,0,1,1,1,91,15,1,1,1,1,1,1,1,1,1,1,1,72,88,87,100,65,82,94,0,35,47,57,91,43,66,97
8672,,89,1991,1989,Garrett,Wilson,20,1,13,1989,Ohio State,17,,2,23,72,192,WR,2100000,2,2100000,2300000,0,0,0,0,0,0,0,0,0,0,0,0,None,,,,,b,0099.png,,black_3020.png,39,85,1,86,87,74,1,12,25,17,3,1,78,0,1,1,1,96,13,1,1,1,1,1,1,1,1,1,1,1,38,66,58,65,53,32,72,0,48,38,35,83,32,63,11
12457,,74,1991,1991,Tydus,Winans,4,7,7,1991,Fresno State,12,,0,22,71,180,WR,250000,2,250000,250000,0,0,0,0,0,0,0,0,0,0,0,0,None,,,,,b,0020.png,,black_3023.png,36,68,1,75,74,62,1,1,18,13,1,1,68,0,1,1,1,63,31,1,1,1,1,1,1,1,1,1,1,1,30,34,66,4,30,2,87,0,31,50,42,78,43,30,73
6209,,66,1991,0,Eric,Wright,0,0,0,0,Stephen F. Austin,87,,1,23,72,196,WR,0,0,0,0,0,0,0,0,0,0,0,0,0,0,0,0,None,,,,,b,0071.png,,black_3091.png,23,61,1,70,63,44,1,10,16,28,1,1,66,0,1,1,1,79,7,1,1,1,1,1,1,1,1,1,1,1,33,60,38,40,49,64,75,0,31,31,44,86,37,59,81
9768,,63,1991,0,Eric,Yarber,0,0,0,0,Idaho,83,,1,24,68,156,WR,0,0,0,0,0,0,0,0,0,0,0,0,0,0,0,0,None,,,,,b,0041.png,,black_3074.png,35,70,1,63,59,43,1,3,22,17,1,1,67,0,1,1,1,48,35,1,1,1,1,1,1,1,1,1,1,1,69,68,80,36,64,75,89,0,46,44,43,91,39,31,97
12471,,68,1991,0,Ryan,Yarborough,0,0,0,0,Wyoming,83,,0,23,74,195,WR,0,0,0,0,0,0,0,0,0,0,0,0,0,0,0,0,None,,,,,a,0150.png,,lightbrown_3089.png,37,62,1,76,61,44,1,12,11,14,1,1,74,0,1,1,1,59,35,1,1,1,1,1,1,1,1,1,1,1,63,65,57,33,68,46,77,0,40,35,64,86,32,46,78
2506,,76,1991,1985,Mike,Young,18,38,5,1985,UCLA,87,,6,29,73,187,WR,1150000,3,1150000,1150000,1150000,0,0,0,0,0,0,0,0,0,0,0,None,,,,,a,0123.png,default-jersey-01.png,lightbrown_3051.png,41,67,1,75,69,65,1,7,27,22,1,1,78,0,1,1,1,89,1,1,1,1,1,1,1,1,1,1,1,1,63,48,54,60,65,42,82,0,41,39,69,90,31,33,39
2706,,79,1991,1985,Patrick,Allen,0,29,14,1985,Utah State,29,,6,30,70,180,CB,0,0,0,0,0,0,0,0,0,0,0,0,0,0,0,0,None,,,,,a,0141.png,,lightbrown_3011.png,38,78,1,79,43,55,1,1,1,40,1,1,77,0,1,1,1,1,1,1,1,1,1,1,1,1,1,93,1,1,62,69,33,41,43,61,74,0,36,41,57,96,48,67,60
10144,,79,1991,0,Pat,Ballage,1,0,0,0,Notre Dame,22,,1,23,73,202,CB,250000,1,250000,0,0,0,0,0,0,0,0,0,0,0,0,0,None,,,,,b,10096.png,default-jersey-01.png,black_3089.png,44,77,1,79,51,49,1,1,1,45,1,1,65,0,1,1,1,1,1,1,1,1,1,1,1,1,1,65,26,26,76,62,53,61,30,58,80,0,44,45,42,93,32,60,45
7332,,65,1991,0,Rashad,Barksdale,0,0,0,0,Albany (NY),24,,3,25,74,210,CB,0,0,0,0,0,0,0,0,0,0,0,0,0,0,0,0,None,,,,,b,0022.png,,black_3014.png,42,57,1,69,43,39,1,1,1,30,1,1,55,0,1,1,1,1,1,1,1,1,1,1,1,1,1,67,12,4,36,78,99,15,74,66,83,0,42,32,67,87,38,60,70
7165,,67,1991,0,Eric,Bassey,0,0,0,0,Oklahoma,32,,1,24,73,203,CB,0,0,0,0,0,0,0,0,0,0,0,0,0,0,0,0,None,,,,,a,10550.png,,darkbrown_3065.png,35,62,1,73,39,42,1,1,1,35,1,1,71,0,1,1,1,1,1,1,1,1,1,1,1,1,1,67,15,11,53,79,82,62,69,74,73,0,45,36,54,99,36,40,100
12640,,84,1991,1991,Myron,Bell,17,3,10,1991,Michigan State,40,,0,23,71,203,CB,750000,3,750000,750000,750000,0,0,0,0,0,0,0,0,0,0,0,None,,,,,b,10086.png,,black_3050.png,40,78,1,83,61,61,1,1,1,46,1,1,64,0,1,1,1,1,1,1,1,1,1,1,1,1,1,58,31,34,94,70,65,86,68,69,77,0,36,44,35,76,42,35,51
3396,,84,1991,1986,Ricky,Bell,14,4,9,1986,North Carolina State,47,,5,27,70,194,CB,2350000,3,2350000,2350000,2350000,0,0,0,0,0,0,0,0,0,0,0,None,,,,,b,10089.png,default-jersey-01.png,black_3073.png,39,75,1,80,55,52,1,1,1,52,1,1,68,0,1,1,1,1,1,1,1,1,1,1,1,1,1,99,1,1,24,85,84,27,94,84,99,0,48,38,64,95,40,70,28
12638,,87,1991,1991,Jay,Bellamy,7,2,11,1991,Rutgers,42,,0,22,71,200,CB,1000000,3,1000000,1000000,1000000,0,0,0,0,0,0,0,0,0,0,0,None,Athlete,,,,a,0129.png,default-jersey-01.png,darkbrown_3049.png,51,83,1,83,53,64,1,1,1,57,1,1,69,0,1,1,1,1,1,1,1,1,1,1,1,1,1,57,34,34,73,79,85,93,75,100,84,0,39,40,35,88,44,68,89
12774,1969,74,1991,0,Jason,Belser,0,0,0,0,Oklahoma,0,,0,22,69,188,CB,0,0,0,0,0,0,0,0,0,0,0,0,0,0,0,0,None,,,,,,,,,55,78,1,68,48,43,1,1,1,34,1,1,70,0,0,0,0,0,0,0,0,0,0,0,0,0,0,86,1,11,36,85,61,32,92,75,84,0,44,34,34,94,33,59,77
8366,,83,1991,0,Christian,Benford,5,0,0,0,Villanova,47,,2,22,73,205,CB,300000,6,300000,300000,300000,300000,300000,300000,0,0,0,0,0,0,0,0,None,,,,,a,0133.png,default-jersey-01.png,darkbrown_3090.png,46,76,6,77,70,51,1,8,7,53,3,1,78,0,1,1,1,1,1,1,1,1,1,1,1,1,1,55,26,26,37,69,76,32,98,89,82,0,30,48,44,80,38,32,99
7172,,68,1991,0,Fred,Bennett,0,0,0,0,South Carolina,47,,2,25,73,196,CB,0,0,0,0,0,0,0,0,0,0,0,0,0,0,0,0,None,,,,,b,0008.png,,black_3067.png,35,66,1,59,45,49,1,1,1,43,1,1,72,0,1,1,1,1,1,1,1,1,1,1,1,1,1,64,9,14,57,59,65,55,65,65,87,0,40,40,66,84,37,54,10
2708,,68,1991,1985,Rufus,Bess,0,41,4,1985,South Carolina State,44,,3,32,69,184,CB,0,0,0,0,0,0,0,0,0,0,0,0,0,0,0,0,None,,,,,a,0112.png,,darkbrown_3042.png,23,75,1,53,45,57,1,1,1,35,1,1,75,0,1,1,1,1,1,1,1,1,1,1,1,1,1,85,1,10,21,63,96,37,65,66,87,0,47,39,66,90,38,37,22
5486,,89,1991,1987,Antoine,Bethea,16,3,12,1987,Howard,40,,4,26,71,203,CB,4550000,4,4550000,3550000,2550000,2550000,0,0,0,0,0,0,0,0,0,0,None,,,,,b,0022.png,default-jersey-01.png,darkbrown_3006.png,64,74,3,81,54,59,1,1,1,72,1,1,91,0,1,1,1,1,1,1,1,1,1,1,1,1,11,56,83,7,46,66,55,42,31,64,74,0,32,33,65,99,32,31,52
10136,,77,1991,1990,Lewis,Billups,0,5,18,1990,North Alabama,37,,1,24,71,190,CB,0,0,0,0,0,0,0,0,0,0,0,0,0,0,0,0,None,,,,,b,0023.png,,black_3033.png,36,71,1,75,59,53,1,1,1,44,1,1,79,0,1,1,1,1,1,1,1,1,1,1,1,1,1,53,28,33,19,50,70,5,26,9,90,0,47,50,70,84,31,66,48
10154,,69,1991,0,Terry,Billups,0,0,0,0,North Carolina,25,,1,24,69,180,CB,0,0,0,0,0,0,0,0,0,0,0,0,0,0,0,0,None,,,,,b,0014.png,,darkbrown_3013.png,33,70,1,73,47,38,1,1,1,37,1,1,56,0,1,1,1,1,1,1,1,1,1,1,1,1,1,56,30,35,39,67,74,60,89,84,92,0,37,31,56,85,46,42,84
5506,,79,1991,1987,Will,Blackmon,9,3,13,1987,Boston College,31,,4,26,72,200,CB,1500000,2,1500000,1500000,0,0,0,0,0,0,0,0,0,0,0,0,None,,,,,a,0128.png,default-jersey-01.png,darkbrown_3042.png,31,81,1,90,43,40,1,1,1,42,1,1,67,0,1,1,1,1,1,1,1,1,1,1,1,1,1,79,4,2,94,52,58,69,32,41,89,0,47,39,55,84,37,67,99
8368,,86,1991,1989,DaRon,Bland,19,6,5,1989,Fresno State,26,,2,24,72,197,CB,3000000,2,3000000,3000000,0,0,0,0,0,0,0,0,0,0,0,0,None,ZoneCorner,,,,b,10085.png,default-jersey-01.png,blonde_3006.png,44,74,1,76,76,64,1,8,7,48,3,5,79,0,1,1,1,1,1,1,1,1,1,1,1,1,1,70,16,22,63,66,46,66,69,47,100,0,52,70,61,79,36,32,77
3465,,87,1991,1986,Juran,Bolden,17,2,10,1986,Mississippi Delta Community College,25,,5,27,74,207,CB,2100000,1,2100000,0,0,0,0,0,0,0,0,0,0,0,0,0,None,MediaDarling,,,,b,0050.png,default-jersey-01.png,black_3037.png,52,76,1,76,67,61,1,1,1,49,1,1,81,0,1,1,1,1,1,1,1,1,1,1,1,1,1,91,18,7,63,80,87,55,92,98,78,0,30,44,53,89,42,37,-1
8369,,84,1991,1989,Andrew,Booth Jr,1,5,3,1989,Clemson,23,,2,22,72,194,CB,5500000,6,5500000,4500000,4000000,4000000,4000000,4000000,0,0,0,0,0,0,0,0,None,,,,,b,0059.png,,black_3047.png,45,81,7,75,69,48,18,8,7,45,1,4,75,0,1,1,1,1,1,1,1,1,1,1,1,1,1,96,17,17,28,62,51,36,24,20,75,0,48,33,48,72,32,30,0
12653,,66,1991,0,Jocelyn,Borgella,0,0,0,0,Cincinnati,24,,0,23,70,180,CB,0,0,0,0,0,0,0,0,0,0,0,0,0,0,0,0,None,,,,,a,10565.png,,red_3022.png,43,62,1,62,52,38,1,1,1,37,1,1,65,0,1,1,1,1,1,1,1,1,1,1,1,1,1,53,35,35,64,51,51,93,33,40,99,0,36,32,64,76,31,34,76
5566,,67,1991,1987,Michael,Bragg,0,7,8,1987,Texas A&M-Kingsville,40,,4,29,73,190,CB,0,0,0,0,0,0,0,0,0,0,0,0,0,0,0,0,None,,,,,b,0023.png,,black_3042.png,26,67,1,71,41,47,1,1,1,23,1,1,66,0,1,1,1,1,1,1,1,1,1,1,1,1,1,87,8,1,83,70,67,100,91,72,79,0,44,42,52,79,30,56,89
3521,,66,1991,0,Dorian,Brew,0,0,0,0,Kansas,34,,1,23,70,182,CB,0,0,0,0,0,0,0,0,0,0,0,0,0,0,0,0,None,,,,,b,10078.png,,lightbrown_3001.png,25,60,1,74,52,37,1,1,1,41,1,1,61,0,1,1,1,1,1,1,1,1,1,1,1,1,1,18,2,8,35,38,63,63,50,49,91,0,34,30,58,71,46,55,92
12641,,83,1991,1991,Bucky,Brooks,12,3,5,1991,North Carolina,45,,0,23,72,192,CB,750000,3,750000,750000,750000,0,0,0,0,0,0,0,0,0,0,0,None,,,,,a,10559.png,,darkbrown_3104.png,49,70,1,85,45,61,1,1,1,64,1,1,69,0,1,1,1,1,1,1,1,1,1,1,1,1,1,35,33,50,70,61,35,88,53,30,96,0,32,32,59,89,49,32,89
10133,,84,1991,1990,Eric,Brown,18,4,2,1990,Mississippi State,34,,1,24,73,210,CB,500000,2,500000,500000,0,0,0,0,0,0,0,0,0,0,0,0,None,,,,,a,10595.png,,darkbrown_3014.png,46,78,1,83,55,57,1,1,1,51,1,1,68,0,1,1,1,1,1,1,1,1,1,1,1,1,1,65,27,26,35,55,64,35,44,54,72,0,42,35,50,80,44,55,94
6114,,96,1991,0,Larry,Brown,6,0,0,0,TCU,27,,4,26,71,186,CB,6500000,4,6500000,5700000,5750000,5750000,0,0,0,0,0,0,0,0,0,0,None,FanFavorite,,,,b,0027.png,default-jersey-01.png,bald_3030.png,51,84,1,82,64,75,1,1,1,66,1,1,81,0,1,1,1,1,1,1,1,1,1,1,1,1,1,99,13,7,71,57,68,60,40,42,77,0,44,45,46,80,41,42,26
8371,,76,1991,1989,Coby,Bryant,0,7,3,1989,Cincinnati,8,,2,24,73,193,CB,0,0,0,0,0,0,0,0,0,0,0,0,0,0,0,0,None,,,,,a,10583.png,,red_3027.png,41,71,3,71,66,54,1,1,1,40,1,5,73,0,1,1,1,1,1,1,1,1,1,1,1,1,1,43,14,26,47,33,56,30,40,37,96,0,56,58,54,91,70,39,20
3279,,58,1991,0,Ronnie,Burgess,0,0,0,0,Wake Forest,39,,2,24,71,174,CB,0,0,0,0,0,0,0,0,0,0,0,0,0,0,0,0,None,,,,,b,10052.png,,darkbrown_3003.png,33,59,1,57,48,38,1,1,1,24,1,1,63,0,1,1,1,1,1,1,1,1,1,1,1,1,1,36,9,4,34,46,29,40,19,40,75,0,44,46,47,87,30,59,89
3095,,68,1991,1985,Derrick,Burroughs,0,48,2,1985,Memphis,20,,6,29,73,180,CB,0,0,0,0,0,0,0,0,0,0,0,0,0,0,0,0,None,,,,,b,10095.png,,red_3002.png,42,66,1,78,41,44,1,1,1,29,1,1,67,0,1,1,1,1,1,1,1,1,1,1,1,1,1,44,1,1,11,34,44,26,21,29,95,0,42,39,31,89,33,41,24
12654,,64,1991,0,James,Burton,0,0,0,0,Fresno State,34,,0,23,69,184,CB,0,0,0,0,0,0,0,0,0,0,0,0,0,0,0,0,None,,,,,a,0108.png,,darkbrown_3092.png,43,61,1,60,50,38,1,1,1,37,1,1,65,0,1,1,1,1,1,1,1,1,1,1,1,1,1,52,35,35,77,35,50,72,67,48,99,0,37,40,48,97,49,59,72
5623,,69,1991,1987,Jarrett,Bush,0,7,11,1987,Utah State,22,,4,26,72,194,CB,0,0,0,0,0,0,0,0,0,0,0,0,0,0,0,0,None,,,,,b,10063.png,,black_3048.png,30,71,1,66,51,47,1,1,1,42,1,1,56,0,1,1,1,1,1,1,1,1,1,1,1,1,1,38,5,2,61,75,97,47,91,74,88,0,43,48,67,100,50,54,81
10139,,80,1991,0,Barney,Bussey,9,0,0,0,South Carolina State,29,,1,25,72,215,CB,250000,1,250000,0,0,0,0,0,0,0,0,0,0,0,0,0,None,,,,,a,10599.png,default-jersey-01.png,black_3022.png,49,75,1,80,51,52,1,1,1,47,1,1,75,0,1,1,1,1,1,1,1,1,1,1,1,1,1,64,26,27,78,67,84,84,73,85,77,0,30,33,70,87,38,56,100
2202,,87,1991,1985,Bobby,Butler,7,15,4,1985,Florida State,31,,6,32,71,174,CB,7800000,1,7800000,0,0,0,0,0,0,0,0,0,0,0,0,0,None,,,,,a,0134.png,,bald_3014.png,36,74,1,77,65,63,1,1,1,55,1,1,68,0,1,1,1,1,1,1,1,1,1,1,1,1,1,96,23,11,30,53,63,32,58,27,94,0,33,30,66,78,44,61,57
12649,,67,1991,0,Israel,Byrd,0,0,0,0,Utah State,40,,0,23,71,184,CB,0,0,0,0,0,0,0,0,0,0,0,0,0,0,0,0,None,,,,,b,10059.png,,bald_3041.png,31,65,1,75,43,38,1,1,1,36,1,1,63,0,1,1,1,1,1,1,1,1,1,1,1,1,1,52,35,35,40,93,77,2,78,97,94,0,34,39,44,93,30,36,72
10147,,69,1991,0,Carl,Carter,0,0,0,0,Texas Tech,48,,1,23,71,180,CB,0,0,0,0,0,0,0,0,0,0,0,0,0,0,0,0,None,,,,,a,0131.png,,red_3028.png,38,71,1,69,48,41,1,1,1,36,1,1,73,0,1,1,1,1,1,1,1,1,1,1,1,1,1,52,30,35,5,57,67,27,14,23,88,0,50,44,40,91,47,44,85
6057,,84,1991,0,Marty,Carter,6,0,0,0,Middle Tenn. State,21,,4,26,73,209,CB,250000,1,250000,0,0,0,0,0,0,0,0,0,0,0,0,0,None,,,,,a,10555.png,default-jersey-01.png,black_3002.png,50,89,1,69,67,59,1,1,1,41,1,1,65,0,1,1,1,1,1,1,1,1,1,1,1,1,1,92,26,26,80,72,62,96,78,65,92,0,44,45,65,87,39,42,65
2982,,72,1991,1985,Russell,Carter,0,57,9,1985,SMU,45,,6,29,74,195,CB,0,0,0,0,0,0,0,0,0,0,0,0,0,0,0,0,None,,,,,b,0056.png,,black_3061.png,34,64,1,76,52,45,1,1,1,31,1,1,66,0,1,1,1,1,1,1,1,1,1,1,1,1,1,78,1,1,96,35,52,64,36,43,74,0,32,46,66,90,44,68,1
2621,,84,1991,1985,Wendell,Cason,8,26,14,1985,Oregon,25,,6,28,71,191,CB,1850000,2,1850000,1800000,0,0,0,0,0,0,0,0,0,0,0,0,None,ReturnSpecialist,,,,b,10063.png,,black_3035.png,47,83,1,81,47,62,1,1,1,44,1,1,82,0,1,1,1,1,1,1,1,1,1,1,1,1,1,91,4,1,95,68,54,83,47,64,99,0,44,39,54,85,48,50,14
10176,,89,1991,1990,Corey,Chavous,12,3,15,1990,Vanderbilt,32,,1,23,73,205,CB,750000,2,750000,750000,0,0,0,0,0,0,0,0,0,0,0,0,None,,,,,a,0141.png,,darkbrown_3096.png,62,65,1,90,56,72,1,1,1,64,1,1,76,0,1,1,1,1,1,1,1,1,1,1,1,1,1,40,27,52,73,85,68,83,85,70,88,0,35,45,65,90,39,37,79
12651,,66,1991,0,Willie,Clark,0,0,0,0,Notre Dame,36,,0,22,70,186,CB,0,0,0,0,0,0,0,0,0,0,0,0,0,0,0,0,None,,,,,a,0120.png,,lightbrown_3084.png,33,62,1,65,47,40,1,1,1,39,1,1,60,0,1,1,1,1,1,1,1,1,1,1,1,1,1,51,35,35,41,69,73,38,69,73,92,0,34,38,62,100,33,44,95
3564,,68,1991,0,Lee,Cole,0,0,0,0,Arizona State,20,,1,23,71,188,CB,0,0,0,0,0,0,0,0,0,0,0,0,0,0,0,0,None,,,,,b,0006.png,,black_3010.png,41,64,1,61,53,52,1,1,1,35,1,1,64,0,1,1,1,1,1,1,1,1,1,1,1,1,1,62,1,7,33,82,66,65,64,73,75,0,31,49,65,97,43,55,77
5652,,64,1991,0,Drew,Coleman,0,0,0,0,TCU,31,,1,24,68,173,CB,0,0,0,0,0,0,0,0,0,0,0,0,0,0,0,0,None,,,,,c,0248.png,,black_3030.png,37,73,1,65,45,43,1,1,1,31,1,1,58,0,1,1,1,1,1,1,1,1,1,1,1,1,1,29,7,1,30,63,43,18,20,19,96,0,45,38,63,79,43,35,97
2854,,83,1991,1985,Evan,Cooper,5,43,15,1985,Michigan,27,,6,29,71,185,CB,250000,1,250000,0,0,0,0,0,0,0,0,0,0,0,0,0,None,,,,,a,10566.png,default-jersey-01.png,blonde_3049.png,50,77,1,85,54,59,1,1,1,41,1,1,84,0,1,1,1,1,1,1,1,1,1,1,1,1,1,69,4,2,73,99,64,100,94,75,86,0,34,37,48,81,37,55,34
6012,,68,1991,0,Tony,Covington,0,0,0,0,Virginia,48,,4,28,71,192,CB,0,0,0,0,0,0,0,0,0,0,0,0,0,0,0,0,None,,,,,b,10057.png,,black_3004.png,28,61,1,72,39,50,1,1,1,35,1,1,66,0,1,1,1,1,1,1,1,1,1,1,1,1,1,67,1,1,64,56,60,30,34,36,98,0,32,36,32,79,37,50,1
5663,,90,1991,1987,Antonio,Cromartie,19,3,5,1987,Florida State,21,,4,26,74,210,CB,11000000,3,11000000,11000000,11000000,0,0,0,0,0,0,0,0,0,0,0,None,,,,,a,0130.png,default-jersey-01.png,bald_3034.png,42,82,1,88,58,54,1,1,1,57,1,1,74,0,1,1,1,1,1,1,1,1,1,1,1,1,1,98,23,14,78,46,32,63,47,65,95,0,42,37,65,80,30,30,-1
12928,6363,70,1991,0,Chris,Crooms,0,0,0,0,Texas A&M,0,,0,23,74,211,CB,0,0,0,0,0,0,0,0,0,0,0,0,0,0,0,0,None,,,,,,,,,40,61,1,70,48,45,1,1,1,45,1,1,58,0,0,0,0,0,0,0,0,0,0,0,0,0,0,48,0,12,66,97,69,66,97,61,80,0,34,32,57,78,46,65,75
2065,,90,1991,1985,Eugene,Daniel,12,11,11,1985,LSU,38,,6,30,71,178,CB,2500000,3,2500000,2500000,2500000,0,0,0,0,0,0,0,0,0,0,0,None,,,,,b,0041.png,,darkbrown_3022.png,38,67,1,86,62,49,1,1,1,70,1,1,73,0,1,1,1,1,1,1,1,1,1,1,1,1,1,100,1,1,59,31,53,66,47,66,87,0,46,30,63,81,41,70,62
12700,6721,70,1991,0,Matt,Darby,0,0,0,0,UCLA,0,,0,24,74,200,CB,0,0,0,0,0,0,0,0,0,0,0,0,0,0,0,0,None,,,,,,,,,37,69,1,72,49,45,1,1,1,48,1,1,77,0,0,0,0,0,0,0,0,0,0,0,0,0,0,15,9,1,61,77,60,69,95,77,78,0,35,31,68,83,34,59,98
10148,,69,1991,0,Donovin,Darius,0,0,0,0,Syracuse,39,,1,24,73,225,CB,0,0,0,0,0,0,0,0,0,0,0,0,0,0,0,0,None,,,,,b,0030.png,,black_3051.png,37,67,1,76,43,51,1,1,1,28,1,1,82,0,1,1,1,1,1,1,1,1,1,1,1,1,1,51,30,35,100,62,32,64,47,58,79,0,40,37,33,76,48,44,98
6042,,72,1991,0,Dexter,Davis,0,0,0,0,Clemson,37,,4,25,70,190,CB,0,0,0,0,0,0,0,0,0,0,0,0,0,0,0,0,None,,,,,b,0038.png,,darkbrown_3001.png,37,69,1,73,49,40,1,1,1,34,1,1,67,0,1,1,1,1,1,1,1,1,1,1,1,1,1,92,1,1,37,88,60,59,62,96,91,0,46,37,67,70,40,44,6
2268,,74,1991,1985,Preston,Davis,0,19,14,1985,Baylor,27,,6,29,71,180,CB,0,0,0,0,0,0,0,0,0,0,0,0,0,0,0,0,None,,,,,a,10554.png,,blonde_3047.png,44,74,1,75,51,36,1,1,1,32,1,1,78,0,1,1,1,1,1,1,1,1,1,1,1,1,1,93,1,1,10,41,36,40,18,8,87,0,39,42,64,89,30,48,1
3243,,60,1991,0,Wayne,Davis,0,0,0,0,Indiana State,20,,2,24,71,175,CB,0,0,0,0,0,0,0,0,0,0,0,0,0,0,0,0,None,,,,,a,0112.png,,blonde_3055.png,30,57,1,61,34,39,1,1,1,29,1,1,66,0,1,1,1,1,1,1,1,1,1,1,1,1,1,80,12,5,62,71,65,65,90,90,71,0,35,40,31,85,50,52,84
2847,,68,1991,1985,Vernon,Dean,0,45,9,1985,San Diego State,32,,4,30,71,178,CB,0,0,0,0,0,0,0,0,0,0,0,0,0,0,0,0,None,,,,,a,0118.png,,lightbrown_3017.png,28,64,1,61,50,54,1,1,1,38,1,1,62,0,1,1,1,1,1,1,1,1,1,1,1,1,1,67,9,3,19,61,46,43,32,6,92,0,41,44,43,86,42,38,63
1956,,92,1991,1985,Hanford,Dixon,0,7,11,1985,Southern Miss,29,,5,32,71,186,CB,0,0,0,0,0,0,0,0,0,0,0,0,0,0,0,0,None,ZoneCorner,,,,a,10592.png,,blonde_3048.png,57,82,1,88,61,67,1,1,1,49,1,5,80,0,1,1,1,1,1,1,1,1,1,1,1,1,1,100,17,13,63,65,92,36,63,61,73,0,41,31,36,80,47,58,94
2217,,90,1991,1985,Jeff,Donaldson,13,14,8,1985,Colorado,31,,6,29,72,192,CB,2000000,1,2000000,0,0,0,0,0,0,0,0,0,0,0,0,0,None,,,,,a,10598.png,default-jersey-01.png,darkbrown_3086.png,40,85,1,83,65,47,1,1,1,61,1,1,76,0,1,1,1,1,1,1,1,1,1,1,1,1,1,96,1,1,95,48,66,78,42,47,81,0,34,35,44,90,35,41,0
12643,,82,1991,1991,Tyronne,Drakeford,11,2,17,1991,Virginia Tech,42,,0,23,71,185,CB,750000,3,750000,750000,750000,0,0,0,0,0,0,0,0,0,0,0,None,FilmGeek,,,,b,10078.png,default-jersey-01.png,black_3074.png,41,79,1,82,56,59,1,1,1,45,1,1,79,0,1,1,1,1,1,1,1,1,1,1,1,1,1,53,32,32,60,58,63,57,63,59,99,0,49,40,48,97,39,69,76
10155,,71,1991,0,Robert,Ducksworth,0,0,0,0,Southern Miss,25,,1,24,71,200,CB,0,0,0,0,0,0,0,0,0,0,0,0,0,0,0,0,None,,,,,a,0133.png,,darkbrown_3031.png,41,62,1,76,49,45,1,1,1,36,1,1,63,0,1,1,1,1,1,1,1,1,1,1,1,1,1,55,30,35,33,50,37,12,24,17,95,0,43,42,35,94,33,52,83
8372,,84,1991,0,Cobie,Durant,11,0,0,0,S.C. State,24,,2,25,71,180,CB,250000,2,250000,250000,0,0,0,0,0,0,0,0,0,0,0,0,None,,,,,b,0022.png,default-jersey-01.png,bald_3016.png,37,77,18,85,69,57,33,1,2,33,5,8,75,0,1,1,1,1,1,1,1,1,1,1,1,1,1,93,11,25,28,76,63,14,61,97,88,0,60,48,60,70,54,52,39
8373,,83,1991,1989,Herman,Edwards II,9,5,11,1989,California,38,,2,23,72,194,CB,2000000,5,2000000,1400000,1400000,1400000,1400000,0,0,0,0,0,0,0,0,0,None,RoleModel,,,,b,10082.png,default-jersey-01.png,black_3030.png,40,73,1,83,55,66,1,1,1,50,1,1,77,0,1,1,1,1,1,1,1,1,1,1,1,1,1,59,16,22,10,65,68,2,7,32,88,0,44,41,52,100,49,59,39
8374,,89,1991,1989,Kaiir,Elam,5,3,17,1989,Florida,24,,2,22,73,191,CB,850000,1,850000,0,0,0,0,0,0,0,0,0,0,0,0,0,None,FanFavorite,,,,a,0119.png,default-jersey-01.png,lightbrown_3014.png,46,84,3,89,72,59,14,8,7,46,2,3,78,0,1,1,1,1,1,1,1,1,1,1,1,1,1,53,10,19,59,68,55,49,55,58,97,0,30,50,66,87,46,39,43
3047,,69,1991,1985,Donnie,Elder,0,58,5,1985,Memphis,37,,2,25,69,175,CB,0,0,0,0,0,0,0,0,0,0,0,0,0,0,0,0,None,,,,,a,0118.png,,blonde_3016.png,36,62,1,67,50,45,1,1,1,33,1,1,65,0,1,1,1,1,1,1,1,1,1,1,1,1,1,87,2,8,53,78,71,40,71,89,84,0,50,42,39,79,33,35,72
3603,,86,1991,1986,Percy,Ellsworth,13,4,2,1986,Virginia,37,,5,27,74,225,CB,2100000,1,2100000,0,0,0,0,0,0,0,0,0,0,0,0,0,None,,,,,b,0050.png,,black_3068.png,44,80,1,85,51,52,1,1,1,54,1,1,72,0,1,1,1,1,1,1,1,1,1,1,1,1,1,95,3,4,30,58,65,65,36,34,80,0,33,31,35,78,35,56,0
10167,,65,1991,0,Joey,Eloms,0,0,0,0,Indiana,31,,1,23,70,181,CB,0,0,0,0,0,0,0,0,0,0,0,0,0,0,0,0,None,,,,,b,0082.png,,black_3041.png,36,72,1,57,36,49,1,1,1,40,1,1,59,0,1,1,1,1,1,1,1,1,1,1,1,1,1,56,30,35,98,55,70,73,43,47,98,0,36,33,63,84,42,37,84
8375,,85,1991,1989,Martin,Emerson Jr,10,7,12,1989,Mississippi St.,32,,2,22,74,201,CB,2550000,1,2550000,0,0,0,0,0,0,0,0,0,0,0,0,0,None,,,,,b,0045.png,default-jersey-01.png,black_3045.png,51,78,2,76,58,65,7,8,7,54,4,1,84,0,1,1,1,1,1,1,1,1,1,1,1,1,1,63,10,11,26,91,73,34,84,70,91,0,44,33,30,82,48,35,94
8376,,79,1991,0,Akayleb,Evans,0,0,0,0,Missouri,21,,2,24,74,198,CB,0,0,0,0,0,0,0,0,0,0,0,0,0,0,0,0,None,,,,,b,0070.png,,black_3008.png,48,78,1,74,54,55,2,5,7,52,1,1,73,0,1,1,1,1,1,1,1,1,1,1,1,1,1,46,16,18,70,99,69,46,86,61,86,0,60,57,63,87,50,50,92
12861,8605,77,1991,0,Richard,Fain,0,0,0,0,Florida,0,,0,24,70,183,CB,0,0,0,0,0,0,0,0,0,0,0,0,0,0,0,0,None,,,,,,,,,47,82,1,83,44,47,1,1,1,43,1,1,69,0,0,0,0,0,0,0,0,0,0,0,0,0,0,41,25,10,13,81,81,25,62,75,97,0,41,50,55,95,44,48,93
10134,,91,1991,1990,Terry,Fair,11,2,5,1990,Tennessee,31,,1,23,69,185,CB,1500000,2,1500000,1500000,0,0,0,0,0,0,0,0,0,0,0,0,None,ZoneCorner,,,,b,10079.png,,blonde_3004.png,49,86,1,88,55,65,1,1,1,54,1,1,67,0,1,1,1,1,1,1,1,1,1,1,1,1,1,86,26,29,94,50,39,60,65,45,90,0,49,41,66,77,48,56,94
5697,,86,1991,1987,Cortland,Finnegan,17,2,16,1987,Samford,29,,4,26,69,177,CB,11600000,1,11600000,0,0,0,0,0,0,0,0,0,0,0,0,0,None,Athlete,,,,a,0125.png,,blonde_3048.png,53,83,1,83,54,56,2,3,3,50,1,1,82,0,1,1,1,1,1,1,1,1,1,1,1,1,1,82,3,21,65,79,77,66,68,99,98,0,43,41,39,78,42,56,53
6090,,80,1991,0,Joe,Fishback,3,0,0,0,Carson-Newman,23,,4,28,72,205,CB,300000,4,300000,300000,300000,300000,0,0,0,0,0,0,0,0,0,0,None,CommunityBenefactor,,,,b,0028.png,default-jersey-01.png,darkbrown_3024.png,55,72,1,84,40,45,1,1,1,51,1,1,76,0,1,1,1,1,1,1,1,1,1,1,1,1,1,79,1,1,65,66,87,37,63,63,97,0,40,46,55,96,42,35,22
8377,,84,1991,0,Cordale,Flott,6,0,0,0,LSU,43,,2,22,73,175,CB,250000,1,250000,0,0,0,0,0,0,0,0,0,0,0,0,0,None,,,,,c,0239.png,default-jersey-01.png,black_3017.png,34,76,1,78,59,61,4,1,1,51,3,1,83,0,1,1,1,1,1,1,1,1,1,1,1,1,1,82,21,19,54,59,51,31,65,53,77,0,30,44,66,74,45,52,91
12764,9147,72,1991,0,Fred,Foggie,0,0,0,0,Minnesota,0,,0,23,72,200,CB,0,0,0,0,0,0,0,0,0,0,0,0,0,0,0,0,None,,,,,,,,,44,68,1,64,53,47,1,1,1,40,1,1,63,0,0,0,0,0,0,0,0,0,0,0,0,0,0,77,7,4,1,30,45,38,15,5,89,0,31,38,32,87,33,65,77
5699,,68,1991,0,Dustin,Fox,0,0,0,0,Ohio State,39,,3,27,71,190,CB,0,0,0,0,0,0,0,0,0,0,0,0,0,0,0,0,None,,,,,b,0023.png,,black_3093.png,31,74,1,68,42,42,1,1,1,31,1,1,68,0,1,1,1,1,1,1,1,1,1,1,1,1,1,78,23,6,98,58,64,100,44,65,84,0,37,45,40,86,31,48,87
12650,,68,1991,0,Derrick,Frazier,0,0,0,0,Texas A&M,29,,0,24,71,178,CB,0,0,0,0,0,0,0,0,0,0,0,0,0,0,0,0,None,,,,,c,0244.png,,darkbrown_3017.png,38,61,1,70,48,50,1,1,1,30,1,1,59,0,1,1,1,1,1,1,1,1,1,1,1,1,1,59,35,35,39,68,58,3,16,11,78,0,40,40,68,95,35,46,83
2769,,79,1991,1985,Leslie,Frazier,4,29,12,1985,Alcorn State,31,,6,32,72,189,CB,2800000,1,2800000,0,0,0,0,0,0,0,0,0,0,0,0,0,None,,,,,b,10098.png,,black_3094.png,46,70,1,78,46,45,1,1,1,56,1,1,68,0,1,1,1,1,1,1,1,1,1,1,1,1,1,80,10,4,93,52,59,83,31,41,72,0,38,45,64,98,40,55,85
8379,,100,1991,1989,Sauce,Gardner,5,1,1,1989,Cincinnati,1,,2,23,75,200,CB,3150000,2,3150000,3450000,0,0,0,0,0,0,0,0,0,0,0,0,None,MediaDarling|Pick1Overall|Thumper,,,,b,10095.png,default-jersey-01.png,bald_3017.png,44,86,13,91,81,76,2,20,19,62,9,8,93,0,1,1,1,1,1,1,1,1,1,1,1,1,1,100,26,30,50,58,49,60,31,60,90,0,49,42,40,92,39,65,73
7230,,89,1991,1988,Josh,Gattis,15,4,13,1988,Wake Forest,29,,3,25,73,206,CB,9000000,6,9000000,8000000,8000000,7500000,7500000,7500000,0,0,0,0,0,0,0,0,None,,,,,a,0102.png,default-jersey-01.png,blonde_3030.png,55,90,1,79,59,62,1,1,1,46,1,1,79,0,1,1,1,1,1,1,1,1,1,1,1,1,1,100,15,10,62,92,95,78,65,92,98,0,45,45,48,88,41,68,72
7403,,77,1991,1988,William,Gay,0,3,15,1988,Louisville,27,,3,24,70,183,CB,0,0,0,0,0,0,0,0,0,0,0,0,0,0,0,0,None,,,,,b,10066.png,,black_3048.png,40,73,1,77,50,56,1,1,1,45,1,1,75,0,1,1,1,1,1,1,1,1,1,1,1,1,1,47,17,13,60,66,69,85,84,78,70,0,39,43,31,74,49,60,90
3617,,69,1991,0,Rashid,Gayle,0,0,0,0,Boise State,40,,1,23,68,174,CB,0,0,0,0,0,0,0,0,0,0,0,0,0,0,0,0,None,,,,,b,0047.png,,black_3011.png,30,63,1,61,45,51,1,1,1,40,1,1,61,0,1,1,1,1,1,1,1,1,1,1,1,1,1,94,12,4,15,69,71,12,65,87,94,0,41,32,54,99,44,70,86
12814,10051,71,1991,0,Tom,Gerhart,0,0,0,0,Ohio,0,,0,27,73,195,CB,0,0,0,0,0,0,0,0,0,0,0,0,0,0,0,0,None,,,,,,,,,30,67,1,61,49,47,1,1,1,44,1,1,74,0,0,0,0,0,0,0,0,0,0,0,0,0,0,91,5,3,59,95,93,48,75,95,83,0,41,30,55,88,36,53,79
12637,,100,1991,1991,Aaron,Glenn,13,1,5,1991,Texas A&M,43,,0,22,69,185,CB,3000000,4,3000000,3000000,3000000,3000000,0,0,0,0,0,0,0,0,0,0,None,ShutDownCorner,,,,a,0101.png,default-jersey-01.png,darkbrown_3037.png,66,91,1,89,72,77,1,1,1,68,1,3,80,0,1,1,1,1,1,1,1,1,1,1,1,1,1,54,33,58,87,80,85,80,90,94,83,0,40,47,34,98,41,67,56
8380,,69,1991,0,Mario,Goodrich,0,0,0,0,N/A,31,,1,22,72,191,CB,0,0,0,0,0,0,0,0,0,0,0,0,0,0,0,0,None,,,,,a,0127.png,,lightbrown_3056.png,30,65,1,70,59,40,1,1,1,41,1,1,68,0,1,1,1,1,1,1,1,1,1,1,1,1,1,38,13,27,66,93,80,31,67,63,82,0,45,33,62,100,37,60,86
10168,,66,1991,0,Cornell,Gowdy,0,0,0,0,Morgan State,25,,1,24,73,196,CB,0,0,0,0,0,0,0,0,0,0,0,0,0,0,0,0,None,,,,,a,0121.png,,darkbrown_3104.png,41,66,1,62,49,48,1,1,1,33,1,1,61,0,1,1,1,1,1,1,1,1,1,1,1,1,1,49,30,35,39,72,94,35,77,69,73,0,32,38,62,83,31,39,90
2023,,89,1991,1985,Jerry,Gray,20,7,15,1985,Texas,29,,6,29,72,183,CB,9450000,1,9450000,0,0,0,0,0,0,0,0,0,0,0,0,0,None,ZoneCorner,,,,b,0026.png,,bald_3012.png,55,92,1,77,68,52,1,1,1,45,1,1,86,0,1,1,1,1,1,1,1,1,1,1,1,1,1,100,1,2,34,70,72,6,61,93,89,0,34,36,57,89,41,54,56
5988,,79,1991,0,Chris,Green,0,0,0,0,Illinois,26,,4,27,71,192,CB,0,0,0,0,0,0,0,0,0,0,0,0,0,0,0,0,None,,,,,b,0065.png,default-jersey-01.png,bald_3013.png,30,75,1,78,46,48,1,1,1,45,1,1,80,0,1,1,1,1,1,1,1,1,1,1,1,1,1,98,2,1,100,78,99,84,82,63,93,0,30,44,31,93,42,50,44
1862,,96,1991,1985,Darrell,Green,4,2,7,1985,Texas A&M-Kingsville,28,,6,31,69,184,CB,18000000,2,18000000,18000000,0,0,0,0,0,0,0,0,0,0,0,0,None,SlotCorner,,,,b,0097.png,default-jersey-01.png,black_3093.png,65,85,8,97,66,58,1,6,1,47,8,5,92,0,1,1,1,1,1,1,1,1,1,1,1,1,1,100,9,1,34,74,72,50,82,64,89,0,33,35,55,72,38,45,1
1921,,75,1991,1985,Gary,Green,0,7,16,1985,Baylor,27,,6,36,71,187,CB,0,0,0,0,0,0,0,0,0,0,0,0,0,0,0,0,None,,,,,b,0017.png,,bald_3040.png,23,74,1,72,42,52,1,1,1,44,2,1,68,0,1,1,1,1,1,1,1,1,1,1,1,1,1,92,5,6,26,91,93,41,72,73,88,0,42,45,34,85,44,62,58
12891,10860,72,1991,0,Rogerick,Green,0,0,0,0,Kansas State,0,,0,23,72,182,CB,0,0,0,0,0,0,0,0,0,0,0,0,0,0,0,0,None,,,,,,,,,33,72,1,77,48,49,1,1,1,38,1,1,67,0,0,0,0,0,0,0,0,0,0,0,0,0,0,44,3,7,63,75,61,72,92,75,100,0,36,41,36,81,40,54,71
5340,,84,1991,1987,Cedric,Griffin,1,5,13,1987,Texas,43,,4,28,72,190,CB,2500000,2,2500000,2700000,0,0,0,0,0,0,0,0,0,0,0,0,None,,,,,b,0007.png,default-jersey-01.png,black_3063.png,43,70,1,84,61,60,1,1,1,47,1,1,69,0,1,1,1,1,1,1,1,1,1,1,1,1,1,75,23,18,79,82,94,88,93,100,72,0,38,42,62,95,49,33,0
2715,,67,1991,1985,Jeff,Griffin,0,36,11,1985,Utah,41,,6,33,72,185,CB,0,0,0,0,0,0,0,0,0,0,0,0,0,0,0,0,None,,,,,a,0125.png,,blonde_3027.png,29,77,1,59,50,44,1,1,1,31,1,1,71,0,1,1,1,1,1,1,1,1,1,1,1,1,1,70,10,23,87,64,80,90,85,90,71,0,36,36,64,71,36,48,1
7084,,76,1991,1988,Brent,Grimes,0,4,6,1988,Shippensburg,37,,3,26,70,180,CB,0,0,0,0,0,0,0,0,0,0,0,0,0,0,0,0,None,,,,,b,10062.png,,bald_3017.png,48,72,1,76,40,58,1,1,1,42,1,1,72,0,1,1,1,1,1,1,1,1,1,1,1,1,1,73,2,10,34,88,82,32,96,61,74,0,47,34,44,93,46,46,1
2401,,73,1991,1985,Alvin,Hall,0,31,11,1985,Miami (OH),35,,6,33,70,193,CB,0,0,0,0,0,0,0,0,0,0,0,0,0,0,0,0,None,,,,,a,0110.png,,lightbrown_3099.png,33,78,1,57,58,48,1,1,1,37,1,1,75,0,1,1,1,1,1,1,1,1,1,1,1,1,1,92,9,7,12,66,65,32,77,86,73,0,30,31,32,87,30,50,1
12915,11392,75,1991,0,Dana,Hall,0,0,0,0,Washington,0,,0,23,75,208,CB,0,0,0,0,0,0,0,0,0,0,0,0,0,0,0,0,None,,,,,,,,,35,78,1,75,48,53,1,1,1,42,1,1,65,0,0,0,0,0,0,0,0,0,0,0,0,0,0,50,14,24,15,50,31,32,12,1,99,0,30,32,39,96,49,69,82
7264,,86,1991,1988,Leon,Hall,11,1,19,1988,Michigan,40,,3,25,71,193,CB,1750000,1,1750000,0,0,0,0,0,0,0,0,0,0,0,0,0,None,Centerfielder,,,,b,0010.png,default-jersey-01.png,black_3029.png,42,76,1,84,57,62,1,1,1,48,1,1,87,0,1,1,1,1,1,1,1,1,1,1,1,1,1,86,15,23,3,64,70,30,97,62,84,0,42,50,30,77,49,52,37
6154,,97,1991,0,Merton,Hanks,2,0,0,0,Iowa,23,,4,27,74,185,CB,19100000,3,19100000,19100000,19100000,0,0,0,0,0,0,0,0,0,0,0,None,ZoneCorner,,,,a,10572.png,,red_3018.png,48,87,1,88,67,59,1,2,1,65,1,1,83,0,1,1,1,1,1,1,1,1,1,1,1,1,1,100,26,35,54,59,30,53,39,36,99,0,40,33,66,100,50,51,71
2767,,67,1991,1985,Mike,Harden,0,28,16,1985,Michigan,22,,6,33,73,192,CB,0,0,0,0,0,0,0,0,0,0,0,0,0,0,0,0,None,,,,,b,0078.png,,darkbrown_3001.png,36,60,1,66,41,38,1,1,1,47,1,1,77,0,1,1,1,1,1,1,1,1,1,1,1,1,1,60,8,5,58,66,82,38,63,71,95,0,46,31,42,80,33,55,100
6132,,68,1991,0,John,Hardy,0,0,0,0,California,35,,1,24,70,166,CB,0,0,0,0,0,0,0,0,0,0,0,0,0,0,0,0,None,,,,,a,10583.png,,lightbrown_3075.png,42,65,1,71,51,39,1,1,1,35,1,1,62,0,1,1,1,1,1,1,1,1,1,1,1,1,1,42,10,9,61,33,33,34,65,49,98,0,35,42,56,82,36,58,96
10132,,89,1991,1990,Al,Harris,20,2,3,1990,Texas A&M-Kingsville,34,,1,25,73,185,CB,1500000,2,1500000,1500000,0,0,0,0,0,0,0,0,0,0,0,0,None,ZoneCorner,,,,b,10089.png,,blonde_3005.png,53,86,1,79,64,46,1,1,1,67,1,1,71,0,1,1,1,1,1,1,1,1,1,1,1,1,1,74,26,27,7,79,70,24,93,71,93,0,32,49,45,79,49,61,96
2207,,77,1991,1985,Eric,Harris,0,18,10,1985,Memphis,47,,3,33,75,198,CB,0,0,0,0,0,0,0,0,0,0,0,0,0,0,0,0,None,,,,,b,10053.png,,bald_3012.png,39,70,1,73,52,43,1,1,1,47,1,1,72,0,1,1,1,1,1,1,1,1,1,1,1,1,1,94,11,1,72,79,99,71,91,92,71,0,47,36,41,99,45,64,16
3311,,86,1991,1986,Walt,Harris,15,4,7,1986,Mississippi State,38,,5,27,71,192,CB,2100000,1,2100000,0,0,0,0,0,0,0,0,0,0,0,0,0,None,,,,,a,0139.png,default-jersey-01.png,darkbrown_3050.png,50,80,1,75,68,53,1,1,1,55,1,1,72,0,1,1,1,1,1,1,1,1,1,1,1,1,1,76,2,5,66,79,62,82,87,69,72,0,38,46,49,80,35,57,61
2143,,84,1991,1985,Lester,Hayes,0,11,7,1985,Texas A&M,37,,2,32,72,200,CB,0,0,0,0,0,0,0,0,0,0,0,0,0,0,0,0,None,,,,,b,10077.png,,black_3090.png,50,78,1,90,53,51,1,3,1,41,1,1,76,0,1,1,1,1,1,1,1,1,1,1,1,1,1,78,18,6,72,72,94,100,71,99,96,0,40,48,42,94,50,51,82
1859,,91,1991,1985,Mike,Haynes,0,4,17,1985,Arizona State,42,,4,36,74,192,CB,0,0,0,0,0,0,0,0,0,0,0,0,0,0,0,0,None,PressCorner,,,,a,10555.png,,darkbrown_3023.png,45,88,1,80,73,60,9,5,1,48,1,1,92,0,1,1,1,32,1,1,1,1,1,1,1,1,1,93,44,24,7,76,91,18,81,84,99,0,44,38,64,90,42,44,21
2622,,80,1991,1985,John,Hendy,0,22,15,1985,Long Beach State,24,,6,29,71,196,CB,0,0,0,0,0,0,0,0,0,0,0,0,0,0,0,0,None,,,,,a,10582.png,,lightbrown_3048.png,48,67,1,81,48,59,1,1,1,41,1,1,83,0,1,1,1,1,1,1,1,1,1,1,1,1,1,94,1,1,67,57,56,42,53,59,75,0,42,33,55,81,50,36,21
1938,,74,1991,1985,Dwight,Hicks,0,8,9,1985,Michigan,36,,6,35,73,190,CB,0,0,0,0,0,0,0,0,0,0,0,0,0,0,0,0,None,,,,,b,0077.png,default-jersey-01.png,black_3074.png,28,86,1,66,49,47,1,1,1,37,1,1,63,0,1,1,1,1,1,1,1,1,1,1,1,1,1,86,26,27,83,90,64,87,76,61,98,0,33,42,44,72,39,50,55
8586,,87,1991,1989,Daxton,Hill,16,7,2,1989,N/A,31,,2,22,72,191,CB,2700000,6,2700000,2700000,2700000,2700000,2700000,2500000,0,0,0,0,0,0,0,0,None,,,,,a,10579.png,,red_3011.png,49,90,1,83,56,57,3,9,9,55,1,1,82,0,1,1,1,1,1,1,1,1,1,1,1,1,21,49,44,12,100,81,98,74,94,70,85,0,38,31,49,88,33,43,24
12652,,66,1991,0,Sean,Hill,0,0,0,0,Montana State,46,,0,23,70,179,CB,0,0,0,0,0,0,0,0,0,0,0,0,0,0,0,0,None,,,,,b,10078.png,,black_3081.png,37,61,1,67,49,50,1,1,1,27,1,1,73,0,1,1,1,1,1,1,1,1,1,1,1,1,1,58,35,35,89,64,51,81,42,46,75,0,30,41,38,95,32,44,91
8382,,70,1991,0,Christian,Holmes,0,0,0,0,N/A,34,,1,24,73,205,CB,0,0,0,0,0,0,0,0,0,0,0,0,0,0,0,0,None,,,,,b,0049.png,,black_3063.png,39,65,1,72,52,42,3,1,1,44,1,1,65,0,1,1,1,1,1,1,1,1,1,1,1,1,1,29,26,29,33,65,90,10,76,72,86,0,60,38,65,91,61,54,100
2981,,70,1991,1985,John,Holt,0,57,15,1985,West Texas A&M,42,,2,28,71,180,CB,0,0,0,0,0,0,0,0,0,0,0,0,0,0,0,0,None,,,,,b,0048.png,,black_3043.png,30,78,1,68,43,48,1,1,1,40,1,1,77,0,1,1,1,1,1,1,1,1,1,1,1,1,1,46,28,27,41,62,71,68,97,95,79,0,36,31,55,97,30,41,10
2334,,91,1991,1985,Ray,Horton,15,13,13,1985,Washington,42,,6,31,70,189,CB,5500000,3,5500000,5500000,5000000,0,0,0,0,0,0,0,0,0,0,0,None,WorkoutFanatic,,,,b,10054.png,,black_3042.png,56,83,1,77,61,66,1,1,1,56,1,1,85,0,1,1,1,1,1,1,1,1,1,1,1,1,1,100,13,1,7,62,85,11,78,74,75,0,50,46,62,87,38,32,32
7107,,73,1991,1988,Chris,Houston,0,5,4,1988,Arkansas,38,,3,25,70,185,CB,0,0,0,0,0,0,0,0,0,0,0,0,0,0,0,0,None,,,,,a,10564.png,,lightbrown_3036.png,46,69,1,76,59,43,1,1,1,32,1,1,76,0,1,1,1,1,1,1,1,1,1,1,1,1,1,52,12,10,48,67,64,34,45,70,72,0,41,41,30,76,34,41,21
2930,,66,1991,1985,Carl,Howard,0,57,1,1985,Rutgers,31,,4,28,74,188,CB,0,0,0,0,0,0,0,0,0,0,0,0,0,0,0,0,None,,,,,b,10083.png,,bald_3044.png,30,68,1,56,40,52,1,1,1,35,1,1,68,0,1,1,1,1,1,1,1,1,1,1,1,1,1,91,1,1,8,79,79,5,64,73,80,0,31,39,56,90,33,40,38
1984,,86,1991,1985,LeRoy,Irvin,0,11,2,1985,Kansas,47,,5,33,71,184,CB,0,0,0,0,0,0,0,0,0,0,0,0,0,0,0,0,None,ZoneCorner,,,,a,0127.png,,darkbrown_3066.png,49,83,4,77,49,47,1,1,4,65,1,1,81,0,1,1,1,1,1,1,1,1,1,1,1,1,1,87,16,7,69,62,52,100,56,56,70,0,31,40,46,86,48,32,1
12929,13779,69,1991,0,Steve,Israel,0,0,0,0,Pittsburgh,0,,0,23,71,194,CB,0,0,0,0,0,0,0,0,0,0,0,0,0,0,0,0,None,,,,,,,,,35,73,1,74,45,49,1,1,1,38,1,1,66,0,0,0,0,0,0,0,0,0,0,0,0,0,0,21,10,8,100,96,93,73,95,97,74,0,44,41,66,87,39,32,70
2846,,70,1991,1985,Bobby,Jackson,0,45,18,1985,Florida State,40,,3,32,69,178,CB,0,0,0,0,0,0,0,0,0,0,0,0,0,0,0,0,None,,,,,a,0137.png,,darkbrown_3098.png,48,76,1,66,42,57,1,1,1,35,1,1,67,0,1,1,1,1,1,1,1,1,1,1,1,1,1,44,14,20,68,69,98,33,93,87,92,0,43,45,36,99,31,66,1
6118,,79,1991,0,Steve,Jackson,9,0,0,0,Purdue,22,,4,26,68,188,CB,1200000,2,1200000,1200000,0,0,0,0,0,0,0,0,0,0,0,0,None,,,,,a,10572.png,default-jersey-01.png,darkbrown_3034.png,52,75,1,81,48,47,1,1,1,52,1,1,72,0,1,1,1,1,1,1,1,1,1,1,1,1,1,52,38,5,11,95,79,14,62,63,81,0,30,32,54,84,39,40,100
5385,,72,1991,1987,Kelly,Jennings,0,7,3,1987,Miami (FL),24,,4,28,71,175,CB,0,0,0,0,0,0,0,0,0,0,0,0,0,0,0,0,None,,,,,b,0053.png,,bald_3012.png,29,76,1,73,47,53,1,1,1,38,1,1,70,0,1,1,1,1,1,1,1,1,1,1,1,1,1,47,15,19,39,73,95,50,90,95,90,0,46,42,69,76,36,50,7
5387,,67,1991,0,Tim,Jennings,0,0,0,0,Georgia,47,,4,27,68,186,CB,0,0,0,0,0,0,0,0,0,0,0,0,0,0,0,0,None,,,,,b,0053.png,,bald_3012.png,35,75,1,74,38,41,1,1,1,30,1,1,63,0,1,1,1,1,1,1,1,1,1,1,1,1,1,41,21,14,73,35,62,44,62,58,87,0,36,49,58,75,37,35,91
8383,,70,1991,0,Josh,Jobe,0,0,0,0,N/A,28,,1,24,71,190,CB,0,0,0,0,0,0,0,0,0,0,0,0,0,0,0,0,None,,,,,b,0040.png,,black_3016.png,40,68,1,73,51,40,1,1,1,46,1,1,65,0,1,1,1,1,1,1,1,1,1,1,1,1,1,26,19,10,90,56,59,77,46,40,89,0,60,63,65,73,55,40,100
8386,,90,1991,1989,Marcus,Jones CB,5,2,3,1989,N/A,25,,2,24,68,175,CB,1750000,1,1750000,0,0,0,0,0,0,0,0,0,0,0,0,0,None,ZoneCorner,,,,a,10589.png,,blonde_3050.png,32,84,1,84,73,55,6,3,3,50,1,1,84,0,1,1,1,1,1,1,1,1,1,1,1,1,1,93,27,26,34,38,32,21,40,20,78,0,65,31,56,76,62,55,61
7142,,72,1991,1988,David,Jones,0,6,10,1988,Wingate,48,,3,24,72,196,CB,0,0,0,0,0,0,0,0,0,0,0,0,0,0,0,0,None,,,,,a,0137.png,,blonde_3047.png,26,77,1,71,40,47,1,1,1,41,1,1,71,0,1,1,1,1,1,1,1,1,1,1,1,1,1,73,1,15,33,62,32,32,33,20,75,0,30,32,57,73,43,37,58
5987,,85,1991,0,Henry,Jones,19,0,0,0,Illinois,20,,4,28,71,197,CB,3000000,3,3000000,3000000,3000000,0,0,0,0,0,0,0,0,0,0,0,None,,,,,b,0031.png,default-jersey-01.png,darkbrown_3008.png,41,83,1,73,70,50,1,1,1,51,1,1,78,0,1,1,1,1,1,1,1,1,1,1,1,1,1,92,37,2,97,96,66,72,75,67,82,0,38,37,60,96,44,54,38
8384,,86,1991,1989,Jack,Jones,20,3,13,1989,Arizona St.,41,,2,25,71,175,CB,850000,1,850000,0,0,0,0,0,0,0,0,0,0,0,0,0,None,,,,,a,0136.png,,blonde_3056.png,36,78,2,81,71,62,4,1,1,36,22,19,78,0,1,1,1,1,1,1,1,1,1,1,1,1,1,100,26,12,44,92,72,39,74,88,71,0,59,38,58,89,56,30,17
6061,,72,1991,0,Reggie,Jones,0,0,0,0,Arkansas,33,,4,26,73,202,CB,0,0,0,0,0,0,0,0,0,0,0,0,0,0,0,0,None,,,,,a,10593.png,,darkbrown_3070.png,36,72,1,74,52,44,1,1,1,36,1,1,87,0,1,1,1,1,1,1,1,1,1,1,1,1,1,55,11,13,28,78,89,19,100,98,74,0,32,49,59,100,46,34,88
6051,,67,1991,0,Roger,Jones,0,0,0,0,Tennessee State,49,,4,26,69,175,CB,0,0,0,0,0,0,0,0,0,0,0,0,0,0,0,0,None,,,,,c,0241.png,,black_3027.png,37,58,1,63,55,41,1,1,1,30,1,1,60,0,1,1,1,1,1,1,1,1,1,1,1,1,1,87,1,1,67,43,41,32,47,62,91,0,41,35,43,100,40,37,24
10151,,79,1991,1990,Tebucky,Jones,11,7,5,1990,Syracuse,35,,1,25,74,218,CB,250000,1,250000,0,0,0,0,0,0,0,0,0,0,0,0,0,None,,,,,a,10585.png,,black_3001.png,41,76,1,84,47,52,1,1,1,41,1,1,84,0,1,1,1,1,1,1,1,1,1,1,1,1,1,63,26,27,65,72,93,98,91,75,96,0,41,36,56,77,48,31,88
5397,,83,1991,1987,Johnathan,Joseph,14,6,4,1987,South Carolina,23,,4,26,71,185,CB,2600000,3,2600000,2600000,2600000,0,0,0,0,0,0,0,0,0,0,0,None,,,,,b,0004.png,,black_3084.png,47,86,1,81,56,53,1,1,1,44,1,1,86,0,1,1,1,1,1,1,1,1,1,1,1,1,1,66,18,20,4,84,97,19,76,81,85,0,47,48,31,97,46,63,13
2020,,88,1991,1985,William,Judson,13,11,8,1985,South Carolina State,49,,6,32,73,189,CB,2600000,3,2600000,2600000,2600000,0,0,0,0,0,0,0,0,0,0,0,None,OFRedFlags,,,,a,0110.png,default-jersey-01.png,bald_3029.png,41,81,1,83,69,47,1,1,1,50,1,1,78,0,1,1,1,1,1,1,1,1,1,1,1,1,1,99,6,1,37,82,82,24,94,95,87,0,50,50,32,91,33,51,23
10152,,70,1991,0,Brian,Kelly,0,0,0,0,USC,27,,1,23,71,193,CB,0,0,0,0,0,0,0,0,0,0,0,0,0,0,0,0,None,,,,,b,0084.png,,black_3028.png,33,63,1,75,45,47,1,1,1,39,1,1,66,0,1,1,1,1,1,1,1,1,1,1,1,1,1,53,30,35,65,51,55,91,46,45,95,0,40,31,51,84,47,39,79
8388,,85,1991,0,Derion,Kendrick,6,0,0,0,Georgia,46,,2,23,72,190,CB,350000,4,350000,400000,550000,500000,0,0,0,0,0,0,0,0,0,0,None,,,,,c,0247.png,default-jersey-01.png,blonde_3002.png,39,79,12,72,76,51,30,2,1,49,1,1,75,0,1,1,1,1,1,1,1,1,1,1,1,1,1,89,25,23,67,36,39,55,62,62,85,0,44,31,47,88,30,69,61
12892,15875,73,1991,0,Joe,King,0,0,0,0,Oklahoma State,0,,0,24,74,195,CB,0,0,0,0,0,0,0,0,0,0,0,0,0,0,0,0,None,,,,,,,,,39,71,1,64,50,55,1,1,1,39,1,1,72,0,0,0,0,0,0,0,0,0,0,0,0,0,0,87,13,14,29,86,68,6,68,92,73,0,37,43,68,89,44,39,90
8389,,86,1991,1989,Kader,Kohou,7,2,20,1989,Texas AM-Commerce,4,,2,24,70,195,CB,850000,1,850000,0,0,0,0,0,0,0,0,0,0,0,0,0,None,,,,,b,10078.png,,bald_3018.png,49,74,1,82,71,61,1,8,7,46,19,16,75,0,1,1,1,1,1,1,1,1,1,1,1,1,1,73,24,26,67,36,60,62,46,38,73,0,56,66,54,80,37,62,19
3262,,66,1991,0,Rod,Kush,0,0,0,0,Nebraska-Omaha,37,,0,29,72,188,CB,0,0,0,0,0,0,0,0,0,0,0,0,0,0,0,0,None,,,,,a,10556.png,,blonde_3020.png,31,69,1,64,40,46,1,1,1,43,1,1,73,0,0,0,0,0,0,0,0,0,0,0,0,0,0,31,16,9,30,45,48,17,10,18,82,0,49,31,56,93,34,68,98
3620,,96,1991,1986,Curly,Lambeau,3,1,18,1986,Notre Dame,46,,5,28,70,187,CB,11800000,2,11800000,11800000,0,0,0,0,0,0,0,0,0,0,0,0,RunningQB,CommunityBenefactor,,,,a,0150.png,default-jersey-01.png,blonde_3016.png,52,75,70,84,60,84,70,30,30,64,60,70,99,0,31,49,16,1,1,1,1,1,1,28,1,1,1,100,42,24,75,96,96,59,38,27,77,0,46,45,64,92,50,35,0
12710,16468,70,1991,0,Dion,Lambert,0,0,0,0,UCLA,0,,0,23,72,190,CB,0,0,0,0,0,0,0,0,0,0,0,0,0,0,0,0,None,,,,,,,,,29,68,1,77,45,52,1,1,1,31,1,1,70,0,0,0,0,0,0,0,0,0,0,0,0,0,0,47,15,14,39,55,65,31,18,22,86,0,30,50,38,71,33,38,92
12645,,89,1991,1991,Antonio,Langham,3,2,3,1991,Alabama,25,,0,22,72,181,CB,1500000,3,1500000,1500000,1500000,0,0,0,0,0,0,0,0,0,0,0,None,ZoneCorner,,,,c,0227.png,default-jersey-01.png,black_3032.png,65,84,1,89,55,48,1,1,1,64,1,1,83,0,1,1,1,1,1,1,1,1,1,1,1,1,30,46,57,31,25,92,61,17,79,63,77,0,40,46,36,70,50,47,72
2707,,70,1991,1985,Paul,Lankford,0,35,11,1985,Penn State,44,,5,32,73,185,CB,0,0,0,0,0,0,0,0,0,0,0,0,0,0,0,0,None,,,,,a,10553.png,,blonde_3001.png,27,64,1,71,51,47,1,1,1,33,1,1,64,0,1,1,1,1,1,1,1,1,1,1,1,1,1,79,1,10,38,42,40,57,47,40,74,0,41,34,40,77,34,68,81
8390,,97,1991,1989,Dick,LeBeau,10,1,4,1989,Ohio State,44,,2,23,73,185,CB,3150000,2,3150000,3450000,0,0,0,0,0,0,0,0,0,0,0,0,None,RoughDiamond,,,,a,10596.png,,darkbrown_3014.png,51,82,1,86,83,76,9,5,1,50,1,1,93,0,1,1,1,1,1,1,1,1,1,1,1,1,1,97,45,50,7,76,91,18,81,84,88,0,30,49,36,87,38,52,98
1957,,93,1991,1985,Carl,Lee,7,5,7,1985,Marshall,39,,6,30,71,185,CB,12550000,3,12550000,12550000,12550000,0,0,0,0,0,0,0,0,0,0,0,None,,,,,b,10065.png,,bald_3015.png,56,79,1,89,68,67,1,1,1,49,1,1,82,0,1,1,1,1,1,1,1,1,1,1,1,1,1,100,13,26,79,77,63,89,70,86,88,0,46,40,64,89,39,49,89
2353,,86,1991,1985,Mark,Lee,14,17,18,1985,Washington,38,,6,33,71,187,CB,3000000,1,3000000,0,0,0,0,0,0,0,0,0,0,0,0,0,None,,,,,a,10569.png,default-jersey-01.png,darkbrown_3061.png,47,83,1,70,59,63,1,1,1,55,1,1,75,0,1,1,1,1,1,1,1,1,1,1,1,1,1,95,9,1,93,95,100,100,85,67,98,0,36,46,50,100,41,46,89
12906,16887,69,1991,0,Tyrone,Legette,0,0,0,0,Nebraska,0,,0,22,69,179,CB,0,0,0,0,0,0,0,0,0,0,0,0,0,0,0,0,None,,,,,,,,,45,74,1,64,46,47,1,1,1,34,1,1,72,0,0,0,0,0,0,0,0,0,0,0,0,0,0,60,0,2,24,45,57,19,35,28,89,0,33,34,52,90,33,34,79
1892,,94,1991,1985,Albert,Lewis,4,3,12,1985,Grambling State,29,,6,31,74,196,CB,18000000,4,18000000,18000000,18000000,18000000,0,0,0,0,0,0,0,0,0,0,None,PressCorner,,,,a,10556.png,default-jersey-01.png,darkbrown_3077.png,37,91,1,85,72,55,1,5,1,56,1,1,80,0,1,1,1,1,1,1,1,1,1,1,1,1,1,100,2,1,55,33,58,45,56,37,100,0,47,34,43,99,38,48,58
6149,,76,1991,0,Darryll,Lewis,0,0,0,0,Arizona,48,,4,27,69,188,CB,0,0,0,0,0,0,0,0,0,0,0,0,0,0,0,0,None,,,,,b,10077.png,,black_3065.png,50,84,1,64,44,59,1,1,1,38,1,1,83,0,1,1,1,1,1,1,1,1,1,1,1,1,1,86,11,9,43,63,43,53,32,53,94,0,47,49,64,93,33,47,60
12796,17149,73,1991,0,Tahaun,Lewis,0,0,0,0,Nebraska,0,,0,24,70,175,CB,0,0,0,0,0,0,0,0,0,0,0,0,0,0,0,0,None,,,,,,,,,39,66,1,74,47,47,1,1,1,37,1,1,62,0,0,0,0,0,0,0,0,0,0,0,0,0,0,85,3,3,77,70,70,91,91,64,70,0,42,44,58,90,41,48,77
2096,,80,1991,1985,Ronnie,Lippett,14,15,17,1985,Miami (FL),24,,6,31,71,180,CB,2100000,1,2100000,0,0,0,0,0,0,0,0,0,0,0,0,0,None,,,,,b,0034.png,default-jersey-01.png,bald_3030.png,41,82,1,72,60,58,1,1,1,44,1,1,82,0,1,1,1,1,1,1,1,1,1,1,1,1,1,62,1,1,37,58,54,35,1,32,99,0,30,30,42,89,35,37,5
10165,,67,1991,0,Clarence,Love,0,0,0,0,Toledo,28,,1,23,70,180,CB,0,0,0,0,0,0,0,0,0,0,0,0,0,0,0,0,None,,,,,a,10551.png,,blonde_3042.png,38,78,1,61,47,40,1,1,1,33,1,1,66,0,1,1,1,1,1,1,1,1,1,1,1,1,1,57,30,35,65,52,52,59,65,61,93,0,35,50,39,70,35,34,78
2770,,69,1991,1985,Johnny,Lynn,0,43,1,1985,UCLA,29,,3,32,72,196,CB,0,0,0,0,0,0,0,0,0,0,0,0,0,0,0,0,None,,,,,b,0022.png,,black_3005.png,32,67,1,58,42,48,1,1,1,45,1,1,73,0,1,1,1,1,1,1,1,1,1,1,1,1,1,88,1,1,67,59,52,50,60,48,77,0,49,40,37,79,39,70,85
3375,,70,1991,0,Lamar,Lyons,0,0,0,0,Washington,39,,1,24,75,210,CB,0,0,0,0,0,0,0,0,0,0,0,0,0,0,0,0,None,,,,,a,0146.png,,red_3027.png,35,76,1,76,40,55,1,1,1,28,1,1,57,0,1,1,1,1,1,1,1,1,1,1,1,1,1,42,9,5,15,63,96,38,85,82,87,0,30,32,56,96,42,44,91
2620,,81,1991,1985,Cedric,Mack,0,32,2,1985,Baylor,42,,6,31,72,193,CB,0,0,0,0,0,0,0,0,0,0,0,0,0,0,0,0,None,,,,,a,10585.png,default-jersey-01.png,lightbrown_3003.png,45,71,1,73,56,57,1,1,1,47,1,1,78,0,1,1,1,1,1,1,1,1,1,1,1,1,1,97,3,1,39,34,49,19,9,31,98,0,33,41,43,82,37,55,5
3381,,67,1991,0,Chris,Martin CB,0,0,0,0,Northwestern,38,,1,23,69,181,CB,0,0,0,0,0,0,0,0,0,0,0,0,0,0,0,0,None,,,,,b,0003.png,,bald_3039.png,28,74,1,62,46,46,1,1,1,42,1,1,62,0,1,1,1,1,1,1,1,1,1,1,1,1,1,37,7,7,7,66,95,26,65,99,94,0,34,47,30,97,39,64,87
8393,,75,1991,0,Damarri,Mathis,0,0,0,0,Pittsburgh,27,,2,24,71,195,CB,0,0,0,0,0,0,0,0,0,0,0,0,0,0,0,0,None,,,,,a,10595.png,,darkbrown_3038.png,43,70,3,75,62,48,1,1,4,38,1,1,73,0,1,1,1,1,1,1,1,1,1,1,1,1,1,44,28,12,66,52,42,80,35,63,92,0,57,49,62,72,38,30,98
2025,,89,1991,1985,Brett,Maxie,8,12,18,1985,Texas Southern,42,,6,29,74,194,CB,3650000,3,3650000,3650000,3650000,0,0,0,0,0,0,0,0,0,0,0,None,,,,,b,0095.png,,black_3018.png,55,79,1,77,56,62,1,1,1,59,1,1,82,0,1,1,1,1,1,1,1,1,1,1,1,1,1,100,8,1,42,54,53,72,65,65,83,0,49,47,57,81,36,50,27
7392,,65,1991,0,Trumaine,McBride,0,0,0,0,Mississippi,37,,1,22,69,185,CB,0,0,0,0,0,0,0,0,0,0,0,0,0,0,0,0,None,,,,,b,0053.png,,bald_3010.png,43,59,1,69,40,40,1,1,1,38,1,1,55,0,1,1,1,1,1,1,1,1,1,1,1,1,1,43,15,2,25,91,90,32,79,64,96,0,34,40,48,76,34,70,77
7273,,66,1991,0,Marcus,McCauley,0,0,0,0,Fresno State,33,,1,24,73,203,CB,0,0,0,0,0,0,0,0,0,0,0,0,0,0,0,0,None,,,,,b,0060.png,,black_3048.png,36,63,1,73,39,35,1,1,1,37,1,1,59,0,1,1,1,1,1,1,1,1,1,1,1,1,1,49,15,10,69,38,49,35,51,58,72,0,35,39,40,94,36,53,91
12647,,68,1991,0,J.J.,McCleskey,0,0,0,0,Tennessee,22,,0,24,68,180,CB,0,0,0,0,0,0,0,0,0,0,0,0,0,0,0,0,None,,,,,b,0010.png,,darkbrown_3008.png,39,62,1,76,43,49,1,1,1,28,1,1,60,0,1,1,1,1,1,1,1,1,1,1,1,1,1,55,35,35,93,63,99,78,89,60,79,0,49,42,35,86,41,47,86
8395,,85,1991,1989,Zyon,McCollum,6,5,20,1989,Sam Houston,47,,2,24,74,199,CB,300000,5,300000,500000,500000,500000,650000,0,0,0,0,0,0,0,0,0,None,,,,,b,0026.png,default-jersey-01.png,black_3009.png,39,86,1,77,74,40,2,1,1,44,1,4,74,0,1,1,1,1,1,1,1,1,1,1,1,1,1,100,11,14,67,44,44,63,37,37,97,0,50,64,63,93,62,40,84
8396,,91,1991,1989,Roger,McCreary,10,1,15,1989,Auburn,21,,2,23,71,190,CB,2100000,2,2100000,2300000,0,0,0,0,0,0,0,0,0,0,0,0,None,Competitor,,,,a,0136.png,,darkbrown_3055.png,48,77,15,84,67,62,22,8,7,55,27,22,79,0,1,1,1,1,1,1,1,1,1,1,1,1,1,100,26,21,4,94,81,27,96,81,94,0,43,41,41,85,45,31,99
7077,,70,1991,1988,Brandon,McDonald,0,5,9,1988,Memphis,40,,3,24,71,181,CB,0,0,0,0,0,0,0,0,0,0,0,0,0,0,0,0,None,,,,,b,10093.png,,black_3088.png,38,71,1,65,46,42,1,1,1,32,1,1,80,0,1,1,1,1,1,1,1,1,1,1,1,1,1,93,10,15,38,52,37,43,38,37,72,0,44,47,48,93,31,70,16
8397,,95,1991,1989,Trent,McDuffie,8,1,6,1989,Washington,22,,2,22,71,193,CB,2600000,2,2600000,2850000,0,0,0,0,0,0,0,0,0,0,0,0,None,ZoneCorner,,,,b,10097.png,,bald_3042.png,47,86,7,85,64,70,1,11,11,61,9,10,78,0,1,1,1,1,1,1,1,1,1,1,1,1,1,100,22,27,85,93,64,85,92,98,92,0,32,33,55,87,45,65,15
12648,,67,1991,0,Lenny,McGill,0,0,0,0,Arizona State,27,,0,23,73,195,CB,0,0,0,0,0,0,0,0,0,0,0,0,0,0,0,0,None,,,,,a,0129.png,,black_3047.png,27,77,1,62,37,44,1,1,1,43,1,1,65,0,1,1,1,1,1,1,1,1,1,1,1,1,1,53,35,35,13,68,62,37,99,91,71,0,39,48,40,88,33,48,90
10143,,84,1991,1990,Tim,McKyer,15,4,14,1990,Texas-Arlington,33,,1,24,72,174,CB,500000,2,500000,500000,0,0,0,0,0,0,0,0,0,0,0,0,None,,,,,b,0012.png,,bald_3041.png,54,74,1,86,63,45,1,1,1,52,1,1,82,0,1,1,1,1,1,1,1,1,1,1,1,1,1,59,26,27,39,88,94,63,80,66,76,0,33,34,42,88,38,39,34
12815,19308,75,1991,0,Mark,McMillian,0,0,0,0,Alabama,0,,0,22,67,154,CB,0,0,0,0,0,0,0,0,0,0,0,0,0,0,0,0,None,,,,,,,,,45,69,1,71,60,48,1,1,1,44,1,1,72,0,0,0,0,0,0,0,0,0,0,0,0,0,0,55,17,11,71,100,89,69,70,60,86,0,37,31,48,97,42,41,73
2851,,62,1991,1985,Don,McNeal,0,45,11,1985,Alabama,38,,6,33,71,190,CB,0,0,0,0,0,0,0,0,0,0,0,0,0,0,0,0,None,,,,,a,10562.png,,lightbrown_3055.png,34,57,1,59,40,46,1,1,1,39,1,1,59,0,1,1,1,1,1,1,1,1,1,1,1,1,1,45,27,13,100,57,42,89,36,63,93,0,32,39,57,90,37,33,63
2704,,78,1991,1985,Bruce,McNorton,0,32,11,1985,Georgetown (KY),36,,6,32,71,175,CB,0,0,0,0,0,0,0,0,0,0,0,0,0,0,0,0,None,,,,,b,0007.png,,black_3036.png,36,81,1,71,64,59,1,1,1,37,1,1,70,0,1,1,1,1,1,1,1,1,1,1,1,1,1,60,10,17,66,44,64,77,62,30,77,0,32,43,57,90,43,35,30
10221,,94,1991,1990,R.W.,McQuarters,12,2,10,1990,Oklahoma State,44,,1,23,70,198,CB,1250000,2,1250000,1250000,0,0,0,0,0,0,0,0,0,0,0,0,None,Centerfielder,,,,a,10574.png,,bald_3024.png,63,78,1,90,63,53,1,1,1,71,1,1,86,0,1,1,1,1,1,1,1,1,1,1,1,1,26,72,49,26,20,89,89,26,77,85,93,0,36,49,52,77,31,69,38
7309,,83,1991,1988,Mike,Mickens,7,1,14,1988,Cincinnati,21,,3,22,72,160,CB,2000000,1,2000000,0,0,0,0,0,0,0,0,0,0,0,0,0,None,WorkoutFanatic,,,,a,0139.png,,red_3028.png,35,82,1,88,76,49,1,19,23,37,1,1,82,0,1,1,1,88,19,1,1,1,1,1,1,1,1,33,1,1,44,89,67,35,76,89,74,0,43,34,56,90,50,63,16
7401,,87,1991,1988,Wayne,Milner,3,3,5,1988,Notre Dame,40,,3,26,73,189,CB,2250000,1,2250000,0,0,0,0,0,0,0,0,0,0,0,0,0,None,,,,,a,10594.png,,lightbrown_3007.png,64,61,1,72,76,69,1,35,44,60,3,1,80,0,1,1,1,49,26,1,1,1,1,1,1,26,1,64,1,1,67,92,87,81,85,84,99,0,43,45,30,74,48,30,0
2064,,92,1991,1985,Frank,Minnifield,15,8,16,1985,Louisville,31,,6,31,69,180,CB,8800000,3,8800000,8800000,8800000,0,0,0,0,0,0,0,0,0,0,0,None,,,,,a,0117.png,default-jersey-01.png,lightbrown_3083.png,50,92,1,81,62,61,1,1,1,55,1,2,74,0,1,1,1,1,1,1,1,1,1,1,1,1,1,100,1,7,84,63,64,77,46,33,95,0,40,50,60,89,31,49,67
2413,,83,1991,1985,Vince,Newsome,6,19,17,1985,Washington,45,,6,30,73,180,CB,300000,2,300000,300000,0,0,0,0,0,0,0,0,0,0,0,0,None,,,,,b,0060.png,default-jersey-01.png,black_3103.png,37,78,1,67,56,51,1,1,1,64,1,1,70,0,1,1,1,1,1,1,1,1,1,1,1,1,1,100,1,1,59,72,64,57,69,95,93,0,30,31,40,86,40,62,-1
12395,,87,1991,1991,Clarence,Parker,3,2,15,1991,Duke,4,,0,25,72,178,CB,1000000,3,1000000,1000000,1000000,0,0,0,0,0,0,0,0,0,0,0,None,WorkoutFanatic,,,,b,0059.png,default-jersey-01.png,black_3043.png,60,80,72,67,63,88,80,40,35,60,65,75,68,0,57,45,44,25,40,1,1,1,35,44,1,1,1,43,39,40,42,70,36,30,44,66,96,0,36,44,35,76,42,35,83
7263,,95,1991,1988,Lemar,Parrish,6,1,7,1988,Lincoln,20,,3,26,71,185,CB,2500000,1,2500000,0,0,0,0,0,0,0,0,0,0,0,0,0,None,PressCorner,,,,a,10558.png,default-jersey-01.png,lightbrown_3060.png,67,70,1,78,63,75,1,1,1,71,1,1,69,0,1,1,1,1,1,1,1,1,1,1,1,1,1,100,28,26,70,69,67,46,67,32,100,0,36,50,63,72,40,31,71
10140,,79,1991,1990,Tony,Parrish,20,6,3,1990,Washington,24,,1,24,72,210,CB,250000,1,250000,0,0,0,0,0,0,0,0,0,0,0,0,0,None,,,,,b,0037.png,,black_3020.png,47,85,1,73,44,62,1,1,1,42,1,1,88,0,1,1,1,1,1,1,1,1,1,1,1,1,1,61,27,28,74,50,49,88,33,53,80,0,47,32,42,82,50,35,75
2923,,65,1991,1985,Elvis,Patterson,0,39,2,1985,Kansas,21,,6,31,71,193,CB,0,0,0,0,0,0,0,0,0,0,0,0,0,0,0,0,None,,,,,b,0010.png,,black_3075.png,34,68,1,72,48,44,1,1,1,24,1,1,67,0,1,1,1,1,1,1,1,1,1,1,1,1,1,36,1,1,24,73,73,12,79,70,82,0,42,48,35,99,49,32,1
10137,,80,1991,1990,Perry,Phenix,14,7,2,1990,Southern Miss,31,,1,25,71,210,CB,250000,1,250000,0,0,0,0,0,0,0,0,0,0,0,0,0,None,,,,,a,10583.png,default-jersey-01.png,bald_3007.png,43,74,1,80,59,44,1,1,1,49,1,1,72,0,1,1,1,1,1,1,1,1,1,1,1,1,1,65,27,27,83,77,81,78,89,81,73,0,37,32,46,100,37,37,8
5997,,83,1991,0,Bruce,Pickens,8,0,0,0,Nebraska,39,,4,27,71,190,CB,1800000,1,1800000,0,0,0,0,0,0,0,0,0,0,0,0,0,None,,,,,b,10087.png,default-jersey-01.png,black_3023.png,42,73,1,86,51,54,1,1,1,55,1,1,59,0,1,1,1,1,1,1,1,1,1,1,1,1,1,68,1,3,60,55,30,73,43,33,75,0,44,40,40,99,37,33,8
2920,,67,1991,1985,Johnnie,Poe,0,57,4,1985,Missouri,25,,2,28,73,190,CB,0,0,0,0,0,0,0,0,0,0,0,0,0,0,0,0,None,,,,,b,0051.png,,black_3005.png,42,66,1,65,42,55,1,1,1,39,1,1,68,0,1,1,1,1,1,1,1,1,1,1,1,1,1,26,7,19,71,92,76,96,70,68,73,0,30,33,36,97,46,57,87
7178,,81,1991,1988,Geoffrey,Pope,0,5,19,1988,Howard,46,,3,25,71,181,CB,0,0,0,0,0,0,0,0,0,0,0,0,0,0,0,0,None,,,,,b,0043.png,default-jersey-01.png,bald_3023.png,55,65,1,79,51,46,1,1,1,62,1,1,83,0,1,1,1,1,1,1,1,1,1,1,1,1,1,65,26,46,63,88,85,47,87,72,88,0,39,40,41,99,38,55,53
12808,22934,73,1991,0,Marquez,Pope,0,0,0,0,Fresno State,0,,0,22,71,193,CB,0,0,0,0,0,0,0,0,0,0,0,0,0,0,0,0,None,,,,,,,,,35,67,1,80,49,60,1,1,1,37,1,1,75,0,0,0,0,0,0,0,0,0,0,0,0,0,0,23,12,6,30,69,36,11,1,8,94,0,33,39,45,99,33,70,82
12646,,71,1991,0,Thomas,Randolph,0,0,0,0,Kansas State,36,,0,24,69,180,CB,0,0,0,0,0,0,0,0,0,0,0,0,0,0,0,0,None,,,,,a,0136.png,,blonde_3027.png,33,72,1,70,50,51,1,1,1,34,1,1,77,0,1,1,1,1,1,1,1,1,1,1,1,1,1,53,35,35,64,62,58,47,37,40,100,0,47,40,46,84,45,38,77
7136,,100,1991,1988,Darrelle,Revis,18,1,2,1988,Pittsburgh,32,,3,24,72,205,CB,3000000,1,3000000,0,0,0,0,0,0,0,0,0,0,0,0,0,None,ShutDownCorner|ZoneCorner,,,,b,10096.png,,darkbrown_3023.png,62,97,1,90,86,80,1,1,2,67,1,5,93,0,1,1,1,1,1,1,1,1,1,1,1,1,1,100,26,27,66,65,68,61,61,37,85,0,32,32,60,79,31,43,96
2144,,88,1991,1985,Mike,Richardson,17,13,1,1985,Arizona State,27,,6,30,72,187,CB,9250000,1,9250000,0,0,0,0,0,0,0,0,0,0,0,0,0,None,BullRusher|Legend,,,,b,10077.png,default-jersey-01.png,darkbrown_3006.png,43,76,1,86,65,56,1,1,1,48,1,1,75,0,1,1,1,1,1,1,1,1,1,1,1,1,1,100,1,5,83,80,90,86,62,68,87,0,33,30,32,99,46,44,1
10138,,81,1991,1990,Damien,Robinson,9,6,7,1990,Iowa,23,,1,26,74,223,CB,250000,1,250000,0,0,0,0,0,0,0,0,0,0,0,0,0,None,,,,,a,0129.png,,darkbrown_3101.png,34,85,1,82,55,44,1,1,1,46,1,1,67,0,1,1,1,1,1,1,1,1,1,1,1,1,1,64,26,27,65,79,86,65,93,88,86,0,39,41,36,85,35,30,98
2853,,86,1991,1985,Mark,Robinson,12,19,13,1985,Penn State,30,,6,29,71,206,CB,1600000,1,1600000,0,0,0,0,0,0,0,0,0,0,0,0,0,None,Perceptive,,,,b,0028.png,,blonde_3007.png,50,76,1,74,55,61,1,1,1,59,1,1,72,0,1,1,1,1,1,1,1,1,1,1,1,1,1,95,1,1,54,81,76,55,88,76,76,0,41,32,36,70,39,33,81
5992,,65,1991,0,Glenn,Rogers,0,0,0,0,Memphis,35,,2,24,72,185,CB,0,0,0,0,0,0,0,0,0,0,0,0,0,0,0,0,None,,,,,a,10550.png,,black_3058.png,28,60,1,66,46,44,1,1,1,33,1,1,65,0,1,1,1,1,1,1,1,1,1,1,1,1,1,67,1,5,29,71,79,62,88,85,81,0,49,39,52,76,48,63,75
10131,,88,1991,1990,Samari,Rolle,16,1,11,1990,Florida State,30,,1,23,72,175,CB,2000000,3,2000000,2000000,2000000,0,0,0,0,0,0,0,0,0,0,0,None,ShutDownCorner,,,,a,0133.png,,blonde_3001.png,43,77,1,89,64,55,1,1,1,56,1,1,73,0,1,1,1,1,1,1,1,1,1,1,1,1,1,58,26,27,91,94,64,68,85,60,87,0,45,38,39,89,44,57,79
2267,,74,1991,1985,Charles,Romes,0,16,10,1985,North Carolina Central,26,,4,35,73,191,CB,0,0,0,0,0,0,0,0,0,0,0,0,0,0,0,0,None,ZoneCorner,,,,b,0081.png,,black_3093.png,20,73,1,73,53,61,1,1,1,29,1,1,80,0,1,1,1,1,1,1,1,1,1,1,1,1,1,79,9,25,36,50,44,42,52,43,70,0,47,42,43,85,50,41,1
2095,,94,1991,1985,Kevin,Ross,1,10,11,1985,Temple,31,,6,29,69,185,CB,10600000,2,10600000,10600000,0,0,0,0,0,0,0,0,0,0,0,0,None,,,,,a,10563.png,default-jersey-01.png,lightbrown_3068.png,43,85,4,83,75,64,1,1,5,55,1,1,82,0,1,1,1,1,1,1,1,1,1,1,1,1,1,100,3,1,69,67,98,42,86,68,88,0,49,31,32,72,38,61,1
10153,,82,1991,1990,Allen,Rossum,14,3,11,1990,Notre Dame,35,,1,24,68,178,CB,750000,2,750000,750000,0,0,0,0,0,0,0,0,0,0,0,0,None,ReturnSpecialist,,,,b,10095.png,,black_3054.png,46,75,1,94,53,45,1,1,1,44,1,1,84,0,1,1,1,1,1,1,1,1,1,1,1,1,1,57,26,27,56,76,98,63,64,60,78,0,50,44,35,84,35,36,11
5515,,68,1991,0,T.J.,Rushing,0,0,0,0,Stanford,24,,1,24,70,175,CB,0,0,0,0,0,0,0,0,0,0,0,0,0,0,0,0,None,,,,,b,10058.png,,darkbrown_3011.png,42,75,1,71,36,49,1,1,1,34,1,1,72,0,1,1,1,1,1,1,1,1,1,1,1,1,1,37,9,14,30,32,61,47,62,34,72,0,34,38,63,82,42,56,82
12701,25414,76,1991,0,Kurt,Schulz,0,0,0,0,Eastern Washington,0,,0,24,73,208,CB,0,0,0,0,0,0,0,0,0,0,0,0,0,0,0,0,None,,,,,,,,,53,69,1,69,60,49,1,1,1,46,1,1,82,0,0,0,0,0,0,0,0,0,0,0,0,0,0,59,29,14,90,60,40,70,70,47,87,0,40,30,41,73,44,47,93
5979,,80,1991,0,Todd,Scott,0,0,0,0,La-Lafayette,43,,4,27,71,200,CB,0,0,0,0,0,0,0,0,0,0,0,0,0,0,0,0,None,,,,,a,0144.png,,black_3024.png,49,69,1,81,57,50,1,1,1,40,1,1,69,0,1,1,1,1,1,1,1,1,1,1,1,1,1,84,16,1,29,50,70,2,19,10,77,0,43,41,36,73,43,61,1
12642,,91,1991,1991,Jason,Sehorn,8,1,10,1991,USC,32,,0,23,74,213,CB,2500000,4,2500000,2500000,2500000,2500000,0,0,0,0,0,0,0,0,0,0,None,ZoneCorner,,,,b,0074.png,default-jersey-01.png,black_3069.png,64,81,1,87,55,64,1,1,1,69,1,1,65,0,1,1,1,1,1,1,1,1,1,1,1,1,32,46,55,32,10,95,96,11,77,65,98,0,48,35,49,80,33,62,99
10160,,67,1991,0,Chris,Sheffield,0,0,0,0,Albany State (GA),36,,1,24,73,193,CB,0,0,0,0,0,0,0,0,0,0,0,0,0,0,0,0,None,,,,,a,0122.png,,lightbrown_3097.png,28,74,1,69,44,50,1,1,1,26,1,1,58,0,1,1,1,1,1,1,1,1,1,1,1,1,1,55,30,35,6,50,70,22,3,34,86,0,49,49,31,85,44,58,96
10171,,63,1991,0,Jason,Simmons,0,0,0,0,Arizona State,46,,1,23,69,198,CB,0,0,0,0,0,0,0,0,0,0,0,0,0,0,0,0,None,,,,,a,0148.png,,blonde_3018.png,31,62,1,74,36,42,1,1,1,27,1,1,66,0,1,1,1,1,1,1,1,1,1,1,1,1,1,49,30,35,27,77,70,13,60,62,89,0,46,32,43,99,46,45,75
3476,,65,1991,0,Eric,Smedley,0,0,0,0,Indiana,27,,3,26,71,199,CB,0,0,0,0,0,0,0,0,0,0,0,0,0,0,0,0,None,,,,,a,0144.png,,black_3004.png,30,59,1,73,51,39,1,1,1,39,1,1,53,0,1,1,1,1,1,1,1,1,1,1,1,1,1,18,1,1,30,97,61,70,79,67,80,0,48,31,40,85,37,68,81
10161,,68,1991,0,Shevin,Smith,0,0,0,0,Florida State,25,,1,24,71,195,CB,0,0,0,0,0,0,0,0,0,0,0,0,0,0,0,0,None,,,,,a,0122.png,,darkbrown_3102.png,29,70,1,72,40,51,1,1,1,33,1,1,59,0,1,1,1,1,1,1,1,1,1,1,1,1,1,49,30,35,41,50,30,32,56,59,96,0,39,33,51,100,50,40,70
2703,,75,1991,1985,Wayne,Smith,0,23,7,1985,Purdue,44,,4,32,72,171,CB,0,0,0,0,0,0,0,0,0,0,0,0,0,0,0,0,None,,,,,b,0058.png,,bald_3014.png,28,78,1,77,52,53,1,1,1,37,1,1,81,0,1,1,1,1,1,1,1,1,1,1,1,1,1,54,12,6,39,99,75,43,96,70,84,0,48,31,41,83,39,36,19
12908,27035,79,1991,0,Jimmy,Spencer,0,0,0,0,Florida,0,,0,23,69,188,CB,0,0,0,0,0,0,0,0,0,0,0,0,0,0,0,0,None,,,,,,,,,41,81,1,66,60,47,1,1,1,49,1,1,63,0,0,0,0,0,0,0,0,0,0,0,0,0,0,87,29,18,33,48,63,37,9,29,97,0,36,46,53,98,31,35,92
8398,,94,1991,1989,Derek,Stingley Jr,9,1,11,1989,LSU,24,,2,22,72,190,CB,2100000,2,2100000,2300000,0,0,0,0,0,0,0,0,0,0,0,0,None,ZoneCorner|FanFavorite,,,,b,0024.png,,black_3098.png,41,83,12,89,76,57,15,1,1,54,5,5,73,0,1,1,1,1,1,1,1,1,1,1,1,1,1,100,26,29,6,46,48,37,37,16,78,0,30,33,60,72,38,39,100
9644,,90,1991,1990,Ken,Strong,10,4,6,1990,NYU,2,,1,24,72,206,CB,500000,2,500000,500000,0,0,0,0,0,0,0,0,0,0,0,0,None,RawTalent,,,,a,0112.png,default-jersey-01.png,black_3058.png,60,72,25,82,71,66,15,35,35,63,65,65,80,0,1,52,53,38,29,1,1,1,1,32,1,1,1,50,30,30,95,61,35,66,61,46,73,0,38,45,32,73,31,52,85
10169,,64,1991,0,Kywin,Supernaw,0,0,0,0,Indiana,31,,1,24,73,206,CB,0,0,0,0,0,0,0,0,0,0,0,0,0,0,0,0,None,,,,,a,10553.png,,darkbrown_3011.png,35,63,1,65,40,36,1,1,1,38,1,1,60,0,1,1,1,1,1,1,1,1,1,1,1,1,1,50,30,35,89,50,48,80,54,50,71,0,34,41,66,95,38,69,75
10135,,89,1991,1990,Patrick,Surtain,15,1,14,1990,Southern Miss,46,,1,23,71,192,CB,2000000,3,2000000,2000000,2000000,0,0,0,0,0,0,0,0,0,0,0,None,MediaDarling,,,,b,0015.png,default-jersey-01.png,black_3017.png,54,85,1,90,53,59,1,1,1,54,1,1,85,0,1,1,1,1,1,1,1,1,1,1,1,1,1,71,26,26,94,50,62,73,68,61,98,0,40,39,54,73,32,54,64
2477,,71,1991,1985,John,Swain,0,28,1,1985,Miami,29,,6,32,73,195,CB,0,0,0,0,0,0,0,0,0,0,0,0,0,0,0,0,None,,,,,b,10097.png,,bald_3026.png,26,70,1,67,45,40,1,1,1,41,1,1,82,0,1,1,1,1,1,1,1,1,1,1,1,1,1,90,11,13,96,58,39,67,37,66,76,0,33,41,58,80,41,67,1
8401,,92,1991,1989,Cam,Taylor-Britt,12,1,16,1989,Nebraska,29,,2,23,71,202,CB,1850000,2,1850000,2000000,0,0,0,0,0,0,0,0,0,0,0,0,None,ConsummatePro,,,,b,10073.png,,bald_3014.png,51,76,24,87,76,56,38,6,6,55,3,1,79,0,1,1,1,1,1,1,1,1,1,1,1,1,1,83,21,26,38,79,79,50,67,61,78,0,39,47,63,73,35,55,89
8399,,83,1991,1989,Alontae,Taylor,9,5,8,1989,Tennessee,27,,2,24,73,199,CB,300000,4,300000,300000,300000,300000,0,0,0,0,0,0,0,0,0,0,None,,,,,a,10562.png,default-jersey-01.png,black_3011.png,48,72,20,82,67,57,29,8,7,37,6,7,78,0,1,1,1,1,1,1,1,1,1,1,1,1,1,78,19,26,76,88,100,66,66,65,77,0,62,54,67,74,40,47,81
2480,,84,1991,1985,Ken,Taylor,20,21,15,1985,Oregon State,31,,6,28,73,185,CB,3100000,1,3100000,0,0,0,0,0,0,0,0,0,0,0,0,0,None,,,,,b,0060.png,,black_3026.png,48,83,1,82,53,45,1,1,1,52,1,1,86,0,1,1,1,1,1,1,1,1,1,1,1,1,1,85,6,1,32,73,65,26,64,73,73,0,31,42,67,86,36,44,94
2921,,66,1991,1985,Terry,Taylor,0,56,9,1985,Southern Illinois,20,,5,29,70,188,CB,0,0,0,0,0,0,0,0,0,0,0,0,0,0,0,0,None,,,,,b,0049.png,,black_3085.png,32,66,1,58,37,55,1,1,1,38,1,1,56,0,1,1,1,1,1,1,1,1,1,1,1,1,1,77,1,5,40,58,42,36,50,34,81,0,38,47,60,70,33,54,93
3496,,81,1991,1986,Fred,Thomas,1,7,7,1986,Mississippi,36,,5,28,69,184,CB,490000,1,490000,0,0,0,0,0,0,0,0,0,0,0,0,0,None,,,,,b,0002.png,default-jersey-01.png,bald_3011.png,32,70,1,75,62,62,1,1,1,46,1,1,70,0,1,1,1,1,1,1,1,1,1,1,1,1,1,79,1,7,64,50,52,76,65,37,77,0,32,35,39,85,33,53,57
5559,,68,1991,0,Jamie,Thompson,0,0,0,0,Oklahoma State,39,,1,24,72,190,CB,0,0,0,0,0,0,0,0,0,0,0,0,0,0,0,0,None,,,,,b,0032.png,,black_3035.png,41,69,1,57,46,52,1,1,1,36,1,1,70,0,1,1,1,1,1,1,1,1,1,1,1,1,1,71,8,4,13,65,79,20,62,68,71,0,43,39,55,85,47,57,74
10141,,81,1991,1990,Deshea,Townsend,2,5,19,1990,Alabama,38,,1,24,70,191,CB,250000,1,250000,0,0,0,0,0,0,0,0,0,0,0,0,0,None,,,,,b,0041.png,default-jersey-01.png,black_3082.png,48,78,1,73,60,66,1,1,1,43,1,1,63,0,1,1,1,1,1,1,1,1,1,1,1,1,1,59,27,26,3,86,65,29,93,70,83,0,30,44,30,91,31,51,89
2402,,77,1991,1985,Willie,Tullis,0,30,13,1985,Southern Miss,42,,6,33,72,193,CB,0,0,0,0,0,0,0,0,0,0,0,0,0,0,0,0,None,ZoneCorner,,,,b,0001.png,,black_3078.png,23,82,1,67,51,45,1,1,1,51,1,1,69,0,1,1,1,1,1,1,1,1,1,1,1,1,1,91,18,7,89,94,65,96,99,85,98,0,39,46,61,96,47,70,3
2849,,64,1991,1985,John,Turner,0,46,3,1985,Miami (FL),49,,4,33,72,197,CB,0,0,0,0,0,0,0,0,0,0,0,0,0,0,0,0,None,,,,,b,0086.png,,black_3034.png,29,70,1,58,41,47,1,1,1,40,1,1,52,0,1,1,1,1,1,1,1,1,1,1,1,1,1,43,5,31,100,81,93,95,76,94,86,0,48,42,30,94,33,46,71
3515,,71,1991,0,Brian,Walker,0,0,0,0,Washington State,27,,5,29,73,205,CB,0,0,0,0,0,0,0,0,0,0,0,0,0,0,0,0,None,ZoneCorner,,,,a,10552.png,,black_3027.png,38,69,1,59,51,52,1,1,1,45,1,1,62,0,1,1,1,1,1,1,1,1,1,1,1,1,1,70,1,1,96,32,37,70,48,74,75,0,32,41,57,74,36,40,83
2928,,77,1991,1985,Fulton,Walker,0,43,3,1985,West Virginia,41,,6,33,70,193,CB,0,0,0,0,0,0,0,0,0,0,0,0,0,0,0,0,None,ReturnSpecialist,,,,a,0133.png,,blonde_3018.png,33,67,1,77,46,62,1,1,1,47,1,1,67,0,1,1,1,1,1,1,1,1,1,1,1,1,1,70,14,10,72,100,71,84,87,100,85,0,47,32,44,96,45,53,8
10162,,67,1991,0,Kevin,Walker,0,0,0,0,East Carolina,45,,1,24,71,180,CB,0,0,0,0,0,0,0,0,0,0,0,0,0,0,0,0,None,,,,,b,0056.png,,black_3032.png,40,62,1,70,39,40,1,1,1,43,1,1,59,0,1,1,1,1,1,1,1,1,1,1,1,1,1,46,30,35,40,90,75,45,99,100,81,0,32,37,43,87,50,42,70
1960,,87,1991,1985,Everson,Walls,19,8,1,1985,Grambling State,27,,6,32,73,194,CB,3100000,2,3100000,3100000,0,0,0,0,0,0,0,0,0,0,0,0,None,PressCorner,,,,a,0104.png,default-jersey-01.png,bald_3023.png,35,91,1,70,65,52,1,1,1,56,1,1,89,0,1,1,1,1,1,1,1,1,1,1,1,1,1,98,17,21,50,91,99,52,91,81,100,0,36,39,52,81,43,59,93
2335,,79,1991,1985,Danny,Walters,0,17,14,1985,Arkansas,35,,6,31,73,189,CB,0,0,0,0,0,0,0,0,0,0,0,0,0,0,0,0,None,,,,,a,0118.png,default-jersey-01.png,darkbrown_3046.png,44,83,1,76,45,54,1,1,1,36,1,1,71,0,1,1,1,1,1,1,1,1,1,1,1,1,1,96,1,9,47,74,91,59,84,75,88,0,35,47,61,83,34,58,25
10142,,80,1991,1990,Alvin,Walton,1,7,8,1990,Kansas,20,,1,23,72,180,CB,250000,1,250000,0,0,0,0,0,0,0,0,0,0,0,0,0,None,,,,,b,0021.png,,black_3047.png,49,80,1,79,55,54,1,1,1,40,1,1,72,0,1,1,1,1,1,1,1,1,1,1,1,1,1,61,26,28,25,56,63,14,25,10,75,0,45,35,32,74,49,68,0
10156,,69,1991,0,Eric,Warfield,0,0,0,0,Nebraska,35,,1,23,72,200,CB,0,0,0,0,0,0,0,0,0,0,0,0,0,0,0,0,None,,,,,a,10585.png,,blonde_3007.png,29,82,1,64,50,50,1,1,1,30,1,1,71,0,1,1,1,1,1,1,1,1,1,1,1,1,1,47,30,35,95,76,86,69,80,87,95,0,46,45,62,93,42,57,71
12639,,83,1991,1991,Dewayne,Washington,17,3,4,1991,North Carolina State,26,,0,22,71,195,CB,750000,3,750000,750000,750000,0,0,0,0,0,0,0,0,0,0,0,None,,,,,a,0129.png,,lightbrown_3021.png,44,85,1,84,56,47,1,1,1,49,1,1,70,0,1,1,1,1,1,1,1,1,1,1,1,1,1,51,31,34,91,71,89,64,80,88,88,0,37,41,50,70,48,52,29
2098,,85,1991,1985,Andre,Waters,16,14,1,1985,Cheyney,26,,6,29,71,200,CB,4100000,1,4100000,0,0,0,0,0,0,0,0,0,0,0,0,0,None,BoxSafety,,,,a,10583.png,default-jersey-01.png,lightbrown_3099.png,66,80,1,70,55,64,1,1,1,73,1,1,82,0,1,1,1,1,1,1,1,1,1,1,1,40,9,27,53,10,43,63,46,52,47,54,94,0,35,49,36,87,45,62,3
8402,,85,1991,0,Jaylen,Watson,6,0,0,0,Wash. St.,35,,2,24,74,197,CB,250000,3,250000,350000,350000,0,0,0,0,0,0,0,0,0,0,0,None,PressCorner,,,,a,10551.png,default-jersey-01.png,darkbrown_3043.png,52,73,1,77,65,63,8,2,6,42,1,3,78,0,1,1,1,1,1,1,1,1,1,1,1,1,1,92,26,26,30,63,65,43,68,44,73,0,64,39,69,88,64,47,77
1985,,88,1991,1985,Dave,Waymer,1,9,16,1985,Notre Dame,39,,6,33,73,195,CB,2700000,1,2700000,0,0,0,0,0,0,0,0,0,0,0,0,0,None,ZoneCorner,,,,b,0040.png,default-jersey-01.png,black_3067.png,55,74,1,72,54,60,1,1,1,69,1,1,93,0,1,1,1,1,1,1,1,1,1,1,1,1,1,95,14,26,30,59,78,12,75,70,97,0,47,48,61,81,41,54,39
10129,,94,1991,1990,Roger,Wehrli,4,1,5,1990,Missouri,22,,1,23,72,190,CB,3000000,3,3000000,3000000,3000000,0,0,0,0,0,0,0,0,0,0,0,None,PressCorner,,,,b,10074.png,,bald_3029.png,59,87,1,92,68,61,1,1,1,53,1,1,85,0,1,1,1,1,1,1,1,1,1,1,1,1,1,71,27,28,84,58,70,97,31,47,76,0,36,42,37,94,41,53,24
2927,,68,1991,1985,Barry,Wilburn,0,29,13,1985,Mississippi,45,,6,28,74,196,CB,0,0,0,0,0,0,0,0,0,0,0,0,0,0,0,0,None,,,,,b,0029.png,,black_3005.png,29,71,1,67,56,43,1,1,1,39,1,1,77,0,1,1,1,1,1,1,1,1,1,1,1,1,1,31,1,1,45,53,57,42,55,58,74,0,34,33,58,89,39,57,62
12747,30949,83,1991,0,Darryl,Williams,0,0,0,0,Miami (FL),0,,0,22,72,198,CB,0,0,0,0,0,0,0,0,0,0,0,0,0,0,0,0,None,,,,,,,,,50,88,1,78,48,52,1,1,1,52,1,1,72,0,0,0,0,0,0,0,0,0,0,0,0,0,0,66,16,26,42,36,46,37,53,38,80,0,41,46,65,72,34,65,99
5593,,64,1991,0,Jimmy,Williams,0,0,0,0,Virginia Tech,34,,0,22,74,205,CB,0,0,0,0,0,0,0,0,0,0,0,0,0,0,0,0,None,,,,,a,0114.png,,bald_3009.png,30,61,1,67,41,55,1,1,1,34,1,1,60,0,0,0,0,0,0,0,0,0,0,0,0,0,0,25,2,11,26,31,58,22,39,5,70,0,36,50,52,74,44,32,86
8404,,88,1991,1989,Joshua,Williams,18,3,4,1989,Fayetteville State,2,,2,23,75,193,CB,850000,1,850000,0,0,0,0,0,0,0,0,0,0,0,0,0,None,,,,,a,0137.png,,bald_3019.png,43,76,6,79,71,54,1,7,7,54,1,1,75,0,1,1,1,1,1,1,1,1,1,1,1,1,1,93,22,10,66,76,95,53,62,74,81,0,31,40,66,99,37,64,93
2980,,67,1991,1985,Perry,Williams,0,57,10,1985,North Carolina State,23,,3,27,74,203,CB,0,0,0,0,0,0,0,0,0,0,0,0,0,0,0,0,None,,,,,b,10050.png,,darkbrown_3022.png,49,63,1,61,46,45,1,1,1,48,1,1,70,0,1,1,1,1,1,1,1,1,1,1,1,1,1,34,21,16,32,49,50,42,7,40,73,0,30,49,36,85,31,39,53
10158,,69,1991,0,Robert,Williams,0,0,0,0,North Carolina,26,,1,22,70,177,CB,0,0,0,0,0,0,0,0,0,0,0,0,0,0,0,0,None,,,,,b,0059.png,,bald_3027.png,38,68,1,73,43,39,1,1,1,40,1,1,58,0,1,1,1,1,1,1,1,1,1,1,1,1,1,47,30,35,39,50,45,9,39,7,86,0,37,50,32,100,37,41,74
5599,,99,1991,1987,Tramon,Williams,16,1,15,1987,LA. Tech,43,,4,27,72,192,CB,2550000,6,2550000,2550000,2550000,2550000,2550000,2550000,0,0,0,0,0,0,0,0,None,BoxSafety,,,,c,0234.png,default-jersey-01.png,black_3050.png,54,86,1,88,71,66,1,1,1,67,5,1,95,0,1,1,1,1,1,1,1,1,1,1,1,1,1,95,21,75,36,89,60,14,83,76,96,0,31,35,55,75,44,40,8
3530,,74,1991,1986,Tyrone,Williams,0,5,14,1986,Nebraska,38,,5,28,71,193,CB,0,0,0,0,0,0,0,0,0,0,0,0,0,0,0,0,None,,,,,b,0085.png,,black_3044.png,36,63,1,71,55,48,1,1,1,46,1,1,78,0,1,1,1,1,1,1,1,1,1,1,1,1,1,65,5,4,38,95,100,15,59,95,84,0,31,30,33,74,46,69,1
3532,,70,1991,0,Jerry,Wilson,0,0,0,0,Southern,43,,1,24,71,190,CB,0,0,0,0,0,0,0,0,0,0,0,0,0,0,0,0,None,,,,,a,0140.png,,darkbrown_3003.png,42,75,1,68,51,51,1,1,1,31,1,1,63,0,1,1,1,1,1,1,1,1,1,1,1,1,1,41,15,6,96,98,78,68,80,81,90,0,43,44,61,75,43,43,79
7231,,90,1991,1988,Josh,Wilson,2,1,20,1988,Maryland,24,,3,24,69,189,CB,1750000,1,1750000,0,0,0,0,0,0,0,0,0,0,0,0,0,None,,,,,b,0046.png,,black_3053.png,52,93,1,81,57,62,1,1,1,46,1,1,78,0,1,1,1,1,1,1,1,1,1,1,1,1,1,100,15,10,62,92,95,78,65,92,98,0,45,45,48,88,41,68,87
1975,,84,1991,1985,Dwayne,Woodruff,0,10,14,1985,Louisville,49,,5,33,71,198,CB,0,0,0,0,0,0,0,0,0,0,0,0,0,0,0,0,None,,,,,a,10590.png,,black_3004.png,30,84,1,69,70,58,1,1,1,46,1,1,74,0,1,1,1,1,1,1,1,1,1,1,1,1,1,99,20,6,33,31,55,36,45,53,87,0,49,43,66,77,32,52,21
3537,,83,1991,1986,Jerome,Woods,2,3,1,1986,Memphis,43,,5,28,75,205,CB,250000,2,250000,250000,0,0,0,0,0,0,0,0,0,0,0,0,None,,,,,b,0036.png,default-jersey-01.png,black_3051.png,49,75,1,81,48,53,1,1,1,49,1,1,76,0,1,1,1,1,1,1,1,1,1,1,1,1,1,100,1,6,5,37,36,9,32,13,85,0,43,33,60,97,49,49,81
10130,,95,1991,1990,Charles,Woodson,19,1,4,1990,Michigan,44,,1,23,73,200,CB,3000000,3,3000000,3000000,3000000,0,0,0,0,0,0,0,0,0,0,0,None,PressCorner,,,,b,10100.png,,black_3055.png,48,82,3,90,76,58,1,1,1,57,1,10,83,0,1,1,1,1,1,1,1,1,1,1,1,1,1,86,26,26,10,85,72,18,96,82,85,0,43,38,56,87,37,62,27
8407,,97,1991,1989,Tariq,Woolen,11,1,5,1989,UTSA,27,,2,24,76,210,CB,3150000,2,3150000,3450000,0,0,0,0,0,0,0,0,0,0,0,0,None,PressCorner,,,,a,0107.png,,bald_3008.png,46,79,7,93,78,63,5,13,12,57,11,7,80,0,1,1,1,1,1,1,1,1,1,1,1,1,1,100,26,36,7,63,69,2,7,28,94,0,59,66,55,91,33,55,98
7170,,78,1991,1988,Eric,Wright CB,0,4,17,1988,UNLV,49,,3,24,71,192,CB,0,0,0,0,0,0,0,0,0,0,0,0,0,0,0,0,None,ZoneCorner,,,,a,0141.png,,blonde_3050.png,44,75,1,72,58,61,1,1,1,36,1,1,72,0,1,1,1,1,1,1,1,1,1,1,1,1,1,74,26,25,100,71,66,83,60,68,90,0,44,32,46,81,32,48,30
2396,,85,1991,1985,Eric,Wright,7,23,10,1985,Missouri,46,,6,32,73,183,CB,2700000,4,2700000,2700000,2700000,2700000,0,0,0,0,0,0,0,0,0,0,None,,,,,a,0104.png,,darkbrown_3002.png,41,80,1,81,51,53,1,1,1,53,1,1,76,0,1,1,1,1,1,1,1,1,1,1,1,1,1,97,6,10,43,64,86,65,92,65,81,0,47,34,69,93,49,64,12
1849,,99,1991,1985,Louis,Wright,0,4,13,1985,Arizona State,20,,4,36,74,200,CB,0,0,0,0,0,0,0,0,0,0,0,0,0,0,0,0,None,TeamPlayer,,,,a,10595.png,,black_3009.png,55,85,1,96,68,63,1,1,1,61,1,6,92,0,1,1,1,1,1,1,1,1,1,1,1,1,1,96,29,10,54,49,53,36,45,58,80,0,33,49,63,99,50,42,47
5612,,66,1991,0,Ashton,Youboty,0,0,0,0,Ohio State,39,,1,23,73,190,CB,0,0,0,0,0,0,0,0,0,0,0,0,0,0,0,0,None,,,,,a,0127.png,,black_3058.png,29,67,1,70,51,50,1,1,1,33,1,1,67,0,1,1,1,1,1,1,1,1,1,1,1,1,1,18,14,3,39,62,57,64,58,53,89,0,35,36,41,72,37,32,83
2919,,63,1991,1985,Roynell,Young,0,57,5,1985,Alcorn State,38,,5,33,73,181,CB,0,0,0,0,0,0,0,0,0,0,0,0,0,0,0,0,None,,,,,a,10591.png,,darkbrown_3069.png,23,70,1,68,34,40,1,1,1,33,1,1,72,0,1,1,1,1,1,1,1,1,1,1,1,1,1,52,13,11,50,60,94,52,100,65,84,0,32,31,38,75,31,66,97
12606,,76,1991,1991,Trev,Alberts,2,4,16,1991,Nebraska,54,,0,24,76,245,LB,500000,3,500000,500000,500000,0,0,0,0,0,0,0,0,0,0,0,None,Distraction,,,,a,10562.png,default-jersey-01.png,darkbrown_3049.png,66,68,1,66,39,45,1,1,1,78,1,1,68,0,1,1,1,1,1,1,1,1,1,1,32,30,61,1,32,1,27,35,53,40,26,37,95,0,43,30,65,86,39,58,89
12623,,66,1991,0,Allen,Aldridge,0,0,0,0,Houston,55,,0,22,73,254,LB,0,0,0,0,0,0,0,0,0,0,0,0,0,0,0,0,None,,,,,a,10591.png,,black_3042.png,57,57,1,59,29,47,1,1,1,64,1,1,75,0,1,1,1,1,1,1,1,1,1,1,35,35,57,1,35,1,60,97,89,95,76,86,83,0,45,34,46,95,33,57,92
12626,,65,1991,0,Arnold,Ale,0,0,0,0,Notre Dame,52,,0,24,74,234,LB,0,0,0,0,0,0,0,0,0,0,0,0,0,0,0,0,None,,,,,a,0103.png,,lightbrown_3055.png,57,63,1,52,38,54,1,1,1,60,1,1,57,0,1,1,1,1,1,1,1,1,1,1,35,35,57,1,35,1,35,90,83,60,68,76,80,0,49,36,33,78,34,67,75
12890,291,75,1991,0,Elijah,Alexander,0,0,0,0,Kansas State,0,,0,22,74,233,LB,0,0,0,0,0,0,0,0,0,0,0,0,0,0,0,0,None,,,,,,,,,65,67,1,67,28,63,1,1,1,71,1,1,79,0,0,0,0,0,0,0,0,0,0,0,0,27,67,0,19,0,93,56,53,90,33,41,75,0,40,39,41,78,37,58,88
3538,,66,1991,0,Patrise,Alexander,0,0,0,0,La-Lafayette,59,,0,24,73,244,LB,0,0,0,0,0,0,0,0,0,0,0,0,0,0,0,0,None,,,,,a,0146.png,,darkbrown_3093.png,55,54,1,55,36,51,1,1,1,69,1,1,68,0,0,0,0,0,0,0,0,0,0,0,0,7,45,0,8,0,93,68,31,82,44,33,81,0,50,49,37,88,43,43,86
10098,,66,1991,0,Rogers,Alexander,0,0,0,0,Penn State,58,,1,23,75,222,LB,0,0,0,0,0,0,0,0,0,0,0,0,0,0,0,0,None,,,,,b,10071.png,,bald_3036.png,64,55,1,57,27,51,1,1,1,58,1,1,75,0,1,1,1,1,1,1,1,1,1,1,30,30,55,1,30,1,46,79,74,55,71,79,77,0,37,40,30,70,39,59,70
12624,,66,1991,0,Tuineau,Alipate,0,0,0,0,Washington State,57,,0,27,73,245,LB,0,0,0,0,0,0,0,0,0,0,0,0,0,0,0,0,None,,,,,b,10097.png,,bald_3012.png,54,55,1,65,21,44,1,1,1,65,1,1,62,0,1,1,1,1,1,1,1,1,1,1,35,35,54,1,35,1,43,94,94,30,66,67,82,0,42,42,49,87,41,62,82
2094,,81,1991,1985,Kurt,Allerman,0,19,9,1985,Penn State,95,,2,32,75,222,LB,0,0,0,0,0,0,0,0,0,0,0,0,0,0,0,0,None,,,,,b,10100.png,,black_3096.png,65,71,1,70,44,51,1,1,1,77,1,1,65,0,1,1,1,1,1,1,1,1,1,1,1,21,93,1,13,1,62,54,67,67,57,44,72,0,36,41,34,100,49,42,66
10118,,62,1991,0,Ty,Allert,0,0,0,0,Texas,59,,1,24,74,233,LB,0,0,0,0,0,0,0,0,0,0,0,0,0,0,0,0,None,,,,,b,0092.png,,black_3043.png,53,53,1,53,33,40,1,1,1,61,1,1,62,0,1,1,1,1,1,1,1,1,1,1,30,30,55,1,30,1,16,50,35,8,11,21,98,0,45,38,30,93,45,44,96
7115,,67,1991,0,Colin,Allred,0,0,0,0,Baylor,50,,1,24,73,238,LB,0,0,0,0,0,0,0,0,0,0,0,0,0,0,0,0,None,,,,,b,0042.png,,black_3061.png,51,66,1,64,32,48,1,1,1,63,1,1,65,0,1,1,1,1,1,1,1,1,1,1,1,8,64,1,7,1,38,57,50,28,27,37,86,0,35,30,34,79,47,31,70
5641,,65,1991,0,Jon,Alston,0,0,0,0,Stanford,54,,1,24,72,220,LB,0,0,0,0,0,0,0,0,0,0,0,0,0,0,0,0,None,,,,,b,0093.png,,black_3059.png,50,57,1,55,23,50,1,1,1,61,1,1,63,0,1,1,1,1,1,1,1,1,1,1,1,5,95,1,14,1,31,83,85,8,67,79,85,0,34,38,57,90,50,53,93
8487,,83,1991,1989,Troy,Andersen,10,4,11,1989,Montana State,53,,2,24,76,235,LB,550000,1,550000,0,0,0,0,0,0,0,0,0,0,0,0,0,None,,,,,b,0060.png,,bald_3024.png,57,73,27,81,52,63,37,7,10,76,4,3,71,0,1,1,1,1,1,1,1,1,1,1,1,23,95,1,25,1,37,97,92,53,83,89,77,0,70,38,54,73,53,52,98
2606,,65,1991,1985,John,Anderson,0,17,12,1985,Michigan,54,,4,33,75,226,LB,0,0,0,0,0,0,0,0,0,0,0,0,0,0,0,0,None,,,,,b,0004.png,,black_3008.png,39,49,1,71,34,43,1,1,1,76,1,1,57,0,1,1,1,1,1,1,1,1,1,1,1,12,42,1,1,1,36,95,80,56,65,88,93,0,33,46,40,76,32,41,93
8488,,86,1991,1989,Brian,Asamoah II,10,4,2,1989,Oklahoma,33,,2,23,72,226,LB,550000,1,550000,0,0,0,0,0,0,0,0,0,0,0,0,0,None,CoverageLB,,,,a,0147.png,,lightbrown_3067.png,62,73,1,80,45,68,1,7,7,83,1,1,77,0,1,1,1,1,1,1,1,1,1,1,1,12,93,1,26,1,69,99,73,100,69,92,74,0,43,33,45,70,31,40,94
1868,,93,1991,1985,Carl,Banks,14,3,6,1985,Michigan State,58,,6,29,76,235,LB,8100000,3,8100000,8100000,8100000,0,0,0,0,0,0,0,0,0,0,0,None,Competitor,,,,a,10554.png,,lightbrown_3012.png,84,67,1,80,48,58,1,1,1,91,1,1,80,0,1,1,1,1,1,1,1,1,1,1,1,1,100,1,6,1,42,41,70,53,69,47,84,0,47,40,58,73,40,39,8
1920,,82,1991,1985,Chip,Banks,1,7,6,1985,USC,50,,6,32,76,243,LB,2900000,1,2900000,0,0,0,0,0,0,0,0,0,0,0,0,0,None,,,,,a,10563.png,default-jersey-01.png,lightbrown_3072.png,64,58,1,59,40,67,1,2,1,91,1,1,81,0,1,1,1,1,1,1,1,1,1,1,1,26,100,1,10,1,10,68,59,31,26,13,95,0,40,47,55,79,47,65,53
12720,1372,70,1991,0,Kurt,Barber,0,0,0,0,USC,0,,0,23,76,245,LB,0,0,0,0,0,0,0,0,0,0,0,0,0,0,0,0,None,,,,,,,,,65,64,1,63,24,44,1,1,1,58,1,1,58,0,0,0,0,0,0,0,0,0,0,0,0,0,86,0,14,0,35,93,89,35,99,97,89,0,44,37,61,87,39,46,90
10054,,72,1991,0,Shawn,Barber,0,0,0,0,Richmond,55,,1,24,74,245,LB,0,0,0,0,0,0,0,0,0,0,0,0,0,0,0,0,None,,,,,b,10092.png,default-jersey-01.png,black_3086.png,66,67,1,72,39,46,1,1,1,60,1,1,75,0,1,1,1,1,1,1,1,1,1,1,29,30,53,1,30,1,82,62,80,73,66,60,82,0,32,45,41,100,40,30,90
12842,1416,68,1991,0,Tony,Barker,0,0,0,0,Rice,0,,0,24,74,230,LB,0,0,0,0,0,0,0,0,0,0,0,0,0,0,0,0,None,,,,,,,,,57,58,1,66,40,45,1,1,1,72,1,1,60,0,0,0,0,0,0,0,0,0,0,0,0,14,19,0,0,0,70,95,77,69,98,93,91,0,42,33,60,72,31,39,89
7060,,67,1991,0,Antwan,Barnes,0,0,0,0,Florida International,57,,1,23,73,240,LB,0,0,0,0,0,0,0,0,0,0,0,0,0,0,0,0,None,,,,,c,0237.png,,black_3004.png,61,58,1,64,33,45,1,1,1,56,1,1,66,0,1,1,1,1,1,1,1,1,1,1,1,3,70,1,8,1,48,100,75,55,76,81,72,0,40,49,52,85,32,46,71
8489,,77,1991,1989,Amare,Barno,9,7,7,1989,Virginia Tech,58,,2,24,78,245,LB,1400000,3,1400000,1400000,1400000,0,0,0,0,0,0,0,0,0,0,0,None,CoverageLB,,,,c,0239.png,default-jersey-01.png,black_3020.png,63,63,1,84,23,49,1,1,1,76,1,1,58,0,1,1,1,1,1,1,1,1,1,1,1,21,56,1,11,1,67,91,84,67,61,82,75,0,51,41,61,86,58,44,57
12813,1589,68,1991,0,Ephesians,Bartley,0,0,0,0,Florida,0,,0,23,74,213,LB,0,0,0,0,0,0,0,0,0,0,0,0,0,0,0,0,None,,,,,,,,,52,54,1,68,27,53,1,1,1,72,1,1,63,0,0,0,0,0,0,0,0,0,0,0,0,13,44,0,6,0,61,91,98,32,62,74,88,0,42,50,35,72,35,54,84
7226,,90,1991,1988,Jon,Beason,1,1,9,1988,Miami (FL),53,,3,24,72,237,LB,2500000,1,2500000,0,0,0,0,0,0,0,0,0,0,0,0,0,None,CoverageLB,,,,a,0109.png,,bald_3007.png,67,88,6,83,45,66,3,1,1,84,8,1,88,0,1,1,1,1,1,1,1,1,1,1,1,21,100,1,26,1,63,46,53,64,44,33,73,0,48,39,69,100,38,31,7
12622,,66,1991,0,Aubrey,Beavers,0,0,0,0,Oklahoma,53,,0,23,75,234,LB,0,0,0,0,0,0,0,0,0,0,0,0,0,0,0,0,None,,,,,a,10561.png,,darkbrown_3044.png,62,66,1,56,32,58,1,1,1,56,1,1,62,0,1,1,1,1,1,1,1,1,1,1,35,35,54,1,35,1,21,89,70,12,65,65,94,0,48,35,42,82,37,60,78
5439,,63,1991,0,Jordan,Beck,0,0,0,0,Cal Poly-San Luis Obispo,56,,1,24,74,233,LB,0,0,0,0,0,0,0,0,0,0,0,0,0,0,0,0,None,,,,,b,0084.png,,bald_3010.png,53,51,1,56,31,54,1,1,1,59,1,1,62,0,1,1,1,1,1,1,1,1,1,1,1,13,66,1,1,1,20,49,52,7,32,40,99,0,42,41,52,94,33,60,70
10062,,67,1991,0,Anthony,Bell,0,0,0,0,Michigan State,59,,1,23,75,235,LB,0,0,0,0,0,0,0,0,0,0,0,0,0,0,0,0,None,,,,,a,10574.png,,darkbrown_3082.png,50,59,1,67,31,58,1,1,1,68,1,1,72,0,1,1,1,1,1,1,1,1,1,1,30,30,44,1,30,1,97,97,79,99,86,67,79,0,42,32,59,84,47,65,72
2330,,73,1991,1985,Thomas,Benson,0,32,6,1985,Oklahoma,53,,6,30,74,238,LB,0,0,0,0,0,0,0,0,0,0,0,0,0,0,0,0,None,,,,,b,0093.png,,black_3089.png,67,56,1,61,37,54,1,1,1,62,1,1,81,0,1,1,1,1,1,1,1,1,1,1,1,1,95,1,1,1,28,66,91,23,78,97,91,0,45,38,47,83,42,32,20
10055,,75,1991,0,Troy,Benson,9,0,0,0,Pittsburgh,55,,1,24,74,235,LB,250000,1,250000,0,0,0,0,0,0,0,0,0,0,0,0,0,None,,,,,a,0107.png,default-jersey-01.png,lightbrown_3086.png,55,65,1,74,43,60,1,1,1,74,1,1,74,0,1,1,1,1,1,1,1,1,1,1,27,26,60,1,26,1,30,88,80,42,74,92,87,0,47,50,36,82,50,65,80
8490,,82,1991,0,Terrel,Bernard,17,0,0,0,Baylor,43,,2,24,73,224,LB,3550000,3,3550000,3550000,3550000,0,0,0,0,0,0,0,0,0,0,0,None,CoverageLB,,,,b,10058.png,default-jersey-01.png,bald_3035.png,64,72,1,78,56,67,10,7,7,80,1,1,83,0,1,1,1,1,1,1,1,1,1,1,1,56,53,1,26,1,56,40,55,66,70,46,83,0,54,30,60,83,61,60,37
1981,,89,1991,1985,Duane,Bickett,12,8,8,1985,USC,50,,6,29,77,251,LB,3300000,2,3300000,3300000,0,0,0,0,0,0,0,0,0,0,0,0,None,CoverageLB,,,,b,10053.png,,blonde_3001.png,72,72,1,83,55,62,1,1,1,78,1,1,84,0,1,1,1,1,1,1,1,1,1,1,1,7,100,1,1,1,36,81,98,52,65,78,72,0,48,37,66,75,37,38,100
10050,,76,1991,0,Mel,Black,4,0,0,0,Eastern Illinois,56,,1,25,74,228,LB,250000,1,250000,0,0,0,0,0,0,0,0,0,0,0,0,0,None,,,,,b,0097.png,default-jersey-01.png,darkbrown_3013.png,65,73,1,67,37,54,1,1,1,73,1,1,69,0,1,1,1,1,1,1,1,1,1,1,27,27,61,1,26,1,89,50,54,83,63,55,93,0,37,39,69,95,46,62,47
2544,,60,1991,1985,Don,Blackmon,0,42,9,1985,Tulsa,55,,6,33,75,235,LB,0,0,0,0,0,0,0,0,0,0,0,0,0,0,0,0,None,,,,,b,0078.png,,black_3095.png,55,56,1,53,37,40,1,1,1,59,1,1,71,0,1,1,1,1,1,1,1,1,1,1,1,20,27,1,13,1,52,49,35,45,61,48,92,0,37,42,67,97,40,41,95
7186,,67,1991,0,H.B.,Blades,0,0,0,0,Pittsburgh,53,,1,23,71,236,LB,0,0,0,0,0,0,0,0,0,0,0,0,0,0,0,0,None,,,,,a,0122.png,,blonde_3018.png,54,51,1,65,30,41,1,1,1,66,1,1,59,0,1,1,1,1,1,1,1,1,1,1,1,3,66,1,1,1,30,81,99,34,84,68,81,0,42,39,58,98,50,39,80
7286,,77,1991,1988,Matt,Blair II,0,3,1,1988,Iowa State,59,,3,30,77,232,LB,0,0,0,0,0,0,0,0,0,0,0,0,0,0,0,0,None,,,,,b,0049.png,default-jersey-01.png,black_3063.png,64,55,1,66,32,52,1,1,1,78,1,1,70,0,1,1,1,1,1,1,1,1,1,1,1,34,89,1,28,1,28,57,66,30,82,60,76,0,34,41,45,90,40,55,25
2090,,81,1991,1985,Matt,Blair,0,24,10,1985,Iowa State,59,,1,36,77,232,LB,0,0,0,0,0,0,0,0,0,0,0,0,0,0,0,0,None,,,,,b,0095.png,,blonde_3001.png,72,79,5,62,50,74,1,1,1,71,1,1,70,0,1,1,1,1,1,1,1,1,1,1,1,36,80,1,46,1,9,90,74,18,66,76,79,0,42,44,43,76,49,58,84
8491,,85,1991,1989,Nik,Bonitto,15,4,9,1989,Oklahoma,51,,2,23,75,240,LB,550000,1,550000,0,0,0,0,0,0,0,0,0,0,0,0,0,None,,,,,b,0080.png,default-jersey-01.png,black_3002.png,68,74,13,80,52,67,21,1,1,78,1,1,64,0,1,1,1,1,1,1,1,1,1,1,1,26,70,1,20,1,18,98,98,8,91,68,95,0,33,50,42,78,40,60,91
5712,,90,1991,1987,Bobby,Boucher,0,1,8,1987,SC Louisiana State,59,,3,34,70,185,LB,0,0,0,0,0,0,0,0,0,0,0,0,0,0,0,0,None,SpeedRusher,,,,a,10590.png,,lightbrown_3077.png,85,80,1,68,38,41,1,45,45,96,1,1,72,0,1,1,1,1,1,1,1,1,1,1,1,25,79,1,1,1,58,72,66,52,50,39,85,0,44,45,57,92,35,43,63
12946,2736,79,1991,0,Joe,Bowden,0,0,0,0,Oklahoma,0,,0,22,71,230,LB,0,0,0,0,0,0,0,0,0,0,0,0,0,0,0,0,None,,,,,,,,,66,72,1,67,44,63,1,1,1,78,1,1,71,0,0,0,0,0,0,0,0,0,0,0,0,22,57,0,11,0,66,84,70,67,73,91,86,0,46,35,40,77,44,48,87
12612,,72,1991,1991,Brant,Boyer,12,7,8,1991,Arizona,94,,0,23,73,240,LB,250000,2,250000,250000,0,0,0,0,0,0,0,0,0,0,0,0,None,,,,,a,10551.png,,darkbrown_3060.png,53,73,1,58,36,55,1,1,1,78,1,1,66,0,1,1,1,1,1,1,1,1,1,1,31,32,57,1,32,1,65,94,92,56,70,82,86,0,33,33,59,99,45,53,85
7372,,80,1991,1988,Stewart,Bradley,19,3,17,1988,Nebraska,55,,3,26,76,254,LB,1250000,3,1250000,1250000,1250000,0,0,0,0,0,0,0,0,0,0,0,None,,,,,a,10585.png,default-jersey-01.png,blonde_3037.png,62,73,1,76,42,59,1,1,1,71,1,1,81,0,1,1,1,1,1,1,1,1,1,1,1,10,85,1,26,1,82,45,63,85,47,40,77,0,36,35,33,92,45,63,38
6143,,71,1991,0,Jeff,Brady,0,0,0,0,Kentucky,57,,3,26,73,235,LB,0,0,0,0,0,0,0,0,0,0,0,0,0,0,0,0,None,,,,,a,0130.png,,red_3032.png,63,57,1,65,36,63,1,1,1,62,1,1,68,0,1,1,1,1,1,1,1,1,1,1,1,15,63,1,19,1,89,28,45,91,37,44,71,0,38,43,40,90,38,46,49
10037,,85,1991,1990,Keith,Brooking,14,2,11,1990,Georgia Tech,56,,1,24,74,245,LB,1000000,2,1000000,1000000,0,0,0,0,0,0,0,0,0,0,0,0,None,CoverageLB,,,,b,10066.png,,black_3004.png,61,76,1,78,54,69,1,1,1,89,5,4,90,0,1,1,1,1,1,1,1,1,1,1,26,26,56,1,26,1,65,57,62,76,59,67,91,0,34,32,40,76,41,54,43
5616,,69,1991,0,Ahmad,Brooks,0,0,0,0,Virginia,59,,4,26,76,255,LB,0,0,0,0,0,0,0,0,0,0,0,0,0,0,0,0,None,,,,,b,10095.png,,bald_3035.png,46,55,1,72,29,56,1,1,1,76,1,1,76,0,1,1,1,1,1,1,1,1,1,1,1,1,50,1,1,1,31,60,56,62,66,68,77,0,36,36,46,74,44,60,71
3546,,70,1991,0,Reggie,Brown,0,0,0,0,Texas A&M,57,,1,23,74,241,LB,0,0,0,0,0,0,0,0,0,0,0,0,0,0,0,0,None,,,,,b,0070.png,,darkbrown_3025.png,55,68,1,64,41,52,1,1,1,65,1,1,62,0,1,1,1,1,1,1,1,1,1,1,1,30,56,1,19,1,36,96,93,53,66,77,93,0,32,50,56,71,46,48,99
2201,,80,1991,1985,Keith,Browner,14,21,1,1985,USC,41,,6,29,78,245,LB,2500000,1,2500000,0,0,0,0,0,0,0,0,0,0,0,0,0,None,,,,,a,0145.png,default-jersey-01.png,darkbrown_3066.png,67,74,1,67,38,57,1,1,1,72,1,1,68,0,1,1,1,1,1,1,1,1,1,1,1,2,97,1,1,1,65,69,58,90,47,51,77,0,39,35,38,80,42,48,13
6222,,63,1991,0,Darrick,Brownlow,0,0,0,0,Illinois,56,,1,24,70,237,LB,0,0,0,0,0,0,0,0,0,0,0,0,0,0,0,0,None,,,,,a,10567.png,,lightbrown_3038.png,54,53,1,54,30,52,1,1,1,66,1,1,73,0,1,1,1,1,1,1,1,1,1,1,1,4,41,1,11,1,54,39,65,69,60,39,76,0,34,48,56,86,36,35,100
3549,,91,1991,1986,Tedy,Bruschi,2,3,4,1986,Arizona,57,,5,28,73,247,LB,2650000,4,2650000,2650000,2650000,2650000,0,0,0,0,0,0,0,0,0,0,None,,,,,b,10095.png,,black_3054.png,71,68,1,74,50,72,1,1,1,97,1,1,73,0,1,1,1,1,1,1,1,1,1,1,1,3,100,1,20,1,81,94,88,87,63,69,85,0,38,50,63,89,39,35,92
2054,,68,1991,1985,Dan,Bunz,0,16,9,1985,California-Riverside,97,,4,34,76,226,LB,0,0,0,0,0,0,0,0,0,0,0,0,0,0,0,0,None,,,,,b,10060.png,,black_3091.png,52,56,1,51,37,61,1,1,1,68,1,1,59,0,1,1,1,1,1,1,1,1,1,1,1,8,85,1,27,1,64,69,40,59,45,59,78,0,30,35,40,95,48,58,41
10081,,66,1991,0,Shawn,Burks,0,0,0,0,LSU,57,,1,24,73,230,LB,0,0,0,0,0,0,0,0,0,0,0,0,0,0,0,0,None,,,,,b,10093.png,,black_3084.png,49,56,1,67,23,54,1,1,1,66,1,1,70,0,1,1,1,1,1,1,1,1,1,1,30,30,51,1,30,1,56,81,94,53,90,70,81,0,35,31,49,91,48,56,70
10111,,61,1991,0,Chester,Burnett,0,0,0,0,Arizona,51,,1,24,70,230,LB,0,0,0,0,0,0,0,0,0,0,0,0,0,0,0,0,None,,,,,a,0125.png,,bald_3030.png,48,46,1,53,23,40,1,1,1,70,1,1,67,0,1,1,1,1,1,1,1,1,1,1,30,30,55,1,30,1,18,57,49,9,7,8,83,0,48,40,35,77,50,68,82
12632,,64,1991,0,Keith,Burns,0,0,0,0,Oklahoma State,50,,0,22,74,235,LB,0,0,0,0,0,0,0,0,0,0,0,0,0,0,0,0,None,,,,,b,10088.png,,black_3035.png,46,54,1,70,39,52,1,1,1,58,1,1,74,0,1,1,1,1,1,1,1,1,1,1,35,35,51,1,35,1,15,56,50,25,17,15,96,0,47,45,30,96,43,53,77
3552,,61,1991,0,Sammie,Burroughs,0,0,0,0,Portland State,52,,1,24,72,227,LB,0,0,0,0,0,0,0,0,0,0,0,0,0,0,0,0,None,,,,,b,10058.png,,black_3101.png,53,52,1,53,25,48,1,1,1,56,1,1,65,0,1,1,1,1,1,1,1,1,1,1,1,12,63,1,9,1,25,38,62,23,25,15,86,0,42,32,41,74,46,53,73
2162,,67,1991,1985,Steve,Busick,0,19,8,1985,USC,57,,6,33,76,227,LB,0,0,0,0,0,0,0,0,0,0,0,0,0,0,0,0,None,,,,,b,10065.png,,black_3088.png,56,66,1,61,12,20,1,1,1,73,1,1,37,0,1,1,1,1,1,1,1,1,1,1,1,1,71,1,1,1,23,66,89,9,91,71,85,0,32,37,66,71,46,31,1
10067,,67,1991,0,Paul,Butcher,0,0,0,0,Wayne State (MI),59,,1,24,72,230,LB,0,0,0,0,0,0,0,0,0,0,0,0,0,0,0,0,None,,,,,a,0119.png,,bald_3034.png,58,65,1,55,29,54,1,1,1,65,1,1,58,0,1,1,1,1,1,1,1,1,1,1,30,30,52,1,30,1,43,79,83,49,99,64,80,0,46,33,42,87,36,41,78
8492,,73,1991,0,Darien,Butler,0,0,0,0,N/A,58,,1,22,70,221,LB,0,0,0,0,0,0,0,0,0,0,0,0,0,0,0,0,None,,,,,a,10575.png,,red_3015.png,53,58,1,69,49,48,1,1,1,74,1,1,69,0,1,1,1,1,1,1,1,1,1,1,1,15,70,1,23,1,69,93,84,44,99,66,74,0,43,39,36,79,37,45,87
12721,4257,74,1991,0,Glenn,Cadrez,0,0,0,0,Houston,0,,0,22,75,240,LB,0,0,0,0,0,0,0,0,0,0,0,0,0,0,0,0,None,,,,,,,,,61,57,1,64,41,55,1,1,1,72,1,1,80,0,0,0,0,0,0,0,0,0,0,0,0,24,84,0,12,0,41,91,73,35,76,62,71,0,45,42,61,99,48,30,80
2619,,61,1991,1985,Tony,Caldwell,0,45,16,1985,Washington,54,,5,29,73,225,LB,0,0,0,0,0,0,0,0,0,0,0,0,0,0,0,0,None,,,,,a,10563.png,,lightbrown_3037.png,42,51,1,55,15,43,1,1,1,66,1,1,57,0,1,1,1,1,1,1,1,1,1,1,1,1,83,1,1,1,81,67,62,74,99,70,94,0,46,38,61,74,43,43,92
5635,,64,1991,0,Anthony,Cannon,0,0,0,0,Tulane,52,,1,23,70,226,LB,0,0,0,0,0,0,0,0,0,0,0,0,0,0,0,0,None,,,,,a,10571.png,,red_3034.png,49,64,1,69,31,58,1,1,1,52,1,1,67,0,1,1,1,1,1,1,1,1,1,1,1,13,52,1,12,1,10,52,31,20,38,20,95,0,47,30,36,78,42,69,85
5638,,81,1991,1987,Bobby,Carpenter,16,6,17,1987,Ohio State,58,,4,27,75,255,LB,4200000,1,4200000,0,0,0,0,0,0,0,0,0,0,0,0,0,None,HybridLB,,,,b,10066.png,default-jersey-01.png,black_3023.png,73,61,1,79,34,57,1,1,1,77,1,1,83,0,1,1,1,1,1,1,1,1,1,1,1,1,58,1,2,1,13,100,77,49,85,60,96,0,39,32,50,74,31,56,53
2914,,69,1991,0,Gregg,Carr,0,0,0,0,Auburn,91,,1,24,74,219,LB,0,0,0,0,0,0,0,0,0,0,0,0,0,0,0,0,None,,,,,b,0042.png,,bald_3035.png,55,63,1,68,24,56,1,1,1,59,1,1,63,0,1,1,1,1,1,1,1,1,1,1,1,5,81,1,6,1,72,65,31,98,42,43,97,0,44,49,56,92,43,30,70
1858,,86,1991,1985,Harry,Carson,0,5,10,1985,South Carolina State,53,,2,34,74,237,LB,0,0,0,0,0,0,0,0,0,0,0,0,0,0,0,0,None,,,,,b,10085.png,,black_3099.png,62,75,1,79,52,67,9,1,10,87,1,1,79,0,1,1,1,1,1,1,1,1,1,1,1,52,82,1,41,1,83,62,69,79,34,52,81,0,40,47,59,79,30,70,100
12601,,86,1991,1991,Thad,Castle,13,1,15,1991,Blue Mountain St,48,,0,21,75,235,LB,2000000,4,2000000,2000000,2000000,2000000,0,0,0,0,0,0,0,0,0,0,None,,,,,b,0041.png,,black_3073.png,88,60,1,80,40,58,1,1,1,80,1,1,80,0,1,1,1,1,1,1,1,1,1,1,31,32,52,1,32,1,31,91,89,45,94,82,81,0,42,39,36,94,36,47,51
6232,,60,1991,0,Al,Chamblee,0,0,0,0,Virginia Tech,57,,1,24,73,240,LB,0,0,0,0,0,0,0,0,0,0,0,0,0,0,0,0,None,,,,,a,0136.png,,darkbrown_3043.png,54,57,1,55,22,52,1,1,1,58,1,1,73,0,1,1,1,1,1,1,1,1,1,1,1,7,29,1,12,1,93,52,60,65,33,28,74,0,38,35,35,92,43,46,96
8494,,91,1991,1989,Leo,Chenal,16,2,10,1989,Wisconsin,56,,2,22,75,250,LB,1500000,1,1500000,0,0,0,0,0,0,0,0,0,0,0,0,0,None,CoverageLB,,,,b,0061.png,default-jersey-01.png,black_3084.png,75,73,3,83,48,62,11,7,7,86,8,7,76,0,1,1,1,1,1,1,1,1,1,1,1,20,95,1,26,1,39,52,35,30,18,6,93,0,42,49,68,83,37,48,58
8495,,87,1991,1989,Damone,Clark,9,1,18,1989,LSU,33,,2,23,75,240,LB,1850000,2,1850000,2000000,0,0,0,0,0,0,0,0,0,0,0,0,None,CoverageLB,,,,a,10565.png,default-jersey-01.png,blonde_3032.png,61,73,2,81,45,64,6,7,7,88,1,1,76,0,1,1,1,1,1,1,1,1,1,1,1,13,91,1,21,1,89,96,99,89,99,81,90,0,44,48,61,73,50,38,89
12614,,69,1991,0,Reggie,Clark,0,0,0,0,North Carolina,54,,0,27,74,238,LB,0,0,0,0,0,0,0,0,0,0,0,0,0,0,0,0,None,,,,,b,10065.png,,darkbrown_3005.png,63,59,1,56,34,47,1,1,1,68,1,1,66,0,1,1,1,1,1,1,1,1,1,1,35,35,56,1,35,1,39,35,54,61,43,70,81,0,39,40,61,88,32,47,80
2019,,91,1991,1985,Kyle,Clifton,9,7,7,1985,TCU,59,,6,29,76,236,LB,6500000,1,6500000,0,0,0,0,0,0,0,0,0,0,0,0,0,None,CoverageLB,,,,b,0054.png,,black_3043.png,73,82,1,87,34,67,1,1,1,84,1,1,77,0,1,1,1,1,1,1,1,1,1,1,1,12,100,1,4,1,69,40,49,91,43,38,80,0,31,38,40,88,35,33,87
10051,,71,1991,0,Tim,Cofield,0,0,0,0,Elizabeth City State,53,,1,24,74,243,LB,0,0,0,0,0,0,0,0,0,0,0,0,0,0,0,0,None,,,,,a,0144.png,,darkbrown_3096.png,65,69,1,61,28,55,1,1,1,64,1,1,76,0,1,1,1,1,1,1,1,1,1,1,30,30,53,1,30,1,8,77,65,3,80,87,73,0,50,46,70,79,37,39,91
2017,,77,1991,1985,Robin,Cole,0,13,16,1985,New Mexico,56,,4,34,74,220,LB,0,0,0,0,0,0,0,0,0,0,0,0,0,0,0,0,None,,,,,b,0067.png,,bald_3039.png,56,62,1,73,46,59,1,1,1,69,1,1,79,0,1,1,1,1,1,1,1,1,1,1,1,10,100,1,26,1,68,77,82,40,71,88,83,0,41,31,60,83,31,48,1
12722,5616,65,1991,0,Keo,Coleman,0,0,0,0,Mississippi State,0,,0,22,73,255,LB,0,0,0,0,0,0,0,0,0,0,0,0,0,0,0,0,None,,,,,,,,,48,56,1,65,33,44,1,1,1,70,1,1,73,0,0,0,0,0,0,0,0,0,0,0,0,7,34,0,14,0,80,66,78,96,93,93,75,0,48,44,56,73,35,49,94
3028,,67,1991,0,Monte,Coleman,0,0,0,0,Central Arkansas,58,,3,31,74,242,LB,0,0,0,0,0,0,0,0,0,0,0,0,0,0,0,0,None,,,,,b,0079.png,,black_3092.png,52,57,1,69,44,43,1,1,1,63,1,1,63,0,1,1,1,1,1,1,1,1,1,1,1,6,51,1,1,1,53,100,64,56,98,82,91,0,41,38,42,82,44,37,70
12848,5671,70,1991,0,Brett,Collins,0,0,0,0,Washington,0,,0,24,73,226,LB,0,0,0,0,0,0,0,0,0,0,0,0,0,0,0,0,None,,,,,,,,,57,60,1,65,36,59,1,1,1,73,1,1,62,0,0,0,0,0,0,0,0,0,0,0,0,20,33,0,29,0,82,95,90,81,60,79,92,0,49,36,39,92,50,55,70
12728,5711,70,1991,0,Roosevelt,Collins,0,0,0,0,TCU,0,,0,24,76,235,LB,0,0,0,0,0,0,0,0,0,0,0,0,0,0,0,0,None,,,,,,,,,52,64,1,65,33,59,1,1,1,62,1,1,64,0,0,0,0,0,0,0,0,0,0,0,0,6,87,0,8,0,4,36,61,27,36,2,75,0,36,39,51,83,39,69,81
12708,5716,71,1991,0,Todd,Collins,0,0,0,0,Carson-Newman,0,,0,22,74,248,LB,0,0,0,0,0,0,0,0,0,0,0,0,0,0,0,0,None,,,,,,,,,54,67,1,61,35,60,1,1,1,74,1,1,78,0,0,0,0,0,0,0,0,0,0,0,0,12,58,0,18,0,66,79,96,63,74,78,93,0,50,31,54,86,32,48,77
3566,,68,1991,0,Doug,Colman,0,0,0,0,Nebraska,52,,1,24,74,250,LB,0,0,0,0,0,0,0,0,0,0,0,0,0,0,0,0,None,,,,,a,0114.png,,darkbrown_3086.png,54,62,1,58,27,48,1,1,1,70,1,1,72,0,1,1,1,1,1,1,1,1,1,1,1,1,73,1,7,1,68,94,71,80,95,71,74,0,46,33,39,80,38,68,94
2551,,73,1991,1985,Darren,Comeaux,0,40,7,1985,Arizona State,57,,6,31,73,227,LB,0,0,0,0,0,0,0,0,0,0,0,0,0,0,0,0,None,,,,,b,0059.png,,black_3035.png,51,60,1,65,39,59,1,1,1,75,1,1,66,0,1,1,1,1,1,1,1,1,1,1,1,14,88,1,16,1,4,69,100,11,86,66,84,0,45,50,59,78,33,56,7
2545,,68,1991,1985,Johnie,Cooks,0,42,10,1985,Mississippi State,98,,6,33,76,247,LB,0,0,0,0,0,0,0,0,0,0,0,0,0,0,0,0,None,,,,,b,0067.png,,black_3012.png,61,53,1,59,32,47,1,1,1,67,1,1,80,0,1,1,1,1,1,1,1,1,1,1,1,13,64,1,8,1,18,58,45,38,31,17,97,0,45,49,37,73,47,45,1
2333,,76,1991,1985,Louis,Cooper,0,18,6,1985,Western Carolina,54,,6,28,74,240,LB,0,0,0,0,0,0,0,0,0,0,0,0,0,0,0,0,None,,,,,a,10590.png,default-jersey-01.png,lightbrown_3051.png,64,73,1,63,34,62,1,1,1,66,1,1,87,0,1,1,1,1,1,1,1,1,1,1,1,5,93,1,2,1,62,49,63,71,58,55,74,0,47,33,66,90,44,37,73
12771,6065,74,1991,0,Quentin,Coryatt,0,0,0,0,Texas A&M,0,,0,22,75,250,LB,0,0,0,0,0,0,0,0,0,0,0,0,0,0,0,0,None,,,,,,,,,61,67,1,59,42,55,1,1,1,73,1,1,66,0,0,0,0,0,0,0,0,0,0,0,0,13,79,0,16,0,99,41,68,65,51,61,100,0,47,42,63,88,31,66,77
10077,,68,1991,0,Sam,Cowart,0,0,0,0,Florida State,50,,1,24,74,245,LB,0,0,0,0,0,0,0,0,0,0,0,0,0,0,0,0,None,,,,,a,10563.png,,blonde_3004.png,55,67,1,56,26,55,1,1,1,70,1,1,61,0,1,1,1,1,1,1,1,1,1,1,30,30,53,1,30,1,70,69,65,48,46,48,92,0,44,38,56,75,35,63,89
6096,,85,1991,0,Bryan,Cox,8,0,0,0,Western Illinois,50,,4,27,76,250,LB,2750000,3,2750000,2750000,2750000,0,0,0,0,0,0,0,0,0,0,0,None,HybridLB,,,,a,10599.png,,bald_3022.png,76,70,1,76,52,64,4,1,1,71,1,1,79,0,1,1,1,1,1,1,1,1,1,1,1,9,96,1,14,1,34,49,40,60,39,35,82,0,34,42,41,76,45,44,69
6080,,69,1991,0,Terry,Crews,0,0,0,0,Western Michigan,55,,3,26,74,245,LB,0,0,0,0,0,0,0,0,0,0,0,0,0,0,0,0,None,,,,,a,10569.png,default-jersey-01.png,bald_3008.png,67,57,1,63,21,44,1,1,1,66,1,1,72,0,1,1,1,1,1,1,1,1,1,1,1,5,50,1,4,1,23,67,49,23,7,38,92,0,45,30,56,91,35,42,72
6104,,89,1991,0,Mike,Croel,7,0,0,0,Nebraska,55,,4,26,75,238,LB,2500000,6,2500000,2500000,2500000,2500000,2500000,2500000,0,0,0,0,0,0,0,0,None,,,,,a,0114.png,,red_3030.png,75,70,1,74,32,65,1,1,1,90,1,1,80,0,1,1,1,1,1,1,1,1,1,1,1,11,100,1,4,1,74,41,63,61,32,58,100,0,42,37,43,82,30,50,-1
7328,,61,1991,0,Quinton,Culberson,0,0,0,0,Mississippi State,52,,1,22,73,240,LB,0,0,0,0,0,0,0,0,0,0,0,0,0,0,0,0,None,,,,,a,0116.png,,black_3053.png,51,60,1,52,23,52,1,1,1,63,1,1,69,0,1,1,1,1,1,1,1,1,1,1,1,13,38,1,11,1,19,75,91,28,87,69,78,0,40,46,52,80,42,66,96
3572,,63,1991,0,Joe,Cummings,0,0,0,0,Wyoming,57,,1,23,74,242,LB,0,0,0,0,0,0,0,0,0,0,0,0,0,0,0,0,None,,,,,b,10099.png,,darkbrown_3002.png,58,55,1,52,33,57,1,1,1,57,1,1,72,0,1,1,1,1,1,1,1,1,1,1,1,2,45,1,7,1,58,56,64,40,69,67,95,0,36,50,42,98,30,48,80
2542,,84,1991,1985,Buddy,Curry,4,42,7,1985,North Carolina,55,,6,33,76,224,LB,1700000,1,1700000,0,0,0,0,0,0,0,0,0,0,0,0,0,None,,,,,a,0130.png,,darkbrown_3015.png,80,68,1,71,42,52,1,1,1,73,1,1,90,0,1,1,1,1,1,1,1,1,1,1,1,15,97,1,15,1,33,44,55,37,55,69,100,0,48,44,56,73,39,68,12
12849,7605,62,1991,0,Mark,D'Onofrio,0,0,0,0,Penn State,0,,0,23,74,235,LB,0,0,0,0,0,0,0,0,0,0,0,0,0,0,0,0,None,,,,,,,,,62,62,1,59,23,43,1,1,1,58,1,1,59,0,0,0,0,0,0,0,0,0,0,0,0,13,18,0,0,0,49,42,46,47,64,49,82,0,42,36,33,89,36,53,86
7090,,59,1991,0,Buster,Davis,0,0,0,0,Florida State,52,,3,26,70,239,LB,0,0,0,0,0,0,0,0,0,0,0,0,0,0,0,0,None,,,,,b,0054.png,,black_3044.png,54,51,1,56,35,42,1,1,1,54,1,1,67,0,1,1,1,1,1,1,1,1,1,1,1,1,34,1,12,1,77,54,64,73,58,60,70,0,36,33,31,71,44,41,1
3580,,84,1991,1986,Don,Davis,19,3,10,1986,Kansas,90,,5,29,73,235,LB,2900000,2,2900000,2900000,0,0,0,0,0,0,0,0,0,0,0,0,None,,,,,b,0096.png,default-jersey-01.png,bald_3032.png,71,63,1,72,41,61,1,1,1,83,1,1,79,0,1,1,1,1,1,1,1,1,1,1,1,1,94,1,2,1,56,31,34,42,32,54,92,0,31,46,36,84,44,45,46
2611,,73,1991,1985,Jeff,Davis,0,48,8,1985,Clemson,57,,6,31,72,230,LB,0,0,0,0,0,0,0,0,0,0,0,0,0,0,0,0,None,,,,,b,0040.png,,bald_3018.png,54,67,1,68,41,58,1,1,1,68,1,1,72,0,1,1,1,1,1,1,1,1,1,1,1,7,78,1,21,1,4,63,36,32,33,29,90,0,41,41,62,81,50,49,39
8497,,85,1991,1989,Nakobe,Dean,2,3,2,1989,Georgia,17,,2,22,71,231,LB,850000,1,850000,0,0,0,0,0,0,0,0,0,0,0,0,0,None,FanFavorite,,,,b,10058.png,default-jersey-01.png,black_3001.png,67,74,3,78,53,66,1,7,7,85,6,6,86,0,1,1,1,1,1,1,1,1,1,1,1,26,56,1,27,1,75,68,48,92,48,46,71,0,44,48,47,85,42,70,96
2574,,82,1991,1985,Jack,Del Rio,4,30,7,1985,USC,48,,6,28,76,246,LB,2550000,1,2550000,0,0,0,0,0,0,0,0,0,0,0,0,0,None,,,,,b,0074.png,default-jersey-01.png,blonde_3004.png,75,74,1,69,45,62,1,1,1,78,1,1,75,0,1,1,1,1,1,1,1,1,1,1,1,1,56,1,1,1,67,92,85,40,90,90,76,0,39,36,48,94,42,38,0
10068,,67,1991,0,Burnell,Dent,0,0,0,0,Tulane,59,,1,24,73,236,LB,0,0,0,0,0,0,0,0,0,0,0,0,0,0,0,0,None,,,,,a,0129.png,,black_3021.png,61,49,1,64,22,46,1,1,1,67,1,1,56,0,1,1,1,1,1,1,1,1,1,1,30,30,47,1,30,1,55,89,100,59,77,68,73,0,50,39,36,72,46,70,93
12869,7267,70,1991,0,John,Derby,0,0,0,0,Iowa,0,,0,24,72,232,LB,0,0,0,0,0,0,0,0,0,0,0,0,0,0,0,0,None,,,,,,,,,54,67,1,62,38,50,1,1,1,61,1,1,73,0,0,0,0,0,0,0,0,0,0,0,0,4,85,0,3,0,49,46,40,38,34,69,75,0,39,37,31,97,36,45,99
10123,,60,1991,0,Rick,DiBernardo,0,0,0,0,Notre Dame,53,,1,23,75,230,LB,0,0,0,0,0,0,0,0,0,0,0,0,0,0,0,0,None,,,,,b,0079.png,,black_3094.png,49,48,1,54,25,46,1,1,1,64,1,1,67,0,1,1,1,1,1,1,1,1,1,1,30,30,48,1,30,1,6,50,51,29,27,37,87,0,31,40,34,75,42,38,91
2616,,69,1991,1985,Tom,Dinkel,0,50,4,1985,Kansas,51,,2,31,75,240,LB,0,0,0,0,0,0,0,0,0,0,0,0,0,0,0,0,None,,,,,a,10578.png,,lightbrown_3007.png,50,50,1,72,36,47,1,1,1,61,1,1,68,0,1,1,1,1,1,1,1,1,1,1,1,1,96,1,24,1,65,46,47,53,55,65,77,0,40,32,61,86,30,64,34
12615,,69,1991,0,Ernest,Dixon,0,0,0,0,South Carolina,51,,0,23,73,243,LB,0,0,0,0,0,0,0,0,0,0,0,0,0,0,0,0,None,,,,,a,10577.png,,blonde_3027.png,55,64,1,61,38,51,1,1,1,67,1,1,66,0,1,1,1,1,1,1,1,1,1,1,35,35,58,1,35,1,5,54,52,23,20,2,100,0,43,42,60,91,38,51,92
6111,,71,1991,0,Mitch,Donahue,0,0,0,0,Wyoming,54,,4,27,74,254,LB,0,0,0,0,0,0,0,0,0,0,0,0,0,0,0,0,None,,,,,b,10063.png,,black_3032.png,56,65,1,67,33,48,1,1,1,65,1,1,71,0,1,1,1,1,1,1,1,1,1,1,1,1,74,1,7,1,26,69,37,38,18,4,93,0,40,49,46,84,44,63,46
12618,,67,1991,0,DeWayne,Dotson,0,0,0,0,Mississippi,52,,0,23,73,254,LB,0,0,0,0,0,0,0,0,0,0,0,0,0,0,0,0,None,,,,,a,10593.png,,bald_3017.png,58,61,1,54,29,54,1,1,1,66,1,1,61,0,1,1,1,1,1,1,1,1,1,1,35,35,56,1,35,1,95,98,81,89,76,96,92,0,31,39,56,98,50,44,70
2141,,79,1991,1985,Mike,Douglass,0,17,9,1985,Arizona State,59,,3,33,72,220,LB,0,0,0,0,0,0,0,0,0,0,0,0,0,0,0,0,None,,,,,a,10570.png,,darkbrown_3066.png,59,64,1,73,33,55,1,1,1,79,1,1,74,0,1,1,1,1,1,1,1,1,1,1,1,35,100,1,14,1,48,49,59,38,64,42,81,0,45,38,43,88,38,42,46
10056,,70,1991,0,Chris,Draft,0,0,0,0,Stanford,57,,1,23,71,232,LB,0,0,0,0,0,0,0,0,0,0,0,0,0,0,0,0,None,,,,,a,10598.png,,blonde_3033.png,60,69,1,56,32,57,1,1,1,70,1,1,69,0,1,1,1,1,1,1,1,1,1,1,30,30,47,1,30,1,64,79,87,58,85,69,98,0,45,42,68,82,34,52,78
10063,,69,1991,0,Jamie,Duncan,0,0,0,0,Vanderbilt,56,,1,24,73,238,LB,0,0,0,0,0,0,0,0,0,0,0,0,0,0,0,0,None,,,,,a,10567.png,,darkbrown_3097.png,54,68,1,63,42,48,1,1,1,66,1,1,76,0,1,1,1,1,1,1,1,1,1,1,30,30,49,1,30,1,63,61,64,50,49,59,91,0,36,45,39,84,32,69,98
2270,,75,1991,1985,Bo,Eason,0,24,17,1985,California-Davis,59,,6,30,74,200,LB,0,0,0,0,0,0,0,0,0,0,0,0,0,0,0,0,None,,,,,a,10597.png,default-jersey-01.png,lightbrown_3097.png,55,81,1,71,46,55,1,1,1,69,1,1,77,0,1,1,1,1,1,1,1,1,1,1,1,1,55,6,1,49,33,65,66,33,91,83,77,0,46,48,47,72,33,47,10
8498,,85,1991,1989,Arnold,Ebiketie,19,4,1,1989,Penn State,17,,2,24,75,256,LB,550000,1,550000,0,0,0,0,0,0,0,0,0,0,0,0,0,None,,,,,a,0138.png,default-jersey-01.png,darkbrown_3057.png,68,75,1,75,33,63,1,7,7,80,1,2,69,0,1,1,1,1,1,1,1,1,1,1,1,26,100,1,17,1,31,69,66,42,68,33,95,0,65,48,52,72,56,42,57
6045,,82,1991,0,Dixon,Edwards,3,0,0,0,Michigan State,54,,4,27,73,230,LB,250000,1,250000,0,0,0,0,0,0,0,0,0,0,0,0,0,None,,,,,a,0103.png,default-jersey-01.png,darkbrown_3045.png,66,66,1,64,44,51,1,1,1,88,1,1,85,0,1,1,1,1,1,1,1,1,1,1,1,10,97,1,22,1,6,63,34,41,2,4,84,0,44,33,60,70,39,42,95
3600,,89,1991,1986,Donnie,Edwards,15,3,7,1986,UCLA,49,,5,28,74,227,LB,4700000,2,4700000,5300000,0,0,0,0,0,0,0,0,0,0,0,0,None,HybridLB,,,,b,10085.png,default-jersey-01.png,darkbrown_3004.png,82,63,1,74,50,68,4,1,1,82,1,1,77,0,1,1,1,1,1,1,1,1,1,1,1,23,96,1,13,1,43,41,60,60,35,32,91,0,35,39,70,70,33,61,83
2607,,67,1991,1985,Riki,Ellison,0,46,13,1985,USC,58,,6,31,74,225,LB,0,0,0,0,0,0,0,0,0,0,0,0,0,0,0,0,None,,,,,b,0079.png,,black_3082.png,49,49,1,57,37,50,1,1,1,74,1,1,74,0,1,1,1,1,1,1,1,1,1,1,1,1,68,1,1,1,24,62,60,23,36,5,72,0,35,33,53,80,39,69,44
3604,,69,1991,1986,Carlos,Emmons,0,4,15,1986,Arkansas State,59,,5,28,77,250,LB,0,0,0,0,0,0,0,0,0,0,0,0,0,0,0,0,None,,,,,b,10091.png,,black_3035.png,59,52,1,65,25,46,1,1,1,67,1,1,76,0,1,1,1,1,1,1,1,1,1,1,1,10,71,1,9,1,60,62,52,100,43,51,94,0,34,31,54,83,31,47,94
8499,,79,1991,0,Kingsley,Enagbare,3,0,0,0,South Carolina,52,,2,23,76,258,LB,1100000,6,1100000,1100000,1100000,1100000,1100000,1100000,0,0,0,0,0,0,0,0,None,,,,,a,10573.png,,bald_3032.png,77,54,1,69,14,57,1,1,1,81,1,3,67,0,1,1,1,1,1,1,1,1,1,1,1,26,73,1,26,1,62,75,62,91,83,70,80,0,47,45,46,73,34,30,49
10120,,61,1991,0,Eric,Fairs,0,0,0,0,Memphis,55,,1,23,75,240,LB,0,0,0,0,0,0,0,0,0,0,0,0,0,0,0,0,None,,,,,b,10064.png,,black_3028.png,45,55,1,68,30,41,1,1,1,53,1,1,64,0,1,1,1,1,1,1,1,1,1,1,30,30,51,1,30,1,59,50,61,40,35,33,84,0,49,33,36,71,50,66,93
2465,,75,1991,1985,Ken,Fantetti,0,30,17,1985,Wyoming,56,,5,33,74,230,LB,0,0,0,0,0,0,0,0,0,0,0,0,0,0,0,0,None,,,,,a,10596.png,,blonde_3048.png,48,54,1,65,41,71,1,1,1,83,1,1,85,0,1,1,1,1,1,1,1,1,1,1,1,18,84,1,26,1,30,87,89,40,83,61,99,0,33,34,39,87,31,56,1
3608,,67,1991,1986,Ray,Farmer,0,5,3,1986,Duke,54,,5,27,75,225,LB,0,0,0,0,0,0,0,0,0,0,0,0,0,0,0,0,None,,,,,a,10577.png,,black_3016.png,51,71,1,52,35,53,1,1,1,64,1,1,59,0,1,1,1,1,1,1,1,1,1,1,1,2,84,1,1,1,94,90,98,67,74,78,76,0,31,34,70,93,32,67,81
2766,,70,1991,1985,Mark,Fellows,0,54,5,1985,Montana State,52,,2,24,73,233,LB,0,0,0,0,0,0,0,0,0,0,0,0,0,0,0,0,None,,,,,b,10089.png,,black_3005.png,63,50,1,63,31,54,1,1,1,71,1,1,68,0,1,1,1,1,1,1,1,1,1,1,1,4,50,1,6,1,67,73,68,82,75,76,90,0,38,45,58,81,46,66,99
2555,,68,1991,1985,Ron,Ferrari,18,40,14,1985,Illinois,55,,6,32,72,212,LB,550000,2,550000,550000,0,0,0,0,0,0,0,0,0,0,0,0,None,,,,,b,0088.png,default-jersey-01.png,bald_3026.png,54,57,1,45,39,46,1,1,1,71,1,1,59,0,1,1,1,1,1,1,1,1,1,1,1,1,97,1,1,1,99,42,35,100,58,59,100,0,39,40,51,86,32,45,13
10041,,85,1991,1990,London,Fletcher,5,2,18,1990,John Carroll,59,,1,24,70,245,LB,750000,2,750000,750000,0,0,0,0,0,0,0,0,0,0,0,0,None,CoverageLB,,,,b,10073.png,default-jersey-01.png,bald_3010.png,67,80,1,75,56,61,1,3,2,83,1,3,83,0,1,1,1,1,1,1,1,1,1,1,27,26,64,1,27,1,93,91,73,73,81,86,87,0,46,32,53,75,30,43,83
10060,,69,1991,0,Steve,Foley,0,0,0,0,La-Monroe,58,,1,24,76,265,LB,0,0,0,0,0,0,0,0,0,0,0,0,0,0,0,0,None,,,,,a,0108.png,,red_3014.png,63,66,1,61,31,49,1,1,1,65,1,1,73,0,1,1,1,1,1,1,1,1,1,1,30,30,51,1,30,1,52,51,69,60,33,68,100,0,46,30,65,78,36,54,90
12628,,65,1991,0,James,Folston,0,0,0,0,La-Monroe,54,,0,23,75,236,LB,0,0,0,0,0,0,0,0,0,0,0,0,0,0,0,0,None,,,,,b,0013.png,,black_3026.png,48,66,1,58,25,49,1,1,1,68,1,1,72,0,1,1,1,1,1,1,1,1,1,1,35,35,55,1,35,1,30,42,47,19,20,40,84,0,34,39,43,78,43,36,85
12619,,66,1991,0,Dion,Foxx,0,0,0,0,James Madison,51,,0,23,75,250,LB,0,0,0,0,0,0,0,0,0,0,0,0,0,0,0,0,None,,,,,b,0002.png,,black_3047.png,46,67,1,63,27,51,1,1,1,67,1,1,58,0,1,1,1,1,1,1,1,1,1,1,35,35,54,1,35,1,41,92,96,53,95,85,82,0,32,43,40,71,34,36,95
12607,,74,1991,1991,Rob,Fredrickson,10,4,9,1991,Michigan State,54,,0,23,76,240,LB,500000,3,500000,500000,500000,0,0,0,0,0,0,0,0,0,0,0,None,CoverageLB,,,,b,10085.png,default-jersey-01.png,bald_3039.png,56,60,1,79,41,57,1,1,1,70,1,1,70,0,1,1,1,1,1,1,1,1,1,1,32,32,54,1,32,1,2,86,98,6,79,87,90,0,49,45,56,75,49,67,87
10069,,67,1991,0,Tony,Furjanic,0,0,0,0,Notre Dame,53,,1,23,73,228,LB,0,0,0,0,0,0,0,0,0,0,0,0,0,0,0,0,None,,,,,b,10099.png,,black_3007.png,63,58,1,56,23,40,1,1,1,68,1,1,55,0,1,1,1,1,1,1,1,1,1,1,30,30,55,1,30,1,63,84,63,69,65,84,92,0,45,43,55,87,36,57,85
2613,,64,1991,1985,Greg,Gaines,0,49,12,1985,Tennessee,54,,5,32,75,220,LB,0,0,0,0,0,0,0,0,0,0,0,0,0,0,0,0,None,,,,,a,0116.png,,blonde_3036.png,53,53,1,53,30,59,1,1,1,52,1,1,70,0,1,1,1,1,1,1,1,1,1,1,1,3,95,1,3,1,80,72,76,91,68,88,81,0,44,33,44,86,32,43,29
5703,,68,1991,0,Omar,Gaither,0,0,0,0,Tennessee,54,,3,25,74,235,LB,0,0,0,0,0,0,0,0,0,0,0,0,0,0,0,0,None,,,,,a,0111.png,,lightbrown_3090.png,60,68,1,58,31,58,1,1,1,58,1,1,58,0,1,1,1,1,1,1,1,1,1,1,1,28,71,1,24,1,31,72,89,48,69,66,94,0,40,31,55,71,47,55,18
8500,,83,1991,1989,Jack,Gibbens,20,5,15,1989,Minnesota,56,,2,24,75,242,LB,3700000,6,3700000,3700000,3300000,3300000,3300000,3300000,0,0,0,0,0,0,0,0,None,,,,,b,10069.png,default-jersey-01.png,bald_3045.png,57,68,1,72,48,67,1,2,7,86,1,1,74,0,1,1,1,1,1,1,1,1,1,1,1,11,100,1,15,1,21,38,61,27,17,18,76,0,62,44,69,71,42,38,100
12602,,83,1991,1991,Jason,Gildon,18,2,18,1991,Oklahoma State,41,,0,22,76,255,LB,750000,3,750000,750000,750000,0,0,0,0,0,0,0,0,0,0,0,None,,,,,b,10089.png,,black_3025.png,72,67,1,72,40,73,1,1,3,85,1,1,84,0,1,1,1,1,1,1,1,1,1,1,33,33,53,1,33,1,82,64,44,76,56,68,91,0,37,50,70,72,38,70,65
7105,,82,1991,1988,Chris,Gocong,9,2,14,1988,Cal Poly-San Luis Obispo,50,,3,26,74,260,LB,3100000,4,3100000,3100000,3100000,3100000,0,0,0,0,0,0,0,0,0,0,None,,,,,a,0146.png,,lightbrown_3005.png,70,70,1,72,35,64,1,1,1,75,1,1,75,0,1,1,1,1,1,1,1,1,1,1,1,20,87,1,23,1,49,80,63,41,95,99,85,0,35,35,45,90,33,50,98
3287,,93,1991,1986,Randall,Godfrey,12,2,15,1986,Georgia,54,,5,28,74,245,LB,2950000,1,2950000,0,0,0,0,0,0,0,0,0,0,0,0,0,None,,,,,a,10599.png,,lightbrown_3063.png,81,74,1,86,47,53,1,1,1,86,1,1,76,0,1,1,1,1,1,1,1,1,1,1,1,23,96,1,25,1,89,51,35,98,56,48,73,0,35,36,70,73,47,39,78
12698,10360,76,1991,0,Keith,Goganious,0,0,0,0,Penn State,0,,0,24,74,239,LB,0,0,0,0,0,0,0,0,0,0,0,0,0,0,0,0,None,,,,,,,,,70,60,1,70,28,55,1,1,1,72,1,1,74,0,0,0,0,0,0,0,0,0,0,0,0,10,58,0,29,0,26,38,35,7,12,6,92,0,46,45,30,99,41,35,88
3288,,67,1991,1986,Jeff,Gooch,0,6,17,1986,Austin Peay State,52,,5,27,71,226,LB,0,0,0,0,0,0,0,0,0,0,0,0,0,0,0,0,None,,,,,a,0139.png,,lightbrown_3072.png,62,62,1,64,33,54,1,1,1,60,1,1,71,0,1,1,1,1,1,1,1,1,1,1,1,1,26,1,17,1,35,35,71,48,38,69,89,0,40,33,52,92,40,49,30
5715,,89,1991,1987,Randy,Gradishar,17,3,2,1987,Ohio State,51,,4,26,75,233,LB,2700000,3,2700000,2700000,2700000,0,0,0,0,0,0,0,0,0,0,0,None,None,,,,b,0038.png,,black_3101.png,75,72,1,74,35,72,1,1,1,89,1,1,66,0,1,1,1,1,1,1,1,1,1,1,1,40,100,1,34,1,43,83,52,42,58,67,85,0,46,44,42,84,37,59,0
12772,10717,72,1991,0,Steve,Grant,0,0,0,0,West Virginia,0,,0,23,72,240,LB,0,0,0,0,0,0,0,0,0,0,0,0,0,0,0,0,None,,,,,,,,,55,58,1,75,34,50,1,1,1,71,1,1,63,0,0,0,0,0,0,0,0,0,0,0,0,14,60,0,30,0,55,97,66,61,66,68,92,0,34,48,37,90,30,52,98
2256,,84,1991,1985,Hugh,Green,15,23,17,1985,Pittsburgh,56,,6,32,74,225,LB,250000,2,250000,250000,0,0,0,0,0,0,0,0,0,0,0,0,None,,,,,b,0055.png,default-jersey-01.png,darkbrown_3020.png,70,85,1,62,45,53,1,1,1,82,1,1,84,0,1,1,1,1,1,1,1,1,1,1,1,14,96,1,8,1,33,31,55,51,48,67,77,0,44,37,63,86,30,41,16
2393,,68,1991,1985,Mike,Green,0,35,18,1985,Oklahoma State,56,,6,30,72,235,LB,0,0,0,0,0,0,0,0,0,0,0,0,0,0,0,0,None,,,,,b,0045.png,,bald_3023.png,57,68,1,58,36,57,1,1,1,55,1,1,79,0,1,1,1,1,1,1,1,1,1,1,1,4,87,1,6,1,77,67,63,80,74,89,98,0,38,31,31,76,30,52,1
1904,,93,1991,1985,Kevin,Greene,6,3,11,1985,Auburn,51,,6,29,75,247,LB,6750000,3,6750000,6750000,6750000,0,0,0,0,0,0,0,0,0,0,0,None,,,,,b,0065.png,,black_3046.png,70,79,1,80,63,85,1,1,1,88,4,1,80,0,1,1,1,1,1,1,1,1,1,1,1,6,98,1,3,1,12,77,85,28,65,71,78,0,40,47,60,93,33,40,73
5338,,84,1991,1987,Chad,Greenway,11,3,18,1987,Iowa,50,,4,27,74,240,LB,2300000,3,2300000,2300000,2300000,0,0,0,0,0,0,0,0,0,0,0,None,ConsummatePro,,,,a,0115.png,default-jersey-01.png,lightbrown_3006.png,62,73,1,82,36,68,1,1,1,82,1,1,68,0,1,1,1,1,1,1,1,1,1,1,1,1,80,1,19,1,40,63,70,1,17,30,71,0,47,35,37,93,31,65,28
2329,,67,1991,1985,Anthony,Griggs,0,26,15,1985,Ohio State,53,,6,31,75,227,LB,0,0,0,0,0,0,0,0,0,0,0,0,0,0,0,0,None,,,,,a,0137.png,,black_3049.png,46,52,1,62,36,58,1,1,1,64,1,1,71,0,1,1,1,1,1,1,1,1,1,1,1,13,87,1,11,1,28,54,68,35,4,34,83,0,36,48,32,90,30,30,96
2755,,68,1991,1985,John,Grimsley,0,54,16,1985,Kentucky,53,,6,29,74,235,LB,0,0,0,0,0,0,0,0,0,0,0,0,0,0,0,0,None,,,,,b,0039.png,,black_3040.png,49,55,1,66,35,52,1,1,1,79,1,1,58,0,1,1,1,1,1,1,1,1,1,1,1,1,25,1,2,1,33,46,68,67,38,41,72,0,39,36,64,82,46,42,59
3039,,67,1991,0,Mike,Guendling,0,0,0,0,Northwestern,53,,1,24,75,238,LB,0,0,0,0,0,0,0,0,0,0,0,0,0,0,0,0,None,,,,,a,0148.png,,black_3035.png,58,63,1,59,26,47,1,1,1,55,1,1,73,0,1,1,1,1,1,1,1,1,1,1,1,13,85,1,14,1,46,34,54,56,46,64,92,0,50,48,65,94,42,47,72
10058,,82,1991,1990,Dino,Hackett,7,5,1,1990,Appalachian State,58,,1,23,75,228,LB,250000,1,250000,0,0,0,0,0,0,0,0,0,0,0,0,0,None,,,,,b,10068.png,,bald_3021.png,77,58,1,75,35,61,1,1,1,80,1,1,77,0,1,1,1,1,1,1,1,1,1,1,27,26,61,1,26,1,3,50,30,30,15,20,99,0,35,40,38,89,49,32,73
5342,,68,1991,1987,Tyjuan,Hagler,0,7,10,1987,Cincinnati,56,,4,29,72,236,LB,0,0,0,0,0,0,0,0,0,0,0,0,0,0,0,0,None,,,,,b,10056.png,,black_3072.png,53,55,1,61,32,40,1,1,1,66,1,1,66,0,1,1,1,1,1,1,1,1,1,1,1,6,86,1,17,1,62,96,88,71,73,75,98,0,46,44,35,84,35,60,1
5343,,84,1991,1987,Tamba,Hali,8,3,14,1987,Penn State,53,,4,27,74,265,LB,2300000,5,2300000,2300000,2300000,2300000,2300000,0,0,0,0,0,0,0,0,0,None,,,,,b,0022.png,default-jersey-01.png,bald_3031.png,71,76,1,69,55,58,1,1,1,73,1,4,79,0,1,1,1,1,1,1,1,1,1,1,1,24,100,1,19,1,99,68,37,65,50,48,71,0,41,49,67,71,31,51,80
10092,,66,1991,0,Darren,Hambrick,0,0,0,0,Florida,56,,1,24,73,227,LB,0,0,0,0,0,0,0,0,0,0,0,0,0,0,0,0,None,,,,,b,10050.png,,bald_3037.png,57,55,1,58,28,53,1,1,1,64,1,1,67,0,1,1,1,1,1,1,1,1,1,1,30,30,56,1,30,1,16,96,88,1,62,61,92,0,43,36,53,79,39,41,95
3307,,93,1991,1986,Kevin,Hardy,8,3,8,1986,Illinois,54,,5,28,76,259,LB,2050000,4,2050000,2050000,2050000,2050000,0,0,0,0,0,0,0,0,0,0,None,ConsummatePro|BullRusher,,,,a,0117.png,default-jersey-01.png,darkbrown_3078.png,79,76,1,83,60,59,1,1,1,84,1,5,82,0,1,1,1,1,1,1,1,1,1,1,1,1,97,1,1,1,32,79,97,33,68,70,75,0,42,44,35,95,31,39,37
2762,,65,1991,1985,Bob,Harris,0,55,3,1985,Auburn,51,,3,28,74,219,LB,0,0,0,0,0,0,0,0,0,0,0,0,0,0,0,0,None,,,,,a,10597.png,,black_3026.png,58,60,1,63,29,51,1,1,1,62,1,1,67,0,1,1,1,1,1,1,1,1,1,1,1,15,26,1,16,1,60,97,66,73,87,62,80,0,48,38,59,70,32,60,66
8502,,81,1991,1989,Christian,Harris,20,6,13,1989,Alabama,48,,2,22,73,226,LB,3050000,6,3050000,3050000,3050000,3050000,3050000,3050000,0,0,0,0,0,0,0,0,None,,,,,b,0011.png,default-jersey-01.png,black_3076.png,59,70,1,81,47,61,1,1,1,71,2,6,75,0,1,1,1,1,1,1,1,1,1,1,1,13,98,1,24,1,37,38,60,34,35,17,70,0,39,48,66,93,46,37,45
7139,,95,1991,1988,David,Harris,12,1,13,1988,Michigan,51,,3,25,74,243,LB,2000000,1,2000000,0,0,0,0,0,0,0,0,0,0,0,0,0,None,,,,,a,10560.png,,bald_3034.png,86,82,1,82,52,73,10,1,6,82,1,1,94,0,1,1,1,1,1,1,1,1,1,1,1,29,100,1,26,1,8,96,93,37,93,74,79,0,42,46,31,90,34,42,98
10083,,66,1991,0,Jon,Haskins,0,0,0,0,Stanford,54,,1,24,74,240,LB,0,0,0,0,0,0,0,0,0,0,0,0,0,0,0,0,None,,,,,a,10574.png,,lightbrown_3053.png,51,65,1,65,21,51,1,1,1,64,1,1,69,0,1,1,1,1,1,1,1,1,1,1,30,30,48,1,30,1,48,56,65,55,68,55,75,0,43,34,50,78,50,30,81
5353,,91,1991,1987,A.J.,Hawk,7,2,5,1987,Ohio State,50,,4,26,73,245,LB,2500000,5,2500000,2500000,2500000,2500000,2500000,0,0,0,0,0,0,0,0,0,None,MediaDarling|BullRusher,,,,a,10594.png,default-jersey-01.png,lightbrown_3103.png,70,65,1,87,57,68,1,1,1,86,1,1,90,0,1,1,1,1,1,1,1,1,1,1,1,11,96,1,8,1,100,77,84,87,100,67,75,0,37,32,51,90,48,49,87
2395,,80,1991,1985,Andy,Headen,7,36,18,1985,Clemson,91,,6,31,77,240,LB,250000,1,250000,0,0,0,0,0,0,0,0,0,0,0,0,0,None,,,,,b,0016.png,default-jersey-01.png,bald_3040.png,69,70,1,62,45,67,1,1,1,79,1,1,73,0,1,1,1,1,1,1,1,1,1,1,1,1,70,1,18,1,7,90,67,27,85,70,80,0,31,33,55,99,38,41,89
10093,,65,1991,0,Anthony,Henton,0,0,0,0,Troy,55,,1,24,73,218,LB,0,0,0,0,0,0,0,0,0,0,0,0,0,0,0,0,None,,,,,b,0024.png,,bald_3011.png,57,63,1,52,23,41,1,1,1,67,1,1,67,0,1,1,1,1,1,1,1,1,1,1,30,30,54,1,30,1,35,67,82,68,71,88,98,0,36,34,58,75,30,54,87
7140,,60,1991,0,David,Herron,0,0,0,0,Michigan State,52,,1,23,73,248,LB,0,0,0,0,0,0,0,0,0,0,0,0,0,0,0,0,None,,,,,c,0242.png,,darkbrown_3025.png,50,55,1,59,36,50,1,1,1,61,1,1,59,0,1,1,1,1,1,1,1,1,1,1,1,4,16,1,1,1,25,35,53,18,16,13,95,0,42,46,47,92,39,40,83
12610,,72,1991,1991,Travis,Hill,7,7,11,1991,Nebraska,54,,0,25,74,240,LB,250000,2,250000,250000,0,0,0,0,0,0,0,0,0,0,0,0,None,,,,,b,10066.png,,red_3002.png,64,59,1,63,34,54,1,1,1,73,1,1,71,0,1,1,1,1,1,1,1,1,1,1,30,33,52,1,30,1,29,52,65,11,5,21,77,0,40,41,55,97,40,63,70
2540,,68,1991,1985,Bryan,Hinkle,0,40,9,1985,Oregon,57,,6,32,73,222,LB,0,0,0,0,0,0,0,0,0,0,0,0,0,0,0,0,None,,,,,b,10092.png,,darkbrown_3001.png,44,53,1,65,36,52,1,1,1,71,1,1,70,0,1,1,1,1,1,1,1,1,1,1,1,14,74,1,19,1,19,63,95,18,94,78,86,0,30,49,53,73,45,34,1
12729,13019,72,1991,0,Dwight,Hollier,0,0,0,0,North Carolina,0,,0,23,74,246,LB,0,0,0,0,0,0,0,0,0,0,0,0,0,0,0,0,None,,,,,,,,,55,64,1,64,32,64,1,1,1,72,1,1,79,0,0,0,0,0,0,0,0,0,0,0,0,15,61,0,23,0,37,38,46,48,48,55,79,0,44,44,45,77,47,65,89
12633,,64,1991,0,Rob,Holmberg,0,0,0,0,Navy,55,,0,23,75,230,LB,0,0,0,0,0,0,0,0,0,0,0,0,0,0,0,0,None,,,,,b,10089.png,,black_3089.png,54,64,1,55,37,45,1,1,1,59,1,1,72,0,1,1,1,1,1,1,1,1,1,1,35,35,59,1,35,1,24,65,68,34,96,77,83,0,35,49,50,75,39,54,78
3324,,81,1991,1986,Earl,Holmes,6,6,6,1986,Florida A&M,59,,5,28,74,242,LB,250000,2,250000,300000,0,0,0,0,0,0,0,0,0,0,0,0,None,,,,,b,0001.png,default-jersey-01.png,darkbrown_3006.png,74,82,1,64,41,55,1,1,1,74,1,1,84,0,1,1,1,1,1,1,1,1,1,1,1,12,81,1,1,1,20,95,82,42,93,62,79,0,31,48,69,73,32,34,49
2198,,82,1991,1985,Tom,Howard,0,26,4,1985,Texas Tech,59,,2,33,74,213,LB,0,0,0,0,0,0,0,0,0,0,0,0,0,0,0,0,None,,,,,a,10589.png,,lightbrown_3095.png,64,65,1,78,36,64,1,1,1,82,1,1,65,0,1,1,1,1,1,1,1,1,1,1,1,9,80,1,20,1,35,83,62,35,78,73,88,0,36,30,65,100,49,60,5
5363,,61,1991,0,Oliver,Hoyte,0,0,0,0,North Carolina State,50,,1,23,75,247,LB,0,0,0,0,0,0,0,0,0,0,0,0,0,0,0,0,None,,,,,b,0077.png,,black_3097.png,53,65,1,57,33,49,1,1,1,56,1,1,57,0,1,1,1,1,1,1,1,1,1,1,1,12,27,1,6,1,100,33,54,74,34,45,71,0,39,38,40,88,31,66,82
8503,,77,1991,0,Jake,Hummel,17,0,0,0,Iowa State,45,,2,24,73,235,LB,490000,1,490000,0,0,0,0,0,0,0,0,0,0,0,0,0,None,,,,,b,0087.png,default-jersey-01.png,black_3054.png,58,73,1,79,49,54,1,1,1,74,1,1,73,0,1,1,1,1,1,1,1,1,1,1,1,14,44,1,21,1,31,90,92,70,71,98,84,0,70,38,50,72,70,58,58
2698,,69,1991,1985,Byron,Hunt,0,52,17,1985,SMU,59,,3,30,77,238,LB,0,0,0,0,0,0,0,0,0,0,0,0,0,0,0,0,None,,,,,a,0107.png,,black_3004.png,50,63,1,70,39,53,1,1,1,61,1,1,64,0,1,1,1,1,1,1,1,1,1,1,1,31,74,1,20,1,4,96,90,5,72,100,76,0,30,30,57,71,50,31,70
5373,,83,1991,1987,Clint,Ingram,18,6,12,1987,Oklahoma,52,,4,27,73,240,LB,2100000,2,2100000,2100000,0,0,0,0,0,0,0,0,0,0,0,0,None,,,,,c,0240.png,,black_3006.png,73,71,1,64,38,52,1,1,1,83,1,1,79,0,1,1,1,1,1,1,1,1,1,1,1,11,97,1,20,1,88,86,99,60,71,88,84,0,36,47,55,83,40,43,73
12636,,61,1991,0,Darwin,Ireland,0,0,0,0,Arkansas,50,,0,23,71,240,LB,0,0,0,0,0,0,0,0,0,0,0,0,0,0,0,0,None,,,,,b,0031.png,,black_3058.png,47,58,1,55,38,57,1,1,1,55,1,1,58,0,1,1,1,1,1,1,1,1,1,1,35,35,57,1,35,1,50,62,67,56,96,98,78,0,40,49,60,81,45,41,90
12629,,65,1991,0,Terry,Irving,0,0,0,0,McNeese State,57,,0,23,74,230,LB,0,0,0,0,0,0,0,0,0,0,0,0,0,0,0,0,None,,,,,a,10566.png,,black_3004.png,61,50,1,53,22,54,1,1,1,63,1,1,69,0,1,1,1,1,1,1,1,1,1,1,35,35,57,1,35,1,88,86,85,100,85,67,89,0,35,45,37,95,47,52,85
3334,,84,1991,1986,Larry,Izzo,2,4,3,1986,Rice,59,,5,27,70,228,LB,250000,2,250000,250000,0,0,0,0,0,0,0,0,0,0,0,0,None,,,,,a,0147.png,default-jersey-01.png,darkbrown_3047.png,72,69,1,77,43,55,1,1,1,77,1,1,85,0,1,1,1,1,1,1,1,1,1,1,1,16,90,1,1,1,84,74,88,92,96,92,98,0,33,38,66,100,48,55,79
8504,,81,1991,1989,D'Marco,Jackson,9,7,19,1989,Appalach. St.,95,,2,25,73,233,LB,350000,3,350000,350000,350000,0,0,0,0,0,0,0,0,0,0,0,None,CoverageLB,,,,b,0030.png,default-jersey-01.png,black_3009.png,59,63,1,76,41,54,1,1,1,79,1,1,78,0,1,1,1,1,1,1,1,1,1,1,1,19,98,1,18,1,62,83,86,43,79,75,85,0,57,61,50,89,36,44,91
2547,,63,1991,1985,Michael,Jackson,0,44,5,1985,Washington,55,,4,32,73,220,LB,0,0,0,0,0,0,0,0,0,0,0,0,0,0,0,0,None,,,,,b,0011.png,,black_3077.png,39,53,1,50,32,52,1,1,1,71,1,1,54,0,1,1,1,1,1,1,1,1,1,1,1,15,85,1,1,1,95,68,86,87,72,95,98,0,39,49,64,98,35,31,65
1817,,93,1991,1985,Rickey,Jackson,6,1,15,1985,Pittsburgh,57,,6,33,74,243,LB,13100000,1,13100000,0,0,0,0,0,0,0,0,0,0,0,0,0,None,SpeedRusher,,,,b,0056.png,,black_3024.png,73,81,1,70,65,75,2,1,1,92,2,10,90,0,1,1,1,1,1,1,1,1,1,1,1,26,100,1,40,1,36,64,74,8,83,98,90,0,35,48,54,71,33,62,79
12627,,65,1991,0,Ray,Jacobs,0,0,0,0,North Carolina,50,,0,22,74,244,LB,0,0,0,0,0,0,0,0,0,0,0,0,0,0,0,0,None,,,,,b,10095.png,,black_3091.png,63,54,1,53,32,45,1,1,1,61,1,1,58,0,1,1,1,1,1,1,1,1,1,1,35,35,55,1,35,1,50,66,81,51,64,62,85,0,45,30,47,94,40,40,85
10052,,77,1991,0,Garth,Jax,18,0,0,0,Florida State,58,,1,24,74,250,LB,250000,1,250000,0,0,0,0,0,0,0,0,0,0,0,0,0,None,,,,,a,10595.png,default-jersey-01.png,lightbrown_3088.png,56,71,1,75,31,53,1,1,1,84,1,1,67,0,1,1,1,1,1,1,1,1,1,1,26,26,56,1,26,1,70,59,33,44,41,46,72,0,30,32,30,80,36,30,85
5381,,69,1991,1987,Rashad,Jeanty,0,5,15,1987,Central Florida,56,,4,27,74,235,LB,0,0,0,0,0,0,0,0,0,0,0,0,0,0,0,0,None,,,,,b,10100.png,,blonde_3001.png,62,62,1,62,36,54,1,1,1,67,1,1,76,0,1,1,1,1,1,1,1,1,1,1,1,23,30,1,18,1,15,44,67,2,13,36,88,0,47,43,41,91,36,33,29
12630,,64,1991,0,Kevin,Jefferson,0,0,0,0,Lehigh,58,,0,20,74,232,LB,0,0,0,0,0,0,0,0,0,0,0,0,0,0,0,0,None,,,,,a,0140.png,,bald_3018.png,46,60,1,64,35,48,1,1,1,62,1,1,62,0,1,1,1,1,1,1,1,1,1,1,35,35,55,1,35,1,49,61,62,47,43,68,71,0,40,40,42,94,32,48,71
10070,,67,1991,0,Jerry,Jensen,0,0,0,0,Washington,50,,1,24,72,235,LB,0,0,0,0,0,0,0,0,0,0,0,0,0,0,0,0,None,,,,,a,0134.png,,black_3056.png,59,48,1,69,27,45,1,1,1,61,1,1,66,0,1,1,1,1,1,1,1,1,1,1,30,30,54,1,30,1,56,50,48,46,44,51,92,0,33,35,50,97,38,48,90
10084,,66,1991,0,Alonzo,Johnson,0,0,0,0,Florida,53,,1,24,75,222,LB,0,0,0,0,0,0,0,0,0,0,0,0,0,0,0,0,None,,,,,b,0078.png,,bald_3035.png,60,61,1,59,25,54,1,1,1,61,1,1,59,0,1,1,1,1,1,1,1,1,1,1,30,30,54,1,30,1,91,71,61,64,89,70,90,0,38,33,39,95,48,32,76
5388,,65,1991,0,Brandon,Johnson,0,0,0,0,Louisville,51,,1,24,77,220,LB,0,0,0,0,0,0,0,0,0,0,0,0,0,0,0,0,None,,,,,a,10564.png,,red_3004.png,52,65,1,55,27,55,1,1,1,63,1,1,55,0,1,1,1,1,1,1,1,1,1,1,1,3,63,1,2,1,62,62,91,74,89,62,92,0,37,49,60,87,48,37,86
2200,,76,1991,1985,Eddie,Johnson,8,23,18,1985,Louisville,98,,6,32,73,220,LB,490000,1,490000,0,0,0,0,0,0,0,0,0,0,0,0,0,None,,,,,a,0137.png,default-jersey-01.png,bald_3008.png,45,66,1,66,44,54,1,1,1,83,1,1,75,0,1,1,1,1,1,1,1,1,1,1,1,2,95,1,6,1,63,34,55,64,57,36,93,0,30,43,41,91,34,51,67
6218,,64,1991,0,John,Johnson,0,0,0,0,Clemson,56,,1,24,75,240,LB,0,0,0,0,0,0,0,0,0,0,0,0,0,0,0,0,None,,,,,a,10569.png,,blonde_3039.png,58,52,1,51,28,42,1,1,1,71,1,1,67,0,1,1,1,1,1,1,1,1,1,1,1,6,45,1,1,1,32,86,84,53,73,93,91,0,50,30,32,75,31,53,82
10045,,83,1991,1990,Pepper,Johnson,8,4,17,1990,Ohio State,57,,1,23,75,250,LB,500000,2,500000,500000,0,0,0,0,0,0,0,0,0,0,0,0,None,,,,,b,0010.png,,blonde_3002.png,77,69,1,70,39,74,1,1,1,75,1,1,92,0,1,1,1,1,1,1,1,1,1,1,26,27,64,1,27,1,64,50,47,43,32,70,71,0,36,39,39,77,41,37,59
10040,,84,1991,1990,Vaughan,Johnson,11,4,5,1990,North Carolina State,56,,1,25,75,235,LB,500000,2,500000,500000,0,0,0,0,0,0,0,0,0,0,0,0,None,,,,,a,0109.png,,red_3024.png,80,82,2,65,53,70,4,1,1,73,1,2,89,0,1,1,1,1,1,1,1,1,1,1,28,26,62,1,27,1,70,98,81,46,95,100,90,0,47,45,38,80,33,33,96
12870,14888,67,1991,0,Andre,Jones,0,0,0,0,Notre Dame,0,,0,23,74,245,LB,0,0,0,0,0,0,0,0,0,0,0,0,0,0,0,0,None,,,,,,,,,49,67,1,53,27,47,1,1,1,65,1,1,61,0,0,0,0,0,0,0,0,0,0,0,0,7,95,0,11,0,90,97,86,96,75,69,78,0,36,40,34,70,47,40,74
6225,,64,1991,0,Brian,Jones,0,0,0,0,Texas,50,,1,24,73,250,LB,0,0,0,0,0,0,0,0,0,0,0,0,0,0,0,0,None,,,,,a,0130.png,,black_3044.png,46,53,1,69,24,51,1,1,1,64,1,1,68,0,1,1,1,1,1,1,1,1,1,1,1,8,44,1,1,1,97,74,96,63,100,94,75,0,32,36,39,70,45,35,86
12723,14975,69,1991,0,Don,Jones,0,0,0,0,Washington,0,,0,23,72,231,LB,0,0,0,0,0,0,0,0,0,0,0,0,0,0,0,0,None,,,,,,,,,60,58,1,65,23,57,1,1,1,56,1,1,70,0,0,0,0,0,0,0,0,0,0,0,0,0,91,0,12,0,4,39,31,26,1,23,88,0,44,48,62,79,43,64,100
3350,,67,1991,1986,LaCurtis,Jones,0,5,17,1986,Baylor,53,,4,28,72,200,LB,0,0,0,0,0,0,0,0,0,0,0,0,0,0,0,0,None,,,,,b,10081.png,,black_3019.png,45,59,1,57,24,54,1,1,1,71,1,1,64,0,1,1,1,1,1,1,1,1,1,1,1,1,84,1,1,1,35,31,54,48,54,56,98,0,37,41,51,72,47,56,26
3351,,59,1991,0,Lenoy,Jones,0,0,0,0,TCU,50,,1,23,73,228,LB,0,0,0,0,0,0,0,0,0,0,0,0,0,0,0,0,None,,,,,b,0059.png,,black_3058.png,45,51,1,52,28,48,1,1,1,63,1,1,63,0,1,1,1,1,1,1,1,1,1,1,1,1,39,1,5,1,96,64,65,71,100,90,82,0,35,44,33,97,40,66,88
12828,15152,70,1991,0,Robert,Jones,0,0,0,0,East Carolina,0,,0,23,75,244,LB,0,0,0,0,0,0,0,0,0,0,0,0,0,0,0,0,None,,,,,,,,,56,60,1,73,31,63,1,1,1,67,1,1,70,0,0,0,0,0,0,0,0,0,0,0,0,29,35,0,12,0,91,87,90,86,73,60,96,0,48,46,70,78,31,43,96
7047,,73,1991,1988,Akeem,Jordan,0,5,3,1988,James Madison,56,,3,24,73,226,LB,0,0,0,0,0,0,0,0,0,0,0,0,0,0,0,0,None,,,,,b,0071.png,,black_3037.png,60,64,1,62,36,63,1,1,1,68,1,1,79,0,1,1,1,1,1,1,1,1,1,1,1,25,75,1,13,1,98,98,84,84,74,76,75,0,49,31,32,79,49,67,88
10043,,87,1991,1990,Seth,Joyner,16,1,12,1990,Texas-El Paso,55,,1,23,74,241,LB,2000000,3,2000000,2000000,2000000,0,0,0,0,0,0,0,0,0,0,0,None,HybridLB,,,,b,10061.png,,black_3039.png,69,74,1,83,54,71,1,3,1,81,1,1,90,0,1,1,1,1,1,1,1,1,1,1,26,28,64,1,26,1,67,96,81,60,95,63,77,0,47,33,68,84,46,36,71
2257,,89,1991,1985,E.J.,Junior,19,18,2,1985,Alabama,49,,6,32,75,238,LB,2900000,3,2900000,2900000,2900000,0,0,0,0,0,0,0,0,0,0,0,None,,,,,c,0244.png,default-jersey-01.png,darkbrown_3007.png,79,76,1,70,39,60,1,1,1,87,1,1,81,0,1,1,1,1,1,1,1,1,1,1,1,11,100,1,5,1,68,72,74,65,63,76,80,0,42,44,59,97,45,66,86
12784,15334,71,1991,0,John,Kacherski,0,0,0,0,Ohio State,0,,0,25,74,240,LB,0,0,0,0,0,0,0,0,0,0,0,0,0,0,0,0,None,,,,,,,,,57,56,1,63,37,52,1,1,1,68,1,1,66,0,0,0,0,0,0,0,0,0,0,0,0,10,79,0,13,0,55,65,74,44,87,95,78,0,34,36,58,84,45,70,71
2917,,69,1991,0,John,Kaiser,0,0,0,0,Arizona,54,,1,24,75,227,LB,0,0,0,0,0,0,0,0,0,0,0,0,0,0,0,0,None,,,,,b,0014.png,,black_3009.png,49,58,1,66,28,55,1,1,1,66,1,1,58,0,1,1,1,1,1,1,1,1,1,1,1,5,81,1,11,1,51,94,99,59,70,99,100,0,34,31,47,78,33,41,87
2391,,68,1991,1985,Mel,Kaufman,0,37,1,1985,Cal Poly-San Luis Obispo,50,,5,32,74,221,LB,0,0,0,0,0,0,0,0,0,0,0,0,0,0,0,0,None,,,,,a,0105.png,,darkbrown_3047.png,63,50,1,54,21,64,1,1,1,61,1,1,73,0,1,1,1,1,1,1,1,1,1,1,1,18,86,1,23,1,64,46,30,73,69,69,93,0,33,39,43,81,41,67,96
10053,,77,1991,0,Joe,Kelly,1,0,0,0,Washington,57,,1,23,74,227,LB,250000,1,250000,0,0,0,0,0,0,0,0,0,0,0,0,0,None,,,,,b,0005.png,default-jersey-01.png,bald_3025.png,70,59,1,62,44,65,1,1,1,74,1,1,77,0,1,1,1,1,1,1,1,1,1,1,26,26,62,1,26,1,68,50,70,76,62,60,96,0,33,41,33,100,42,70,1
3361,,67,1991,0,Terry,Killens,0,0,0,0,Penn State,55,,1,23,73,235,LB,0,0,0,0,0,0,0,0,0,0,0,0,0,0,0,0,None,,,,,a,10551.png,,red_3013.png,61,60,1,53,38,53,1,1,1,62,1,1,72,0,1,1,1,1,1,1,1,1,1,1,1,4,57,1,10,1,38,93,63,45,93,79,93,0,49,40,44,85,35,42,75
2266,,64,1991,1985,Angelo,King,0,27,1,1985,South Carolina State,92,,5,32,73,224,LB,0,0,0,0,0,0,0,0,0,0,0,0,0,0,0,0,None,,,,,a,10575.png,,darkbrown_3006.png,49,54,1,48,22,55,1,1,1,70,1,1,73,0,1,1,1,1,1,1,1,1,1,1,1,20,78,1,23,1,75,35,31,95,48,63,92,0,43,35,44,89,31,32,94
2199,,80,1991,1985,Linden,King,0,25,2,1985,Colorado State,53,,2,32,76,241,LB,0,0,0,0,0,0,0,0,0,0,0,0,0,0,0,0,None,,,,,b,0010.png,,bald_3035.png,66,73,1,73,45,67,1,1,1,69,1,1,86,0,1,1,1,1,1,1,1,1,1,1,1,37,75,1,30,1,52,98,62,57,75,73,93,0,44,35,42,97,38,52,67
12754,15928,78,1991,0,Levon,Kirkland,0,0,0,0,Clemson,0,,0,23,73,270,LB,0,0,0,0,0,0,0,0,0,0,0,0,0,0,0,0,None,,,,,,,,,61,64,1,67,46,55,1,1,1,75,1,1,90,0,0,0,0,0,0,0,0,0,0,0,0,22,88,0,17,0,63,46,57,77,43,60,75,0,49,37,35,72,47,52,81
10106,,61,1991,0,Larry,Kolic,0,0,0,0,Ohio State,50,,1,24,73,242,LB,0,0,0,0,0,0,0,0,0,0,0,0,0,0,0,0,None,,,,,b,0048.png,,black_3017.png,53,65,1,53,36,49,1,1,1,50,1,1,72,0,1,1,1,1,1,1,1,1,1,1,30,30,51,1,30,1,58,50,55,53,62,41,97,0,48,32,34,97,45,70,85
12850,16140,78,1991,0,George,Koonce,0,0,0,0,Chowan,0,,0,24,73,245,LB,0,0,0,0,0,0,0,0,0,0,0,0,0,0,0,0,None,,,,,,,,,63,59,1,65,33,69,1,1,1,76,1,1,71,0,0,0,0,0,0,0,0,0,0,0,0,18,95,0,22,0,51,92,91,47,85,64,94,0,40,47,46,96,32,58,99
2262,,73,1991,1985,Fulton,Kuykendall,0,32,3,1985,UCLA,57,,3,35,76,225,LB,0,0,0,0,0,0,0,0,0,0,0,0,0,0,0,0,None,,,,,b,0045.png,,darkbrown_3013.png,53,59,1,71,34,55,1,1,1,70,1,1,69,0,1,1,1,1,1,1,1,1,1,1,1,11,87,1,2,1,38,51,41,50,69,53,98,0,49,38,65,72,40,65,42
8505,,81,1991,0,Nate,Landman,6,0,0,0,Colorado,54,,2,24,75,235,LB,250000,3,250000,300000,350000,0,0,0,0,0,0,0,0,0,0,0,None,,,,,b,0049.png,default-jersey-01.png,black_3098.png,63,68,16,68,35,54,31,1,1,86,1,1,73,0,1,1,1,1,1,1,1,1,1,1,1,18,93,1,23,1,69,65,97,100,68,86,92,0,62,64,62,93,50,45,80
5420,,72,1991,0,Manny,Lawson,0,0,0,0,North Carolina State,50,,4,26,77,240,LB,0,0,0,0,0,0,0,0,0,0,0,0,0,0,0,0,None,,,,,b,0074.png,,black_3075.png,62,57,1,58,34,50,1,1,1,76,1,1,65,0,1,1,1,1,1,1,1,1,1,1,1,18,63,1,17,1,63,71,75,63,61,84,78,0,45,34,61,75,46,33,45
10087,,66,1991,0,Byron,Lee,0,0,0,0,Ohio State,59,,1,23,74,230,LB,0,0,0,0,0,0,0,0,0,0,0,0,0,0,0,0,None,,,,,a,0115.png,,black_3017.png,51,57,1,59,32,52,1,1,1,70,1,1,62,0,1,1,1,1,1,1,1,1,1,1,30,30,53,1,30,1,52,64,59,57,65,43,86,0,50,50,66,90,43,62,75
5974,,91,1991,0,Mo,Lewis,20,0,0,0,Georgia,90,,4,26,75,258,LB,6150000,6,6150000,6150000,6150000,6150000,6150000,6150000,0,0,0,0,0,0,0,0,None,,,,,b,10058.png,default-jersey-01.png,black_3031.png,75,71,1,86,36,73,1,1,1,85,1,5,80,0,1,1,1,1,1,1,1,1,1,1,1,26,100,1,21,1,5,40,40,28,1,36,71,0,44,31,70,99,38,57,84
3369,,100,1991,1986,Ray,Lewis,18,1,3,1986,Miami (FL),57,,5,26,73,245,LB,13100000,5,13100000,13100000,13100000,13100000,13100000,0,0,0,0,0,0,0,0,0,None,CoverageLB|SpeedRusher,,,,a,10569.png,default-jersey-01.png,blonde_3051.png,86,88,1,91,61,82,1,8,10,89,4,1,92,0,1,1,1,1,1,1,1,1,1,1,1,27,100,1,26,1,60,34,59,66,41,32,92,0,50,30,36,72,45,61,87
2018,,84,1991,1985,David,Little,18,10,1,1985,Florida,95,,6,32,73,232,LB,2900000,2,2900000,2900000,0,0,0,0,0,0,0,0,0,0,0,0,None,,,,,b,10069.png,default-jersey-01.png,black_3083.png,71,69,1,71,34,67,1,1,1,78,1,1,72,0,1,1,1,1,1,1,1,1,1,1,1,26,100,1,27,1,90,33,68,82,52,65,90,0,32,47,37,94,50,32,95
8506,,85,1991,1989,Devin,Lloyd,12,4,12,1989,Utah,59,,2,24,75,235,LB,550000,1,550000,0,0,0,0,0,0,0,0,0,0,0,0,0,None,,,,,a,10570.png,default-jersey-01.png,red_3022.png,70,68,6,75,62,65,5,7,7,81,25,24,81,0,1,1,1,1,1,1,1,1,1,1,1,16,73,1,21,1,45,76,73,39,82,60,94,0,55,50,68,77,58,49,95
3371,,58,1991,0,Michael,Lowery,0,0,0,0,Mississippi,51,,1,23,72,232,LB,0,0,0,0,0,0,0,0,0,0,0,0,0,0,0,0,None,,,,,a,10578.png,,blonde_3032.png,57,52,1,51,24,42,1,1,1,56,1,1,56,0,1,1,1,1,1,1,1,1,1,1,1,13,23,1,6,1,53,63,89,64,89,64,85,0,31,43,64,76,45,35,72
2093,,80,1991,1985,Robert,Lyles,3,13,2,1985,TCU,57,,6,30,73,226,LB,250000,1,250000,0,0,0,0,0,0,0,0,0,0,0,0,0,None,,,,,b,10052.png,default-jersey-01.png,darkbrown_3007.png,63,73,1,69,44,64,1,1,1,72,1,1,86,0,1,1,1,1,1,1,1,1,1,1,1,1,100,1,2,1,47,68,39,67,63,72,78,0,43,33,66,75,32,39,13
12699,17789,75,1991,0,Mark,Maddox,0,0,0,0,Northern Michigan,0,,0,24,73,233,LB,0,0,0,0,0,0,0,0,0,0,0,0,0,0,0,0,None,,,,,,,,,62,61,1,62,36,58,1,1,1,73,1,1,77,0,0,0,0,0,0,0,0,0,0,0,0,19,82,0,24,0,46,43,56,53,60,65,99,0,34,46,40,78,30,36,83
8508,,83,1991,1989,Boye,Mafe,12,6,17,1989,Minnesota,53,,2,24,76,261,LB,3350000,5,3350000,3350000,3350000,3350000,3350000,0,0,0,0,0,0,0,0,0,None,,,,,a,0117.png,default-jersey-01.png,black_3045.png,67,69,1,80,26,54,5,7,7,81,12,12,65,0,1,1,1,1,1,1,1,1,1,1,1,20,85,1,22,1,78,49,59,63,43,69,78,0,69,53,69,75,42,63,96
1843,,96,1991,1985,Wilber,Marshall,9,2,5,1985,Florida,51,,6,29,73,231,LB,7500000,2,7500000,7500000,0,0,0,0,0,0,0,0,0,0,0,0,None,,,,,a,0128.png,,darkbrown_3003.png,74,83,1,88,47,72,1,10,1,92,1,3,82,0,1,1,1,1,1,1,1,1,1,1,1,10,100,1,26,1,68,53,46,38,47,37,87,0,33,39,42,88,30,70,91
2263,,69,1991,1985,Chris,Martin,0,26,8,1985,Auburn,55,,6,31,74,236,LB,0,0,0,0,0,0,0,0,0,0,0,0,0,0,0,0,None,,,,,b,0087.png,,bald_3045.png,58,56,1,51,23,56,1,1,1,72,1,1,73,0,1,1,1,1,1,1,1,1,1,1,1,1,88,1,1,1,47,58,60,50,57,33,70,0,37,37,40,77,48,35,54
2091,,75,1991,1985,Rod,Martin,0,16,11,1985,USC,53,,4,35,74,218,LB,0,0,0,0,0,0,0,0,0,0,0,0,0,0,0,0,None,,,,,a,10579.png,,blonde_3051.png,53,60,1,66,42,59,1,1,1,73,3,1,82,0,1,1,1,1,1,1,1,1,1,1,1,24,98,1,7,1,88,81,64,97,62,95,83,0,37,36,62,98,44,35,57
6128,,71,1991,0,Lonnie,Marts,0,0,0,0,Tulane,59,,4,27,74,246,LB,0,0,0,0,0,0,0,0,0,0,0,0,0,0,0,0,None,,,,,a,0104.png,,black_3017.png,58,65,1,61,26,53,1,1,1,78,1,1,65,0,1,1,1,1,1,1,1,1,1,1,1,25,50,1,7,1,97,67,44,100,66,49,79,0,43,44,47,72,33,33,61
2690,,65,1991,1985,Eugene,Marve,0,49,17,1985,Saginaw Valley State,52,,4,29,74,237,LB,0,0,0,0,0,0,0,0,0,0,0,0,0,0,0,0,None,,,,,a,0131.png,,blonde_3037.png,52,71,1,54,25,60,1,1,1,66,1,1,67,0,1,1,1,1,1,1,1,1,1,1,1,29,36,1,31,1,25,73,98,38,90,92,95,0,38,35,37,78,48,48,37
8510,,81,1991,0,Luke,Masterson,1,0,0,0,Wake Forest,52,,2,25,73,234,LB,2600000,2,2600000,2700000,0,0,0,0,0,0,0,0,0,0,0,0,None,,,,,a,0104.png,default-jersey-01.png,bald_3015.png,54,72,6,73,55,50,12,1,2,83,1,1,76,0,1,1,1,1,1,1,1,1,1,1,1,21,95,1,14,1,52,96,72,45,76,98,71,0,51,40,59,72,52,56,15
1838,,77,1991,1985,Clay,Matthews,8,2,14,1985,USC,56,,6,35,74,245,LB,8800000,5,8800000,8800000,8800000,8800000,8800000,0,0,0,0,0,0,0,0,0,None,FanFavorite,,,,a,10567.png,,darkbrown_3039.png,46,76,10,58,49,61,1,7,1,86,5,1,70,0,1,1,1,1,1,1,1,1,1,1,1,14,100,1,26,1,7,94,94,19,73,88,96,0,41,46,40,97,30,62,20
5445,,69,1991,1987,Corey,Mays,0,7,19,1987,Notre Dame,53,,4,27,73,245,LB,0,0,0,0,0,0,0,0,0,0,0,0,0,0,0,0,None,,,,,a,10564.png,,lightbrown_3097.png,53,60,1,61,31,52,1,1,1,64,1,1,71,0,1,1,1,1,1,1,1,1,1,1,1,13,88,1,6,1,36,79,66,51,75,90,95,0,41,40,60,78,32,33,100
10128,,60,1991,0,Kivuusama,Mays,0,0,0,0,North Carolina,57,,1,24,75,247,LB,0,0,0,0,0,0,0,0,0,0,0,0,0,0,0,0,None,,,,,a,0149.png,,lightbrown_3070.png,47,56,1,55,25,46,1,1,1,58,1,1,73,0,1,1,1,1,1,1,1,1,1,1,30,30,49,1,30,1,95,66,57,86,36,60,94,0,50,47,36,88,46,60,76
12877,18890,75,1991,0,Ed,McDaniel,0,0,0,0,Clemson,0,,0,23,71,230,LB,0,0,0,0,0,0,0,0,0,0,0,0,0,0,0,0,None,,,,,,,,,75,78,1,67,45,48,1,1,1,63,1,1,76,0,0,0,0,0,0,0,0,0,0,0,0,16,39,0,21,0,67,98,99,76,76,65,100,0,40,32,40,84,50,54,97
12743,18951,76,1991,0,Ricardo,McDonald,0,0,0,0,Pittsburgh,0,,0,23,74,248,LB,0,0,0,0,0,0,0,0,0,0,0,0,0,0,0,0,None,,,,,,,,,54,71,1,78,33,59,1,1,1,64,1,1,67,0,0,0,0,0,0,0,0,0,0,0,0,16,98,0,26,0,52,34,45,31,36,53,98,0,48,38,63,87,40,58,72
8511,,82,1991,0,Micah,McFadden,20,0,0,0,Indiana,55,,2,23,74,232,LB,3350000,6,3350000,3350000,3350000,3350000,3350000,3350000,0,0,0,0,0,0,0,0,None,CoverageLB,,,,b,0024.png,default-jersey-01.png,darkbrown_3009.png,61,70,1,77,49,62,1,1,1,83,1,1,83,0,1,1,1,1,1,1,1,1,1,1,1,26,64,1,15,1,42,50,60,37,35,32,78,0,35,39,30,83,42,46,79
2614,,83,1991,1985,Reggie,McKenzie,16,45,3,1985,Tennessee,54,,6,28,73,240,LB,2950000,1,2950000,0,0,0,0,0,0,0,0,0,0,0,0,0,None,,,,,b,0096.png,,darkbrown_3021.png,80,63,1,75,38,59,1,1,1,69,1,1,73,0,1,1,1,1,1,1,1,1,1,1,1,1,95,1,7,1,33,58,45,37,9,28,78,0,39,37,51,86,33,65,5
2539,,55,1991,1985,Fred,McNeill,0,42,17,1985,UCLA,50,,4,37,74,229,LB,0,0,0,0,0,0,0,0,0,0,0,0,0,0,0,0,None,,,,,b,0013.png,,blonde_3008.png,43,46,1,55,10,41,1,1,1,55,1,1,44,0,1,1,1,1,1,1,1,1,1,1,1,15,50,1,30,1,17,97,68,31,98,76,77,0,43,44,38,82,31,64,78
2142,,81,1991,1985,Johnny,Meads,17,16,4,1985,Nicholls State,91,,6,30,74,231,LB,2850000,2,2850000,2850000,0,0,0,0,0,0,0,0,0,0,0,0,None,,,,,a,10567.png,,darkbrown_3072.png,64,70,1,68,48,58,1,1,1,75,1,1,82,0,1,1,1,1,1,1,1,1,1,1,1,1,100,1,1,1,34,33,53,21,9,27,89,0,43,44,51,94,49,68,-1
2918,,69,1991,0,Tim,Meamber,0,0,0,0,Washington,53,,1,24,75,231,LB,0,0,0,0,0,0,0,0,0,0,0,0,0,0,0,0,None,,,,,b,0014.png,,black_3034.png,56,53,1,62,24,51,1,1,1,69,1,1,64,0,1,1,1,1,1,1,1,1,1,1,1,15,77,1,9,1,31,46,31,54,65,34,88,0,44,48,32,78,48,58,92
1876,,93,1991,1985,Karl,Mecklenburg,16,4,11,1985,Augustana (SD),77,,6,31,75,240,LB,13750000,1,13750000,0,0,0,0,0,0,0,0,0,0,0,0,0,None,Competitor,,,,a,10573.png,default-jersey-01.png,blonde_3003.png,72,74,1,82,51,73,1,1,5,91,1,10,94,0,1,1,1,1,1,1,1,1,1,1,1,26,100,1,26,1,57,94,96,53,73,70,91,0,34,42,42,99,31,39,99
2197,,61,1991,1985,Lance,Mehl,0,21,4,1985,Penn State,57,,6,33,75,235,LB,0,0,0,0,0,0,0,0,0,0,0,0,0,0,0,0,None,,,,,a,10576.png,,darkbrown_3016.png,51,46,1,57,20,34,1,1,1,56,1,1,60,0,1,1,1,1,1,1,1,1,1,1,1,25,87,1,12,1,46,36,67,63,41,41,76,0,38,38,47,89,43,42,84
2537,,75,1991,1985,Mike,Merriweather,8,18,16,1985,Pacific,51,,6,31,74,230,LB,2150000,2,2150000,2150000,0,0,0,0,0,0,0,0,0,0,0,0,None,,,,,b,10065.png,,bald_3008.png,56,60,1,58,33,74,1,1,1,77,3,1,72,0,1,1,1,1,1,1,1,1,1,1,1,19,100,1,14,1,62,84,63,39,74,92,88,0,45,49,40,77,41,45,31
1848,,86,1991,1985,Matt,Millen,4,3,16,1985,Penn State,54,,6,33,74,250,LB,1700000,3,1700000,1700000,1700000,0,0,0,0,0,0,0,0,0,0,0,None,CoverageLB,,,,b,10055.png,default-jersey-01.png,bald_3034.png,79,69,1,70,45,59,5,1,1,79,1,1,74,0,1,1,1,1,1,1,1,1,1,1,1,14,100,1,26,1,59,79,73,61,74,78,81,0,45,43,59,78,40,36,20
12609,,73,1991,1991,Jamir,Miller,8,5,6,1991,UCLA,96,,0,21,77,252,LB,250000,2,250000,250000,0,0,0,0,0,0,0,0,0,0,0,0,None,,,,,b,0071.png,,bald_3028.png,57,61,1,74,49,65,1,1,1,65,1,1,70,0,1,1,1,1,1,1,1,1,1,1,32,33,54,1,32,1,31,91,89,45,94,82,81,0,42,39,36,94,36,47,86
6101,,66,1991,0,Jeff,Mills,0,0,0,0,Nebraska,54,,4,27,75,244,LB,0,0,0,0,0,0,0,0,0,0,0,0,0,0,0,0,None,,,,,a,0127.png,,darkbrown_3029.png,57,61,1,59,26,43,1,1,1,57,1,1,62,0,1,1,1,1,1,1,1,1,1,1,1,1,84,1,1,1,63,85,79,62,85,90,87,0,36,44,69,78,50,64,93
2756,,64,1991,1985,Rich,Milot,0,56,12,1985,Penn State,54,,5,33,76,234,LB,0,0,0,0,0,0,0,0,0,0,0,0,0,0,0,0,None,,,,,b,0022.png,,black_3004.png,58,56,1,71,18,54,1,1,1,52,1,1,72,0,1,1,1,1,1,1,1,1,1,1,1,24,36,1,12,1,35,51,61,30,14,33,74,0,31,42,48,79,47,35,100
12608,,72,1991,1991,Kevin,Mitchell,0,6,9,1991,Syracuse,49,,0,23,73,258,LB,0,0,0,0,0,0,0,0,0,0,0,0,0,0,0,0,None,,,,,b,0076.png,,bald_3008.png,62,66,1,58,37,55,1,1,1,74,1,1,63,0,1,1,1,1,1,1,1,1,1,1,35,35,51,1,35,1,82,51,49,86,45,51,84,0,49,38,33,100,43,31,85
3410,,82,1991,1986,John,Mobley,14,6,11,1986,Kutztown Pennsylvania,45,,5,28,73,236,LB,1500000,3,1500000,1500000,1500000,0,0,0,0,0,0,0,0,0,0,0,None,,,,,a,0118.png,default-jersey-01.png,black_3052.png,72,78,1,77,38,54,1,1,1,71,1,1,86,0,1,1,1,1,1,1,1,1,1,1,1,11,82,1,11,1,69,35,69,42,37,36,93,0,47,42,34,77,48,50,33
10107,,63,1991,0,Ron,Monaco,0,0,0,0,South Carolina,56,,1,23,73,225,LB,0,0,0,0,0,0,0,0,0,0,0,0,0,0,0,0,None,,,,,b,10085.png,,bald_3009.png,55,55,1,58,29,49,1,1,1,59,1,1,68,0,1,1,1,1,1,1,1,1,1,1,30,30,50,1,30,1,21,62,94,5,67,87,79,0,32,42,67,70,30,39,93
12631,,64,1991,0,Marty,Moore,0,0,0,0,Kentucky,56,,0,23,73,244,LB,0,0,0,0,0,0,0,0,0,0,0,0,0,0,0,0,None,,,,,a,0130.png,,darkbrown_3027.png,63,55,1,52,22,57,1,1,1,57,1,1,66,0,1,1,1,1,1,1,1,1,1,1,35,35,50,1,35,1,96,78,93,67,85,68,73,0,44,35,33,72,46,41,82
3414,,62,1991,0,Sean,Moran,0,0,0,0,Colorado State,54,,1,24,76,275,LB,0,0,0,0,0,0,0,0,0,0,0,0,0,0,0,0,None,,,,,b,0005.png,,black_3049.png,48,56,1,51,27,54,1,1,1,61,1,1,70,0,1,1,1,1,1,1,1,1,1,1,1,7,65,1,6,1,89,55,72,99,34,64,99,0,42,47,53,70,44,55,89
2692,,70,1991,1985,Jim,Morrissey,0,45,2,1985,Michigan State,54,,6,29,75,223,LB,0,0,0,0,0,0,0,0,0,0,0,0,0,0,0,0,None,,,,,b,0028.png,,blonde_3001.png,50,68,1,65,42,45,1,1,1,75,1,1,72,0,1,1,1,1,1,1,1,1,1,1,1,9,42,1,1,1,39,97,76,37,94,97,75,0,43,33,57,83,37,44,1
8513,,82,1991,1989,Chad,Muma,16,6,16,1989,Wyoming,57,,2,24,75,239,LB,250000,2,250000,250000,0,0,0,0,0,0,0,0,0,0,0,0,None,,,,,b,10088.png,default-jersey-01.png,lightbrown_3003.png,68,75,1,74,49,56,1,1,1,83,2,1,79,0,1,1,1,1,1,1,1,1,1,1,1,18,50,1,24,1,51,67,65,30,60,53,77,0,59,54,59,99,41,31,57
10061,,70,1991,0,Kevin,Murphy,0,0,0,0,Oklahoma,56,,1,24,74,233,LB,0,0,0,0,0,0,0,0,0,0,0,0,0,0,0,0,None,Competitor,,,,a,0118.png,,darkbrown_3047.png,68,64,1,62,29,56,1,1,1,61,1,1,69,0,1,1,1,1,1,1,1,1,1,1,30,30,47,1,30,1,78,68,91,95,94,79,88,0,47,39,67,78,45,32,74
5470,,61,1991,0,Terna,Nande,0,0,0,0,Miami (OH),53,,1,24,72,232,LB,0,0,0,0,0,0,0,0,0,0,0,0,0,0,0,0,None,,,,,a,0147.png,,red_3035.png,55,52,1,63,24,54,1,1,1,52,1,1,64,0,1,1,1,1,1,1,1,1,1,1,1,10,33,1,15,1,34,90,91,62,81,100,96,0,39,45,36,74,41,46,90
10078,,67,1991,0,Jim,Nelson,0,0,0,0,Penn State,56,,1,24,73,234,LB,0,0,0,0,0,0,0,0,0,0,0,0,0,0,0,0,None,,,,,a,0148.png,,lightbrown_3059.png,61,60,1,61,29,53,1,1,1,61,1,1,67,0,1,1,1,1,1,1,1,1,1,1,30,30,50,1,30,1,56,66,98,47,91,71,79,0,39,44,49,98,50,44,72
1830,,78,1991,1985,Steve,Nelson,0,5,14,1985,Augsburg,51,,6,40,74,230,LB,0,0,0,0,0,0,0,0,0,0,0,0,0,0,0,0,None,CoverageLB,,,,b,0057.png,default-jersey-01.png,black_3098.png,57,74,1,65,42,75,1,1,1,71,1,1,91,0,1,1,1,1,1,1,1,1,1,1,1,40,100,1,27,1,62,37,62,63,44,63,81,0,47,45,45,95,46,35,79
6207,,65,1991,0,Richard,Newbill,0,0,0,0,Miami (FL),57,,4,27,73,240,LB,0,0,0,0,0,0,0,0,0,0,0,0,0,0,0,0,None,,,,,a,0137.png,,darkbrown_3015.png,60,59,1,54,17,60,1,1,1,66,1,1,75,0,1,1,1,1,1,1,1,1,1,1,1,7,37,1,19,1,82,68,49,92,38,40,72,0,35,44,36,94,33,58,44
5713,,93,1991,1987,Tommy,Nobis,14,1,18,1987,Texas,60,,4,27,74,240,LB,6250000,6,6250000,6250000,6250000,6250000,6250000,6250000,0,0,0,0,0,0,0,0,None,CommunityBenefactor,,,,a,0130.png,,blonde_3013.png,72,69,1,79,45,69,1,1,4,99,1,1,83,0,1,1,1,1,1,1,1,1,1,1,1,17,100,1,3,1,48,59,80,57,39,49,78,0,36,45,36,89,38,58,7
2220,,92,1991,1985,Brian,Noble,2,12,6,1985,Arizona State,91,,6,29,75,250,LB,6900000,2,6900000,6900000,0,0,0,0,0,0,0,0,0,0,0,0,None,TeamPlayer,,,,b,10092.png,,black_3065.png,77,75,1,77,32,70,1,1,1,92,1,1,74,0,1,1,1,1,1,1,1,1,1,1,1,18,100,1,13,1,37,81,89,35,100,87,97,0,47,37,60,88,39,37,82
2909,,70,1991,0,Niko,Noga,0,0,0,0,Hawaii,57,,1,24,73,234,LB,0,0,0,0,0,0,0,0,0,0,0,0,0,0,0,0,None,,,,,b,0020.png,,bald_3008.png,55,59,1,58,30,54,1,1,1,75,1,1,68,0,1,1,1,1,1,1,1,1,1,1,1,20,65,1,23,1,80,40,64,60,70,59,89,0,36,31,35,95,38,66,89
2640,,82,1991,1985,Freddie Joe,Nunn,15,23,3,1985,Mississippi,58,,6,29,77,262,LB,3850000,1,3850000,0,0,0,0,0,0,0,0,0,0,0,0,0,None,Perceptive|CoverageLB,,,,b,0030.png,,black_3004.png,71,73,1,67,49,70,1,1,1,74,1,1,82,0,1,1,1,1,1,1,1,1,1,1,1,1,81,1,1,1,43,72,68,43,71,55,84,0,50,43,57,89,37,34,83
10113,,64,1991,0,Kevin,O'Neill,0,0,0,0,Bowling Green,54,,1,24,74,239,LB,0,0,0,0,0,0,0,0,0,0,0,0,0,0,0,0,None,,,,,b,10067.png,,black_3011.png,57,65,1,57,34,48,1,1,1,55,1,1,65,0,1,1,1,1,1,1,1,1,1,1,30,30,48,1,30,1,47,65,65,55,64,63,87,0,40,43,57,83,37,35,91
2543,,82,1991,1985,Cliff,Odom,0,42,4,1985,Texas-Arlington,93,,5,32,74,237,LB,0,0,0,0,0,0,0,0,0,0,0,0,0,0,0,0,None,,,,,b,10077.png,,blonde_3010.png,65,65,1,79,43,62,1,1,1,75,1,1,84,0,1,1,1,1,1,1,1,1,1,1,1,19,87,1,24,1,48,73,71,53,86,60,73,0,48,34,66,86,41,37,55
10048,,78,1991,1990,John,Offerdahl,10,7,20,1990,Western Michigan,50,,1,23,75,232,LB,250000,1,250000,0,0,0,0,0,0,0,0,0,0,0,0,0,None,MrIrellevant,,,,a,0109.png,,lightbrown_3066.png,64,79,1,77,34,64,1,1,1,68,1,1,77,0,1,1,1,1,1,1,1,1,1,1,27,28,58,1,27,1,30,60,87,37,91,68,88,0,50,33,47,89,39,58,88
8514,,87,1991,1989,David,Ojabo,11,4,5,1989,Michigan,90,,2,23,76,255,LB,550000,1,550000,0,0,0,0,0,0,0,0,0,0,0,0,0,None,CoverageLB,,,,b,0036.png,,black_3051.png,69,75,1,83,23,58,1,7,7,84,1,3,67,0,1,1,1,1,1,1,1,1,1,1,1,29,98,1,24,1,67,98,86,31,87,93,80,0,41,39,65,95,37,67,74
2765,,67,1991,1985,Vince,Osby,0,54,13,1985,Illinois,52,,3,27,71,220,LB,0,0,0,0,0,0,0,0,0,0,0,0,0,0,0,0,None,,,,,b,0003.png,,black_3044.png,55,63,1,52,36,36,1,1,1,68,1,1,54,0,1,1,1,1,1,1,1,1,1,1,1,13,78,1,11,1,40,70,95,20,70,75,87,0,45,43,63,90,47,53,13
3623,,98,1991,1986,Alan,Page,13,1,6,1986,Notre Dame,66,,5,27,76,245,LB,10650000,5,10650000,10650000,10650000,10650000,10650000,0,0,0,0,0,0,0,0,0,None,CommunityBenefactor,,,,a,0119.png,default-jersey-01.png,bald_3019.png,83,85,9,84,57,74,1,1,10,90,5,8,88,0,1,1,1,1,1,1,1,1,1,1,90,25,100,1,1,1,100,55,70,69,54,50,86,0,40,38,49,79,33,54,66
10114,,64,1991,0,Aaron,Pearson,0,0,0,0,Mississippi State,59,,1,23,72,239,LB,0,0,0,0,0,0,0,0,0,0,0,0,0,0,0,0,None,,,,,b,0031.png,,black_3034.png,60,58,1,57,26,48,1,1,1,55,1,1,56,0,1,1,1,1,1,1,1,1,1,1,30,30,57,1,30,1,71,52,58,91,41,65,82,0,39,39,65,85,36,64,92
12620,,67,1991,0,Marlo,Perry,0,0,0,0,Jackson State,50,,0,22,76,250,LB,0,0,0,0,0,0,0,0,0,0,0,0,0,0,0,0,None,,,,,b,10066.png,,lightbrown_3003.png,60,63,1,64,28,48,1,1,1,55,1,1,73,0,1,1,1,1,1,1,1,1,1,1,35,35,59,1,35,1,13,82,98,39,89,78,88,0,31,49,41,70,45,69,70
6037,,80,1991,0,Roman,Phifer,13,0,0,0,UCLA,56,,4,27,74,248,LB,2750000,4,2750000,2450000,2000000,2000000,0,0,0,0,0,0,0,0,0,0,None,,,,,b,0090.png,default-jersey-01.png,black_3086.png,58,82,1,68,47,66,1,1,1,70,1,1,72,0,1,1,1,1,1,1,1,1,1,1,1,7,100,1,15,1,79,95,77,97,68,73,89,0,50,30,38,70,38,64,41
10095,,64,1991,0,Ray,Phillips,0,0,0,0,North Carolina State,54,,1,23,75,243,LB,0,0,0,0,0,0,0,0,0,0,0,0,0,0,0,0,None,,,,,b,0008.png,,darkbrown_3001.png,53,57,1,58,34,50,1,1,1,63,1,1,69,0,1,1,1,1,1,1,1,1,1,1,30,30,47,1,30,1,24,67,93,10,78,94,84,0,45,35,58,78,37,46,88
10046,,81,1991,1990,Gary,Plummer,15,2,14,1990,California,54,,1,27,74,244,LB,1000000,2,1000000,1000000,0,0,0,0,0,0,0,0,0,0,0,0,None,,,,,a,10574.png,,blonde_3003.png,65,79,1,67,51,80,1,1,1,77,1,1,78,0,1,1,1,1,1,1,1,1,1,1,28,27,57,1,28,1,16,88,68,15,73,91,78,0,47,34,45,71,36,52,71
2556,,68,1991,1985,Tom,Polley,0,39,8,1985,UNLV,52,,6,29,75,246,LB,0,0,0,0,0,0,0,0,0,0,0,0,0,0,0,0,None,,,,,b,0076.png,,black_3017.png,62,62,1,57,27,42,1,1,1,61,1,1,62,0,1,1,1,1,1,1,1,1,1,1,1,1,84,1,4,1,24,89,78,20,90,72,85,0,30,49,58,91,30,43,24
10100,,64,1991,0,Antwaune,Ponds,0,0,0,0,Syracuse,54,,1,24,74,252,LB,0,0,0,0,0,0,0,0,0,0,0,0,0,0,0,0,None,,,,,b,10081.png,,black_3028.png,47,63,1,64,19,46,1,1,1,64,1,1,59,0,1,1,1,1,1,1,1,1,1,1,30,30,54,1,30,1,89,50,64,95,61,35,71,0,36,43,43,79,50,50,87
8516,,71,1991,0,Bumper,Pool,0,0,0,0,N/A,10,,1,21,72,230,LB,0,0,0,0,0,0,0,0,0,0,0,0,0,0,0,0,None,,,,,a,10568.png,,lightbrown_3074.png,57,66,15,63,42,50,5,28,35,68,20,7,78,0,1,1,1,1,1,1,1,1,1,1,1,44,62,1,1,1,2,1,1,1,1,2,72,0,48,38,35,83,32,63,71
10071,,68,1991,0,Jeff,Posey,0,0,0,0,Southern Miss,53,,1,24,76,241,LB,0,0,0,0,0,0,0,0,0,0,0,0,0,0,0,0,None,,,,,b,10082.png,,black_3096.png,58,62,1,62,38,53,1,1,1,62,1,1,67,0,1,1,1,1,1,1,1,1,1,1,30,30,52,1,30,1,19,85,63,21,89,60,95,0,47,40,56,91,49,69,95
2546,,65,1991,1985,John,Rade,0,40,6,1985,Boise State,59,,6,31,73,232,LB,0,0,0,0,0,0,0,0,0,0,0,0,0,0,0,0,None,,,,,b,10068.png,,black_3047.png,58,63,1,60,25,43,1,1,1,52,1,1,71,0,1,1,1,1,1,1,1,1,1,1,1,1,84,1,1,1,30,89,60,37,61,100,74,0,33,39,52,76,40,33,93
2467,,70,1991,1985,Scott,Radecic,0,38,4,1985,Penn State,97,,6,29,75,243,LB,0,0,0,0,0,0,0,0,0,0,0,0,0,0,0,0,None,,,,,b,10085.png,,black_3060.png,61,57,1,68,29,45,1,1,1,71,1,1,73,0,1,1,1,1,1,1,1,1,1,1,1,1,43,1,13,1,38,38,58,64,31,60,91,0,37,35,31,91,30,36,14
2550,,77,1991,1985,Ervin,Randle,3,39,6,1985,Baylor,50,,6,29,73,250,LB,2300000,1,2300000,0,0,0,0,0,0,0,0,0,0,0,0,0,None,,,,,a,10588.png,default-jersey-01.png,lightbrown_3059.png,65,65,1,61,35,49,1,1,1,80,1,1,83,0,1,1,1,1,1,1,1,1,1,1,8,1,82,1,1,1,76,90,66,66,92,82,86,0,33,50,62,96,35,55,64
12634,,62,1991,0,Brian,Ratigan,0,0,0,0,Notre Dame,54,,0,24,76,241,LB,0,0,0,0,0,0,0,0,0,0,0,0,0,0,0,0,None,,,,,b,10067.png,,bald_3022.png,52,57,1,52,36,55,1,1,1,58,1,1,64,0,1,1,1,1,1,1,1,1,1,1,35,35,56,1,35,1,44,31,51,65,41,60,81,0,46,44,46,71,30,43,90
12616,,67,1991,0,Eric,Ravotti,0,0,0,0,Penn State,51,,0,23,75,250,LB,0,0,0,0,0,0,0,0,0,0,0,0,0,0,0,0,None,,,,,a,0117.png,,lightbrown_3062.png,48,59,1,69,27,42,1,1,1,71,1,1,68,0,1,1,1,1,1,1,1,1,1,1,35,35,54,1,35,1,72,78,98,92,72,84,90,0,44,35,51,79,30,69,89
2757,,80,1991,1985,Gary,Reasons,5,26,16,1985,Northwest State (LA),55,,6,29,76,235,LB,250000,1,250000,0,0,0,0,0,0,0,0,0,0,0,0,0,None,,,,,a,10556.png,default-jersey-01.png,darkbrown_3024.png,59,67,1,62,51,75,1,1,1,83,1,1,75,0,1,1,1,1,1,1,1,1,1,1,1,16,86,1,1,1,68,62,68,87,50,63,78,0,50,40,70,75,31,57,100
10115,,61,1991,0,Spencer,Reid,0,0,0,0,BYU,57,,1,23,73,247,LB,0,0,0,0,0,0,0,0,0,0,0,0,0,0,0,0,None,,,,,a,10594.png,,black_3015.png,53,48,1,50,33,51,1,1,1,62,1,1,70,0,1,1,1,1,1,1,1,1,1,1,30,30,51,1,30,1,43,98,61,51,83,86,74,0,31,30,31,83,44,34,76
2389,,87,1991,1985,Johnny,Rembert,15,31,3,1985,Clemson,52,,6,30,75,234,LB,2500000,4,2500000,2500000,2500000,2500000,0,0,0,0,0,0,0,0,0,0,None,,,,,a,10585.png,default-jersey-01.png,blonde_3037.png,74,69,1,72,61,58,1,1,1,91,1,1,96,0,1,1,1,1,1,1,1,1,1,1,1,1,67,1,5,1,73,59,70,66,47,62,91,0,42,50,65,95,32,66,5
2332,,86,1991,1985,Ed,Reynolds,19,29,11,1985,Virginia,92,,6,30,77,238,LB,2600000,3,2600000,2600000,2600000,0,0,0,0,0,0,0,0,0,0,0,None,Thumper,,,,a,0137.png,default-jersey-01.png,lightbrown_3074.png,71,71,1,68,38,61,1,1,1,89,1,1,80,0,1,1,1,1,1,1,1,1,1,1,1,4,100,1,7,1,51,67,92,40,80,69,97,0,42,37,41,92,32,48,43
2548,,57,1991,1985,Al,Richardson,0,43,13,1985,Georgia Tech,56,,5,33,74,211,LB,0,0,0,0,0,0,0,0,0,0,0,0,0,0,0,0,None,,,,,a,0142.png,,red_3030.png,40,50,1,56,20,38,1,1,1,53,1,1,55,0,1,1,1,1,1,1,1,1,1,1,1,17,80,1,25,1,32,72,43,30,51,54,86,0,37,44,60,80,49,34,73
6231,,64,1991,0,Huey,Richardson,0,0,0,0,Florida,52,,1,24,77,238,LB,0,0,0,0,0,0,0,0,0,0,0,0,0,0,0,0,None,,,,,b,0097.png,,black_3010.png,48,63,1,58,28,44,1,1,1,62,1,1,64,0,1,1,1,1,1,1,1,1,1,1,1,3,63,1,1,1,52,74,72,38,67,100,86,0,49,30,50,100,34,42,98
2352,,83,1991,1985,Ron,Rivera,1,22,9,1985,California,51,,6,29,75,239,LB,3000000,2,3000000,3000000,0,0,0,0,0,0,0,0,0,0,0,0,None,,,,,b,0074.png,,darkbrown_3010.png,70,72,1,72,33,66,1,1,1,75,1,1,87,0,1,1,1,1,1,1,1,1,1,1,1,4,100,1,1,1,87,91,87,61,98,87,89,0,42,37,59,91,40,61,36
7315,,65,1991,0,Nick,Roach,0,0,0,0,Northwestern,52,,1,22,73,246,LB,0,0,0,0,0,0,0,0,0,0,0,0,0,0,0,0,None,,,,,b,10076.png,,black_3029.png,51,59,1,54,27,56,1,1,1,67,1,1,61,0,1,1,1,1,1,1,1,1,1,1,1,14,65,1,6,1,38,37,48,44,34,54,100,0,32,32,30,85,33,60,73
12621,,67,1991,0,Ed,Robinson,0,0,0,0,Florida,58,,0,24,72,228,LB,0,0,0,0,0,0,0,0,0,0,0,0,0,0,0,0,None,,,,,b,0043.png,,black_3074.png,63,63,1,62,32,46,1,1,1,57,1,1,71,0,1,1,1,1,1,1,1,1,1,1,35,35,54,1,35,1,70,71,96,69,64,87,96,0,35,44,33,87,49,53,77
12947,24281,80,1991,0,Eddie,Robinson,0,0,0,0,Alabama State,0,,0,22,73,240,LB,0,0,0,0,0,0,0,0,0,0,0,0,0,0,0,0,None,,,,,,,,,63,59,1,80,48,64,1,1,1,77,1,1,65,0,0,0,0,0,0,0,0,0,0,0,0,18,66,0,11,0,46,96,60,36,79,90,95,0,40,34,57,73,32,58,99
2053,,79,1991,1985,Jerry,Robinson,0,14,11,1985,UCLA,51,,5,34,74,223,LB,0,0,0,0,0,0,0,0,0,0,0,0,0,0,0,0,None,HybridLB,,,,b,0084.png,,bald_3019.png,61,61,2,56,38,77,1,1,1,86,4,1,65,0,1,1,1,1,1,1,1,1,1,1,1,25,87,1,26,1,95,74,72,93,69,86,92,0,31,45,39,75,45,51,32
8518,,85,1991,1989,Malcolm,Rodriguez,2,4,14,1989,Oklahoma St.,50,,2,24,71,225,LB,550000,1,550000,0,0,0,0,0,0,0,0,0,0,0,0,0,None,,,,,b,10085.png,default-jersey-01.png,black_3017.png,71,69,23,77,45,65,37,7,7,80,4,5,76,0,1,1,1,1,1,1,1,1,1,1,1,16,87,1,15,1,42,62,88,62,100,97,79,0,63,40,52,79,35,66,67
7237,,67,1991,0,Justin,Rogers,0,0,0,0,SMU,51,,1,24,75,252,LB,0,0,0,0,0,0,0,0,0,0,0,0,0,0,0,0,None,,,,,b,0094.png,,black_3085.png,57,48,1,62,31,50,1,1,1,60,1,1,62,0,1,1,1,1,1,1,1,1,1,1,1,13,83,1,15,1,38,83,70,44,67,74,74,0,49,41,38,71,42,55,78
12604,,78,1991,1991,Sam,Rogers,19,3,2,1991,Colorado,52,,0,24,75,245,LB,750000,3,750000,750000,750000,0,0,0,0,0,0,0,0,0,0,0,None,,,,,b,0034.png,,black_3060.png,73,73,1,66,34,48,1,1,1,78,1,1,73,0,1,1,1,1,1,1,1,1,1,1,32,33,55,1,32,1,91,73,100,77,88,99,75,0,45,36,36,75,42,55,94
10066,,68,1991,0,Adrian,Ross,0,0,0,0,Colorado State,52,,1,24,74,245,LB,0,0,0,0,0,0,0,0,0,0,0,0,0,0,0,0,None,,,,,b,10075.png,,black_3011.png,57,71,1,63,41,48,1,1,1,59,1,1,70,0,1,1,1,1,1,1,1,1,1,1,30,30,48,1,30,1,29,62,84,65,83,60,72,0,45,39,63,89,50,53,75
8519,,87,1991,1989,Andy,Russell,19,2,19,1989,Missouri,36,,2,22,74,225,LB,850000,1,850000,0,0,0,0,0,0,0,0,0,0,0,0,0,None,,,,,a,10550.png,,red_3002.png,67,83,1,77,52,55,1,1,1,82,1,1,84,0,1,1,1,1,1,1,1,1,1,1,1,1,96,1,29,26,23,62,98,19,79,76,71,0,41,38,67,100,49,39,32
2264,,64,1991,1985,Jim,Ryan,0,27,18,1985,William & Mary,54,,5,33,73,217,LB,0,0,0,0,0,0,0,0,0,0,0,0,0,0,0,0,None,,,,,a,10567.png,,blonde_3030.png,32,54,1,51,44,63,1,1,1,71,1,1,54,0,1,1,1,1,1,1,1,1,1,1,1,24,90,1,29,1,50,44,66,48,39,69,89,0,46,32,64,90,48,39,1
5518,,91,1991,1987,DeMeco,Ryans,6,2,7,1987,Alabama,56,,4,26,73,235,LB,5350000,3,5350000,5350000,5350000,0,0,0,0,0,0,0,0,0,0,0,None,,,,,b,0070.png,default-jersey-01.png,black_3083.png,65,90,3,83,58,59,1,4,1,87,3,2,77,0,1,1,1,1,1,1,1,1,1,1,1,12,100,1,13,1,64,50,32,46,62,43,84,0,30,36,49,89,35,39,35
12709,24921,70,1991,0,Dwayne,Sabb,0,0,0,0,New Hampshire,0,,0,23,76,248,LB,0,0,0,0,0,0,0,0,0,0,0,0,0,0,0,0,None,,,,,,,,,56,58,1,63,43,58,1,1,1,74,1,1,71,0,0,0,0,0,0,0,0,0,0,0,0,23,37,0,21,0,42,51,64,53,50,53,87,0,32,40,44,73,39,48,87
8520,,86,1991,1989,Jack,Sanborn,10,3,12,1989,Wisconsin,57,,2,23,74,234,LB,850000,1,850000,0,0,0,0,0,0,0,0,0,0,0,0,0,None,,,,,a,0143.png,,darkbrown_3066.png,65,68,3,72,59,65,1,1,2,86,6,7,78,0,1,1,1,1,1,1,1,1,1,1,1,26,100,1,22,1,70,100,75,39,70,74,85,0,45,42,65,98,49,50,81
12730,25030,68,1991,0,Mark,Sander,0,0,0,0,Louisville,0,,0,24,74,232,LB,0,0,0,0,0,0,0,0,0,0,0,0,0,0,0,0,None,,,,,,,,,61,55,1,63,33,48,1,1,1,72,1,1,60,0,0,0,0,0,0,0,0,0,0,0,0,3,31,0,12,0,60,99,78,78,73,81,95,0,50,39,70,92,32,36,82
12860,25423,76,1991,0,Jim,Schwantz,0,0,0,0,Purdue,0,,0,22,74,240,LB,0,0,0,0,0,0,0,0,0,0,0,0,0,0,0,0,None,,,,,,,,,61,57,1,74,33,63,1,1,1,69,1,1,74,0,0,0,0,0,0,0,0,0,0,0,0,22,87,0,29,0,25,42,55,31,3,37,78,0,40,43,37,93,50,66,85
2693,,69,1991,1985,Randy,Scott,0,52,15,1985,Alabama,52,,2,28,73,223,LB,0,0,0,0,0,0,0,0,0,0,0,0,0,0,0,0,None,,,,,b,0059.png,,darkbrown_3020.png,50,57,1,59,35,57,1,1,1,67,1,1,69,0,1,1,1,1,1,1,1,1,1,1,1,25,86,1,21,1,91,96,95,92,69,67,81,0,40,34,46,97,48,61,97
7114,,80,1991,1988,Clint,Session,5,4,7,1988,Pittsburgh,45,,3,25,70,222,LB,250000,1,250000,0,0,0,0,0,0,0,0,0,0,0,0,0,None,,,,,b,0030.png,default-jersey-01.png,black_3076.png,65,64,1,68,42,62,1,1,1,80,1,1,83,0,1,1,1,1,1,1,1,1,1,1,1,26,83,1,18,1,64,66,97,34,93,83,70,0,40,32,59,80,42,64,78
8522,,78,1991,0,Nephi,Sewell,19,0,0,0,Utah,48,,2,24,72,228,LB,490000,1,490000,0,0,0,0,0,0,0,0,0,0,0,0,0,None,,,,,a,10567.png,default-jersey-01.png,blonde_3060.png,58,70,1,73,37,46,1,1,1,77,7,7,75,0,1,1,1,1,1,1,1,1,1,1,1,26,84,1,30,1,56,54,42,30,41,70,87,0,68,35,58,81,32,68,40
12744,25796,70,1991,0,Eric,Shaw,0,0,0,0,Florida State,0,,0,21,75,248,LB,0,0,0,0,0,0,0,0,0,0,0,0,0,0,0,0,None,,,,,,,,,56,53,1,60,28,51,1,1,1,73,1,1,58,0,0,0,0,0,0,0,0,0,0,0,0,3,75,0,10,0,37,70,73,70,69,69,73,0,41,37,49,75,45,43,77
1937,,85,1991,1985,Todd,Shell,4,6,1,1985,BYU,96,,6,29,76,225,LB,2850000,2,2850000,2850000,0,0,0,0,0,0,0,0,0,0,0,0,None,,,,,b,0092.png,default-jersey-01.png,black_3069.png,62,75,1,69,51,67,1,1,1,85,1,1,79,0,1,1,1,1,1,1,1,1,1,1,1,7,100,1,12,1,72,65,72,95,77,75,73,0,34,34,48,82,33,30,23
12625,,66,1991,0,Pete,Shufelt,0,0,0,0,Texas-El Paso,58,,0,25,75,241,LB,0,0,0,0,0,0,0,0,0,0,0,0,0,0,0,0,None,,,,,b,0082.png,,black_3015.png,58,58,1,64,32,49,1,1,1,58,1,1,73,0,1,1,1,1,1,1,1,1,1,1,35,35,51,1,35,1,40,96,62,8,93,78,86,0,40,36,45,92,50,60,75
10072,,67,1991,0,Anthony,Simmons,0,0,0,0,Clemson,57,,1,23,72,240,LB,0,0,0,0,0,0,0,0,0,0,0,0,0,0,0,0,None,,,,,b,0021.png,,black_3003.png,62,56,1,53,29,47,1,1,1,69,1,1,79,0,1,1,1,1,1,1,1,1,1,1,30,30,50,1,30,1,1,50,49,7,33,19,93,0,34,49,69,94,38,38,73
10073,,67,1991,0,Brian,Simmons,0,0,0,0,North Carolina,57,,1,24,75,244,LB,0,0,0,0,0,0,0,0,0,0,0,0,0,0,0,0,None,,,,,a,0109.png,,darkbrown_3038.png,52,70,1,72,22,49,1,1,1,59,1,1,76,0,1,1,1,1,1,1,1,1,1,1,30,30,51,1,30,1,2,61,80,19,66,94,76,0,46,38,41,76,37,59,81
2553,,62,1991,1985,Ron,Simpkins,0,43,9,1985,Michigan,56,,5,32,73,235,LB,0,0,0,0,0,0,0,0,0,0,0,0,0,0,0,0,None,,,,,b,10083.png,,darkbrown_3025.png,51,51,1,58,19,52,1,1,1,60,1,1,56,0,1,1,1,1,1,1,1,1,1,1,1,27,65,1,12,1,75,61,46,100,56,66,84,0,42,40,67,76,30,62,69
5530,,85,1991,1987,Ernie,Sims,20,3,1,1987,Florida State,51,,4,26,72,225,LB,3500000,6,3500000,3200000,3100000,2900000,2900000,2900000,0,0,0,0,0,0,0,0,None,HybridLB,,,,a,10579.png,default-jersey-01.png,red_3034.png,73,74,1,71,32,58,1,1,1,81,1,1,78,0,1,1,1,1,1,1,1,1,1,1,1,6,100,1,20,1,36,47,66,27,19,14,99,0,48,41,43,89,30,49,94
1863,,93,1991,1985,Mike,Singletary,5,2,12,1985,Baylor,57,,6,33,72,230,LB,6550000,1,6550000,0,0,0,0,0,0,0,0,0,0,0,0,0,None,CoverageLB,,,,b,0068.png,,black_3017.png,71,79,7,77,51,90,8,1,10,91,2,1,96,0,1,1,1,1,1,1,1,1,1,1,1,30,100,1,26,1,42,39,68,32,39,37,77,0,34,50,34,74,30,61,90
3094,,67,1991,0,Fred,Small,0,0,0,0,Washington,54,,1,23,71,227,LB,0,0,0,0,0,0,0,0,0,0,0,0,0,0,0,0,None,,,,,b,0053.png,,black_3103.png,53,54,1,66,38,47,1,1,1,66,1,1,70,0,1,1,1,1,1,1,1,1,1,1,1,11,45,1,9,1,39,74,68,51,69,87,93,0,38,40,31,92,40,36,87
2411,,84,1991,1985,Billy Ray,Smith,14,34,2,1985,Arkansas,50,,6,30,75,235,LB,2500000,1,2500000,0,0,0,0,0,0,0,0,0,0,0,0,0,None,,,,,b,10071.png,default-jersey-01.png,black_3006.png,76,63,1,69,46,72,1,1,1,72,1,1,70,0,1,1,1,1,1,1,1,1,1,1,1,15,100,1,8,1,88,85,67,67,85,80,98,0,37,39,45,85,46,51,77
10116,,61,1991,0,Travian,Smith,0,0,0,0,Oklahoma,56,,1,24,76,240,LB,0,0,0,0,0,0,0,0,0,0,0,0,0,0,0,0,None,,,,,b,10065.png,,black_3030.png,49,60,1,60,27,50,1,1,1,55,1,1,65,0,1,1,1,1,1,1,1,1,1,1,30,30,47,1,30,1,60,63,61,46,84,60,95,0,48,49,65,76,39,45,95
10047,,83,1991,1990,Jesse,Solomon,5,6,18,1990,Florida State,50,,1,24,72,240,LB,250000,1,250000,0,0,0,0,0,0,0,0,0,0,0,0,0,None,,,,,b,0001.png,,darkbrown_3023.png,65,75,1,73,36,66,1,1,1,86,1,1,87,0,1,1,1,1,1,1,1,1,1,1,26,29,61,1,26,1,21,87,87,4,74,87,99,0,44,38,64,95,32,62,94
2327,,58,1991,1985,Gary,Spani,0,27,16,1985,Kansas State,59,,5,34,74,229,LB,0,0,0,0,0,0,0,0,0,0,0,0,0,0,0,0,None,,,,,b,0076.png,,black_3056.png,40,43,1,48,37,54,1,1,1,66,1,1,65,0,1,1,1,1,1,1,1,1,1,1,1,25,53,1,20,1,10,35,59,11,14,34,99,0,36,39,47,99,50,39,77
10039,,90,1991,1990,Takeo,Spikes,3,2,4,1990,Auburn,58,,1,23,74,242,LB,1500000,2,1500000,1500000,0,0,0,0,0,0,0,0,0,0,0,0,None,FanFavorite,,,,b,10094.png,,black_3049.png,74,78,1,87,40,71,1,1,4,82,3,1,83,0,1,1,1,1,1,1,1,1,1,1,27,27,82,1,26,1,56,62,40,30,39,60,82,0,34,41,61,77,35,67,31
12922,27097,67,1991,0,Bob,Spitulski,0,0,0,0,Central Florida,0,,0,23,75,240,LB,0,0,0,0,0,0,0,0,0,0,0,0,0,0,0,0,None,,,,,,,,,51,67,1,56,32,47,1,1,1,67,1,1,73,0,0,0,0,0,0,0,0,0,0,0,0,6,73,0,9,0,16,82,75,32,83,96,98,0,35,46,48,79,37,39,76
10101,,64,1991,0,Larry,Station,0,0,0,0,Iowa,54,,1,24,71,227,LB,0,0,0,0,0,0,0,0,0,0,0,0,0,0,0,0,None,,,,,b,0009.png,,bald_3026.png,54,52,1,64,34,49,1,1,1,55,1,1,56,0,1,1,1,1,1,1,1,1,1,1,30,30,56,1,30,1,86,50,55,82,70,53,76,0,34,44,54,83,49,50,98
5980,,66,1991,0,Mike,Stonebreaker,0,0,0,0,Notre Dame,59,,4,28,72,226,LB,0,0,0,0,0,0,0,0,0,0,0,0,0,0,0,0,None,LockerLeader,,,,b,10083.png,,black_3030.png,56,57,1,51,23,47,1,1,1,65,1,1,69,0,1,1,1,1,1,1,1,1,1,1,1,1,89,1,1,1,85,71,87,80,67,95,75,0,50,40,39,70,49,66,1
10117,,63,1991,0,Erik,Storz,0,0,0,0,Boston College,51,,1,24,74,234,LB,0,0,0,0,0,0,0,0,0,0,0,0,0,0,0,0,None,,,,,b,10059.png,,bald_3015.png,60,59,1,57,25,41,1,1,1,55,1,1,56,0,1,1,1,1,1,1,1,1,1,1,30,30,55,1,30,1,67,75,94,61,78,68,88,0,37,44,70,89,50,63,80
10089,,66,1991,0,Shawn,Stuckey,0,0,0,0,Troy,56,,1,24,72,230,LB,0,0,0,0,0,0,0,0,0,0,0,0,0,0,0,0,None,,,,,c,0229.png,,darkbrown_3014.png,51,51,1,64,32,54,1,1,1,65,1,1,71,0,1,1,1,1,1,1,1,1,1,1,30,30,52,1,30,1,7,50,51,32,32,12,93,0,48,31,56,84,40,57,88
2092,,62,1991,1985,Scott,Studwell,0,14,7,1985,Illinois,50,,6,37,74,228,LB,0,0,0,0,0,0,0,0,0,0,0,0,0,0,0,0,None,,,,,b,0058.png,,black_3093.png,39,53,1,46,25,58,1,1,1,71,1,1,61,0,1,1,1,1,1,1,1,1,1,1,1,19,81,1,23,1,8,89,62,2,72,87,75,0,46,49,54,98,36,47,24
12785,27784,65,1991,0,John,Sullins,0,0,0,0,Alabama,0,,0,23,73,225,LB,0,0,0,0,0,0,0,0,0,0,0,0,0,0,0,0,None,,,,,,,,,65,59,1,59,35,50,1,1,1,61,1,1,70,0,0,0,0,0,0,0,0,0,0,0,0,9,19,0,9,0,78,62,69,69,35,52,79,0,43,47,37,78,43,44,74
10036,,92,1991,1990,Pat,Swilling,5,1,18,1990,Georgia Tech,51,,1,23,75,245,LB,1750000,3,1750000,1750000,1750000,0,0,0,0,0,0,0,0,0,0,0,None,,,,,b,10065.png,,bald_3042.png,77,77,1,87,47,72,4,1,1,87,1,10,83,0,1,1,1,1,1,1,1,1,1,1,29,27,74,1,27,1,84,58,70,97,31,47,76,0,36,42,37,94,41,53,98
2062,,86,1991,1985,Darryl,Talley,11,8,5,1985,West Virginia,53,,6,31,76,235,LB,2500000,1,2500000,0,0,0,0,0,0,0,0,0,0,0,0,0,None,SpeedRusher,,,,a,10568.png,,darkbrown_3075.png,63,64,1,75,47,73,1,4,1,87,1,2,82,0,1,1,1,1,1,1,1,1,1,1,1,6,98,1,9,1,72,84,65,91,62,71,89,0,33,34,45,100,30,38,97
1810,,98,1991,1985,Lawrence,Taylor,5,1,4,1985,North Carolina,54,,6,32,75,237,LB,10000000,4,10000000,10000000,10000000,10000000,0,0,0,0,0,0,0,0,0,0,None,SpeedRusher,,,,b,0054.png,,black_3094.png,84,80,10,84,58,72,8,5,7,91,1,1,96,0,1,1,1,1,1,1,1,1,1,1,1,26,100,1,24,1,29,65,82,23,61,85,70,0,41,46,56,100,46,63,99
8524,,88,1991,1989,Kayvon,Thibodeaux,13,1,10,1989,Oregon,55,,2,22,77,258,LB,2600000,2,2600000,2850000,0,0,0,0,0,0,0,0,0,0,0,0,None,HybridLB,,,,a,10587.png,,darkbrown_3054.png,73,73,1,80,34,67,1,7,7,85,1,3,74,0,1,1,1,1,1,1,1,1,1,1,1,38,95,1,22,1,94,32,33,61,34,40,88,0,41,44,35,78,42,45,80
8525,,83,1991,1989,Cameron,Thomas,3,5,14,1989,San Diego St.,97,,2,23,76,267,LB,1950000,1,1950000,0,0,0,0,0,0,0,0,0,0,0,0,0,None,Competitor,,,,a,0106.png,default-jersey-01.png,red_3012.png,69,70,1,72,25,61,1,7,7,83,1,1,66,0,1,1,1,1,1,1,1,1,1,1,1,14,96,1,23,1,66,62,88,86,64,96,76,0,46,46,58,94,43,44,78
6164,,89,1991,0,William,Thomas,1,0,0,0,Texas A&M,59,,4,27,74,223,LB,2500000,4,2500000,2500000,2500000,2500000,0,0,0,0,0,0,0,0,0,0,None,,,,,a,0111.png,,darkbrown_3064.png,75,76,1,85,47,65,1,1,1,76,1,5,87,0,1,1,1,1,1,1,1,1,1,1,1,15,100,1,21,1,62,57,55,57,69,49,86,0,37,35,39,84,47,44,2
3498,,94,1991,1986,Zach,Thomas,6,1,14,1986,Texas Tech,52,,5,28,71,230,LB,11750000,1,11750000,0,0,0,0,0,0,0,0,0,0,0,0,0,None,SpeedRusher,,,,b,0005.png,default-jersey-01.png,bald_3045.png,71,84,1,88,56,82,1,5,5,82,8,1,91,0,1,1,1,1,1,1,1,1,1,1,1,22,98,1,21,1,58,93,90,57,62,87,90,0,50,30,56,97,32,31,82
6235,,60,1991,0,Calvin,Tiggle,0,0,0,0,Georgia Tech,52,,1,24,73,235,LB,0,0,0,0,0,0,0,0,0,0,0,0,0,0,0,0,None,,,,,a,0147.png,,darkbrown_3077.png,47,50,1,54,35,50,1,1,1,67,1,1,67,0,1,1,1,1,1,1,1,1,1,1,1,7,18,1,8,1,32,93,66,42,63,85,78,0,36,42,62,83,50,65,98
1890,,95,1991,1985,Andre,Tippett,13,4,2,1985,Iowa,54,,6,32,75,240,LB,6550000,2,6550000,6550000,0,0,0,0,0,0,0,0,0,0,0,0,None,CoverageLB,,,,a,10597.png,,lightbrown_3030.png,76,82,4,82,43,74,4,1,1,92,1,6,80,0,1,1,1,1,1,1,1,1,1,1,1,26,100,1,26,1,72,63,63,75,67,95,80,0,49,50,37,93,43,59,33
2842,,64,1991,1985,Alvin,Toles,0,58,1,1985,Tennessee,52,,5,27,73,211,LB,0,0,0,0,0,0,0,0,0,0,0,0,0,0,0,0,None,,,,,a,0140.png,,darkbrown_3073.png,59,47,1,62,29,53,1,1,1,63,1,1,68,0,1,1,1,1,1,1,1,1,1,1,1,2,22,1,10,1,36,88,80,25,82,64,89,0,36,35,44,79,46,33,20
12745,28933,68,1991,0,Brian,Townsend,0,0,0,0,Michigan,0,,0,24,75,242,LB,0,0,0,0,0,0,0,0,0,0,0,0,0,0,0,0,None,,,,,,,,,52,60,1,67,25,57,1,1,1,68,1,1,69,0,0,0,0,0,0,0,0,0,0,0,0,14,49,0,4,0,45,89,76,67,61,98,71,0,31,50,43,80,31,67,92
10049,,83,1991,1990,Jeremiah,Trotter,13,4,16,1990,Stephen F. Austin,52,,1,22,73,262,LB,500000,2,500000,500000,0,0,0,0,0,0,0,0,0,0,0,0,None,,,,,b,0070.png,default-jersey-01.png,black_3085.png,70,67,1,75,46,73,4,1,1,81,1,1,72,0,1,1,1,1,1,1,1,1,1,1,27,26,58,1,26,1,91,60,46,81,68,67,99,0,33,32,59,73,35,56,43
7238,,64,1991,0,Jyles,Tucker,0,0,0,0,Wake Forest,54,,1,24,75,258,LB,0,0,0,0,0,0,0,0,0,0,0,0,0,0,0,0,None,,,,,a,10567.png,,red_3006.png,52,56,1,58,34,46,1,1,1,69,1,1,73,0,1,1,1,1,1,1,1,1,1,1,1,7,25,1,11,1,96,98,65,85,88,70,70,0,40,31,36,95,48,31,85
5564,,76,1991,1987,Stephen,Tulloch,0,7,5,1987,North Carolina State,51,,4,25,71,230,LB,0,0,0,0,0,0,0,0,0,0,0,0,0,0,0,0,None,,,,,b,0038.png,,darkbrown_3007.png,66,56,1,74,43,64,1,1,1,69,1,1,68,0,1,1,1,1,1,1,1,1,1,1,1,15,60,1,7,1,41,72,94,37,84,76,72,0,45,41,39,92,38,30,13
3503,,69,1991,0,Tom,Tumulty,0,0,0,0,Pittsburgh,58,,1,24,75,247,LB,0,0,0,0,0,0,0,0,0,0,0,0,0,0,0,0,None,,,,,b,10052.png,,bald_3032.png,57,54,1,59,37,43,1,1,1,64,1,1,73,0,1,1,1,1,1,1,1,1,1,1,1,11,90,1,12,1,25,46,64,4,5,29,79,0,45,36,59,95,48,57,82
2214,,81,1991,1985,Keena,Turner,4,12,7,1985,Purdue,57,,6,33,74,219,LB,2500000,3,2500000,2500000,2500000,0,0,0,0,0,0,0,0,0,0,0,None,CoverageLB,,,,b,0066.png,,bald_3044.png,59,70,1,59,32,64,1,1,1,90,1,1,83,0,1,1,1,1,1,1,1,1,1,1,1,15,100,1,24,1,48,60,53,32,63,32,82,0,49,30,42,89,38,70,20
10102,,63,1991,0,Miles,Turpin,0,0,0,0,California,58,,1,23,76,230,LB,0,0,0,0,0,0,0,0,0,0,0,0,0,0,0,0,None,,,,,a,0130.png,,darkbrown_3095.png,58,49,1,51,23,43,1,1,1,67,1,1,71,0,1,1,1,1,1,1,1,1,1,1,30,30,46,1,30,1,41,50,47,52,64,56,71,0,38,30,63,83,33,33,74
1955,,82,1991,1985,Brad,Van Pelt,0,14,5,1985,Michigan State,55,,4,38,77,235,LB,0,0,0,0,0,0,0,0,0,0,0,0,0,0,0,0,None,,,,,b,0006.png,,black_3026.png,71,84,1,69,51,71,1,1,1,63,3,1,84,0,1,1,1,1,1,1,1,1,1,1,1,6,92,1,6,1,70,68,50,57,60,33,90,0,35,40,44,82,30,33,96
3092,,67,1991,0,Norwood,Vann,0,0,0,0,East Carolina,51,,1,24,73,228,LB,0,0,0,0,0,0,0,0,0,0,0,0,0,0,0,0,None,,,,,a,0103.png,,bald_3008.png,57,55,1,64,21,44,1,1,1,69,1,1,71,0,1,1,1,1,1,1,1,1,1,1,1,6,45,1,14,1,99,88,88,67,81,62,75,0,47,41,64,82,50,46,88
10126,,60,1991,0,Jude,Waddy,0,0,0,0,William & Mary,54,,1,24,74,220,LB,0,0,0,0,0,0,0,0,0,0,0,0,0,0,0,0,None,,,,,b,0097.png,,darkbrown_3009.png,47,57,1,55,32,51,1,1,1,63,1,1,60,0,1,1,1,1,1,1,1,1,1,1,46,35,25,1,1,1,39,50,34,31,2,7,74,0,33,42,45,95,41,66,92
8528,,85,1991,1989,Quay,Walker,3,4,10,1989,Georgia,7,,2,23,76,241,LB,550000,1,550000,0,0,0,0,0,0,0,0,0,0,0,0,0,None,,,,,a,10566.png,,black_3035.png,68,77,1,76,43,68,1,7,7,80,3,2,76,0,1,1,1,1,1,1,1,1,1,1,1,29,80,1,31,1,12,45,32,18,24,27,80,0,36,43,53,85,36,66,45
2261,,68,1991,1985,Mike,Walter,0,21,13,1985,Oregon,52,,6,31,75,240,LB,0,0,0,0,0,0,0,0,0,0,0,0,0,0,0,0,None,,,,,a,10594.png,,darkbrown_3010.png,46,48,1,59,30,52,1,1,1,74,1,1,64,0,1,1,1,1,1,1,1,1,1,1,1,2,90,1,1,1,69,42,42,98,35,43,97,0,39,44,45,95,37,58,51
10109,,64,1991,0,Zack,Walz,0,0,0,0,Dartmouth,52,,1,23,76,228,LB,0,0,0,0,0,0,0,0,0,0,0,0,0,0,0,0,None,,,,,b,0021.png,,black_3101.png,48,63,1,61,37,52,1,1,1,61,1,1,65,0,1,1,1,1,1,1,1,1,1,1,30,30,50,1,30,1,13,51,40,6,24,3,89,0,35,42,56,99,40,55,91
2394,,86,1991,1985,Chris,Washington,7,33,16,1985,Iowa State,51,,6,29,76,231,LB,11750000,1,11750000,0,0,0,0,0,0,0,0,0,0,0,0,0,None,,,,,a,0126.png,,blonde_3034.png,72,74,1,67,40,67,1,1,1,84,1,1,81,0,1,1,1,1,1,1,1,1,1,1,1,6,100,1,1,1,1,81,72,34,67,83,94,0,38,48,61,70,30,38,8
10096,,67,1991,0,Nate,Wayne,0,0,0,0,Mississippi,52,,1,24,72,237,LB,0,0,0,0,0,0,0,0,0,0,0,0,0,0,0,0,None,,,,,b,0076.png,,black_3044.png,51,54,1,71,34,48,1,1,1,63,1,1,76,0,1,1,1,1,1,1,1,1,1,1,30,30,53,1,30,1,1,50,68,6,15,26,98,0,37,47,55,86,38,60,93
12755,30280,71,1991,0,Elnardo,Webster,0,0,0,0,Rutgers,0,,0,23,74,243,LB,0,0,0,0,0,0,0,0,0,0,0,0,0,0,0,0,None,,,,,,,,,59,51,1,65,36,44,1,1,1,64,1,1,68,0,0,0,0,0,0,0,0,0,0,0,0,6,96,0,6,0,13,54,39,38,18,15,76,0,41,43,33,96,48,36,77
10091,,66,1991,0,Leon,White,0,0,0,0,BYU,58,,1,24,75,240,LB,0,0,0,0,0,0,0,0,0,0,0,0,0,0,0,0,None,,,,,a,0118.png,,darkbrown_3054.png,52,53,1,54,39,55,1,1,1,72,1,1,63,0,1,1,1,1,1,1,1,1,1,1,30,30,46,1,30,1,45,91,73,69,92,71,85,0,39,49,57,71,43,47,95
12822,30750,77,1991,0,Corey,Widmer,0,0,0,0,Montana State,0,,0,24,75,256,LB,0,0,0,0,0,0,0,0,0,0,0,0,0,0,0,0,None,,,,,,,,,69,68,1,74,38,53,1,1,1,72,1,1,79,0,0,0,0,0,0,0,0,0,0,0,0,23,48,0,11,0,30,44,45,31,6,34,71,0,36,48,69,74,47,45,81
2328,,68,1991,1985,Reggie,Wilkes,0,32,14,1985,Georgia Tech,50,,6,35,76,235,LB,0,0,0,0,0,0,0,0,0,0,0,0,0,0,0,0,None,,,,,b,10086.png,,black_3048.png,60,44,1,50,38,50,1,1,1,71,1,1,71,0,1,1,1,1,1,1,1,1,1,1,1,24,85,1,26,1,63,70,43,42,70,35,76,0,35,36,56,78,36,46,33
5587,,65,1991,0,Gerris,Wilkinson,0,0,0,0,Georgia Tech,54,,1,24,75,240,LB,0,0,0,0,0,0,0,0,0,0,0,0,0,0,0,0,None,,,,,b,0076.png,,black_3092.png,48,55,1,64,30,56,1,1,1,65,1,1,64,0,1,1,1,1,1,1,1,1,1,1,1,14,51,1,5,1,10,78,100,28,89,77,83,0,39,48,36,76,33,65,80
2608,,65,1991,1985,Joel,Williams,0,49,18,1985,Peru State,59,,3,32,73,222,LB,0,0,0,0,0,0,0,0,0,0,0,0,0,0,0,0,None,,,,,a,10571.png,,bald_3007.png,55,44,1,54,17,44,1,1,1,70,1,1,62,0,1,1,1,1,1,1,1,1,1,1,1,39,78,1,31,1,55,59,53,61,56,52,96,0,49,37,54,70,33,48,44
12635,,62,1991,0,Mark,Williams,0,0,0,0,Ohio State,50,,0,23,75,242,LB,0,0,0,0,0,0,0,0,0,0,0,0,0,0,0,0,None,,,,,b,10098.png,,black_3028.png,51,55,1,54,25,47,1,1,1,62,1,1,66,0,1,1,1,1,1,1,1,1,1,1,35,35,55,1,35,1,40,57,68,28,7,6,86,0,45,42,69,91,35,55,96
2326,,74,1991,1985,Reggie,Williams,0,33,15,1985,Dartmouth,56,,2,33,73,228,LB,0,0,0,0,0,0,0,0,0,0,0,0,0,0,0,0,None,,,,,b,0008.png,,black_3086.png,64,58,1,64,45,57,1,1,1,65,1,1,84,0,1,1,1,1,1,1,1,1,1,1,1,18,87,1,25,1,98,90,65,90,82,99,94,0,35,43,46,74,46,40,1
8426,,73,1991,1989,Sam,Williams,0,5,13,1989,Ole Miss,54,,2,24,76,261,LB,0,0,0,0,0,0,0,0,0,0,0,0,0,0,0,0,None,,,,,a,10576.png,default-jersey-01.png,black_3028.png,65,70,1,75,32,52,1,5,6,59,1,1,61,0,1,1,1,1,1,1,1,1,1,1,12,49,57,1,1,1,8,77,79,18,83,69,84,0,64,68,57,72,43,69,31
7386,,64,1991,0,Travis,Williams,0,0,0,0,Auburn,51,,1,24,73,213,LB,0,0,0,0,0,0,0,0,0,0,0,0,0,0,0,0,None,,,,,a,10579.png,,lightbrown_3003.png,55,59,1,51,22,53,1,1,1,58,1,1,60,0,1,1,1,1,1,1,1,1,1,1,1,12,85,1,7,1,34,77,62,52,69,98,86,0,39,31,40,89,46,30,97
7319,,95,1991,1988,Patrick,Willis,11,1,5,1988,Mississippi,52,,3,24,73,242,LB,3000000,1,3000000,0,0,0,0,0,0,0,0,0,0,0,0,0,None,SpeedRusher|MediaDarling,,,,b,0072.png,default-jersey-01.png,black_3103.png,83,93,1,71,55,82,10,7,7,85,1,10,95,0,1,1,1,1,1,1,1,1,1,1,1,26,100,1,26,1,37,65,89,71,97,76,98,0,50,43,63,84,47,41,97
2258,,81,1991,1985,Otis,Wilson,17,18,12,1985,Louisville,55,,6,34,74,227,LB,3000000,1,3000000,0,0,0,0,0,0,0,0,0,0,0,0,0,None,,,,,b,10071.png,default-jersey-01.png,black_3068.png,57,73,1,71,52,54,1,1,1,79,1,1,84,0,1,1,1,1,1,1,1,1,1,1,1,26,100,1,22,1,23,60,97,23,79,76,92,0,30,44,44,100,47,43,-1
10075,,67,1991,0,Kailee,Wong,0,0,0,0,Stanford,52,,1,23,74,250,LB,0,0,0,0,0,0,0,0,0,0,0,0,0,0,0,0,None,,,,,b,0025.png,,black_3019.png,51,57,1,70,31,49,1,1,1,66,1,1,61,0,1,1,1,1,1,1,1,1,1,1,30,30,46,1,30,1,50,47,37,36,38,38,90,0,47,46,39,74,44,39,78
12603,,82,1991,1991,Lee,Woodall,8,2,6,1991,West Chester,58,,0,25,73,224,LB,1250000,3,1250000,1250000,1250000,0,0,0,0,0,0,0,0,0,0,0,None,FanFavorite,,,,b,10074.png,default-jersey-01.png,black_3025.png,75,66,1,68,50,66,1,1,1,80,1,1,74,0,1,1,1,1,1,1,1,1,1,1,33,32,59,1,33,1,33,93,96,38,62,69,97,0,40,34,69,88,48,48,96
12613,,68,1991,0,Marc,Woodard,0,0,0,0,Mississippi State,53,,0,24,72,238,LB,0,0,0,0,0,0,0,0,0,0,0,0,0,0,0,0,None,,,,,b,0097.png,,bald_3029.png,61,59,1,59,31,49,1,1,1,67,1,1,71,0,1,1,1,1,1,1,1,1,1,1,35,35,53,1,35,1,37,89,78,43,85,77,79,0,40,37,38,85,41,55,72
7257,,94,1991,1988,LaMarr,Woodley,16,1,8,1988,Michigan,59,,3,25,74,266,LB,2500000,1,2500000,0,0,0,0,0,0,0,0,0,0,0,0,0,None,CoverageLB|SpeedRusher,,,,b,0046.png,default-jersey-01.png,black_3097.png,85,80,4,83,42,65,1,1,1,83,1,5,80,0,1,1,1,1,1,1,1,1,1,1,1,27,100,1,26,1,60,100,83,88,91,89,92,0,34,31,30,90,42,54,95
7400,,65,1991,0,Victor,Worsley,0,0,0,0,North Carolina,57,,1,23,73,234,LB,0,0,0,0,0,0,0,0,0,0,0,0,0,0,0,0,None,,,,,a,0118.png,,lightbrown_3071.png,64,60,1,60,33,47,1,1,1,58,1,1,66,0,1,1,1,1,1,1,1,1,1,1,1,1,33,1,15,1,12,91,92,35,65,62,75,0,30,41,51,80,44,68,79
12617,,67,1991,0,Barron,Wortham,0,0,0,0,Texas-El Paso,50,,0,25,71,244,LB,0,0,0,0,0,0,0,0,0,0,0,0,0,0,0,0,None,,,,,a,0101.png,,black_3044.png,59,57,1,61,37,50,1,1,1,62,1,1,64,0,1,1,1,1,1,1,1,1,1,1,35,35,52,1,35,1,20,95,65,35,72,73,90,0,33,30,46,87,34,63,93
2538,,78,1991,1985,Fredd,Young,20,39,9,1985,New Mexico State,50,,6,30,73,233,LB,1600000,1,1600000,0,0,0,0,0,0,0,0,0,0,0,0,0,None,,,,,a,0131.png,,black_3040.png,60,68,1,77,45,59,1,1,1,71,1,3,88,0,1,1,1,1,1,1,1,1,1,1,1,6,73,1,1,1,97,60,44,89,42,38,72,0,48,46,42,81,42,43,12
2973,,66,1991,0,Carl,Zander,0,0,0,0,Tennessee,91,,2,24,74,235,LB,0,0,0,0,0,0,0,0,0,0,0,0,0,0,0,0,None,,,,,c,0243.png,,black_3028.png,59,61,1,66,25,50,1,1,1,58,1,1,73,0,1,1,1,1,1,1,1,1,1,1,1,20,40,1,28,1,60,95,93,29,84,97,81,0,31,50,44,91,43,49,98
3232,,60,1991,1985,George,Achica,0,51,3,1985,USC,75,,3,28,77,260,DT,0,0,0,0,0,0,0,0,0,0,0,0,0,0,0,0,None,,,,,b,0081.png,,darkbrown_3016.png,65,49,1,54,19,49,1,1,1,45,1,1,49,0,1,1,1,1,1,1,1,1,1,1,45,6,1,1,1,1,69,75,72,67,82,69,94,0,35,43,63,92,47,50,48
12585,,85,1991,1991,Sam,Adams,18,1,18,1991,Texas A&M,69,,0,21,75,295,DT,1750000,4,1750000,1750000,1750000,1750000,0,0,0,0,0,0,0,0,0,0,None,NoseTackle,,,,b,10095.png,default-jersey-01.png,black_3091.png,86,68,1,78,45,68,1,1,1,70,4,1,76,0,1,1,1,1,1,1,1,1,1,1,51,33,33,1,1,1,71,66,67,77,83,78,90,0,50,37,56,96,45,68,98
7207,,57,1991,0,Jay,Alford,0,0,0,0,Penn State,71,,1,24,74,280,DT,0,0,0,0,0,0,0,0,0,0,0,0,0,0,0,0,None,,,,,b,0080.png,,darkbrown_3020.png,59,44,1,40,34,44,1,1,1,42,1,1,54,0,1,1,1,1,1,1,1,1,1,1,63,15,1,1,1,1,35,42,64,39,61,70,79,0,30,36,39,92,38,61,84
7338,,74,1991,1988,Remi,Ayodele,0,4,16,1988,Oklahoma,67,,3,26,74,250,DT,0,0,0,0,0,0,0,0,0,0,0,0,0,0,0,0,None,,,,,b,10070.png,,black_3054.png,80,58,1,63,37,46,1,1,1,51,1,1,58,0,1,1,1,1,1,1,1,1,1,1,87,22,1,1,1,1,59,75,80,69,70,60,78,0,36,44,50,90,47,48,62
8678,,74,1991,0,TJAJRJ,Backslashinfourth V,17,0,0,0,Albion College,57,,2,22,78,240,DT,490000,1,490000,0,0,0,0,0,0,0,0,0,0,0,0,0,None,,,,,a,0102.png,,lightbrown_3084.png,78,47,1,61,30,50,1,1,1,60,1,1,72,0,1,1,1,1,1,1,1,1,1,1,64,1,1,1,1,1,50,49,49,46,30,70,89,0,59,41,61,97,59,36,0
3250,,61,1991,1985,Tom,Baldwin,0,52,1,1985,Tulsa,95,,2,26,76,274,DT,0,0,0,0,0,0,0,0,0,0,0,0,0,0,0,0,None,,,,,a,10581.png,,lightbrown_3019.png,68,41,1,41,25,41,1,1,1,42,1,1,52,0,1,1,1,1,1,1,1,1,1,1,82,4,1,1,1,1,37,47,70,63,40,59,78,0,44,40,57,77,45,44,68
3342,,77,1991,1986,Tom,Barndt,19,7,3,1986,Pittsburgh,61,,5,29,75,301,DT,1000000,2,1000000,1000000,0,0,0,0,0,0,0,0,0,0,0,0,None,,,,,b,0003.png,,black_3028.png,79,51,1,56,32,54,1,1,1,63,1,1,67,0,1,1,1,1,1,1,1,1,1,1,78,7,1,1,1,1,39,99,90,71,89,69,99,0,46,33,69,80,44,49,1
12596,,62,1991,0,Lou,Benfatti,0,0,0,0,Penn State,79,,0,23,76,278,DT,0,0,0,0,0,0,0,0,0,0,0,0,0,0,0,0,None,,,,,a,10577.png,,darkbrown_3020.png,63,53,1,42,24,38,1,1,1,57,1,1,62,0,1,1,1,1,1,1,1,1,1,1,49,35,35,1,1,1,20,48,69,10,12,37,73,0,46,37,35,70,33,64,86
2784,,71,1991,1985,Barry,Bennett,0,28,3,1985,Concordia (MN),76,,5,35,76,257,DT,0,0,0,0,0,0,0,0,0,0,0,0,0,0,0,0,None,,,,,a,10568.png,,darkbrown_3022.png,67,44,1,58,30,55,1,1,1,60,1,1,56,0,1,1,1,1,1,1,1,1,1,1,82,18,1,1,1,1,98,47,45,85,45,43,89,0,37,36,38,94,37,62,1
12595,,68,1991,0,Shane,Bonham,0,0,0,0,Air Force,64,,0,24,74,272,DT,0,0,0,0,0,0,0,0,0,0,0,0,0,0,0,0,None,,,,,b,0093.png,,bald_3016.png,66,54,1,44,34,54,1,1,1,59,1,1,48,0,1,1,1,1,1,1,1,1,1,1,59,35,35,1,1,1,69,58,36,74,53,33,91,0,34,32,42,99,50,41,86
12930,2723,69,1991,0,Marc,Boutte,0,0,0,0,LSU,0,,0,23,76,307,DT,0,0,0,0,0,0,0,0,0,0,0,0,0,0,0,0,None,,,,,,,,,69,43,1,59,26,58,1,1,1,62,1,1,60,0,0,0,0,0,0,0,0,0,0,0,33,22,0,0,0,0,17,66,41,30,21,22,94,0,33,38,50,74,38,46,88
12586,,79,1991,1991,Tim,Bowens,2,3,3,1991,Mississippi,69,,0,21,76,325,DT,750000,3,750000,750000,750000,0,0,0,0,0,0,0,0,0,0,0,None,,,,,b,10060.png,,black_3003.png,89,59,1,68,37,63,1,1,1,54,1,1,64,0,1,1,1,1,1,1,1,1,1,1,61,32,33,1,1,1,30,81,92,4,100,99,86,0,49,47,45,91,37,60,62
2350,,77,1991,1985,Jerry,Boyarsky,6,22,2,1985,Pittsburgh,71,,6,32,75,290,DT,250000,1,250000,0,0,0,0,0,0,0,0,0,0,0,0,0,None,,,,,a,10594.png,default-jersey-01.png,black_3001.png,79,61,1,44,38,54,1,1,1,61,1,1,64,0,1,1,1,1,1,1,1,1,1,1,97,7,1,1,1,1,33,52,36,72,36,54,80,0,38,32,32,71,45,37,39
7295,,59,1991,0,McKinley,Boykin,0,0,0,0,Mississippi,66,,2,25,73,290,DT,0,0,0,0,0,0,0,0,0,0,0,0,0,0,0,0,None,,,,,b,0093.png,,lightbrown_3001.png,65,37,1,50,18,45,1,1,1,46,1,1,56,0,1,1,1,1,1,1,1,1,1,1,44,7,1,1,1,1,50,53,61,73,64,67,73,0,48,38,54,73,31,32,1
7049,,60,1991,0,Alan,Branch,0,0,0,0,Michigan,99,,1,23,78,324,DT,0,0,0,0,0,0,0,0,0,0,0,0,0,0,0,0,None,,,,,a,0144.png,,lightbrown_3080.png,65,52,1,45,27,50,1,1,1,50,1,1,55,0,1,1,1,1,1,1,1,1,1,1,18,3,1,1,1,1,41,81,88,29,65,65,75,0,30,50,46,81,35,56,80
9954,,73,1991,1990,Ross,Browner II,7,6,8,1990,Notre Dame,66,,1,25,75,262,DT,250000,1,250000,0,0,0,0,0,0,0,0,0,0,0,0,0,None,,,,,c,0232.png,,black_3034.png,73,67,1,65,29,58,1,1,1,64,1,1,65,0,1,1,1,1,1,1,1,1,1,1,39,49,26,1,1,1,90,73,100,72,89,80,92,0,36,48,53,88,46,47,97
3548,,79,1991,1986,John,Browning,8,3,9,1986,West Virginia,72,,5,28,77,297,DT,1450000,4,1450000,1450000,1450000,1450000,0,0,0,0,0,0,0,0,0,0,None,,,,,a,10594.png,,bald_3009.png,84,61,1,55,33,60,1,1,1,58,1,1,71,0,1,1,1,1,1,1,1,1,1,1,97,1,1,1,1,1,34,65,87,51,81,96,89,0,42,35,50,98,31,37,28
12589,,77,1991,1991,Brentson,Buckner,9,5,1,1991,Clemson,71,,0,23,74,305,DT,250000,2,250000,250000,0,0,0,0,0,0,0,0,0,0,0,0,None,,,,,a,0140.png,,lightbrown_3073.png,80,65,1,53,31,44,1,1,1,69,1,1,58,0,1,1,1,1,1,1,1,1,1,1,59,32,30,1,1,1,22,71,99,1,87,94,87,0,40,45,32,90,41,33,83
5620,,77,1991,0,Brodrick,Bunkley,12,0,0,0,Florida State,70,,4,27,74,295,DT,250000,1,250000,0,0,0,0,0,0,0,0,0,0,0,0,0,None,,,,,a,10578.png,,blonde_3040.png,70,58,1,50,39,56,1,1,1,69,1,1,72,0,1,1,1,1,1,1,1,1,1,1,95,5,1,1,1,1,16,45,70,19,6,34,77,0,30,48,36,100,31,54,70
2720,,66,1991,1985,Jim,Burt,0,29,4,1985,Miami (FL),78,,6,32,73,260,DT,0,0,0,0,0,0,0,0,0,0,0,0,0,0,0,0,None,,,,,a,0129.png,default-jersey-01.png,lightbrown_3044.png,61,51,1,42,18,57,1,1,1,57,1,1,60,0,1,1,1,1,1,1,1,1,1,1,82,23,1,1,1,1,66,40,48,49,47,39,78,0,40,30,48,80,49,64,67
5622,,61,1991,0,Antwon,Burton,0,0,0,0,Temple,73,,1,24,75,315,DT,0,0,0,0,0,0,0,0,0,0,0,0,0,0,0,0,None,,,,,b,10089.png,,black_3002.png,72,50,1,44,17,38,1,1,1,41,1,1,60,0,1,1,1,1,1,1,1,1,1,1,65,6,1,1,1,1,47,82,73,54,100,75,88,0,41,43,62,78,47,34,77
5710,,93,1991,1987,Dave,Butz II,6,1,20,1987,Purdue,79,,4,27,79,291,DT,8614380,2,8614380,8614380,0,0,0,0,0,0,0,0,0,0,0,0,None,NoseTackle,,,,b,10097.png,default-jersey-01.png,lightbrown_3002.png,81,58,1,65,58,65,1,1,1,89,1,1,79,0,1,1,1,1,1,1,1,1,1,1,100,24,1,1,1,1,73,72,74,67,41,48,75,0,43,42,51,93,41,54,82
3113,,72,1991,1985,Richard,Byrd,4,44,7,1985,Southern Miss,71,,6,29,75,264,DT,400000,1,400000,0,0,0,0,0,0,0,0,0,0,0,0,0,None,,,,,a,10580.png,,black_3002.png,75,55,1,54,31,56,1,1,1,54,1,1,57,0,1,1,1,1,1,1,1,1,1,1,75,1,1,1,1,1,44,64,41,73,35,43,73,0,49,50,56,71,32,67,14
10016,,64,1991,0,James,Cannida,0,0,0,0,Nevada-Reno,79,,1,24,74,275,DT,0,0,0,0,0,0,0,0,0,0,0,0,0,0,0,0,None,,,,,b,10087.png,,lightbrown_3003.png,71,39,1,48,20,53,1,1,1,50,1,1,62,0,1,1,1,1,1,1,1,1,1,1,53,35,30,1,1,1,31,84,87,41,80,80,83,0,45,42,52,84,33,69,85
2059,,89,1991,1985,Michael,Carter,3,9,4,1985,SMU,96,,6,31,74,285,DT,8150000,1,8150000,0,0,0,0,0,0,0,0,0,0,0,0,0,None,SpeedRusher,,,,a,10557.png,,black_3037.png,84,51,1,57,40,67,2,1,1,82,1,1,83,0,1,1,1,1,1,1,1,1,1,1,95,1,1,1,1,1,3,92,68,40,98,90,73,0,38,38,46,89,45,45,59
10019,,82,1991,1990,Tony,Casillas,5,3,12,1990,Oklahoma,68,,1,24,75,278,DT,750000,2,750000,750000,0,0,0,0,0,0,0,0,0,0,0,0,None,NoseTackle,,,,a,0103.png,,black_3058.png,88,49,1,63,35,65,1,1,1,66,1,1,75,0,1,1,1,1,1,1,1,1,1,1,66,27,27,1,1,1,60,97,66,85,60,79,71,0,30,50,60,82,31,70,58
2865,,75,1991,1985,Mike,Charles,17,27,5,1985,Syracuse,69,,6,29,76,292,DT,250000,2,250000,250000,0,0,0,0,0,0,0,0,0,0,0,0,None,,,,,b,0087.png,default-jersey-01.png,black_3041.png,79,52,1,67,30,53,1,1,1,57,1,1,65,0,1,1,1,1,1,1,1,1,1,1,72,7,1,1,1,1,49,93,92,55,90,94,79,0,48,39,42,99,33,67,11
10006,,74,1991,1990,Larry,Chester,2,7,19,1990,Temple,76,,1,24,74,325,DT,250000,1,250000,0,0,0,0,0,0,0,0,0,0,0,0,0,None,,,,,a,0124.png,,bald_3011.png,76,49,1,51,34,59,1,1,1,62,1,1,59,0,1,1,1,1,1,1,1,1,1,1,68,26,26,1,1,1,73,70,88,69,74,99,79,0,45,47,61,86,41,37,90
2783,,65,1991,1985,Ken,Clarke,0,27,14,1985,Syracuse,60,,6,35,74,268,DT,0,0,0,0,0,0,0,0,0,0,0,0,0,0,0,0,None,,,,,b,0025.png,,black_3038.png,66,54,1,49,22,52,1,1,1,47,1,1,60,0,1,1,1,1,1,1,1,1,1,1,84,15,1,1,1,1,9,48,72,16,7,2,72,0,36,39,59,76,39,67,1
5649,,84,1991,1987,Barry,Cofield,7,3,19,1987,Northwestern,71,,4,26,75,305,DT,2950000,5,2950000,2950000,2950000,2950000,2950000,0,0,0,0,0,0,0,0,0,None,,,,,a,10571.png,,darkbrown_3086.png,76,65,1,65,40,57,1,1,1,77,1,1,59,0,1,1,1,1,1,1,1,1,1,1,96,11,1,1,1,1,7,64,63,32,27,4,75,0,41,37,42,92,34,63,21
5650,,78,1991,1987,Colin,Cole,18,4,14,1987,Iowa,91,,4,30,74,325,DT,1850000,1,1850000,0,0,0,0,0,0,0,0,0,0,0,0,0,None,,,,,b,0026.png,default-jersey-01.png,black_3033.png,77,69,1,59,29,49,1,1,1,65,1,1,54,0,1,1,1,1,1,1,1,1,1,1,96,4,1,1,1,1,74,68,51,92,40,32,71,0,34,45,67,94,38,69,68
10031,,55,1991,0,Tony,Colorito,0,0,0,0,USC,70,,1,23,77,260,DT,0,0,0,0,0,0,0,0,0,0,0,0,0,0,0,0,None,,,,,b,10075.png,,black_3010.png,59,53,1,44,30,47,1,1,1,38,1,1,51,0,1,1,1,1,1,1,1,1,1,1,46,35,30,1,1,1,73,73,65,72,70,84,95,0,32,32,46,98,46,43,93
12879,6463,77,1991,0,Brad,Culpepper,0,0,0,0,Florida,0,,0,23,73,275,DT,0,0,0,0,0,0,0,0,0,0,0,0,0,0,0,0,None,,,,,,,,,84,44,1,70,39,45,1,1,1,56,1,1,70,0,0,0,0,0,0,0,0,0,0,0,82,26,0,0,0,0,30,89,63,45,72,83,91,0,50,41,57,90,46,44,99
10007,,75,1991,0,Lional,Dalton,1,0,0,0,Eastern Michigan,69,,1,24,73,315,DT,250000,1,250000,0,0,0,0,0,0,0,0,0,0,0,0,0,None,,,,,a,10567.png,default-jersey-01.png,lightbrown_3042.png,83,51,1,55,24,53,1,1,1,60,1,1,63,0,1,1,1,1,1,1,1,1,1,1,62,26,26,1,1,1,10,81,86,16,62,100,86,0,49,32,42,83,38,65,1
6048,,74,1991,0,Don,Davey,0,0,0,0,Wisconsin,78,,4,27,76,273,DT,0,0,0,0,0,0,0,0,0,0,0,0,0,0,0,0,None,,,,,a,10555.png,default-jersey-01.png,black_3004.png,73,57,1,58,29,61,1,1,1,57,1,1,64,0,1,1,1,1,1,1,1,1,1,1,94,25,1,1,1,1,74,67,88,71,76,99,95,0,49,35,46,75,34,48,1
8431,,73,1991,1989,D.J.,Davidson,0,7,18,1989,Arizona St.,98,,2,25,75,327,DT,0,0,0,0,0,0,0,0,0,0,0,0,0,0,0,0,None,,,,,b,0066.png,default-jersey-01.png,darkbrown_3011.png,76,52,1,51,32,47,10,1,3,56,1,1,62,0,1,1,1,1,1,1,1,1,1,1,95,26,1,1,1,1,32,55,65,67,60,61,80,0,64,68,65,83,63,30,69
8432,,90,1991,1989,Jordan,Davis,9,1,14,1989,Georgia,90,,2,23,78,336,DT,2100000,2,2100000,2300000,0,0,0,0,0,0,0,0,0,0,0,0,None,NoseTackle,,,,a,10588.png,,red_3026.png,93,51,1,70,34,62,2,7,7,74,1,1,66,0,1,1,1,1,1,1,1,1,1,1,99,32,1,1,1,1,30,40,40,36,56,51,94,0,50,37,32,73,32,43,85
3214,,62,1991,1985,Tony,Degrate,0,47,7,1985,Texas,95,,2,25,76,280,DT,0,0,0,0,0,0,0,0,0,0,0,0,0,0,0,0,None,,,,,b,0083.png,,black_3049.png,71,35,1,44,34,43,1,1,1,46,1,1,54,0,1,1,1,1,1,1,1,1,1,1,44,1,1,1,1,1,51,44,52,66,45,39,75,0,46,50,45,79,44,59,99
12821,7421,71,1991,0,Stacey,Dillard,0,0,0,0,Oklahoma,0,,0,24,77,290,DT,0,0,0,0,0,0,0,0,0,0,0,0,0,0,0,0,None,,,,,,,,,82,59,1,63,24,46,1,1,1,54,1,1,66,0,0,0,0,0,0,0,0,0,0,0,46,13,0,0,0,0,36,64,66,10,5,4,82,0,44,37,57,74,40,42,78
7062,,96,1991,1988,Art,Donovan,16,1,4,1988,Boston College,70,,3,26,74,263,DT,3000000,1,3000000,0,0,0,0,0,0,0,0,0,0,0,0,0,None,ConsummatePro|BullRusher,,,,a,10568.png,,red_3007.png,92,56,1,61,48,93,1,1,1,80,1,1,70,0,1,1,1,1,1,1,1,1,1,1,100,55,40,1,1,1,86,98,85,76,97,89,100,0,50,37,35,91,45,36,38
12893,7669,77,1991,0,Santana,Dotson,0,0,0,0,Baylor,0,,0,23,77,278,DT,0,0,0,0,0,0,0,0,0,0,0,0,0,0,0,0,None,,,,,,,,,84,65,1,64,39,46,1,1,1,64,1,1,64,0,0,0,0,0,0,0,0,0,0,0,40,26,0,0,0,0,60,30,58,89,49,65,72,0,45,39,32,74,37,32,100
3264,,60,1991,1985,Joe,Drake,0,52,8,1985,Arizona,99,,2,24,74,290,DT,0,0,0,0,0,0,0,0,0,0,0,0,0,0,0,0,None,,,,,b,0048.png,,black_3032.png,67,42,1,53,20,36,1,1,1,45,1,1,60,0,1,1,1,1,1,1,1,1,1,1,56,4,1,1,1,1,66,69,46,62,63,30,73,0,49,41,57,89,38,35,81
12789,7813,73,1991,0,Shane,Dronett,0,0,0,0,Texas,0,,0,21,78,300,DT,0,0,0,0,0,0,0,0,0,0,0,0,0,0,0,0,None,,,,,,,,,82,51,1,59,32,43,1,1,1,58,1,1,54,0,0,0,0,0,0,0,0,0,0,0,51,21,0,0,0,0,60,78,100,96,90,96,86,0,37,43,43,87,34,62,75
2785,,76,1991,1985,Mark,Duda,1,22,14,1985,Maryland,76,,6,30,75,273,DT,1500000,1,1500000,0,0,0,0,0,0,0,0,0,0,0,0,0,None,,,,,a,10594.png,default-jersey-01.png,lightbrown_3102.png,77,46,1,51,32,53,1,1,1,63,1,1,59,0,1,1,1,1,1,1,1,1,1,1,94,1,1,1,1,1,63,46,57,83,53,34,89,0,32,31,47,76,42,69,0
1979,,77,1991,1985,John,Dutton,0,13,14,1985,Nebraska,78,,2,36,78,266,DT,0,0,0,0,0,0,0,0,0,0,0,0,0,0,0,0,None,,,,,a,10595.png,,darkbrown_3032.png,72,55,1,61,35,64,1,1,1,62,1,1,77,0,1,1,1,1,1,1,1,1,1,1,93,24,1,1,1,1,57,88,70,41,97,80,82,0,48,44,68,81,47,33,68
3597,,84,1991,1986,Chad,Eaton,11,3,11,1986,Washington State,65,,5,29,77,303,DT,4650000,1,4650000,0,0,0,0,0,0,0,0,0,0,0,0,0,None,BullRusher,,,,c,0239.png,default-jersey-01.png,bald_3012.png,91,55,1,65,47,63,1,1,1,58,1,1,80,0,1,1,1,1,1,1,1,1,1,1,95,8,1,1,1,1,95,50,46,96,41,37,99,0,35,47,36,93,33,42,82
12713,8211,66,1991,0,Tim,Edwards,0,0,0,0,Delta State,0,,0,24,73,270,DT,0,0,0,0,0,0,0,0,0,0,0,0,0,0,0,0,None,,,,,,,,,69,48,1,47,33,53,1,1,1,46,1,1,62,0,0,0,0,0,0,0,0,0,0,0,81,15,0,0,0,0,90,48,41,69,49,42,92,0,41,32,53,88,46,50,88
2408,,73,1991,1985,Tony,Elliott,1,19,7,1985,North Texas,95,,6,32,74,282,DT,490000,1,490000,0,0,0,0,0,0,0,0,0,0,0,0,0,None,,,,,b,0068.png,,darkbrown_3010.png,80,43,1,49,19,44,1,1,1,57,1,1,71,0,1,1,1,1,1,1,1,1,1,1,91,1,1,1,1,1,51,76,71,40,100,68,75,0,49,36,44,94,49,32,21
12798,8562,65,1991,0,Mike,Evans,0,0,0,0,Michigan,0,,0,25,75,289,DT,0,0,0,0,0,0,0,0,0,0,0,0,0,0,0,0,None,,,,,,,,,68,40,1,47,27,38,1,1,1,59,1,1,52,0,0,0,0,0,0,0,0,0,0,0,51,7,0,0,0,0,59,30,35,64,60,42,91,0,30,30,47,80,32,51,100
12584,,83,1991,1991,D'Marco,Farr,20,2,9,1991,Washington,94,,0,23,73,276,DT,1250000,3,1250000,1250000,1250000,0,0,0,0,0,0,0,0,0,0,0,None,,,,,a,10553.png,,bald_3026.png,84,62,1,66,42,43,1,1,1,77,1,1,68,0,1,1,1,1,1,1,1,1,1,1,60,33,30,1,1,1,12,73,71,34,95,72,80,0,45,37,69,72,44,31,97
10038,,87,1991,1990,Joshua,Fatu,3,2,13,1990,West Alabama,63,,1,23,74,242,DT,1000000,2,1000000,1000000,0,0,0,0,0,0,0,0,0,0,0,0,None,FanFavorite|ProBloodline,,,,b,0042.png,,bald_3010.png,75,70,25,61,70,55,1,1,1,90,1,1,75,0,1,1,1,1,1,1,1,1,1,1,47,26,49,1,26,1,90,98,76,78,97,89,89,0,42,41,30,74,45,32,51
2870,,74,1991,1985,Don,Fielder,1,34,3,1985,Kentucky,73,,6,32,75,260,DT,250000,1,250000,0,0,0,0,0,0,0,0,0,0,0,0,0,None,,,,,b,0042.png,default-jersey-01.png,bald_3031.png,80,51,1,51,16,47,1,1,1,59,1,1,55,0,1,1,1,1,1,1,1,1,1,1,95,1,1,1,1,1,89,51,38,96,65,69,83,0,37,34,67,92,42,65,18
12587,,78,1991,1991,Jim,Flanigan,11,3,17,1991,Notre Dame,57,,0,23,74,290,DT,750000,3,750000,750000,750000,0,0,0,0,0,0,0,0,0,0,0,None,,,,,b,10060.png,,black_3101.png,74,56,1,76,70,47,1,1,1,65,1,1,82,0,1,1,1,1,39,1,1,1,1,1,56,31,30,1,1,1,62,98,99,34,71,67,86,0,30,42,64,77,44,68,72
12591,,74,1991,1991,Henry,Ford,16,5,20,1991,Arkansas,79,,0,23,75,295,DT,250000,2,250000,250000,0,0,0,0,0,0,0,0,0,0,0,0,None,,,,,b,0096.png,,black_3064.png,75,46,1,67,32,57,1,1,1,61,1,1,70,0,1,1,1,1,1,1,1,1,1,1,60,33,30,1,1,1,2,50,50,24,31,22,89,0,37,47,50,84,33,69,62
12592,,71,1991,1991,William,Gaines,16,7,15,1991,Florida,99,,0,23,77,310,DT,250000,2,250000,250000,0,0,0,0,0,0,0,0,0,0,0,0,None,,,,,b,10063.png,,bald_3019.png,71,50,1,49,35,46,1,1,1,65,1,1,54,0,1,1,1,1,1,1,1,1,1,1,57,31,32,1,1,1,68,85,77,62,64,90,82,0,31,37,61,92,33,47,67
2637,,66,1991,1985,David,Galloway,0,24,18,1985,Florida,67,,5,31,75,277,DT,0,0,0,0,0,0,0,0,0,0,0,0,0,0,0,0,None,,,,,b,10091.png,,bald_3026.png,64,54,1,59,18,46,1,1,1,55,1,1,59,0,1,1,1,1,1,1,1,1,1,1,76,5,1,1,1,1,66,68,41,67,54,62,95,0,47,33,34,97,41,60,94
3615,,75,1991,1986,Daryl,Gardener,2,7,4,1986,Baylor,63,,5,28,78,295,DT,850000,2,850000,850000,0,0,0,0,0,0,0,0,0,0,0,0,None,,,,,b,10054.png,,darkbrown_3007.png,86,57,1,63,37,47,1,1,1,55,1,1,70,0,1,1,1,1,1,1,1,1,1,1,55,9,1,1,1,1,34,58,34,36,25,10,73,0,47,41,68,97,45,67,71
6129,,65,1991,0,Moe,Gardner,0,0,0,0,Illinois,60,,4,27,74,265,DT,0,0,0,0,0,0,0,0,0,0,0,0,0,0,0,0,None,,,,,b,0021.png,,black_3072.png,69,49,1,67,21,44,1,1,1,56,1,1,59,0,1,1,1,1,1,1,1,1,1,1,37,1,1,1,1,1,38,67,87,47,70,88,97,0,47,37,37,96,43,58,90
3000,,65,1991,1985,Scott,Garnett,0,43,12,1985,Washington,92,,6,29,74,271,DT,0,0,0,0,0,0,0,0,0,0,0,0,0,0,0,0,None,,,,,b,0029.png,,blonde_3007.png,73,37,1,44,20,53,1,1,1,55,1,1,55,0,1,1,1,1,1,1,1,1,1,1,36,1,1,1,1,1,48,66,37,69,42,71,71,0,38,46,43,81,48,37,24
12931,10172,74,1991,0,Sean,Gilbert,0,0,0,0,Pittsburgh,0,,0,22,77,318,DT,0,0,0,0,0,0,0,0,0,0,0,0,0,0,0,0,None,,,,,,,,,79,51,1,54,39,57,1,1,1,55,1,1,67,0,0,0,0,0,0,0,0,0,0,0,69,28,0,0,0,0,18,98,88,40,87,66,77,0,46,49,36,74,36,58,72
3286,,94,1991,1986,La'Roi,Glover,10,2,1,1986,San Diego State,66,,5,27,74,285,DT,13500000,4,13500000,13500000,13500000,13500000,0,0,0,0,0,0,0,0,0,0,None,CoverageLB,,,,a,10570.png,,lightbrown_3004.png,95,72,1,68,50,54,9,1,10,80,5,8,77,0,1,1,1,1,1,1,1,1,1,1,96,3,1,1,1,1,40,69,86,56,80,77,97,0,41,49,68,99,47,30,98
12899,10369,61,1991,0,Bill,Goldberg,0,0,0,0,Georgia,0,,0,26,74,272,DT,0,0,0,0,0,0,0,0,0,0,0,0,0,0,0,0,None,,,,,,,,,61,53,1,49,32,51,1,1,1,45,1,1,54,0,0,0,0,0,0,0,0,0,0,0,68,3,0,0,0,0,46,62,78,60,90,87,84,0,44,41,57,95,30,39,88
1902,,77,1991,1985,Bob,Golic,0,5,16,1985,Notre Dame,72,,5,33,74,264,DT,0,0,0,0,0,0,0,0,0,0,0,0,0,0,0,0,None,NoseTackle,,,,b,10073.png,,bald_3041.png,81,58,1,41,23,47,1,1,3,65,1,1,67,0,1,1,1,1,1,1,1,1,1,1,96,26,1,1,1,1,20,33,63,17,12,22,81,0,45,38,60,71,36,39,1
10017,,74,1991,1990,Mike,Golic,4,6,9,1990,Notre Dame,61,,1,25,77,274,DT,250000,1,250000,0,0,0,0,0,0,0,0,0,0,0,0,0,None,MediaDarling,,,,b,0084.png,,bald_3019.png,72,59,1,53,31,61,1,1,1,65,1,1,57,0,1,1,1,1,1,1,1,1,1,1,59,26,27,1,1,1,41,50,50,49,32,67,84,0,34,40,68,95,33,37,37
2104,,85,1991,1985,Darryl,Grant,0,13,17,1985,Rice,67,,6,32,73,269,DT,0,0,0,0,0,0,0,0,0,0,0,0,0,0,0,0,None,,,,,b,10050.png,,bald_3017.png,84,74,1,49,48,57,1,1,1,72,1,1,78,0,1,1,1,1,1,1,1,1,1,1,96,17,1,1,1,1,82,88,88,83,83,72,94,0,48,36,49,75,39,59,66
3292,,72,1991,1986,Paul,Grasmanis,0,6,8,1986,Notre Dame,69,,5,27,75,298,DT,0,0,0,0,0,0,0,0,0,0,0,0,0,0,0,0,None,,,,,b,0089.png,default-jersey-01.png,bald_3026.png,78,46,1,51,25,50,1,1,1,52,1,1,63,0,1,1,1,1,1,1,1,1,1,1,94,16,1,1,1,1,85,62,69,94,68,90,75,0,32,42,54,90,43,33,12
12582,,94,1991,1991,Mean Joe,Greene,19,1,2,1991,North Texas,75,,0,23,76,275,DT,3000000,4,3000000,3000000,3000000,3000000,0,0,0,0,0,0,0,0,0,0,None,MediaDarling,,,,a,0128.png,default-jersey-01.png,lightbrown_3013.png,90,62,1,65,45,76,1,1,1,90,1,1,75,0,1,1,1,1,1,1,1,1,1,1,61,34,33,1,1,1,40,57,55,52,68,56,75,0,50,47,50,86,43,30,76
6108,,69,1991,0,Mark,Gunn,0,0,0,0,Pittsburgh,74,,4,27,77,288,DT,0,0,0,0,0,0,0,0,0,0,0,0,0,0,0,0,None,,,,,a,10550.png,,black_3012.png,74,54,1,48,24,51,1,1,1,57,1,1,68,0,1,1,1,1,1,1,1,1,1,1,53,16,1,1,1,1,69,62,91,77,66,63,76,0,43,35,38,92,45,54,80
3299,,64,1991,0,Mike,Halapin,0,0,0,0,Pittsburgh,72,,4,27,76,294,DT,0,0,0,0,0,0,0,0,0,0,0,0,0,0,0,0,None,,,,,b,0029.png,,black_3031.png,72,41,1,55,30,45,1,1,1,45,1,1,63,0,1,1,1,1,1,1,1,1,1,1,55,1,1,1,1,1,49,59,50,39,33,35,77,0,48,46,59,77,46,64,57
3208,,62,1991,1985,Dean,Hamel,0,47,9,1985,Tulsa,75,,2,26,75,279,DT,0,0,0,0,0,0,0,0,0,0,0,0,0,0,0,0,None,,,,,b,0050.png,,bald_3024.png,69,46,1,50,29,46,1,1,1,47,1,1,51,0,1,1,1,1,1,1,1,1,1,1,47,1,1,1,1,1,63,75,84,31,86,64,81,0,43,39,40,95,47,31,54
12826,11494,76,1991,0,Keith,Hamilton,0,0,0,0,Pittsburgh,0,,0,21,78,295,DT,0,0,0,0,0,0,0,0,0,0,0,0,0,0,0,0,None,,,,,,,,,81,69,1,61,41,59,1,1,2,55,4,1,67,0,0,0,0,0,0,0,0,0,0,0,65,24,0,0,0,0,62,34,64,33,56,34,71,0,38,38,47,96,43,50,90
3303,,77,1991,1986,Norman,Hand,14,2,9,1986,Mississippi,73,,5,29,75,310,DT,800000,1,800000,0,0,0,0,0,0,0,0,0,0,0,0,0,None,NoseTackle,,,,b,0027.png,default-jersey-01.png,darkbrown_3023.png,76,53,1,51,37,50,1,1,1,63,1,1,66,0,1,1,1,1,1,1,1,1,1,1,100,5,1,1,1,1,62,63,56,69,53,63,99,0,32,43,33,90,49,32,94
7234,,60,1991,0,Justin,Harrell,0,0,0,0,Tennessee,73,,1,23,77,300,DT,0,0,0,0,0,0,0,0,0,0,0,0,0,0,0,0,None,,,,,b,0036.png,,black_3082.png,58,51,1,57,28,42,1,1,1,42,1,1,56,0,1,1,1,1,1,1,1,1,1,1,97,1,1,1,1,1,35,49,61,27,17,36,90,0,40,44,33,91,39,69,76
12880,11930,70,1991,0,Robert,Harris,0,0,0,0,Southern,0,,0,23,76,295,DT,0,0,0,0,0,0,0,0,0,0,0,0,0,0,0,0,None,,,,,,,,,74,60,1,64,38,45,1,1,1,58,1,1,55,0,0,0,0,0,0,0,0,0,0,0,41,25,0,0,0,0,14,36,46,27,36,10,97,0,34,32,65,74,35,30,87
12833,12487,74,1991,0,Chad,Hennings,0,0,0,0,Air Force,0,,0,27,78,287,DT,0,0,0,0,0,0,0,0,0,0,0,0,0,0,0,0,None,,,,,,,,,68,57,1,60,33,59,1,1,1,61,1,1,71,0,0,0,0,0,0,0,0,0,0,0,99,12,0,0,0,0,41,67,68,38,69,64,83,0,45,30,45,75,50,59,92
8437,,75,1991,0,Christopher,Hinton,17,0,0,0,N/A,96,,2,22,76,310,DT,250000,1,250000,0,0,0,0,0,0,0,0,0,0,0,0,0,None,,,,,a,10593.png,default-jersey-01.png,lightbrown_3049.png,81,41,1,53,26,32,1,1,1,63,1,1,66,0,1,1,1,1,1,1,1,1,1,1,96,10,1,1,1,1,63,30,45,81,43,49,71,0,36,32,60,99,30,33,0
3325,,68,1991,1986,Bernard,Holsey,0,7,12,1986,Duke,78,,5,28,74,286,DT,0,0,0,0,0,0,0,0,0,0,0,0,0,0,0,0,None,,,,,b,10060.png,,black_3002.png,72,47,1,57,30,46,1,1,1,52,1,1,63,0,1,1,1,1,1,1,1,1,1,1,67,7,1,1,1,1,58,40,68,70,44,44,87,0,38,47,54,97,48,61,46
10011,,65,1991,0,Erik,Howard,0,0,0,0,Washington State,61,,1,23,76,275,DT,0,0,0,0,0,0,0,0,0,0,0,0,0,0,0,0,None,,,,,a,10593.png,,lightbrown_3096.png,67,55,1,57,18,57,1,1,1,51,1,1,71,0,1,1,1,1,1,1,1,1,1,1,55,35,30,1,1,1,8,59,61,25,8,7,88,0,37,46,70,79,31,41,73
12757,13310,62,1991,0,Garry,Howe,0,0,0,0,Colorado,0,,0,24,73,298,DT,0,0,0,0,0,0,0,0,0,0,0,0,0,0,0,0,None,,,,,,,,,65,41,1,51,31,46,1,1,1,49,1,1,59,0,0,0,0,0,0,0,0,0,0,0,56,11,0,0,0,0,33,73,98,11,89,99,74,0,35,33,61,70,44,45,100
2868,,74,1991,1985,Donnie,Humphrey,1,29,18,1985,Auburn,92,,6,30,75,282,DT,490000,1,490000,0,0,0,0,0,0,0,0,0,0,0,0,0,None,,,,,a,10551.png,,bald_3022.png,79,66,1,61,28,57,1,1,1,53,1,1,58,0,1,1,1,1,1,1,1,1,1,1,79,3,1,1,1,1,34,30,67,3,6,5,99,0,44,48,48,88,50,33,3
5380,,57,1991,0,Tommy,Jackson,0,0,0,0,Auburn,63,,1,24,73,311,DT,0,0,0,0,0,0,0,0,0,0,0,0,0,0,0,0,None,,,,,b,0010.png,,black_3011.png,59,48,1,53,18,46,1,1,1,42,1,1,61,0,1,1,1,1,1,1,1,1,1,1,62,3,1,1,1,1,69,45,69,40,39,52,86,0,34,35,47,85,32,30,96
12816,14382,61,1991,0,Tommy,Jeter,0,0,0,0,Texas,0,,0,23,77,285,DT,0,0,0,0,0,0,0,0,0,0,0,0,0,0,0,0,None,,,,,,,,,68,47,1,55,18,47,1,1,1,44,1,1,48,0,0,0,0,0,0,0,0,0,0,0,47,15,0,0,0,0,23,71,69,39,75,84,85,0,49,33,30,85,31,34,78
7058,,74,1991,1988,Antonio,Johnson,19,5,1,1988,Mississippi St.,98,,3,25,75,328,DT,1550000,3,1550000,1550000,1550000,0,0,0,0,0,0,0,0,0,0,0,None,,,,,b,0026.png,default-jersey-01.png,black_3004.png,72,52,1,61,27,45,1,1,1,70,1,1,73,0,1,1,1,1,1,1,1,1,1,1,65,26,1,1,1,1,70,70,67,69,81,97,87,0,31,38,65,96,45,70,34
12765,14443,71,1991,0,Bill,Johnson,0,0,0,0,Michigan State,0,,0,24,76,305,DT,0,0,0,0,0,0,0,0,0,0,0,0,0,0,0,0,None,,,,,,,,,73,53,1,51,31,57,1,1,1,60,1,1,62,0,0,0,0,0,0,0,0,0,0,0,55,23,0,0,0,0,93,72,69,67,75,87,91,0,34,34,39,90,35,36,85
7164,,78,1991,1988,Edward,Johnson,20,6,12,1988,Penn State,96,,3,26,74,296,DT,400000,6,400000,400000,350000,350000,300000,300000,0,0,0,0,0,0,0,0,None,,,,,b,0021.png,default-jersey-01.png,black_3094.png,75,64,1,58,34,58,1,1,1,63,1,1,65,0,1,1,1,1,1,1,1,1,1,1,95,26,1,1,1,1,99,79,78,86,77,67,76,0,47,34,35,82,38,30,89
12725,14695,61,1991,0,Mario,Johnson,0,0,0,0,Missouri,0,,0,22,75,292,DT,0,0,0,0,0,0,0,0,0,0,0,0,0,0,0,0,None,,,,,,,,,62,42,1,51,24,48,1,1,1,56,1,1,50,0,0,0,0,0,0,0,0,0,0,0,32,15,0,0,0,0,28,63,96,2,69,92,81,0,46,47,30,72,33,48,100
5393,,84,1991,1987,Johnny,Jolly,7,3,7,1987,Texas A&M,62,,4,27,75,310,DT,4000000,1,4000000,0,0,0,0,0,0,0,0,0,0,0,0,0,None,NoseTackle,,,,a,0110.png,,red_3035.png,85,59,1,58,32,52,1,1,1,70,1,1,65,0,1,1,1,1,1,1,1,1,1,1,100,1,1,1,1,1,70,77,98,59,71,83,83,0,32,48,63,78,46,39,38
7149,,57,1991,0,Derrick,Jones,0,0,0,0,Grand Valley State,61,,2,22,76,282,DT,0,0,0,0,0,0,0,0,0,0,0,0,0,0,0,0,None,,,,,a,10586.png,,lightbrown_3027.png,61,40,1,42,29,39,1,1,1,47,1,1,47,0,1,1,1,1,1,1,1,1,1,1,41,11,1,1,1,1,38,88,99,38,65,85,76,0,34,46,58,78,45,35,8
5998,,65,1991,0,James,Jones,0,0,0,0,Northern Iowa,65,,4,26,74,290,DT,0,0,0,0,0,0,0,0,0,0,0,0,0,0,0,0,None,,,,,b,0024.png,,black_3031.png,65,49,1,46,33,48,1,1,1,51,1,1,54,0,1,1,1,1,1,1,1,1,1,1,82,2,1,1,1,1,48,100,66,58,82,92,80,0,50,40,45,93,36,32,9
8439,,85,1991,1989,Travis,Jones,19,3,1,1989,Connecticut,72,,2,23,76,334,DT,850000,1,850000,0,0,0,0,0,0,0,0,0,0,0,0,0,None,,,,,a,0115.png,,darkbrown_3094.png,89,62,2,68,30,53,2,7,7,66,1,1,60,0,1,1,1,1,1,1,1,1,1,1,100,21,1,1,1,1,8,33,54,31,30,35,79,0,49,33,38,81,34,35,10
6024,,87,1991,0,John,Jurkovic,15,0,0,0,Eastern Illinois,79,,4,28,74,301,DT,2000000,4,2000000,2000000,2000000,2000000,0,0,0,0,0,0,0,0,0,0,None,,,,,b,0084.png,,bald_3041.png,92,62,1,65,38,48,1,1,1,71,1,1,69,0,1,1,1,1,1,1,1,1,1,1,95,5,1,1,1,1,32,57,33,36,18,39,72,0,46,39,45,78,33,55,50
3357,,70,1991,0,Brad,Keeney,0,0,0,0,The Citadel,70,,5,28,75,294,DT,0,0,0,0,0,0,0,0,0,0,0,0,0,0,0,0,None,,,,,a,0126.png,,black_3040.png,76,41,1,40,21,39,1,1,1,57,1,1,55,0,1,1,1,1,1,1,1,1,1,1,90,1,1,1,1,1,77,56,70,94,45,70,74,0,50,48,65,76,50,62,84
10032,,58,1991,0,Scott,Kellar,0,0,0,0,Northern Illinois,76,,1,24,75,282,DT,0,0,0,0,0,0,0,0,0,0,0,0,0,0,0,0,None,,,,,a,0106.png,,blonde_3057.png,60,44,1,46,24,45,1,1,1,45,1,1,51,0,1,1,1,1,1,1,1,1,1,1,55,35,30,1,1,1,40,81,68,51,78,70,71,0,33,39,30,71,39,69,87
3360,,70,1991,0,Marcus,Keyes,0,0,0,0,North Alabama,61,,5,28,75,303,DT,0,0,0,0,0,0,0,0,0,0,0,0,0,0,0,0,None,,,,,b,0070.png,,darkbrown_3010.png,75,53,1,59,27,51,1,1,1,52,1,1,62,0,1,1,1,1,1,1,1,1,1,1,75,1,1,1,1,1,45,100,86,58,69,77,75,0,40,47,56,85,32,41,92
2409,,69,1991,1985,Reggie,Kinlaw,0,20,13,1985,Oklahoma,64,,6,34,74,245,DT,0,0,0,0,0,0,0,0,0,0,0,0,0,0,0,0,None,,,,,a,0128.png,default-jersey-01.png,darkbrown_3099.png,63,41,1,50,28,49,1,1,1,62,1,1,62,0,1,1,1,1,1,1,1,1,1,1,90,16,1,1,1,1,10,86,98,40,72,97,84,0,49,33,56,85,33,30,22
3362,,54,1991,0,Jon,Kirksey,0,0,0,0,Sacramento State,62,,4,30,76,350,DT,0,0,0,0,0,0,0,0,0,0,0,0,0,0,0,0,None,,,,,b,10077.png,,darkbrown_3021.png,63,38,1,45,27,31,1,1,1,42,1,1,42,0,1,1,1,1,1,1,1,1,1,1,35,1,1,1,1,1,51,57,41,49,61,34,84,0,35,45,59,90,50,53,89
1978,,78,1991,1985,Joe,Klecko,0,10,10,1985,Temple,73,,3,35,75,263,DT,0,0,0,0,0,0,0,0,0,0,0,0,0,0,0,0,None,TeamPlayer,,,,b,0091.png,,black_3070.png,86,56,1,67,41,48,4,4,1,52,2,1,59,0,1,1,1,1,1,1,1,1,1,1,100,22,1,1,1,1,95,65,32,91,59,69,76,0,40,48,67,91,37,31,66
2718,,75,1991,1985,Greg,Kragen,8,17,13,1985,Utah State,71,,6,29,75,263,DT,250000,1,250000,0,0,0,0,0,0,0,0,0,0,0,0,0,None,,,,,a,10553.png,default-jersey-01.png,darkbrown_3099.png,79,62,1,55,34,65,1,1,1,58,1,1,79,0,1,1,1,1,1,1,1,1,1,1,53,11,1,1,1,1,28,65,53,20,20,37,71,0,36,40,59,93,46,34,28
2719,,76,1991,1985,Tim,Krumrie,3,24,16,1985,Wisconsin,76,,6,31,74,270,DT,250000,1,250000,0,0,0,0,0,0,0,0,0,0,0,0,0,None,,,,,b,0014.png,default-jersey-01.png,bald_3025.png,65,61,1,49,40,59,1,1,1,72,1,3,78,0,1,1,1,1,1,1,1,1,1,1,79,4,1,1,1,1,63,72,82,36,96,96,75,0,30,43,45,86,42,31,81
7146,,68,1991,1988,Derek,Landri,0,7,8,1988,Notre Dame,70,,3,26,75,281,DT,0,0,0,0,0,0,0,0,0,0,0,0,0,0,0,0,None,,,,,b,0011.png,,bald_3022.png,69,54,1,48,37,49,1,1,1,59,1,1,62,0,1,1,1,1,1,1,1,1,1,1,47,26,1,1,1,1,66,38,44,57,40,46,80,0,33,45,44,93,31,65,52
5994,,86,1991,0,Leon,Lett,18,0,0,0,Emporia State,68,,4,27,78,290,DT,1850000,4,1850000,1850000,1850000,1850000,0,0,0,0,0,0,0,0,0,0,None,,,,,a,10587.png,,black_3039.png,86,57,1,66,38,48,1,1,1,76,1,1,64,0,1,1,1,1,1,1,1,1,1,1,96,17,1,1,1,1,52,33,37,66,33,37,98,0,35,48,69,84,50,51,30
5423,,61,1991,0,Jon,Lewis,0,0,0,0,Virginia Tech,79,,1,23,73,305,DT,0,0,0,0,0,0,0,0,0,0,0,0,0,0,0,0,None,,,,,a,0113.png,,darkbrown_3085.png,63,49,1,42,16,51,1,1,1,51,1,1,49,0,1,1,1,1,1,1,1,1,1,1,57,2,1,1,1,1,62,60,67,60,65,45,87,0,35,33,55,88,35,42,98
5424,,80,1991,1987,Jonathan,Lewis,15,6,15,1987,Virginia Tech,72,,4,26,72,295,DT,300000,1,300000,0,0,0,0,0,0,0,0,0,0,0,0,0,None,,,,,b,10083.png,default-jersey-01.png,lightbrown_3003.png,76,60,1,63,35,61,1,1,1,66,1,1,59,0,1,1,1,1,1,1,1,1,1,1,95,14,1,1,1,1,5,66,92,41,93,68,74,0,44,35,52,72,47,36,1
3210,,62,1991,1985,George,Little,0,46,10,1985,Iowa,99,,2,24,76,278,DT,0,0,0,0,0,0,0,0,0,0,0,0,0,0,0,0,None,,,,,b,0072.png,,black_3078.png,60,49,1,61,21,40,1,1,1,49,1,1,52,0,1,1,1,1,1,1,1,1,1,1,78,1,1,1,1,1,5,57,64,34,25,35,99,0,49,31,33,99,31,64,90
6171,,58,1991,0,Ernie,Logan,0,0,0,0,East Carolina,67,,4,27,75,290,DT,0,0,0,0,0,0,0,0,0,0,0,0,0,0,0,0,None,,,,,a,10577.png,,lightbrown_3030.png,61,37,1,49,26,38,1,1,1,50,1,1,62,0,1,1,1,1,1,1,1,1,1,1,36,3,1,1,1,1,63,46,56,31,70,57,95,0,34,33,36,84,36,56,1
2103,,82,1991,1985,Bill,Maas,4,11,3,1985,Pittsburgh,72,,6,29,77,271,DT,800000,1,800000,0,0,0,0,0,0,0,0,0,0,0,0,0,None,NoseTackle,,,,b,0064.png,default-jersey-01.png,lightbrown_3001.png,84,60,1,66,33,52,1,1,1,64,1,1,66,0,1,1,1,1,1,1,1,1,1,1,100,1,1,1,1,1,43,78,76,56,75,83,98,0,49,41,64,87,32,53,15
3377,,59,1991,0,James,Manley,0,0,0,0,Vanderbilt,71,,1,23,74,316,DT,0,0,0,0,0,0,0,0,0,0,0,0,0,0,0,0,None,,,,,b,0046.png,,black_3040.png,70,50,1,41,32,40,1,1,1,45,1,1,46,0,1,1,1,1,1,1,1,1,1,1,26,11,1,1,1,1,70,55,67,49,36,69,100,0,38,49,42,95,39,58,75
3209,,60,1991,1985,Charles,Martin,0,47,17,1985,West Alabama,94,,3,29,76,280,DT,0,0,0,0,0,0,0,0,0,0,0,0,0,0,0,0,None,BadInfluence,,,,a,0105.png,,darkbrown_3051.png,65,41,1,56,22,43,1,1,1,46,1,1,62,0,1,1,1,1,1,1,1,1,1,1,44,3,1,1,1,1,14,85,99,32,84,72,74,0,33,31,31,70,35,63,96
3383,,66,1991,1986,Steve,Martin,0,4,4,1986,Missouri,66,,5,27,76,320,DT,0,0,0,0,0,0,0,0,0,0,0,0,0,0,0,0,None,,,,,a,0137.png,,darkbrown_3066.png,70,57,1,46,26,55,1,1,1,43,1,1,63,0,1,1,1,1,1,1,1,1,1,1,90,1,1,1,1,1,28,83,82,35,96,62,95,0,46,48,61,92,32,46,62
6124,,91,1991,0,Russell,Maryland,5,0,0,0,Miami (FL),73,,4,26,73,300,DT,7600000,4,7600000,7600000,7600000,7600000,0,0,0,0,0,0,0,0,0,0,None,,,,,b,10053.png,default-jersey-01.png,bald_3036.png,89,67,1,79,37,72,1,1,1,73,1,1,83,0,1,1,1,1,1,1,1,1,1,1,100,3,1,1,1,1,8,33,56,38,35,4,84,0,31,41,70,84,42,37,31
8440,,79,1991,0,Phidarian,Mathis,14,0,0,0,Alabama,98,,2,25,76,312,DT,600000,3,600000,600000,600000,0,0,0,0,0,0,0,0,0,0,0,None,,,,,a,0120.png,default-jersey-01.png,darkbrown_3004.png,83,44,1,50,24,50,1,1,1,67,1,1,66,0,1,1,1,1,1,1,1,1,1,1,95,26,1,1,1,1,45,32,56,48,47,53,80,0,65,49,50,70,59,55,81
12593,,70,1991,1991,Chris,Maumalanga,13,7,19,1991,Kansas,68,,0,23,74,300,DT,250000,2,250000,250000,0,0,0,0,0,0,0,0,0,0,0,0,None,,,,,b,0087.png,,bald_3027.png,74,41,1,60,34,44,1,1,1,58,1,1,62,0,1,1,1,1,1,1,1,1,1,1,63,32,31,1,1,1,37,96,77,2,65,68,89,0,41,38,30,87,31,61,60
12894,18517,61,1991,0,Corey,Mayfield,0,0,0,0,Oklahoma,0,,0,22,75,302,DT,0,0,0,0,0,0,0,0,0,0,0,0,0,0,0,0,None,,,,,,,,,61,46,1,45,34,45,1,1,1,47,1,1,53,0,0,0,0,0,0,0,0,0,0,0,77,15,0,0,0,0,33,61,39,46,40,67,77,0,31,47,64,91,44,61,86
7354,,60,1991,0,Ryan,McBean,0,0,0,0,Oklahoma State,64,,1,23,77,277,DT,0,0,0,0,0,0,0,0,0,0,0,0,0,0,0,0,None,,,,,b,0032.png,,black_3043.png,59,50,1,53,33,51,1,1,1,44,1,1,55,0,1,1,1,1,1,1,1,1,1,1,67,13,1,1,1,1,92,89,92,91,100,65,83,0,38,44,42,77,44,36,91
5446,,75,1991,0,John,McCargo,15,0,0,0,North Carolina State,69,,4,27,74,295,DT,950000,1,950000,0,0,0,0,0,0,0,0,0,0,0,0,0,None,,,,,c,0226.png,,black_3031.png,76,58,1,57,30,45,1,1,1,62,1,1,52,0,1,1,1,1,1,1,1,1,1,1,95,1,1,1,1,1,60,76,63,67,76,79,85,0,49,47,67,85,35,58,72
12597,,61,1991,0,Hurvin,McCormack,0,0,0,0,Indiana,67,,0,22,77,281,DT,0,0,0,0,0,0,0,0,0,0,0,0,0,0,0,0,None,,,,,b,0026.png,,black_3030.png,68,37,1,51,23,51,1,1,1,43,1,1,57,0,1,1,1,1,1,1,1,1,1,1,57,35,35,1,1,1,32,31,58,34,46,55,71,0,42,42,49,80,35,34,79
12775,18845,77,1991,0,Tony,McCoy,0,0,0,0,Florida,0,,0,23,73,289,DT,0,0,0,0,0,0,0,0,0,0,0,0,0,0,0,0,None,,,,,,,,,80,51,1,55,35,58,1,1,1,65,1,1,58,0,0,0,0,0,0,0,0,0,0,0,60,22,0,0,0,0,12,68,97,20,94,72,95,0,38,42,43,75,32,36,84
12953,19083,77,1991,0,Chester,McGlockton,0,0,0,0,Clemson,0,,0,23,75,334,DT,0,0,0,0,0,0,0,0,0,0,0,0,0,0,0,0,None,,,,,,,,,83,48,1,74,49,54,1,1,1,53,1,1,79,0,0,0,0,0,0,0,0,0,0,0,77,24,0,0,0,0,44,64,62,39,67,94,79,0,36,44,61,93,37,35,77
5451,,80,1991,1987,Brandon,McKinney,12,5,1,1987,Michigan State,66,,4,27,74,324,DT,1550000,4,1550000,1550000,1550000,1550000,0,0,0,0,0,0,0,0,0,0,None,HybridLB,,,,b,0080.png,,black_3081.png,75,57,1,66,35,52,1,1,1,73,1,1,68,0,1,1,1,1,1,1,1,1,1,1,76,1,1,1,1,1,54,95,72,63,92,87,75,0,50,37,66,75,43,46,71
1860,,83,1991,1985,Steve,McMichael,7,3,1,1985,Texas,64,,6,34,74,270,DT,6700000,4,6700000,6700000,6700000,6700000,0,0,0,0,0,0,0,0,0,0,None,FanFavorite,,,,b,0088.png,,darkbrown_3021.png,75,55,2,63,40,73,5,1,1,71,1,1,73,0,1,1,1,1,1,1,1,1,1,1,100,26,1,1,1,1,4,56,67,43,20,14,95,0,50,35,62,70,46,33,52
2639,,66,1991,1985,Greg,Meisner,0,31,10,1985,Pittsburgh,69,,6,32,75,257,DT,0,0,0,0,0,0,0,0,0,0,0,0,0,0,0,0,None,,,,,a,10585.png,,blonde_3040.png,73,56,1,51,18,40,1,1,1,46,1,1,64,0,1,1,1,1,1,1,1,1,1,1,86,1,1,1,1,1,68,33,68,52,56,31,87,0,32,35,46,87,37,67,51
1940,,88,1991,1985,Keith,Millard,12,6,6,1985,Washington State,63,,6,29,78,260,DT,7000000,1,7000000,0,0,0,0,0,0,0,0,0,0,0,0,0,None,,,,,a,10570.png,,red_3018.png,86,61,1,63,45,73,3,1,1,69,1,1,75,0,1,1,1,1,1,1,1,1,1,1,100,4,1,1,1,1,43,52,39,38,38,63,87,0,31,31,53,83,39,70,74
2349,,85,1991,1985,Shawn,Miller,2,16,7,1985,Utah State,98,,6,30,76,255,DT,2100000,2,2100000,2100000,0,0,0,0,0,0,0,0,0,0,0,0,None,,,,,a,10581.png,,darkbrown_3015.png,87,57,1,60,30,60,1,1,1,70,1,1,68,0,1,1,1,1,1,1,1,1,1,1,95,1,1,1,1,1,43,99,82,62,95,65,70,0,32,45,48,92,40,34,40
5462,,78,1991,1987,Anthony,Montgomery,20,4,15,1987,Minnesota,93,,4,26,77,301,DT,400000,2,400000,400000,0,0,0,0,0,0,0,0,0,0,0,0,None,,,,,a,10598.png,default-jersey-01.png,lightbrown_3065.png,78,57,1,61,30,51,1,1,1,66,1,1,72,0,1,1,1,1,1,1,1,1,1,1,91,8,1,1,1,1,65,41,45,68,55,50,92,0,32,42,38,78,48,56,37
2035,,75,1991,1985,Derland,Moore,0,18,13,1985,Oklahoma,70,,2,36,76,250,DT,0,0,0,0,0,0,0,0,0,0,0,0,0,0,0,0,None,,,,,b,0024.png,,black_3052.png,71,53,1,46,25,61,1,1,1,64,1,1,72,0,1,1,1,1,1,1,1,1,1,1,95,37,1,1,1,1,94,63,69,87,65,53,76,0,39,50,51,77,33,50,50
3413,,59,1991,0,Tim,Morabito,0,0,0,0,Boston College,62,,1,24,75,296,DT,0,0,0,0,0,0,0,0,0,0,0,0,0,0,0,0,None,,,,,b,10087.png,,lightbrown_3001.png,65,55,1,58,24,41,1,1,1,46,1,1,54,0,1,1,1,1,1,1,1,1,1,1,26,1,1,1,1,1,64,57,42,63,49,44,84,0,39,32,55,83,40,37,87
3213,,60,1991,1985,Dwaine,Morris,0,45,15,1985,La-Lafayette,69,,4,26,74,260,DT,0,0,0,0,0,0,0,0,0,0,0,0,0,0,0,0,None,,,,,b,0074.png,,darkbrown_3016.png,65,32,1,44,21,40,1,1,1,43,1,1,51,0,1,1,1,1,1,1,1,1,1,1,86,1,1,1,1,1,68,31,39,88,51,42,73,0,30,35,46,82,40,69,1
10015,,64,1991,0,Michael,Myers,0,0,0,0,Alabama,66,,1,23,74,300,DT,0,0,0,0,0,0,0,0,0,0,0,0,0,0,0,0,None,,,,,b,0008.png,,darkbrown_3020.png,69,55,1,47,24,45,1,1,1,50,1,1,59,0,1,1,1,1,1,1,1,1,1,1,56,35,30,1,1,1,37,65,56,69,49,70,88,0,30,30,56,83,44,44,71
3625,,90,1991,1986,Bronko,Nagurski,10,1,16,1986,Minnesota,70,,5,27,74,226,DT,3100000,4,3100000,3100000,3100000,3100000,0,0,0,0,0,0,0,0,0,0,None,Athlete,,,,a,10552.png,,black_3024.png,87,65,10,67,45,60,10,48,55,78,10,10,93,0,1,1,52,1,1,13,27,4,1,1,100,28,1,1,1,1,50,82,78,57,56,35,77,0,38,48,64,98,39,66,17
2212,,84,1991,1985,Joe,Nash,12,15,11,1985,Boston College,72,,6,31,75,278,DT,1750000,2,1750000,1750000,0,0,0,0,0,0,0,0,0,0,0,0,None,ConsummatePro,,,,b,0039.png,,black_3071.png,86,62,3,59,40,59,1,1,1,65,1,1,68,0,1,1,1,1,1,1,1,1,1,1,100,1,1,1,1,1,88,74,83,74,97,81,76,0,49,46,30,86,39,56,86
10005,,79,1991,1990,Bob,Nelson,3,4,20,1990,Miami (FL),79,,1,28,76,272,DT,500000,2,500000,500000,0,0,0,0,0,0,0,0,0,0,0,0,None,NoseTackle,,,,a,10553.png,,black_3021.png,88,49,1,50,40,50,1,1,1,65,1,1,68,0,1,1,1,1,1,1,1,1,1,1,62,26,26,1,1,1,57,78,98,56,69,81,74,0,50,40,39,93,45,69,32
2866,,76,1991,1985,Tim,Newton,18,30,6,1985,Florida,96,,6,28,72,280,DT,250000,3,250000,250000,250000,0,0,0,0,0,0,0,0,0,0,0,None,,,,,a,10581.png,,darkbrown_3019.png,71,73,1,69,47,43,1,1,1,67,1,1,67,0,1,1,1,1,1,1,1,1,1,1,74,1,1,1,1,1,66,40,52,53,53,52,70,0,50,49,54,88,44,33,86
5472,,88,1991,1987,Haloti,Ngata,2,1,11,1987,Oregon,74,,4,26,76,335,DT,8614380,2,8614380,8614380,0,0,0,0,0,0,0,0,0,0,0,0,None,SpeedRusher,,,,a,0112.png,default-jersey-01.png,blonde_3004.png,84,72,1,81,43,65,2,1,2,70,1,1,74,0,1,1,1,1,1,1,1,1,1,1,97,56,21,1,1,1,87,44,54,73,63,58,89,0,35,45,62,87,41,70,88
7052,,68,1991,1988,Amobi,Okoye,0,5,5,1988,Louisville,77,,3,22,74,302,DT,0,0,0,0,0,0,0,0,0,0,0,0,0,0,0,0,None,,,,,b,10056.png,,darkbrown_3014.png,67,58,1,56,29,54,1,1,1,61,1,1,52,0,1,1,1,1,1,1,1,1,1,1,42,15,1,1,1,1,33,57,33,17,4,17,88,0,45,42,61,74,41,34,52
7101,,58,1991,0,Chase,Page,0,0,0,0,North Carolina,72,,1,24,76,285,DT,0,0,0,0,0,0,0,0,0,0,0,0,0,0,0,0,None,,,,,a,0138.png,,black_3040.png,66,44,1,45,32,44,1,1,1,44,1,1,56,0,1,1,1,1,1,1,1,1,1,1,28,5,1,1,1,1,3,78,72,18,87,67,81,0,45,33,45,72,46,55,79
5488,,81,1991,1987,Domata,Peko,10,4,9,1987,Michigan State,72,,4,26,75,307,DT,1750000,1,1750000,0,0,0,0,0,0,0,0,0,0,0,0,0,None,,,,,a,0144.png,,red_3032.png,76,61,1,62,30,57,1,1,1,71,1,1,72,0,1,1,1,1,1,1,1,1,1,1,96,15,1,1,1,1,36,99,64,39,81,67,71,0,36,36,60,92,33,43,69
2636,,80,1991,1985,William,Perry,9,16,8,1985,Clemson,74,,6,29,74,325,DT,1600000,1,1600000,0,0,0,0,0,0,0,0,0,0,0,0,0,None,MediaDarling,,,,b,0046.png,default-jersey-01.png,black_3025.png,71,54,1,60,43,65,1,1,1,68,1,1,68,0,1,1,1,1,1,1,1,1,1,1,100,1,1,1,1,1,48,94,96,38,91,68,88,0,43,34,67,85,47,51,94
12598,,62,1991,0,Ed,Philion,0,0,0,0,Ferris State,71,,0,24,74,277,DT,0,0,0,0,0,0,0,0,0,0,0,0,0,0,0,0,None,,,,,b,10062.png,,bald_3013.png,73,45,1,44,25,42,1,1,1,43,1,1,57,0,1,1,1,1,1,1,1,1,1,1,56,35,35,1,1,1,73,64,38,92,38,65,71,0,41,49,59,87,37,69,91
10004,,79,1991,1990,Joe,Phillips,5,6,12,1990,Oregon State,78,,1,24,77,298,DT,250000,1,250000,0,0,0,0,0,0,0,0,0,0,0,0,0,None,FanFavorite,,,,b,10100.png,default-jersey-01.png,black_3061.png,84,48,1,52,32,59,1,1,1,68,1,1,73,0,1,1,1,1,1,1,1,1,1,1,57,27,26,1,1,1,33,64,32,21,40,1,76,0,45,44,62,92,43,41,73
2937,,59,1991,1985,Bill,Pickel,0,39,3,1985,Rutgers,61,,6,32,77,265,DT,0,0,0,0,0,0,0,0,0,0,0,0,0,0,0,0,None,,,,,a,0122.png,,black_3060.png,57,42,1,50,24,59,1,1,1,48,1,1,55,0,1,1,1,1,1,1,1,1,1,1,50,1,1,1,1,1,63,63,79,33,99,60,97,0,41,47,54,96,43,53,53
7327,,60,1991,0,Quinn,Pitcock,0,0,0,0,Ohio State,66,,1,24,75,299,DT,0,0,0,0,0,0,0,0,0,0,0,0,0,0,0,0,None,,,,,a,10566.png,,red_3001.png,67,55,1,52,22,37,1,1,1,44,1,1,48,0,1,1,1,1,1,1,1,1,1,1,58,3,1,1,1,1,7,43,33,34,25,25,81,0,42,43,50,85,47,30,81
2347,,81,1991,1985,Mike,Pitts,4,15,12,1985,Alabama,74,,6,31,77,277,DT,1850000,1,1850000,0,0,0,0,0,0,0,0,0,0,0,0,0,None,,,,,b,0014.png,default-jersey-01.png,black_3080.png,78,48,1,74,40,54,1,1,1,67,1,1,71,0,1,1,1,1,1,1,1,1,1,1,96,1,1,1,1,1,4,91,95,9,82,95,92,0,36,48,67,71,30,32,50
3272,,60,1991,1985,David,Ponder,0,52,11,1985,Florida State,97,,2,25,75,248,DT,0,0,0,0,0,0,0,0,0,0,0,0,0,0,0,0,None,,,,,c,0249.png,,darkbrown_3013.png,63,43,1,45,21,37,1,1,1,51,1,1,52,0,1,1,1,1,1,1,1,1,1,1,62,1,1,1,1,1,60,72,66,78,78,97,81,0,35,32,70,93,45,41,30
6098,,72,1991,0,Kelvin,Pritchett,0,0,0,0,Mississippi,76,,4,26,75,322,DT,0,0,0,0,0,0,0,0,0,0,0,0,0,0,0,0,None,,,,,a,10594.png,default-jersey-01.png,darkbrown_3049.png,77,53,1,56,27,54,1,1,1,55,1,1,72,0,1,1,1,1,1,1,1,1,1,1,74,6,1,1,1,1,39,55,36,57,44,43,73,0,34,32,43,74,30,63,78
10008,,75,1991,1990,Derrick,Ransom,15,6,14,1990,Cincinnati,76,,1,23,75,306,DT,250000,1,250000,0,0,0,0,0,0,0,0,0,0,0,0,0,None,,,,,b,0066.png,default-jersey-01.png,blonde_3004.png,82,57,1,56,30,47,1,1,1,61,1,1,65,0,1,1,1,1,1,1,1,1,1,1,67,27,26,1,1,1,69,87,96,53,72,62,82,0,34,49,39,97,45,47,47
2684,,74,1991,1985,Doug,Reed,0,44,17,1985,San Diego State,67,,6,31,75,254,DT,0,0,0,0,0,0,0,0,0,0,0,0,0,0,0,0,None,,,,,a,0117.png,default-jersey-01.png,blonde_3045.png,73,59,1,39,21,61,1,1,1,65,1,1,52,0,1,1,1,1,1,1,1,1,1,1,85,42,8,1,1,1,11,70,86,39,70,75,86,0,43,34,43,94,46,31,1
10027,,59,1991,0,Leonta,Rheams,0,0,0,0,Houston,72,,1,23,74,303,DT,0,0,0,0,0,0,0,0,0,0,0,0,0,0,0,0,None,,,,,b,0086.png,,bald_3023.png,66,53,1,51,19,43,1,1,1,42,1,1,57,0,1,1,1,1,1,1,1,1,1,1,51,35,30,1,1,1,82,62,58,65,32,63,75,0,30,30,31,90,40,57,80
12600,,60,1991,0,Austin,Robbins,0,0,0,0,North Carolina,70,,0,23,78,290,DT,0,0,0,0,0,0,0,0,0,0,0,0,0,0,0,0,None,,,,,b,10069.png,,black_3055.png,60,44,1,48,19,49,1,1,1,49,1,1,62,0,1,1,1,1,1,1,1,1,1,1,55,35,35,1,1,1,73,65,45,76,31,53,83,0,46,30,45,97,40,56,97
12925,24438,66,1991,0,Tyrone,Rodgers,0,0,0,0,Oklahoma,0,,0,23,75,271,DT,0,0,0,0,0,0,0,0,0,0,0,0,0,0,0,0,None,,,,,,,,,69,54,1,46,28,47,1,1,1,47,1,1,49,0,0,0,0,0,0,0,0,0,0,0,94,0,0,0,0,0,66,32,59,68,41,38,94,0,44,40,55,96,36,36,71
12530,,89,1991,1991,Andre,Roussimoff,15,1,13,1991,Grenoble,99,,0,25,88,520,DT,2000000,4,2000000,2000000,2000000,2000000,0,0,0,0,0,0,0,0,0,0,None,MediaDarling,,,,b,0084.png,default-jersey-01.png,bald_3011.png,99,45,1,35,62,76,1,80,80,70,1,1,60,0,1,1,1,1,1,25,52,25,1,1,57,25,25,1,1,1,63,60,39,66,37,60,82,0,41,41,57,100,47,32,67
3456,,83,1991,1986,Orpheus,Roye,20,2,2,1986,Florida State,66,,5,28,76,320,DT,1000000,1,1000000,0,0,0,0,0,0,0,0,0,0,0,0,0,None,,,,,b,0009.png,default-jersey-01.png,black_3037.png,88,50,1,65,26,65,1,1,1,62,1,1,71,0,1,1,1,1,1,1,1,1,1,1,100,11,1,1,1,1,11,56,60,22,25,1,70,0,30,50,52,88,49,61,29
12941,24757,72,1991,0,Keith,Rucker,0,0,0,0,Eastern Michigan,0,,0,24,76,332,DT,0,0,0,0,0,0,0,0,0,0,0,0,0,0,0,0,None,,,,,,,,,72,52,1,49,30,57,1,1,1,56,1,1,54,0,0,0,0,0,0,0,0,0,0,0,88,13,0,0,0,0,44,64,68,33,64,75,80,0,39,33,68,78,31,63,84
10029,,57,1991,0,Mike,Ruth,0,0,0,0,Boston College,63,,1,23,74,266,DT,0,0,0,0,0,0,0,0,0,0,0,0,0,0,0,0,None,,,,,b,10063.png,,black_3029.png,66,52,1,43,24,33,1,1,1,43,1,1,46,0,1,1,1,1,1,1,1,1,1,1,45,35,30,1,1,1,37,50,54,57,70,49,81,0,39,37,42,76,31,47,83
7112,,61,1991,0,Clifton,Ryan,0,0,0,0,Michigan State,63,,1,23,74,290,DT,0,0,0,0,0,0,0,0,0,0,0,0,0,0,0,0,None,,,,,a,10576.png,,red_3004.png,65,40,1,62,39,49,1,1,1,47,1,1,58,0,1,1,1,1,1,1,1,1,1,1,20,1,1,1,1,1,30,34,50,22,2,30,72,0,44,48,50,74,45,31,87
6078,,81,1991,0,Pio,Sagapolutele,11,0,0,0,San Diego State,69,,4,26,78,297,DT,1950000,1,1950000,0,0,0,0,0,0,0,0,0,0,0,0,0,None,,,,,a,10555.png,default-jersey-01.png,red_3023.png,87,51,1,68,40,54,1,1,1,64,1,1,75,0,1,1,1,1,1,1,1,1,1,1,64,11,1,1,1,1,79,65,97,66,74,83,72,0,31,42,36,71,32,37,98
10009,,76,1991,0,Joe,Salave'a,18,0,0,0,Arizona,73,,1,24,75,317,DT,250000,1,250000,0,0,0,0,0,0,0,0,0,0,0,0,0,None,,,,,b,10072.png,default-jersey-01.png,black_3076.png,82,55,1,62,40,68,1,1,1,55,1,1,55,0,1,1,1,1,1,1,1,1,1,1,60,27,27,1,1,1,28,50,49,19,39,13,70,0,35,36,61,97,40,45,95
2869,,63,1991,1985,Jerome,Sally,0,29,2,1985,Missouri,76,,6,32,75,267,DT,0,0,0,0,0,0,0,0,0,0,0,0,0,0,0,0,None,,,,,b,0098.png,,black_3067.png,65,42,1,41,26,52,1,1,1,53,1,1,50,0,1,1,1,1,1,1,1,1,1,1,55,18,1,1,1,1,63,69,35,64,43,56,88,0,31,37,57,98,46,44,80
3460,,58,1991,0,Michael,Samson,0,0,0,0,Grambling State,66,,1,24,75,294,DT,0,0,0,0,0,0,0,0,0,0,0,0,0,0,0,0,None,,,,,b,10068.png,,black_3065.png,58,43,1,55,21,37,1,1,1,52,1,1,46,0,1,1,1,1,1,1,1,1,1,1,42,6,1,1,1,1,34,55,30,34,65,54,77,0,42,41,39,90,33,62,83
10030,,60,1991,0,Henry,Slay,0,0,0,0,West Virginia,69,,1,24,74,290,DT,0,0,0,0,0,0,0,0,0,0,0,0,0,0,0,0,None,,,,,a,10576.png,,lightbrown_3093.png,64,51,1,42,32,51,1,1,1,43,1,1,55,0,1,1,1,1,1,1,1,1,1,1,54,35,30,1,1,1,34,50,36,35,59,38,82,0,44,44,47,97,37,40,70
3149,,60,1991,1985,Don,Smerek,0,44,18,1985,Nevada-Reno,60,,3,31,79,255,DT,0,0,0,0,0,0,0,0,0,0,0,0,0,0,0,0,None,,,,,a,0107.png,,lightbrown_3081.png,59,32,1,52,22,39,1,1,1,52,1,1,45,0,1,1,1,1,1,1,1,1,1,1,71,1,1,1,1,1,91,64,69,81,49,54,84,0,41,38,59,85,48,46,91
2346,,66,1991,1985,Fred,Smerlas,0,12,10,1985,Boston College,71,,5,33,75,277,DT,0,0,0,0,0,0,0,0,0,0,0,0,0,0,0,0,None,NoseTackle,,,,b,0034.png,,black_3022.png,62,56,1,39,38,48,1,1,1,54,1,1,62,0,1,1,1,1,1,1,1,1,1,1,84,4,1,1,1,1,78,60,62,86,68,69,82,0,35,42,64,76,39,63,38
2407,,74,1991,1985,Doug,Smith DT,14,17,7,1985,Auburn,62,,6,32,76,294,DT,250000,1,250000,0,0,0,0,0,0,0,0,0,0,0,0,0,None,,,,,a,0131.png,default-jersey-01.png,blonde_3040.png,71,50,1,47,31,64,1,1,1,60,1,1,71,0,1,1,1,1,1,1,1,1,1,1,95,1,1,1,1,1,38,98,92,47,79,100,81,0,32,45,42,81,47,34,55
2999,,63,1991,1985,Brian,Sochia,0,44,4,1985,Northwest Oklahoma State,61,,5,29,75,270,DT,0,0,0,0,0,0,0,0,0,0,0,0,0,0,0,0,None,,,,,c,0234.png,,darkbrown_3006.png,69,39,1,41,19,50,1,1,1,51,1,1,58,0,1,1,1,1,1,1,1,1,1,1,47,1,1,1,1,1,32,64,72,43,38,57,98,0,46,37,39,83,33,53,3
7322,,64,1991,1988,Paul,Soliai,0,4,19,1988,Utah,76,,3,26,76,344,DT,0,0,0,0,0,0,0,0,0,0,0,0,0,0,0,0,None,,,,,a,0144.png,,red_3030.png,64,66,1,64,32,49,1,1,1,60,1,1,58,0,1,1,1,1,1,1,1,1,1,1,1,63,11,1,1,1,95,86,60,92,66,89,73,0,38,38,33,96,45,46,1
12599,,60,1991,0,Sylvester,Stanley,0,0,0,0,Michigan,69,,0,24,74,286,DT,0,0,0,0,0,0,0,0,0,0,0,0,0,0,0,0,None,,,,,b,10071.png,,bald_3006.png,59,46,1,42,25,42,1,1,1,53,1,1,54,0,1,1,1,1,1,1,1,1,1,1,53,35,35,1,1,1,61,96,66,63,67,78,76,0,48,41,45,99,32,42,92
12758,27302,78,1991,0,Joel,Steed,0,0,0,0,Colorado,0,,0,23,74,300,DT,0,0,0,0,0,0,0,0,0,0,0,0,0,0,0,0,None,,,,,,,,,80,47,1,50,42,60,1,1,1,65,1,1,72,0,0,0,0,0,0,0,0,0,0,0,67,27,0,0,0,0,33,88,96,66,72,66,78,0,38,33,31,94,47,40,81
2867,,68,1991,1985,Mike,Stensrud,0,35,8,1985,Iowa State,77,,5,34,77,280,DT,0,0,0,0,0,0,0,0,0,0,0,0,0,0,0,0,None,,,,,a,0117.png,,blonde_3056.png,69,56,1,59,36,42,1,1,1,58,1,1,51,0,1,1,1,1,1,1,1,1,1,1,57,7,1,1,1,1,69,63,77,39,73,78,100,0,39,41,68,80,45,32,59
8443,,83,1991,1989,Jim,Stillwagon,5,5,7,1989,Ohio State,96,,2,23,72,239,DT,2450000,6,2450000,2450000,2450000,2450000,2450000,2450000,0,0,0,0,0,0,0,0,None,CommunityBenefactor,,,,a,0141.png,default-jersey-01.png,darkbrown_3061.png,95,63,1,69,49,48,4,4,1,56,2,1,62,0,1,1,1,1,1,1,1,1,1,1,89,45,27,1,1,1,95,65,32,91,58,69,75,0,43,33,57,83,37,44,46
6004,,90,1991,0,Eric,Swann,17,0,0,0,Wake Technical Community College,74,,4,25,77,307,DT,7700000,1,7700000,0,0,0,0,0,0,0,0,0,0,0,0,0,None,,,,,b,10096.png,,black_3092.png,86,66,1,77,35,72,1,1,1,75,1,1,59,0,1,1,1,1,1,1,1,1,1,1,98,11,1,1,1,1,97,30,69,86,40,70,100,0,48,47,48,73,37,35,0
10021,,63,1991,0,Henry,Taylor,0,0,0,0,South Carolina,70,,1,24,74,295,DT,0,0,0,0,0,0,0,0,0,0,0,0,0,0,0,0,None,,,,,b,0036.png,,lightbrown_3002.png,71,45,1,44,30,43,1,1,1,49,1,1,61,0,1,1,1,1,1,1,1,1,1,1,50,35,30,1,1,1,22,50,39,20,38,5,83,0,30,38,59,99,39,55,71
3497,,81,1991,1986,Hollis,Thomas,12,5,10,1986,Northern Illinois,76,,5,27,72,306,DT,1950000,3,1950000,1950000,1750000,0,0,0,0,0,0,0,0,0,0,0,None,,,,,b,10065.png,default-jersey-01.png,black_3093.png,86,67,1,50,44,65,1,1,1,62,1,1,68,0,1,1,1,1,1,1,1,1,1,1,71,21,1,1,1,1,13,54,58,47,7,26,98,0,44,50,32,93,47,52,39
6229,,63,1991,0,George,Thornton,0,0,0,0,Alabama,61,,1,24,75,300,DT,0,0,0,0,0,0,0,0,0,0,0,0,0,0,0,0,None,,,,,b,0011.png,,black_3017.png,65,54,1,51,27,56,1,1,1,47,1,1,51,0,1,1,1,1,1,1,1,1,1,1,55,14,1,1,1,1,39,88,87,41,65,62,81,0,30,42,44,74,45,54,77
6212,,63,1991,0,John,Thornton,0,0,0,0,Cincinnati,73,,4,26,75,303,DT,0,0,0,0,0,0,0,0,0,0,0,0,0,0,0,0,None,,,,,b,10056.png,,darkbrown_3001.png,70,41,1,46,22,47,1,1,1,52,1,1,58,0,1,1,1,1,1,1,1,1,1,1,38,11,1,1,1,1,44,90,79,61,72,85,76,0,40,34,30,76,36,44,27
7292,,56,1991,0,Matt,Toeaina,0,0,0,0,Oregon,70,,2,24,74,301,DT,0,0,0,0,0,0,0,0,0,0,0,0,0,0,0,0,None,,,,,a,10575.png,,lightbrown_3077.png,58,46,1,41,21,42,1,1,1,43,1,1,53,0,1,1,1,1,1,1,1,1,1,1,64,9,1,1,1,1,54,45,31,46,53,61,96,0,50,32,35,73,50,58,41
7179,,85,1991,1988,George,Trafton,13,2,2,1988,Notre Dame,13,,3,26,74,230,DT,1800000,3,1800000,1800000,1800000,0,0,0,0,0,0,0,0,0,0,0,None,NoseTackle,,,,a,10559.png,,black_3058.png,78,41,1,71,44,72,1,70,77,72,1,1,85,0,1,1,1,1,1,27,26,49,1,1,95,31,1,1,1,1,66,91,87,80,85,84,99,0,43,45,30,74,48,30,32
5990,,79,1991,0,Keith,Traylor,11,0,0,0,Central Oklahoma,64,,4,26,74,340,DT,2250000,4,2250000,2200000,2100000,2000000,0,0,0,0,0,0,0,0,0,0,None,,,,,a,10569.png,default-jersey-01.png,darkbrown_3102.png,74,71,1,73,42,70,1,1,1,58,1,1,71,0,1,1,1,1,1,1,1,1,1,1,96,13,1,1,1,1,65,48,58,69,48,56,83,0,49,45,34,90,36,67,58
6139,,78,1991,0,Esera,Tuaolo,8,0,0,0,Oregon State,76,,4,27,74,277,DT,250000,2,250000,250000,0,0,0,0,0,0,0,0,0,0,0,0,None,,,,,b,0046.png,default-jersey-01.png,black_3098.png,79,43,1,49,30,52,1,1,1,69,1,1,76,0,1,1,1,1,1,1,1,1,1,1,78,4,1,1,1,1,20,59,52,36,39,37,91,0,48,39,59,85,40,38,34
3249,,59,1991,1985,Manu,Tuiasosopo,0,51,18,1985,UCLA,66,,2,30,75,255,DT,0,0,0,0,0,0,0,0,0,0,0,0,0,0,0,0,None,,,,,b,0010.png,,black_3088.png,60,42,1,47,24,47,1,1,1,52,1,1,55,0,1,1,1,1,1,1,1,1,1,1,37,5,1,1,1,1,26,67,73,9,94,100,98,0,34,49,47,79,50,56,80
7375,,78,1991,1988,Tank,Tyler,9,4,3,1988,North Carolina State,79,,3,24,74,306,DT,1100000,2,1100000,1100000,0,0,0,0,0,0,0,0,0,0,0,0,None,,,,,b,0001.png,default-jersey-01.png,black_3081.png,79,58,1,65,28,48,1,1,1,68,1,1,64,0,1,1,1,1,1,1,1,1,1,1,78,24,1,1,1,1,61,80,100,57,90,66,88,0,32,32,41,70,32,35,96
12594,,68,1991,0,Rob,Waldrop,0,0,0,0,Arizona,69,,0,23,73,276,DT,0,0,0,0,0,0,0,0,0,0,0,0,0,0,0,0,None,,,,,a,10558.png,,blonde_3041.png,76,52,1,45,27,53,1,1,1,51,1,1,62,0,1,1,1,1,1,1,1,1,1,1,53,35,35,1,1,1,80,65,58,86,54,31,77,0,46,44,30,92,46,46,83
3269,,56,1991,0,Ronnie,Washington,0,0,0,0,La-Monroe,92,,2,24,73,245,DT,0,0,0,0,0,0,0,0,0,0,0,0,0,0,0,0,None,,,,,a,0147.png,,darkbrown_3068.png,50,61,1,49,32,41,1,1,1,59,1,1,62,0,1,1,1,1,1,1,1,1,1,1,1,7,28,1,15,1,16,84,86,17,68,79,71,0,46,49,59,71,43,66,90
6034,,83,1991,0,Ted,Washington,8,0,0,0,Louisville,68,,4,27,77,365,DT,2400000,5,2400000,2400000,2400000,2400000,2400000,0,0,0,0,0,0,0,0,0,None,Perceptive,,,,b,0021.png,,black_3036.png,78,51,1,65,42,55,1,1,1,73,1,1,74,0,1,1,1,1,1,1,1,1,1,1,100,13,1,1,1,1,72,78,74,94,78,75,87,0,46,41,70,83,33,66,16
5576,,69,1991,0,Gabe,Watson,0,0,0,0,Michigan,79,,4,27,75,340,DT,0,0,0,0,0,0,0,0,0,0,0,0,0,0,0,0,None,,,,,a,10583.png,,darkbrown_3082.png,74,57,1,52,37,46,1,1,1,50,1,1,46,0,1,1,1,1,1,1,1,1,1,1,74,6,1,1,1,1,30,54,58,16,24,20,78,0,49,46,36,70,31,54,90
12732,30286,74,1991,0,Larry,Webster,0,0,0,0,Maryland,0,,0,23,77,310,DT,0,0,0,0,0,0,0,0,0,0,0,0,0,0,0,0,None,,,,,,,,,77,60,1,65,30,48,1,1,1,64,1,1,70,0,0,0,0,0,0,0,0,0,0,0,43,22,0,0,0,0,35,62,70,34,98,73,86,0,42,40,69,80,37,46,71
12590,,74,1991,1991,Mike,Wells,15,5,13,1991,Iowa,64,,0,23,75,310,DT,250000,2,250000,250000,0,0,0,0,0,0,0,0,0,0,0,0,None,,,,,a,0143.png,,lightbrown_3099.png,76,43,1,54,32,59,1,1,1,64,1,1,65,0,1,1,1,1,1,1,1,1,1,1,55,32,30,1,1,1,17,76,83,34,70,77,77,0,35,36,52,85,43,66,85
12895,30535,67,1991,0,Mark,Wheeler,0,0,0,0,Texas A&M,0,,0,22,75,285,DT,0,0,0,0,0,0,0,0,0,0,0,0,0,0,0,0,None,,,,,,,,,73,56,1,53,39,60,1,1,1,54,1,1,58,0,0,0,0,0,0,0,0,0,0,0,18,9,0,0,0,0,67,37,36,41,53,59,70,0,43,46,70,75,43,30,96
3148,,63,1991,1985,Brad,White,0,44,15,1985,Tennessee,92,,3,30,74,256,DT,0,0,0,0,0,0,0,0,0,0,0,0,0,0,0,0,None,,,,,a,0104.png,,black_3060.png,62,37,1,54,28,46,1,1,1,54,1,1,47,0,1,1,1,1,1,1,1,1,1,1,61,16,1,1,1,1,20,59,69,23,32,16,74,0,37,35,69,95,36,38,34
1821,,88,1991,1985,Randy,White,0,2,13,1985,Maryland,54,,1,33,76,257,DT,0,0,0,0,0,0,0,0,0,0,0,0,0,0,0,0,None,LockerLeader,,,,a,10573.png,,darkbrown_3102.png,80,74,8,74,44,59,1,5,9,78,3,1,83,0,1,1,1,1,1,1,1,1,1,1,96,31,1,1,1,1,76,62,85,71,66,86,80,0,39,48,54,80,49,32,69
12806,30651,73,1991,0,Reggie,White,0,0,0,0,North Carolina A&T,0,,0,22,76,296,DT,0,0,0,0,0,0,0,0,0,0,0,0,0,0,0,0,None,,,,,,,,,82,49,1,51,23,45,1,1,1,57,1,1,63,0,0,0,0,0,0,0,0,0,0,0,75,18,0,0,0,0,4,74,76,21,62,92,72,0,36,44,35,85,45,55,87
12588,,75,1991,1991,Dan,Wilkinson,10,4,10,1991,Ohio State,73,,0,21,76,335,DT,500000,3,500000,500000,500000,0,0,0,0,0,0,0,0,0,0,0,None,RawTalent,,,,b,0005.png,default-jersey-01.png,bald_3010.png,76,57,1,62,35,51,1,1,1,67,1,1,61,0,1,1,1,1,1,1,1,1,1,1,54,32,31,1,1,1,32,73,99,36,97,66,86,0,33,35,34,97,32,58,75
6241,,56,1991,0,Chris,Williams,0,0,0,0,American International College,70,,1,24,75,304,DT,0,0,0,0,0,0,0,0,0,0,0,0,0,0,0,0,None,,,,,a,10578.png,,lightbrown_3014.png,60,45,1,51,30,51,1,1,1,42,1,1,49,0,1,1,1,1,1,1,1,1,1,1,20,8,1,1,1,1,38,68,72,19,63,68,70,0,30,44,66,75,47,43,72
10028,,59,1991,0,George,Williams,0,0,0,0,North Carolina State,76,,1,24,75,294,DT,0,0,0,0,0,0,0,0,0,0,0,0,0,0,0,0,None,,,,,b,0024.png,,darkbrown_3017.png,62,41,1,54,20,40,1,1,1,47,1,1,52,0,1,1,1,1,1,1,1,1,1,1,55,35,30,1,1,1,84,61,45,88,52,51,86,0,33,50,38,91,36,46,86
10012,,65,1991,0,Gerald,Williams,0,0,0,0,Auburn,67,,1,24,75,290,DT,0,0,0,0,0,0,0,0,0,0,0,0,0,0,0,0,None,,,,,b,0073.png,,black_3096.png,67,58,1,64,27,43,1,1,1,53,1,1,56,0,1,1,1,1,1,1,1,1,1,1,47,35,30,1,1,1,4,96,79,27,97,89,72,0,33,39,32,94,47,51,75
5594,,95,1991,1987,Kyle,Williams,11,1,3,1987,LSU,99,,4,27,73,300,DT,4300000,3,4300000,4300000,4300000,0,0,0,0,0,0,0,0,0,0,0,None,OFRedFlags,,,,b,0094.png,,black_3062.png,91,66,1,69,36,69,1,3,1,85,1,1,74,0,1,1,1,1,1,1,1,1,1,1,100,22,1,1,1,1,84,41,65,71,41,34,76,0,33,43,37,79,46,60,15
7346,,69,1991,1988,Rodrique,Wright,0,7,9,1988,Texas,61,,3,25,77,310,DT,0,0,0,0,0,0,0,0,0,0,0,0,0,0,0,0,None,,,,,a,0135.png,,darkbrown_3088.png,68,46,1,50,19,40,1,1,1,59,1,1,47,0,1,1,1,1,1,1,1,1,1,1,96,11,1,1,1,1,67,33,33,60,32,34,91,0,39,38,30,82,38,62,1
5610,,73,1991,0,Claude,Wroten,0,0,0,0,LSU,78,,4,27,74,300,DT,0,0,0,0,0,0,0,0,0,0,0,0,0,0,0,0,None,,,,,b,10079.png,,black_3060.png,76,53,1,57,35,45,1,1,1,54,1,1,63,0,1,1,1,1,1,1,1,1,1,1,99,1,1,1,1,1,69,35,33,75,49,66,88,0,37,37,60,99,37,62,1
12583,,88,1991,1991,Bryant,Young,13,1,12,1991,Notre Dame,99,,0,22,75,291,DT,2000000,4,2000000,2000000,2000000,2000000,0,0,0,0,0,0,0,0,0,0,None,BullRusher,,,,a,10558.png,default-jersey-01.png,lightbrown_3052.png,85,69,1,79,46,57,1,1,1,80,5,9,68,0,1,1,1,1,1,1,1,1,1,1,58,32,32,1,1,1,89,68,65,70,53,44,78,0,30,49,30,97,47,67,60
6150,,74,1991,0,Chris,Zorich,0,0,0,0,Notre Dame,68,,4,26,73,278,DT,0,0,0,0,0,0,0,0,0,0,0,0,0,0,0,0,None,ConsummatePro,,,,b,10075.png,default-jersey-01.png,black_3075.png,76,52,1,74,30,51,1,1,1,62,1,1,69,0,1,1,1,1,1,1,1,1,1,1,47,43,1,1,1,1,63,95,63,65,74,98,86,0,35,46,62,75,30,46,39
7173,,85,1991,1988,Gaines,Adams,3,2,8,1988,Clemson,59,,3,26,77,258,DE,250000,2,250000,250000,0,0,0,0,0,0,0,0,0,0,0,0,None,,,,,b,0048.png,default-jersey-01.png,bald_3039.png,79,58,1,75,28,61,1,1,1,66,1,1,70,0,1,1,1,1,1,1,1,1,1,1,26,71,20,1,1,1,78,59,35,64,46,32,82,0,33,45,50,70,43,32,86
6073,,64,1991,0,Mel,Agee,0,0,0,0,Illinois,67,,3,26,77,300,DE,0,0,0,0,0,0,0,0,0,0,0,0,0,0,0,0,None,FilmGeek,,,,a,0125.png,,darkbrown_3006.png,58,45,1,51,21,55,1,1,1,51,1,1,60,0,1,1,1,1,1,1,1,1,1,1,5,55,5,1,1,1,39,46,64,50,36,44,70,0,41,42,57,97,45,61,1
7189,,63,1991,0,Ikaika,Alama-Francis,0,0,0,0,Hawaii,75,,1,23,77,280,DE,0,0,0,0,0,0,0,0,0,0,0,0,0,0,0,0,None,,,,,b,10097.png,,black_3079.png,64,43,1,65,20,41,1,1,1,39,1,1,52,0,1,1,1,1,1,1,1,1,1,1,15,52,12,1,1,1,80,73,98,75,92,87,81,0,39,45,46,70,49,53,94
9993,,61,1991,0,Vincent,Amey,0,0,0,0,Arizona State,63,,1,24,74,289,DE,0,0,0,0,0,0,0,0,0,0,0,0,0,0,0,0,None,,,,,b,0094.png,,black_3034.png,53,49,1,50,17,49,1,1,1,51,1,1,55,0,1,1,1,1,1,1,1,1,1,1,35,50,30,1,1,1,18,76,84,12,82,67,92,0,31,43,32,96,32,53,75
12575,,66,1991,0,Dunstan,Anderson,0,0,0,0,Tulsa,78,,0,24,75,260,DE,0,0,0,0,0,0,0,0,0,0,0,0,0,0,0,0,None,,,,,a,0146.png,,blonde_3048.png,61,50,1,62,24,40,1,1,1,50,1,1,58,0,1,1,1,1,1,1,1,1,1,1,35,53,35,1,1,1,15,51,40,15,26,11,79,0,44,33,42,94,30,32,91
7197,,75,1991,1988,Jamaal,Anderson,0,3,14,1988,Arkansas,64,,3,23,77,288,DE,0,0,0,0,0,0,0,0,0,0,0,0,0,0,0,0,None,,,,,b,10068.png,,black_3002.png,62,56,1,62,32,43,1,1,1,60,1,1,61,0,1,1,1,1,1,1,1,1,1,1,1,93,11,1,1,1,56,45,64,43,62,50,88,0,47,40,39,83,33,63,91
5662,,68,1991,0,Mark,Anderson,0,0,0,0,Alabama,68,,1,24,76,255,DE,0,0,0,0,0,0,0,0,0,0,0,0,0,0,0,0,None,,,,,a,10560.png,,darkbrown_3082.png,58,57,1,54,25,53,1,1,1,63,1,1,64,0,1,1,1,1,1,1,1,1,1,1,4,20,9,1,1,1,63,99,77,54,84,87,77,0,46,43,61,71,40,45,97
2136,,79,1991,1985,Al,Baker,0,15,9,1985,Colorado State,74,,4,33,78,265,DE,0,0,0,0,0,0,0,0,0,0,0,0,0,0,0,0,None,,,,,a,0105.png,,lightbrown_3089.png,72,54,1,51,37,62,1,1,1,70,4,1,76,0,1,1,1,1,1,1,1,1,1,1,22,82,23,1,1,1,97,70,35,94,51,38,76,0,31,45,70,89,30,50,1
2324,,61,1991,1985,Jesse,Baker,0,24,1,1985,Jacksonville State,63,,6,34,77,269,DE,0,0,0,0,0,0,0,0,0,0,0,0,0,0,0,0,None,,,,,b,0035.png,,darkbrown_3002.png,49,53,1,49,28,44,1,1,1,47,1,1,47,0,1,1,1,1,1,1,1,1,1,1,21,68,15,1,1,1,36,44,46,4,26,9,80,0,30,42,68,92,49,33,2
9976,,66,1991,0,Gary,Baldinger,0,0,0,0,Wake Forest,68,,1,24,75,264,DE,0,0,0,0,0,0,0,0,0,0,0,0,0,0,0,0,None,,,,,b,10050.png,,black_3071.png,54,51,1,59,24,43,1,1,1,56,1,1,51,0,1,1,1,1,1,1,1,1,1,1,35,45,30,1,1,1,85,97,81,65,87,96,77,0,44,40,47,93,30,36,77
12940,1343,80,1991,0,Michael,Bankston,0,0,0,0,Sam Houston State,0,,0,22,77,285,DE,0,0,0,0,0,0,0,0,0,0,0,0,0,0,0,0,None,,,,,,,,,68,72,1,58,25,63,1,1,1,68,1,1,57,0,0,0,0,0,0,0,0,0,0,0,14,81,29,0,0,0,52,45,61,68,60,31,97,0,41,45,44,90,31,49,91
12876,1415,73,1991,0,Roy,Barker,0,0,0,0,North Carolina,0,,0,23,77,287,DE,0,0,0,0,0,0,0,0,0,0,0,0,0,0,0,0,None,,,,,,,,,74,57,1,63,26,48,1,1,1,53,1,1,56,0,0,0,0,0,0,0,0,0,0,0,17,53,13,0,0,0,97,89,84,68,60,85,98,0,38,42,48,99,48,67,83
12564,,75,1991,1991,Troy,Barnett,2,6,16,1991,North Carolina,62,,0,23,77,293,DE,250000,2,250000,250000,0,0,0,0,0,0,0,0,0,0,0,0,None,,,,,b,0087.png,,black_3103.png,64,62,1,68,35,45,1,1,1,60,1,1,60,0,1,1,1,1,1,1,1,1,1,1,32,52,30,1,1,1,28,72,96,32,72,82,93,0,47,33,49,76,46,48,80
12847,1546,62,1991,0,Sebastian,Barrie,0,0,0,0,Liberty,0,,0,22,74,275,DE,0,0,0,0,0,0,0,0,0,0,0,0,0,0,0,0,None,,,,,,,,,59,60,1,51,22,41,1,1,1,48,1,1,60,0,0,0,0,0,0,0,0,0,0,0,0,33,10,0,0,0,3,74,67,19,95,64,85,0,30,37,30,97,50,39,93
7326,,77,1991,1988,Quincy,Black,0,6,19,1988,New Mexico,51,,3,25,74,226,DE,0,0,0,0,0,0,0,0,0,0,0,0,0,0,0,0,None,,,,,b,10098.png,,black_3071.png,60,53,1,66,28,60,1,1,1,70,1,1,65,0,1,1,1,1,1,1,1,1,1,1,1,50,36,1,26,1,66,53,44,41,58,57,91,0,50,38,54,97,34,35,99
12556,,81,1991,1991,Vaughn,Booker,7,3,7,1991,Cincinnati,60,,0,26,77,290,DE,750000,3,750000,750000,750000,0,0,0,0,0,0,0,0,0,0,0,None,,,,,b,0046.png,,darkbrown_3015.png,76,65,1,69,36,64,1,1,1,60,1,1,53,0,1,1,1,1,1,1,1,1,1,1,32,53,34,1,1,1,32,38,53,47,67,33,96,0,35,49,36,77,40,68,90
5549,,62,1991,0,Stephen,Bowen,0,0,0,0,Hofstra,72,,1,23,77,300,DE,0,0,0,0,0,0,0,0,0,0,0,0,0,0,0,0,None,,,,,b,10089.png,,black_3077.png,54,59,1,47,14,49,1,1,1,42,1,1,47,0,1,1,1,1,1,1,1,1,1,1,15,92,7,1,1,1,26,92,88,15,84,100,86,0,36,34,35,77,44,51,94
3499,,86,1991,1986,Tony,Brackens,3,4,10,1986,Texas,68,,5,27,76,267,DE,1000000,1,1000000,0,0,0,0,0,0,0,0,0,0,0,0,0,None,,,,,b,0017.png,default-jersey-01.png,bald_3036.png,73,69,1,70,29,57,1,1,1,70,1,1,86,0,1,1,1,1,1,1,1,1,1,1,1,85,2,1,1,1,46,56,60,66,33,70,73,0,38,42,41,73,38,53,31
12557,,81,1991,1991,Chad,Bratzke,5,3,18,1991,Eastern Kentucky,72,,0,23,77,270,DE,750000,3,750000,750000,750000,0,0,0,0,0,0,0,0,0,0,0,None,,,,,b,10095.png,,black_3097.png,64,65,1,77,38,62,1,1,1,60,1,1,54,0,1,1,1,1,1,1,1,1,1,1,30,60,33,1,1,1,1,69,45,19,36,17,81,0,49,33,67,80,40,37,86
9964,,69,1991,0,Lorenzo,Bromell,0,0,0,0,Clemson,77,,1,24,78,260,DE,0,0,0,0,0,0,0,0,0,0,0,0,0,0,0,0,None,,,,,b,0008.png,,bald_3027.png,61,56,1,58,24,53,1,1,1,56,1,1,51,0,1,1,1,1,1,1,1,1,1,1,35,46,30,1,1,1,34,50,36,70,31,36,78,0,43,38,42,82,41,35,77
2464,,69,1991,1985,Kevin,Brooks,0,37,16,1985,Michigan,78,,6,28,78,277,DE,0,0,0,0,0,0,0,0,0,0,0,0,0,0,0,0,None,,,,,b,0078.png,,black_3022.png,70,53,1,61,18,44,1,1,1,56,1,1,61,0,1,1,1,1,1,1,1,1,1,1,36,41,1,1,1,1,35,36,55,40,1,16,84,0,48,46,57,72,50,52,100
9972,,66,1991,0,Cyron,Brown,0,0,0,0,Illinois,72,,1,24,77,265,DE,0,0,0,0,0,0,0,0,0,0,0,0,0,0,0,0,None,,,,,a,10564.png,,lightbrown_3068.png,56,43,1,61,17,54,1,1,1,54,1,1,57,0,1,1,1,1,1,1,1,1,1,1,35,55,30,1,1,1,29,50,54,23,1,32,80,0,38,49,50,75,50,36,99
9980,,66,1991,0,Jonathan,Brown,0,0,0,0,Tennessee,68,,1,24,75,270,DE,0,0,0,0,0,0,0,0,0,0,0,0,0,0,0,0,None,Competitor,,,,a,0124.png,,darkbrown_3048.png,60,51,1,65,27,43,1,1,1,46,1,1,59,0,1,1,1,1,1,1,1,1,1,1,35,47,30,1,1,1,21,84,81,29,96,73,80,0,38,33,62,99,35,36,80
2386,,91,1991,1985,Robert,Brown,1,33,6,1985,Chowan,93,,6,31,74,268,DE,1500000,2,1500000,1500000,0,0,0,0,0,0,0,0,0,0,0,0,None,,,,,a,0108.png,,lightbrown_3008.png,69,66,1,68,60,57,1,1,1,92,1,1,95,0,1,1,1,1,1,1,1,1,1,1,1,35,93,1,3,1,47,80,75,67,99,79,85,0,30,48,64,85,36,34,19
2323,,80,1991,1985,Rick,Bryan,6,22,11,1985,Oklahoma,77,,6,29,76,265,DE,500000,3,500000,500000,500000,0,0,0,0,0,0,0,0,0,0,0,None,,,,,b,0089.png,,darkbrown_3013.png,64,64,1,68,34,50,1,1,1,61,1,1,59,0,1,1,1,1,1,1,1,1,1,1,2,95,1,1,1,1,25,55,71,15,17,9,80,0,47,39,57,71,44,38,78
1974,,88,1991,1985,Jeff,Bryant,18,8,14,1985,Clemson,77,,6,31,77,276,DE,2500000,1,2500000,0,0,0,0,0,0,0,0,0,0,0,0,0,None,,,,,a,10571.png,,blonde_3059.png,82,73,1,60,43,52,1,1,1,71,1,1,58,0,1,1,1,1,1,1,1,1,1,1,2,100,1,1,1,1,34,60,94,37,78,73,83,0,37,49,54,88,44,43,50
3554,,88,1991,1986,Shane,Burton,14,2,6,1986,Tennessee,61,,5,27,78,305,DE,6000000,1,6000000,0,0,0,0,0,0,0,0,0,0,0,0,0,None,,,,,b,0034.png,default-jersey-01.png,bald_3021.png,77,61,1,72,25,52,1,1,1,75,1,1,71,0,1,1,1,1,1,1,1,1,1,1,1,100,9,1,1,1,54,85,73,62,87,91,97,0,33,35,55,90,34,55,76
2604,,78,1991,1985,Reggie,Camp,0,48,1,1985,California,90,,6,30,76,274,DE,0,0,0,0,0,0,0,0,0,0,0,0,0,0,0,0,None,,,,,a,10561.png,default-jersey-01.png,black_3032.png,73,66,1,57,26,54,1,1,1,57,1,1,67,0,1,1,1,1,1,1,1,1,1,1,1,97,1,1,1,1,80,59,43,97,61,39,100,0,30,39,48,80,34,63,62
2750,,69,1991,1985,John,Cannon,0,54,7,1985,William & Mary,78,,3,28,77,260,DE,0,0,0,0,0,0,0,0,0,0,0,0,0,0,0,0,None,,,,,b,10093.png,,bald_3039.png,63,61,1,59,27,38,1,1,1,54,1,1,61,0,1,1,1,1,1,1,1,1,1,1,18,52,21,1,1,1,86,52,34,81,53,61,90,0,35,40,40,83,34,30,98
2461,,86,1991,1985,Alphonso,Carreker,11,30,1,1985,Florida State,60,,6,29,78,268,DE,3300000,2,3300000,3300000,0,0,0,0,0,0,0,0,0,0,0,0,None,,,,,b,0022.png,,bald_3028.png,79,77,1,59,42,56,1,1,1,68,1,1,57,0,1,1,1,1,1,1,1,1,1,1,1,88,5,1,1,1,16,49,31,39,20,28,79,0,37,32,33,76,47,64,15
12568,,72,1991,0,Herman,Carroll,0,0,0,0,Mississippi State,64,,0,23,76,265,DE,0,0,0,0,0,0,0,0,0,0,0,0,0,0,0,0,None,,,,,a,0105.png,,darkbrown_3051.png,65,51,1,62,32,46,1,1,1,58,1,1,53,0,1,1,1,1,1,1,1,1,1,1,35,56,35,1,1,1,63,66,61,40,65,42,94,0,32,47,59,80,40,61,92
12567,,72,1991,0,Shante,Carver,0,0,0,0,Arizona State,71,,0,23,77,250,DE,0,0,0,0,0,0,0,0,0,0,0,0,0,0,0,0,None,SpeedRusher,,,,b,0019.png,default-jersey-01.png,black_3014.png,65,58,1,58,29,45,1,1,1,60,1,1,62,0,1,1,1,1,1,1,1,1,1,1,35,58,35,1,1,1,48,71,79,63,89,80,81,0,41,38,70,85,33,43,95
7209,,74,1991,1988,Jeff,Charleston,0,5,12,1988,Idaho State,97,,3,26,76,265,DE,0,0,0,0,0,0,0,0,0,0,0,0,0,0,0,0,None,,,,,b,0020.png,default-jersey-01.png,darkbrown_3014.png,68,49,1,56,34,48,1,1,1,57,1,1,68,0,1,1,1,1,1,1,1,1,1,1,1,92,8,1,1,1,35,88,68,14,86,72,70,0,43,45,31,98,43,46,42
1953,,94,1991,1985,Ray,Childress,1,6,8,1985,Texas A&M,79,,6,29,78,272,DE,7500000,2,7500000,7500000,0,0,0,0,0,0,0,0,0,0,0,0,None,BullRusher,,,,a,10568.png,,lightbrown_3066.png,91,71,6,71,47,55,1,1,1,72,1,2,74,0,1,1,1,1,1,1,1,1,1,1,7,100,21,1,1,1,87,84,92,98,82,84,73,0,33,50,59,91,36,45,0
2457,,62,1991,1985,Bruce,Clark,0,38,14,1985,Penn State,72,,5,32,75,273,DE,0,0,0,0,0,0,0,0,0,0,0,0,0,0,0,0,None,,,,,a,10557.png,,darkbrown_3078.png,63,58,1,43,21,36,1,1,1,45,1,1,58,0,1,1,1,1,1,1,1,1,1,1,9,83,21,1,1,1,24,64,54,26,5,26,73,0,48,40,70,72,34,66,55
3563,,87,1991,1986,Duane,Clemons,11,5,15,1986,California,75,,5,27,77,275,DE,4000000,1,4000000,0,0,0,0,0,0,0,0,0,0,0,0,0,None,WorkoutFanatic,,,,b,10057.png,,black_3051.png,73,65,1,70,35,59,1,1,1,70,1,1,66,0,1,1,1,1,1,1,1,1,1,1,8,98,14,1,1,1,47,91,86,62,70,78,72,0,33,31,35,96,46,70,96
12727,5626,82,1991,0,Marco,Coleman,0,0,0,0,Georgia Tech,0,,0,23,75,286,DE,0,0,0,0,0,0,0,0,0,0,0,0,0,0,0,0,None,,,,,,,,,81,68,1,59,49,66,1,4,1,65,1,5,75,0,0,0,0,0,0,0,0,0,0,0,11,30,21,0,0,0,25,48,52,37,2,4,92,0,35,44,69,93,42,51,93
12841,5713,68,1991,0,Shane,Collins,0,0,0,0,Arizona State,0,,0,23,75,267,DE,0,0,0,0,0,0,0,0,0,0,0,0,0,0,0,0,None,,,,,,,,,65,47,1,56,35,50,1,1,1,56,1,1,65,0,0,0,0,0,0,0,0,0,0,0,10,30,7,0,0,0,15,82,70,24,71,69,82,0,39,31,45,84,38,70,90
6030,,67,1991,0,Shane,Curry,0,0,0,0,Georgia Tech,72,,1,24,77,270,DE,0,0,0,0,0,0,0,0,0,0,0,0,0,0,0,0,None,,,,,a,10577.png,,darkbrown_3013.png,65,43,1,51,29,39,1,1,1,50,1,1,54,0,1,1,1,1,1,1,1,1,1,1,3,91,4,1,1,1,27,67,60,16,26,23,100,0,36,31,53,77,32,57,100
3577,,89,1991,1986,Phillip,Daniels,17,5,7,1986,Georgia,72,,5,28,75,290,DE,4800000,1,4800000,0,0,0,0,0,0,0,0,0,0,0,0,0,None,Diva,,,,b,0048.png,,bald_3008.png,79,74,1,70,33,67,1,1,1,65,1,1,75,0,1,1,1,1,1,1,1,1,1,1,12,96,2,1,1,1,23,64,39,6,40,10,100,0,45,44,41,99,33,69,25
7251,,85,1991,1988,Keyunta,Dawson,20,2,6,1988,Texas Tech,57,,3,24,72,268,DE,3400000,4,3400000,3400000,3400000,3400000,0,0,0,0,0,0,0,0,0,0,None,,,,,b,0055.png,default-jersey-01.png,black_3057.png,75,70,1,72,29,57,1,1,1,63,1,1,74,0,1,1,1,1,1,1,1,1,1,1,26,94,26,1,1,1,44,70,98,36,97,83,90,0,44,43,46,86,37,51,82
1844,,85,1991,1985,Richard,Dent,3,2,8,1985,Tennessee State,70,,6,31,77,265,DE,6700000,1,6700000,0,0,0,0,0,0,0,0,0,0,0,0,0,None,SpeedRusher,,,,b,0028.png,,bald_3020.png,77,72,1,48,39,55,7,10,1,78,1,1,78,0,1,1,1,1,1,1,1,1,1,1,26,98,1,1,1,1,49,85,63,48,65,96,78,0,32,40,62,94,39,39,47
1839,,96,1991,1985,Chris,Doleman,10,1,18,1985,Pittsburgh,56,,6,30,77,289,DE,11750000,2,11750000,11750000,0,0,0,0,0,0,0,0,0,0,0,0,None,BullRusher|Legend,,,,a,10575.png,,lightbrown_3067.png,86,72,4,83,41,65,9,1,1,69,9,1,88,0,1,1,1,1,1,1,1,1,1,1,26,100,15,1,1,1,88,85,87,88,90,91,83,0,43,40,64,96,35,38,98
9960,,73,1991,0,Eric,Dorsey,0,0,0,0,Notre Dame,79,,1,23,77,280,DE,0,0,0,0,0,0,0,0,0,0,0,0,0,0,0,0,None,,,,,a,0144.png,,lightbrown_3014.png,61,59,1,65,35,50,1,1,1,57,1,1,62,0,1,1,1,1,1,1,1,1,1,1,35,47,30,1,1,1,88,50,60,84,62,35,89,0,46,44,58,71,30,67,85
2682,,67,1991,1985,Reggie,Doss,0,52,5,1985,Hampton,69,,2,31,76,265,DE,0,0,0,0,0,0,0,0,0,0,0,0,0,0,0,0,None,,,,,a,0120.png,,lightbrown_3037.png,62,61,1,53,25,39,1,1,1,46,1,1,51,0,1,1,1,1,1,1,1,1,1,1,1,91,1,1,1,1,31,32,65,9,31,17,89,0,36,36,65,72,46,52,82
9990,,64,1991,0,Jon,Dumbauld,0,0,0,0,Kentucky,76,,1,24,76,259,DE,0,0,0,0,0,0,0,0,0,0,0,0,0,0,0,0,None,,,,,a,0115.png,,blonde_3047.png,67,46,1,59,17,42,1,1,1,44,1,1,49,0,1,1,1,1,1,1,1,1,1,1,35,50,30,1,1,1,21,68,40,25,12,3,94,0,49,48,61,93,44,62,95
5681,,94,1991,1987,Elvis,Dumervil,8,2,14,1987,Louisville,70,,4,26,72,255,DE,13700000,1,13700000,0,0,0,0,0,0,0,0,0,0,0,0,0,None,,,,,b,0088.png,default-jersey-01.png,bald_3009.png,84,63,1,81,41,68,1,1,1,72,1,1,78,0,1,1,1,1,1,1,1,1,1,1,24,84,8,1,1,1,69,87,69,46,97,96,75,0,50,33,57,96,31,55,48
5683,,81,1991,1987,Ray,Edwards,1,4,10,1987,Purdue,60,,4,25,77,270,DE,3500000,5,3500000,3500000,3500000,3500000,3500000,0,0,0,0,0,0,0,0,0,None,,,,,a,0120.png,,lightbrown_3058.png,71,69,1,57,26,63,1,1,1,64,1,1,71,0,1,1,1,1,1,1,1,1,1,1,21,100,11,1,1,1,21,91,69,41,76,94,89,0,46,46,69,90,35,42,1
9955,,81,1991,1990,Greg,Ellis,4,7,9,1990,North Carolina,70,,1,24,78,271,DE,250000,1,250000,0,0,0,0,0,0,0,0,0,0,0,0,0,None,InjuryProne,,,,b,0016.png,default-jersey-01.png,black_3034.png,67,65,1,69,43,52,1,3,5,64,5,1,67,0,1,1,1,1,1,1,1,1,1,1,26,68,26,1,1,1,37,50,61,20,1,24,91,0,38,49,33,75,39,46,11
5686,,87,1991,1987,Keith,Ellison,12,7,18,1987,Oregon State,56,,4,26,73,229,DE,2400000,3,2400000,2400000,2400000,0,0,0,0,0,0,0,0,0,0,0,None,,,,,a,10594.png,,darkbrown_3003.png,59,60,1,75,41,54,1,1,1,86,1,1,76,0,1,1,1,1,1,1,1,1,1,1,1,66,49,1,1,1,81,84,99,77,88,77,76,0,32,46,62,87,43,68,54
2195,,70,1991,1985,Neil,Elshire,0,20,18,1985,Oregon,69,,6,33,78,260,DE,0,0,0,0,0,0,0,0,0,0,0,0,0,0,0,0,None,,,,,b,0075.png,,black_3069.png,56,51,1,48,33,53,1,1,1,60,1,1,55,0,1,1,1,1,1,1,1,1,1,1,13,92,13,1,1,1,32,82,81,54,92,90,83,0,31,40,65,98,50,45,74
12770,8403,71,1991,0,Steve,Emtman,0,0,0,0,Washington,0,,0,22,76,290,DE,0,0,0,0,0,0,0,0,0,0,0,0,0,0,0,0,None,,,,,,,,,71,57,1,63,32,50,1,1,1,49,1,1,67,0,0,0,0,0,0,0,0,0,0,0,3,40,3,0,0,0,71,80,79,89,96,100,90,0,31,33,34,99,48,49,95
12579,,66,1991,0,Eric,England,0,0,0,0,Texas A&M,60,,0,23,74,283,DE,0,0,0,0,0,0,0,0,0,0,0,0,0,0,0,0,None,,,,,b,0023.png,,black_3028.png,61,51,1,65,25,44,1,1,1,45,1,1,49,0,1,1,1,1,1,1,1,1,1,1,35,55,35,1,1,1,78,63,65,69,66,69,95,0,45,45,65,88,45,54,73
6173,,55,1991,0,Scott,Evans,0,0,0,0,Oklahoma,66,,4,27,75,261,DE,0,0,0,0,0,0,0,0,0,0,0,0,0,0,0,0,None,,,,,a,0141.png,,black_3021.png,52,38,1,52,19,33,1,1,1,40,1,1,63,0,1,1,1,1,1,1,1,1,1,1,1,44,2,1,1,1,49,46,48,54,55,36,95,0,42,41,63,73,36,39,14
10042,,89,1991,1990,Jonathan,Fatu,1,4,8,1990,West Alabama,55,,1,23,75,250,DE,500000,2,500000,500000,0,0,0,0,0,0,0,0,0,0,0,0,None,BadInfluence|ProBloodline,,,,b,10055.png,,black_3006.png,76,69,1,61,67,55,1,1,1,84,1,1,71,0,1,1,1,1,1,1,1,1,1,1,26,37,49,1,26,1,67,75,92,62,78,67,88,0,37,44,70,89,50,63,1
12574,,68,1991,0,Ta'ase,Faumui,0,0,0,0,Hawaii,64,,0,23,75,278,DE,0,0,0,0,0,0,0,0,0,0,0,0,0,0,0,0,None,,,,,a,10574.png,,black_3058.png,70,46,1,63,20,54,1,1,1,44,1,1,52,0,1,1,1,1,1,1,1,1,1,1,35,55,35,1,1,1,88,61,96,61,92,69,89,0,34,49,60,78,50,40,83
2971,,70,1991,0,Ron,Faurot,0,0,0,0,Arkansas,60,,2,25,79,262,DE,0,0,0,0,0,0,0,0,0,0,0,0,0,0,0,0,None,,,,,b,10056.png,,bald_3023.png,63,56,1,61,22,49,1,1,1,54,1,1,48,0,1,1,1,1,1,1,1,1,1,1,14,63,1,1,1,1,16,87,87,2,80,77,98,0,40,35,58,95,44,54,79
2138,,87,1991,1985,Simon,Fletcher,9,16,6,1985,Houston,73,,6,29,77,240,DE,8000000,2,8000000,8000000,0,0,0,0,0,0,0,0,0,0,0,0,None,Competitor,,,,a,10588.png,,blonde_3053.png,68,62,1,81,25,57,1,1,1,71,1,1,80,0,1,1,1,1,1,1,1,1,1,1,8,98,1,1,1,1,45,82,100,56,70,77,83,0,31,45,68,83,38,34,77
5996,,80,1991,0,Mike,Flores,8,0,0,0,Louisville,78,,4,29,75,256,DE,250000,1,250000,0,0,0,0,0,0,0,0,0,0,0,0,0,None,,,,,a,10582.png,default-jersey-01.png,lightbrown_3065.png,81,65,1,63,29,56,1,1,1,57,1,1,57,0,1,1,1,1,1,1,1,1,1,1,19,74,14,1,1,1,86,91,71,83,82,90,87,0,44,47,49,98,45,53,27
3612,,63,1991,0,Elliott,Fortune,0,0,0,0,Georgia Tech,69,,1,23,76,275,DE,0,0,0,0,0,0,0,0,0,0,0,0,0,0,0,0,None,,,,,a,10576.png,,red_3028.png,54,50,1,50,19,53,1,1,1,46,1,1,50,0,1,1,1,1,1,1,1,1,1,1,1,75,10,1,1,1,11,64,40,1,40,8,80,0,43,37,54,82,43,40,82
2605,,63,1991,1985,Elvis,Franks,0,49,1,1985,Morgan State,94,,4,32,76,252,DE,0,0,0,0,0,0,0,0,0,0,0,0,0,0,0,0,None,,,,,b,0026.png,,black_3011.png,63,44,1,56,15,33,1,1,1,43,1,1,45,0,1,1,1,1,1,1,1,1,1,1,7,87,8,1,1,1,69,61,60,65,64,71,76,0,30,42,41,71,49,46,84
12741,9545,67,1991,0,Mike,Frier,0,0,0,0,Appalachian State,0,,0,23,77,300,DE,0,0,0,0,0,0,0,0,0,0,0,0,0,0,0,0,None,,,,,,,,,65,51,1,52,21,45,1,1,1,48,1,1,58,0,0,0,0,0,0,0,0,0,0,0,6,90,0,0,0,0,68,87,100,35,96,99,77,0,37,49,60,91,38,47,74
9947,,86,1991,1990,William,Fuller,18,3,2,1990,North Carolina,78,,1,25,75,271,DE,750000,2,750000,750000,0,0,0,0,0,0,0,0,0,0,0,0,None,ProBloodline,,,,b,10079.png,default-jersey-01.png,bald_3020.png,72,65,1,75,28,54,1,1,1,72,1,1,75,0,1,1,1,1,1,1,1,1,1,1,27,83,26,1,1,1,41,72,74,48,74,69,100,0,41,43,63,99,49,51,96
2831,,70,1991,1985,Keith,Gary,0,55,10,1985,Ferrum,92,,2,28,75,263,DE,0,0,0,0,0,0,0,0,0,0,0,0,0,0,0,0,None,,,,,a,0123.png,,darkbrown_3067.png,61,61,1,56,21,40,1,1,1,58,1,1,62,0,1,1,1,1,1,1,1,1,1,1,1,80,1,1,1,1,23,55,56,23,24,20,72,0,41,33,66,100,36,36,35
1918,,68,1991,1985,Mark,Gastineau,4,6,7,1985,Arizona State,62,,6,35,77,266,DE,1000000,1,1000000,0,0,0,0,0,0,0,0,0,0,0,0,0,None,BullRusher,,,,b,0053.png,default-jersey-01.png,black_3062.png,49,43,7,54,34,50,10,3,1,56,1,2,65,0,1,1,1,1,1,1,1,1,1,1,16,97,26,1,1,1,69,60,59,56,42,48,77,0,38,33,48,70,47,57,88
2531,,66,1991,1985,William,Gay,0,47,11,1985,USC,66,,3,33,77,250,DE,0,0,0,0,0,0,0,0,0,0,0,0,0,0,0,0,None,,,,,b,0041.png,,black_3048.png,49,50,1,66,24,47,1,1,1,48,1,1,57,0,1,1,1,1,1,1,1,1,1,1,19,63,27,1,1,1,59,61,73,43,77,98,89,0,44,30,58,97,43,65,78
12783,9988,74,1991,0,Ron,Geater,0,0,0,0,Iowa,0,,0,23,78,272,DE,0,0,0,0,0,0,0,0,0,0,0,0,0,0,0,0,None,,,,,,,,,72,57,1,63,33,49,1,1,1,57,1,1,63,0,0,0,0,0,0,0,0,0,0,0,17,47,22,0,0,0,89,100,81,92,89,91,89,0,48,42,34,82,34,39,82
3022,,71,1991,1985,Jumpy,Geathers,0,50,2,1985,Wichita State,97,,2,27,79,290,DE,0,0,0,0,0,0,0,0,0,0,0,0,0,0,0,0,None,,,,,a,10574.png,,blonde_3016.png,60,52,1,61,28,53,1,1,1,53,1,1,54,0,1,1,1,1,1,1,1,1,1,1,1,77,1,1,1,1,93,50,30,64,40,48,77,0,42,48,37,87,30,45,100
2015,,86,1991,1985,Jacob,Green,0,14,3,1985,Texas A&M,72,,6,34,75,255,DE,0,0,0,0,0,0,0,0,0,0,0,0,0,0,0,0,None,,,,,a,10560.png,default-jersey-01.png,lightbrown_3006.png,69,67,1,66,45,54,4,1,1,72,1,1,67,0,1,1,1,1,1,1,1,1,1,1,22,94,13,1,1,1,57,47,44,54,62,40,97,0,35,33,51,100,45,41,77
10057,,83,1991,1990,Tim,Green,16,5,11,1990,Syracuse,53,,1,24,74,249,DE,250000,1,250000,0,0,0,0,0,0,0,0,0,0,0,0,0,None,,,,,a,10560.png,default-jersey-01.png,lightbrown_3052.png,76,63,1,76,42,58,1,1,1,62,1,1,80,0,1,1,1,1,1,1,1,1,1,1,26,38,49,1,26,1,76,100,92,74,65,72,70,0,35,41,35,90,30,36,79
1972,,81,1991,1985,Carl,Hairston,0,13,10,1985,Md-Eastern Shore,68,,3,36,75,260,DE,0,0,0,0,0,0,0,0,0,0,0,0,0,0,0,0,None,,,,,b,10073.png,,bald_3019.png,79,65,1,58,37,53,1,5,1,61,1,1,79,0,1,1,1,1,1,1,1,1,1,1,12,86,24,1,1,1,46,45,51,40,66,51,91,0,47,40,68,89,40,42,97
9953,,96,1991,1990,Charles,Haley,20,1,3,1990,James Madison,75,,1,23,77,252,DE,3000000,3,3000000,3000000,3000000,0,0,0,0,0,0,0,0,0,0,0,None,SpeedRusher,,,,b,10092.png,,black_3069.png,90,68,1,78,37,68,1,1,4,77,1,1,71,0,1,1,1,1,1,1,1,1,1,1,27,83,26,1,1,1,45,70,100,44,71,60,93,0,42,46,38,81,48,46,98
8411,,83,1991,1989,Logan,Hall,4,3,7,1989,Houston,90,,2,23,78,283,DE,850000,1,850000,0,0,0,0,0,0,0,0,0,0,0,0,0,None,SpeedRusher,,,,a,10559.png,,darkbrown_3077.png,77,64,9,65,29,53,2,6,6,64,1,1,69,0,1,1,1,1,1,1,1,1,1,1,26,97,23,1,1,1,97,80,61,100,72,63,82,0,50,31,55,95,35,57,26
3301,,89,1991,1986,Bobby,Hamilton,2,5,8,1986,Southern Miss,77,,5,30,77,280,DE,3750000,2,3750000,3750000,0,0,0,0,0,0,0,0,0,0,0,0,None,,,,,b,10053.png,,black_3100.png,78,61,1,77,37,70,1,1,1,62,1,1,72,0,1,1,1,1,1,1,1,1,1,1,17,99,8,1,1,1,78,86,92,98,82,98,81,0,33,30,44,77,45,38,92
12611,,76,1991,1991,Ruffin,Hamilton,5,6,12,1991,Tulane,56,,0,23,73,235,DE,250000,2,250000,250000,0,0,0,0,0,0,0,0,0,0,0,0,None,,,,,b,0001.png,default-jersey-01.png,black_3015.png,64,66,1,66,29,50,1,1,1,67,1,1,73,0,1,1,1,1,1,1,1,1,1,1,32,35,49,1,32,1,31,49,50,68,32,31,72,0,47,50,39,97,49,67,91
9998,,61,1991,0,Mike,Hammerstein,0,0,0,0,Michigan,76,,1,24,76,270,DE,0,0,0,0,0,0,0,0,0,0,0,0,0,0,0,0,None,,,,,b,0017.png,,black_3021.png,61,45,1,54,26,40,1,1,1,41,1,1,58,0,1,1,1,1,1,1,1,1,1,1,35,49,30,1,1,1,44,98,72,33,63,63,77,0,38,43,47,78,37,60,99
1875,,86,1991,1985,Dan,Hampton,12,4,3,1985,Arkansas,99,,6,34,77,264,DE,6850000,1,6850000,0,0,0,0,0,0,0,0,0,0,0,0,0,None,,,,,b,10100.png,default-jersey-01.png,black_3043.png,61,71,1,59,48,76,1,10,1,73,1,8,72,0,1,1,1,1,1,1,1,1,1,1,27,100,26,1,1,1,17,85,72,29,88,75,73,0,42,50,61,70,43,48,33
9961,,71,1991,0,Jon,Hand,0,0,0,0,Alabama,73,,1,24,79,300,DE,0,0,0,0,0,0,0,0,0,0,0,0,0,0,0,0,None,,,,,a,10564.png,,darkbrown_3100.png,64,56,1,52,39,47,1,1,1,61,1,1,62,0,1,1,1,1,1,1,1,1,1,1,35,53,30,1,1,1,50,84,100,35,67,98,77,0,39,32,67,93,40,46,91
9971,,68,1991,0,Carl,Hansen,0,0,0,0,Stanford,74,,1,23,77,282,DE,0,0,0,0,0,0,0,0,0,0,0,0,0,0,0,0,None,,,,,b,10072.png,,black_3082.png,68,42,1,52,21,53,1,1,1,57,1,1,44,0,1,1,1,1,1,1,1,1,1,1,35,54,30,1,1,1,97,78,74,77,74,96,77,0,41,36,64,91,41,47,95
6157,,79,1991,0,Phil,Hansen,19,0,0,0,North Dakota State,71,,4,27,77,278,DE,1750000,2,1750000,1750000,0,0,0,0,0,0,0,0,0,0,0,0,None,,,,,a,0131.png,,darkbrown_3102.png,78,65,1,67,38,54,1,1,1,53,1,1,70,0,1,1,1,1,1,1,1,1,1,1,12,67,19,1,1,1,54,83,70,33,65,62,77,0,50,32,70,87,39,62,7
5346,,70,1991,0,Parys,Haralson,0,0,0,0,Tennessee,69,,4,26,73,253,DE,0,0,0,0,0,0,0,0,0,0,0,0,0,0,0,0,None,,,,,b,0043.png,,black_3058.png,63,49,1,56,20,54,1,1,1,52,1,1,52,0,1,1,1,1,1,1,1,1,1,1,9,87,15,1,1,1,40,90,71,10,87,85,95,0,38,42,47,84,36,35,4
10044,,94,1991,1990,Tim,Harris,12,2,15,1990,Memphis,58,,1,23,78,260,DE,1000000,2,1000000,1000000,0,0,0,0,0,0,0,0,0,0,0,0,None,Thumper,,,,b,0053.png,,black_3077.png,85,67,1,75,40,63,1,1,1,82,1,1,85,0,1,1,1,1,1,1,1,1,1,1,28,70,49,1,26,1,92,51,58,64,64,53,94,0,41,44,57,71,38,43,80
6066,,75,1991,0,Nolan,Harrison,0,0,0,0,Indiana,63,,4,26,77,280,DE,0,0,0,0,0,0,0,0,0,0,0,0,0,0,0,0,None,,,,,b,0053.png,,darkbrown_3019.png,67,63,1,56,20,49,1,1,1,59,1,1,66,0,1,1,1,1,1,1,1,1,1,1,10,95,20,1,1,1,66,75,80,38,65,95,80,0,44,32,32,84,30,33,1
2137,,80,1991,1985,Mike,Hartenstine,0,24,11,1985,Penn State,75,,4,36,75,251,DE,0,0,0,0,0,0,0,0,0,0,0,0,0,0,0,0,None,,,,,b,10084.png,,black_3043.png,70,71,1,57,43,49,2,1,3,61,1,1,78,0,1,1,1,1,1,1,1,1,1,1,26,95,15,1,1,1,76,85,82,69,62,95,98,0,30,45,64,82,30,45,32
5354,,60,1991,0,Brent,Hawkins,0,0,0,0,Illinois State,63,,1,24,74,241,DE,0,0,0,0,0,0,0,0,0,0,0,0,0,0,0,0,None,,,,,a,0114.png,,darkbrown_3100.png,68,47,1,50,20,49,1,1,1,43,1,1,51,0,1,1,1,1,1,1,1,1,1,1,8,19,13,1,1,1,53,69,80,53,80,71,95,0,49,46,49,86,43,40,79
6122,,66,1991,0,Tony,Hill,0,0,0,0,Tennessee-Chattanooga,72,,2,25,78,250,DE,0,0,0,0,0,0,0,0,0,0,0,0,0,0,0,0,None,,,,,b,0053.png,,blonde_3009.png,63,51,1,46,26,46,1,1,1,58,1,1,53,0,1,1,1,1,1,1,1,1,1,1,4,57,2,1,1,1,50,52,52,47,67,55,74,0,30,32,53,77,44,59,69
9995,,62,1991,0,David,Hoelscher,0,0,0,0,Eastern Kentucky,67,,1,24,78,261,DE,0,0,0,0,0,0,0,0,0,0,0,0,0,0,0,0,None,,,,,b,0016.png,,black_3023.png,54,56,1,62,24,41,1,1,1,42,1,1,55,0,1,1,1,1,1,1,1,1,1,1,35,46,30,1,1,1,37,71,80,38,85,88,80,0,48,31,53,90,48,41,94
9948,,84,1991,1990,Vonnie,Holliday,6,3,20,1990,North Carolina,68,,1,24,77,290,DE,750000,2,750000,750000,0,0,0,0,0,0,0,0,0,0,0,0,None,InjuryProne,,,,b,0057.png,default-jersey-01.png,black_3099.png,77,62,1,73,42,53,1,1,1,63,1,1,61,0,1,1,1,1,1,1,1,1,1,1,27,68,26,1,1,1,19,51,62,16,20,26,97,0,45,36,68,94,35,54,85
8413,,80,1991,1989,James,Houston IV,18,7,4,1989,Jackson St.,72,,2,24,73,225,DE,250000,3,250000,250000,250000,0,0,0,0,0,0,0,0,0,0,0,None,,,,,b,10087.png,default-jersey-01.png,darkbrown_3019.png,63,57,2,73,26,57,13,6,6,61,2,1,67,0,1,1,1,1,1,1,1,1,1,1,26,92,26,1,1,1,70,93,71,51,81,80,70,0,56,31,62,76,59,60,90
10034,,100,1991,1990,Chuck,Howley,6,1,7,1990,West Virginia,55,,1,23,75,228,DE,2500000,3,2500000,2500000,2500000,0,0,0,0,0,0,0,0,0,0,0,None,,,,,b,10073.png,,black_3091.png,76,87,5,88,56,71,1,1,1,92,1,1,96,0,1,1,1,1,1,1,1,1,1,1,27,83,49,1,27,13,89,50,48,80,54,50,71,0,34,41,66,95,38,69,90
8414,,94,1991,1989,Aidan,Hutchinson,16,1,2,1989,Michigan,97,,2,23,78,265,DE,3150000,2,3150000,3450000,0,0,0,0,0,0,0,0,0,0,0,0,None,BullRusher,,,,b,0052.png,,black_3053.png,78,71,8,72,54,77,4,13,13,71,1,1,79,0,1,1,1,1,1,1,1,1,1,1,29,90,41,1,1,1,2,99,96,26,87,69,73,0,37,41,50,90,34,62,77
8415,,81,1991,0,Drake,Jackson,9,0,0,0,USC,64,,2,22,75,273,DE,250000,1,250000,0,0,0,0,0,0,0,0,0,0,0,0,0,None,,,,,a,10557.png,default-jersey-01.png,darkbrown_3007.png,67,68,5,72,46,54,2,5,6,64,1,1,75,0,1,1,1,1,1,1,1,1,1,1,12,39,10,1,1,1,93,63,61,73,86,75,84,0,40,33,55,93,43,56,45
12565,,74,1991,1991,Tyoka,Jackson,18,6,20,1991,Penn State,71,,0,23,74,280,DE,250000,2,250000,250000,0,0,0,0,0,0,0,0,0,0,0,0,None,,,,,b,0041.png,,black_3097.png,68,61,1,58,37,44,1,1,1,62,1,1,58,0,1,1,1,1,1,1,1,1,1,1,32,54,31,1,1,1,80,35,63,84,48,44,88,0,49,43,70,87,48,67,78
2320,,79,1991,1985,Jim,Jeffcoat,13,15,15,1985,Arizona State,60,,6,30,77,274,DE,250000,1,250000,0,0,0,0,0,0,0,0,0,0,0,0,0,None,,,,,b,0052.png,default-jersey-01.png,bald_3012.png,59,55,1,65,24,47,1,1,1,74,1,1,71,0,1,1,1,1,1,1,1,1,1,1,1,95,1,1,1,1,49,83,64,57,82,84,86,0,31,37,53,100,34,64,26
2140,,68,1991,1985,Gary,Jeter,0,21,6,1985,USC,76,,4,34,76,259,DE,0,0,0,0,0,0,0,0,0,0,0,0,0,0,0,0,None,,,,,b,0082.png,,black_3073.png,66,50,1,54,19,51,1,1,1,48,1,1,60,0,1,1,1,1,1,1,1,1,1,1,2,88,1,1,1,1,33,77,88,35,86,92,92,0,48,42,50,83,33,61,11
8416,,85,1991,1989,Jermaine,Johnson II,19,3,20,1989,Florida State,11,,2,24,77,262,DE,850000,1,850000,0,0,0,0,0,0,0,0,0,0,0,0,0,None,,,,,a,10595.png,,lightbrown_3089.png,73,72,2,74,36,51,2,6,6,65,2,1,68,0,1,1,1,1,1,1,1,1,1,1,26,81,20,1,1,1,80,60,61,94,62,37,96,0,69,39,64,98,37,59,2
7099,,81,1991,1988,Charles,Johnson,10,3,13,1988,Georgia,62,,3,23,74,270,DE,250000,2,250000,250000,0,0,0,0,0,0,0,0,0,0,0,0,None,,,,,a,0101.png,default-jersey-01.png,lightbrown_3065.png,65,67,1,68,30,47,1,1,1,69,1,1,68,0,1,1,1,1,1,1,1,1,1,1,26,86,24,1,1,1,38,95,71,24,89,63,88,0,50,49,30,91,50,64,98
12570,,71,1991,0,Joe,Johnson,0,0,0,0,Louisville,74,,0,22,76,275,DE,0,0,0,0,0,0,0,0,0,0,0,0,0,0,0,0,None,,,,,a,0136.png,,darkbrown_3053.png,58,54,1,54,37,44,1,1,1,66,1,1,57,0,1,1,1,1,1,1,1,1,1,1,35,52,35,1,1,1,11,90,70,29,80,95,73,0,37,43,49,86,49,66,72
3347,,72,1991,0,Lance,Johnstone,0,0,0,0,Temple,62,,1,24,76,250,DE,0,0,0,0,0,0,0,0,0,0,0,0,0,0,0,0,None,,,,,b,0090.png,,black_3099.png,76,66,1,53,37,58,1,1,1,51,1,1,64,0,1,1,1,1,1,1,1,1,1,1,16,29,23,1,1,1,63,93,100,69,94,74,99,0,34,50,38,95,31,49,76
2382,,81,1991,1985,David,Jones,0,35,5,1985,Texas,60,,6,30,75,262,DE,0,0,0,0,0,0,0,0,0,0,0,0,0,0,0,0,None,,,,,b,0078.png,default-jersey-01.png,black_3087.png,62,71,1,55,41,55,1,1,1,73,1,1,70,0,1,1,1,1,1,22,1,1,1,1,26,86,12,1,1,1,26,100,100,43,75,90,70,0,45,41,49,71,40,37,21
12554,,98,1991,1991,Deacon,Jones,3,1,1,1991,South Carolina St,55,,0,23,77,272,DE,3000000,4,3000000,3000000,3000000,3000000,0,0,0,0,0,0,0,0,0,0,None,WorkoutFanatic|Pick1Overall,,,,a,10598.png,default-jersey-01.png,darkbrown_3065.png,85,66,1,77,60,77,1,1,1,80,1,1,80,0,1,1,1,1,1,1,1,1,1,1,35,67,34,1,1,1,71,66,67,77,83,78,90,0,50,37,56,96,45,68,79
7162,,82,1991,0,Edgar,Jones,8,0,0,0,Southeast Missouri State,92,,3,25,75,263,DE,250000,2,250000,250000,0,0,0,0,0,0,0,0,0,0,0,0,None,,,,,b,0091.png,default-jersey-01.png,black_3043.png,61,58,1,66,40,56,1,1,1,74,1,1,76,0,1,1,1,1,1,1,1,1,1,1,1,71,41,1,22,1,64,51,59,49,51,56,72,0,30,48,58,98,30,55,78
6094,,87,1991,0,Mike,Jones,7,0,0,0,North Carolina State,75,,4,26,76,290,DE,3600000,1,3600000,0,0,0,0,0,0,0,0,0,0,0,0,0,None,MediaDarling,,,,b,0080.png,,black_3082.png,80,67,1,75,46,44,1,1,1,61,1,1,74,0,1,1,1,1,1,1,1,1,1,1,15,100,19,1,1,1,39,86,81,25,77,87,72,0,33,48,41,90,41,44,95
1973,,85,1991,1985,Rulon,Jones,0,8,17,1985,Utah State,70,,6,33,78,260,DE,0,0,0,0,0,0,0,0,0,0,0,0,0,0,0,0,None,ProBloodline,,,,a,0139.png,default-jersey-01.png,lightbrown_3091.png,68,72,1,65,40,54,1,1,2,71,3,4,72,0,1,1,1,1,1,1,1,1,1,1,36,96,24,1,1,1,45,61,33,38,34,34,83,0,42,30,55,85,36,52,32
1954,,91,1991,1985,Sean,Jones,15,5,12,1985,Northeastern,70,,6,29,79,270,DE,19000000,1,19000000,0,0,0,0,0,0,0,0,0,0,0,0,0,None,RoleModel,,,,b,0092.png,default-jersey-01.png,bald_3035.png,84,77,2,84,39,64,1,1,1,54,1,1,88,0,1,1,1,1,1,1,1,1,1,1,3,100,15,1,1,1,45,48,52,41,59,33,91,0,35,33,33,95,33,39,58
8418,,86,1991,1989,George,Karlaftis,12,2,15,1989,Purdue,78,,2,22,76,263,DE,1150000,1,1150000,0,0,0,0,0,0,0,0,0,0,0,0,0,None,Competitor,,,,b,0003.png,,bald_3028.png,74,74,1,71,40,63,2,6,6,67,3,1,74,0,1,1,1,1,1,1,1,1,1,1,12,65,11,1,1,1,53,100,76,44,89,66,75,0,39,41,67,91,48,37,74
5409,,77,1991,1987,Mathias,Kiwanuka,15,4,16,1987,Boston College,77,,4,27,77,260,DE,400000,1,400000,0,0,0,0,0,0,0,0,0,0,0,0,0,None,,,,,a,10589.png,default-jersey-01.png,blonde_3011.png,60,56,1,70,24,50,1,1,1,61,1,1,71,0,1,1,1,1,1,1,1,1,1,1,20,95,4,1,1,1,98,91,80,74,95,75,87,0,32,37,43,82,46,60,68
9991,,64,1991,0,Matt,Koart,0,0,0,0,USC,79,,1,24,77,257,DE,0,0,0,0,0,0,0,0,0,0,0,0,0,0,0,0,None,,,,,b,0044.png,,black_3084.png,62,48,1,54,30,50,1,1,1,44,1,1,50,0,1,1,1,1,1,1,1,1,1,1,35,56,30,1,1,1,33,76,91,38,88,84,79,0,33,35,34,73,36,56,76
9965,,70,1991,0,Markus,Koch,0,0,0,0,Boise State,68,,1,24,77,270,DE,0,0,0,0,0,0,0,0,0,0,0,0,0,0,0,0,None,,,,,b,0012.png,,black_3016.png,68,55,1,51,23,53,1,1,1,61,1,1,55,0,1,1,1,1,1,1,1,1,1,1,35,52,30,1,1,1,37,75,80,70,77,69,72,0,49,49,32,89,33,70,76
9966,,83,1991,1990,Leonard,Little,20,5,3,1990,Tennessee,68,,1,25,75,261,DE,250000,1,250000,0,0,0,0,0,0,0,0,0,0,0,0,0,None,,,,,b,0042.png,default-jersey-01.png,blonde_3009.png,70,67,1,69,26,54,1,1,1,71,1,1,73,0,1,1,1,1,1,1,1,1,1,1,27,68,26,1,1,1,50,69,40,61,37,58,100,0,49,42,60,87,34,39,88
1857,,97,1991,1985,Howie,Long,6,3,4,1985,Villanova,76,,6,31,77,268,DE,12300000,1,12300000,0,0,0,0,0,0,0,0,0,0,0,0,0,None,WorkoutFanatic,,,,b,0088.png,,bald_3012.png,84,68,6,74,50,68,1,4,9,79,1,1,90,0,1,1,1,1,1,1,1,1,1,1,25,100,15,1,1,1,91,69,78,84,79,72,74,0,33,47,48,92,49,41,91
9985,,65,1991,0,Reggie,Lowe,0,0,0,0,Troy,76,,1,24,74,250,DE,0,0,0,0,0,0,0,0,0,0,0,0,0,0,0,0,None,,,,,a,0134.png,,lightbrown_3059.png,61,45,1,54,20,50,1,1,1,52,1,1,60,0,1,1,1,1,1,1,1,1,1,1,35,54,30,1,1,1,78,67,93,68,74,70,100,0,42,36,64,80,42,56,77
12558,,79,1991,1991,Rick,Lyle,4,4,7,1991,Missouri,52,,0,23,77,285,DE,500000,3,500000,500000,500000,0,0,0,0,0,0,0,0,0,0,0,None,,,,,a,10587.png,,black_3012.png,74,52,1,70,38,51,1,1,1,62,1,1,60,0,1,1,1,1,1,1,1,1,1,1,32,61,32,1,1,1,40,57,55,52,68,56,75,0,50,47,50,86,43,30,55
9999,,60,1991,0,Ralph,Malone,0,0,0,0,Georgia Tech,76,,1,23,77,225,DE,0,0,0,0,0,0,0,0,0,0,0,0,0,0,0,0,None,,,,,b,10098.png,,black_3029.png,60,59,1,48,17,44,1,1,1,41,1,1,63,0,1,1,1,1,1,1,1,1,1,1,35,53,30,1,1,1,39,87,74,38,67,95,72,0,30,45,53,76,34,61,95
1891,,86,1991,1985,Dexter,Manley,17,3,15,1985,Oklahoma State,73,,6,32,75,253,DE,2900000,1,2900000,0,0,0,0,0,0,0,0,0,0,0,0,0,None,OFRedFlags|RoleModel,,,,b,0058.png,default-jersey-01.png,bald_3010.png,73,78,1,64,32,47,5,1,1,72,1,1,75,0,1,1,1,1,1,1,1,1,1,1,11,100,19,1,1,1,61,60,33,70,58,67,80,0,48,31,34,100,33,52,0
2135,,85,1991,1985,Charles,Mann,15,9,3,1985,Nevada-Reno,71,,6,30,78,268,DE,3900000,3,3900000,3900000,3900000,0,0,0,0,0,0,0,0,0,0,0,None,Competitor,,,,b,0077.png,default-jersey-01.png,black_3070.png,76,73,3,67,54,62,1,1,3,51,1,1,79,0,1,1,1,1,1,1,1,1,1,1,1,100,7,1,1,1,61,73,95,45,88,85,78,0,39,40,56,71,49,60,57
1919,,88,1991,1985,Leonard,Marshall,7,5,3,1985,LSU,70,,6,30,75,288,DE,15000000,1,15000000,0,0,0,0,0,0,0,0,0,0,0,0,0,None,CommunityBenefactor,,,,b,0012.png,,black_3062.png,74,81,1,60,42,71,1,5,1,66,1,1,73,0,1,1,1,1,1,1,1,1,1,1,1,100,12,1,1,1,89,64,63,72,72,72,86,0,31,42,41,72,47,49,84
2460,,76,1991,1985,Doug,Martin,0,39,1,1985,Washington,70,,4,32,75,260,DE,0,0,0,0,0,0,0,0,0,0,0,0,0,0,0,0,None,,,,,b,0078.png,,black_3009.png,59,53,1,63,29,50,1,1,1,69,1,1,66,0,1,1,1,1,1,1,1,1,1,1,24,78,19,1,1,1,32,92,95,34,60,74,84,0,40,33,44,90,45,51,26
2753,,71,1991,1985,Stafford,Mays,0,54,14,1985,Washington,61,,3,30,74,252,DE,0,0,0,0,0,0,0,0,0,0,0,0,0,0,0,0,None,,,,,a,0122.png,,darkbrown_3031.png,68,46,1,64,28,50,1,1,1,51,1,1,51,0,1,1,1,1,1,1,1,1,1,1,22,59,25,1,1,1,30,54,50,52,43,54,75,0,40,33,32,73,41,51,34
7394,,76,1991,1988,Turk,McBride,0,6,13,1988,Tennessee,61,,3,24,76,285,DE,0,0,0,0,0,0,0,0,0,0,0,0,0,0,0,0,None,,,,,a,10572.png,default-jersey-01.png,black_3040.png,75,64,1,58,39,49,1,1,1,50,1,1,58,0,1,1,1,1,1,1,1,1,1,1,9,93,5,1,1,1,62,90,93,39,100,61,90,0,44,33,47,81,32,59,57
5448,,66,1991,0,Stanley,McClover,0,0,0,0,Auburn,67,,1,23,75,260,DE,0,0,0,0,0,0,0,0,0,0,0,0,0,0,0,0,None,,,,,a,10558.png,,darkbrown_3052.png,61,54,1,49,30,39,1,1,1,54,1,1,52,0,1,1,1,1,1,1,1,1,1,1,2,65,11,1,1,1,31,98,65,3,90,62,95,0,38,47,59,91,48,67,86
12555,,93,1991,1991,Willie,McGinest,11,1,4,1991,USC,62,,0,23,77,270,DE,3000000,4,3000000,3000000,3000000,3000000,0,0,0,0,0,0,0,0,0,0,None,BullRusher,,,,b,0004.png,default-jersey-01.png,black_3088.png,85,69,1,77,50,67,1,1,1,71,1,1,58,0,1,1,1,1,1,1,1,1,1,1,34,67,32,1,1,1,82,87,87,88,99,86,75,0,33,47,51,72,37,41,96
2089,,60,1991,1985,Curtis,McGriff,0,19,1,1985,Alabama,75,,6,33,77,270,DE,0,0,0,0,0,0,0,0,0,0,0,0,0,0,0,0,None,,,,,b,0022.png,,black_3101.png,65,39,1,46,12,32,1,1,1,46,1,1,58,0,1,1,1,1,1,1,1,1,1,1,19,84,24,1,1,1,29,93,72,45,82,96,94,0,44,44,48,97,48,50,92
12563,,76,1991,1991,Toddrick,McIntosh,7,6,11,1991,Florida State,96,,0,22,75,270,DE,250000,2,250000,250000,0,0,0,0,0,0,0,0,0,0,0,0,None,,,,,b,0081.png,,bald_3037.png,66,60,1,66,25,54,1,1,1,62,1,1,52,0,1,1,1,1,1,1,1,1,1,1,32,58,31,1,1,1,33,68,100,69,94,77,77,0,43,39,58,76,45,57,86
2325,,62,1991,1985,Casey,Merrill,0,34,10,1985,California-Davis,67,,5,33,76,254,DE,0,0,0,0,0,0,0,0,0,0,0,0,0,0,0,0,None,,,,,a,10580.png,,blonde_3029.png,53,36,1,55,11,47,1,1,1,50,1,1,56,0,1,1,1,1,1,1,1,1,1,1,17,72,15,1,1,1,34,50,61,11,23,37,92,0,49,45,58,83,36,47,42
12794,19626,72,1991,0,Darren,Mickell,0,0,0,0,Florida,0,,0,22,76,285,DE,0,0,0,0,0,0,0,0,0,0,0,0,0,0,0,0,None,,,,,,,,,65,67,1,54,25,58,1,1,1,49,1,1,67,0,0,0,0,0,0,0,0,0,0,0,8,89,6,0,0,0,11,65,79,26,60,79,85,0,39,45,47,78,42,51,85
12571,,69,1991,0,Lamar,Mills,0,0,0,0,Indiana,67,,0,23,77,270,DE,0,0,0,0,0,0,0,0,0,0,0,0,0,0,0,0,None,,,,,a,0115.png,,darkbrown_3036.png,57,59,1,64,23,36,1,1,1,58,1,1,61,0,1,1,1,1,1,1,1,1,1,1,35,54,35,1,1,1,86,35,37,96,37,37,100,0,41,43,41,87,43,39,78
10035,,99,1991,1990,Sam,Mills,9,2,9,1990,Montclair State,54,,1,28,69,229,DE,1250000,2,1250000,1250000,0,0,0,0,0,0,0,0,0,0,0,0,None,HybridLB,,,,b,0061.png,,black_3004.png,77,81,7,74,49,70,1,1,1,93,8,1,89,0,1,1,1,1,1,1,1,1,1,1,27,67,49,1,27,1,74,67,38,62,49,57,78,0,43,39,52,99,30,64,84
12805,19878,68,1991,0,Chris,Mims,0,0,0,0,Tennessee,0,,0,22,77,288,DE,0,0,0,0,0,0,0,0,0,0,0,0,0,0,0,0,None,,,,,,,,,64,63,1,56,26,55,1,1,1,53,1,1,54,0,0,0,0,0,0,0,0,0,0,0,0,24,0,0,0,0,98,75,75,88,88,88,81,0,44,44,30,91,46,42,85
9982,,65,1991,0,Alonzo,Mitz,0,0,0,0,Florida,63,,1,24,75,275,DE,0,0,0,0,0,0,0,0,0,0,0,0,0,0,0,0,None,,,,,a,0120.png,,red_3028.png,68,62,1,52,28,42,1,1,1,43,1,1,63,0,1,1,1,1,1,1,1,1,1,1,35,45,30,1,1,1,54,66,65,45,73,81,99,0,40,36,61,97,39,35,85
9946,,87,1991,1990,Kenny,Mixon,11,2,2,1990,LSU,61,,1,24,76,271,DE,1500000,2,1500000,1500000,0,0,0,0,0,0,0,0,0,0,0,0,None,,,,,a,10573.png,,darkbrown_3050.png,72,59,1,75,41,65,1,1,1,71,1,1,67,0,1,1,1,1,1,1,1,1,1,1,27,67,26,1,1,1,32,70,89,25,97,66,92,0,35,48,35,74,41,57,100
7325,,60,1991,0,Quentin,Moses,0,0,0,0,Georgia,63,,3,26,77,261,DE,0,0,0,0,0,0,0,0,0,0,0,0,0,0,0,0,None,,,,,b,10095.png,,black_3089.png,57,55,1,46,23,32,1,1,1,44,1,1,56,0,1,1,1,1,1,1,1,1,1,1,9,66,2,1,1,1,39,93,79,36,75,90,84,0,37,34,64,72,31,42,13
7201,,60,1991,0,Jarvis,Moss,0,0,0,0,Florida,63,,1,23,79,250,DE,0,0,0,0,0,0,0,0,0,0,0,0,0,0,0,0,None,,,,,a,10591.png,,red_3034.png,56,47,1,60,18,37,1,1,1,43,1,1,50,0,1,1,1,1,1,1,1,1,1,1,6,47,5,1,1,1,39,34,53,73,40,51,97,0,45,33,60,76,38,46,70
2749,,65,1991,1985,Mark,Mullaney,0,54,18,1985,Colorado State,77,,2,34,78,242,DE,0,0,0,0,0,0,0,0,0,0,0,0,0,0,0,0,None,,,,,b,10083.png,,black_3070.png,63,55,1,48,23,48,1,1,1,48,1,1,69,0,1,1,1,1,1,1,1,1,1,1,28,67,40,1,1,1,51,88,64,71,85,73,97,0,36,37,50,80,46,56,90
12742,21216,69,1991,0,Roosevelt,Nix,0,0,0,0,Central State (OH),0,,0,25,78,299,DE,0,0,0,0,0,0,0,0,0,0,0,0,0,0,0,0,None,,,,,,,,,67,54,1,63,32,50,1,1,1,53,1,1,51,0,0,0,0,0,0,0,0,0,0,0,3,22,13,0,0,0,34,32,47,70,47,69,90,0,45,34,45,87,30,65,83
12569,,71,1991,0,Dexter,Nottage,0,0,0,0,Florida A&M,67,,0,24,76,287,DE,0,0,0,0,0,0,0,0,0,0,0,0,0,0,0,0,None,,,,,b,0043.png,,black_3034.png,67,51,1,64,17,46,1,1,1,58,1,1,50,0,1,1,1,1,1,1,1,1,1,1,35,51,35,1,1,1,34,30,32,38,58,34,99,0,37,50,63,96,36,53,85
12581,,60,1991,0,Jeremy,Nunley,0,0,0,0,Alabama,62,,0,23,77,278,DE,0,0,0,0,0,0,0,0,0,0,0,0,0,0,0,0,None,,,,,a,10558.png,,bald_3010.png,58,48,1,47,17,42,1,1,1,50,1,1,51,0,1,1,1,1,1,1,1,1,1,1,35,51,35,1,1,1,61,64,70,65,49,58,86,0,47,33,46,73,48,51,80
9945,,90,1991,1990,Leslie,O'Neal,7,1,9,1990,Oklahoma State,61,,1,23,76,275,DE,2500000,3,2500000,2500000,2500000,0,0,0,0,0,0,0,0,0,0,0,None,BullRusher,,,,b,0024.png,,bald_3012.png,82,75,1,79,37,55,1,8,1,68,1,1,80,0,1,1,1,1,1,1,1,1,1,1,26,74,26,1,1,1,9,57,34,27,4,16,70,0,34,38,66,73,48,43,93
9968,,70,1991,0,Eric,Ogbogu,0,0,0,0,Maryland,67,,1,24,76,270,DE,0,0,0,0,0,0,0,0,0,0,0,0,0,0,0,0,None,,,,,b,10071.png,,bald_3010.png,59,56,1,63,30,42,1,1,1,59,1,1,53,0,1,1,1,1,1,1,1,1,1,1,35,48,30,1,1,1,65,58,35,60,59,37,73,0,48,40,43,80,47,47,89
5480,,82,1991,1987,Melvin,Oliver,2,3,11,1987,LSU,66,,4,27,75,279,DE,4950000,1,4950000,0,0,0,0,0,0,0,0,0,0,0,0,0,None,,,,,a,0142.png,,blonde_3012.png,66,65,1,67,34,45,1,1,1,69,1,1,67,0,1,1,1,1,1,1,1,1,1,1,5,100,5,1,1,1,9,66,37,26,24,2,88,0,32,43,52,75,50,40,76
12577,,67,1991,0,Brad,Ottis,0,0,0,0,Wayne State (NE),75,,0,22,77,281,DE,0,0,0,0,0,0,0,0,0,0,0,0,0,0,0,0,None,,,,,a,0139.png,,red_3008.png,71,50,1,52,31,48,1,1,1,49,1,1,58,0,1,1,1,1,1,1,1,1,1,1,35,49,35,1,1,1,86,45,43,96,55,54,92,0,48,33,34,94,43,54,74
10002,,58,1991,0,Julian,Pittman,0,0,0,0,Florida State,61,,1,24,76,286,DE,0,0,0,0,0,0,0,0,0,0,0,0,0,0,0,0,None,,,,,b,0037.png,,darkbrown_3008.png,56,55,1,48,25,33,1,1,1,42,1,1,59,0,1,1,1,1,1,1,1,1,1,1,35,51,30,1,1,1,95,70,62,83,59,38,90,0,33,36,47,88,34,52,78
3436,,85,1991,1986,Kavika,Pittman,9,5,9,1986,McNeese State,53,,5,27,78,273,DE,2800000,1,2800000,0,0,0,0,0,0,0,0,0,0,0,0,0,None,,,,,b,10061.png,default-jersey-01.png,black_3008.png,71,68,1,71,33,60,1,1,1,64,1,1,64,0,1,1,1,1,1,1,1,1,1,1,1,95,14,1,1,1,75,36,52,100,63,58,74,0,31,48,35,83,47,58,93
12867,22944,87,1991,0,Robert,Porcher,0,0,0,0,South Carolina State,0,,0,23,75,266,DE,0,0,0,0,0,0,0,0,0,0,0,0,0,0,0,0,None,,,,,,,,,77,71,1,79,36,64,1,1,1,62,1,1,63,0,0,0,0,0,0,0,0,0,0,0,25,67,21,0,0,0,71,81,91,86,99,66,78,0,45,31,55,75,42,51,91
12573,,69,1991,0,Keith,Powe,0,0,0,0,Lamar,69,,0,25,75,285,DE,0,0,0,0,0,0,0,0,0,0,0,0,0,0,0,0,None,,,,,b,0096.png,,bald_3007.png,66,53,1,52,26,52,1,1,1,55,1,1,48,0,1,1,1,1,1,1,1,1,1,1,35,58,35,1,1,1,41,79,73,32,97,86,93,0,34,49,37,74,42,55,75
3448,,98,1991,1986,Simeon,Rice,9,1,17,1986,Illinois,72,,5,27,77,268,DE,12450000,3,12450000,12450000,12450000,0,0,0,0,0,0,0,0,0,0,0,None,,,,,b,0091.png,,black_3012.png,84,73,1,83,33,64,1,1,4,79,1,7,86,0,1,1,1,1,1,1,1,1,1,1,12,100,7,1,1,1,36,39,38,16,12,1,80,0,40,38,46,76,49,54,99
7208,,75,1991,1988,Jay,Richardson,2,6,20,1988,Ohio State,79,,3,25,77,276,DE,250000,2,250000,250000,0,0,0,0,0,0,0,0,0,0,0,0,None,,,,,a,0113.png,default-jersey-01.png,lightbrown_3063.png,68,58,1,63,35,59,1,1,1,57,1,1,61,0,1,1,1,1,1,1,1,1,1,1,12,55,10,1,1,1,56,62,45,51,56,68,77,0,41,49,60,78,37,35,89
9956,,80,1991,1990,Larry,Roberts,17,7,4,1990,Alabama,70,,1,24,75,270,DE,250000,1,250000,0,0,0,0,0,0,0,0,0,0,0,0,0,None,ReturnSpecialist,,,,c,0235.png,default-jersey-01.png,darkbrown_3005.png,74,67,1,69,30,53,1,1,1,63,1,1,65,0,1,1,1,1,1,1,1,1,1,1,26,58,26,1,1,1,14,77,60,1,95,94,72,0,35,43,52,82,50,70,0
12945,24219,67,1991,0,Tim,Roberts,0,0,0,0,Southern Miss,0,,0,23,78,318,DE,0,0,0,0,0,0,0,0,0,0,0,0,0,0,0,0,None,,,,,,,,,65,54,1,52,30,38,1,1,1,43,1,1,64,0,0,0,0,0,0,0,0,0,0,0,11,96,9,0,0,0,39,31,67,11,6,4,83,0,49,45,40,84,49,39,98
8517,,88,1991,1989,Mark,Robinson LB,16,5,2,1989,N/A,93,,2,24,71,235,DE,3700000,6,3700000,3700000,3700000,3700000,3700000,3700000,0,0,0,0,0,0,0,0,None,,,,,a,10587.png,default-jersey-01.png,black_3031.png,71,60,1,75,45,46,1,1,1,80,1,1,74,0,1,1,1,1,1,1,1,1,1,1,1,68,55,1,16,1,84,94,83,69,72,64,87,0,62,36,52,80,39,70,86
8423,,82,1991,0,Dominique,Robinson,6,0,0,0,Miami Univ.,90,,2,25,77,253,DE,250000,1,250000,0,0,0,0,0,0,0,0,0,0,0,0,0,None,,,,,b,0097.png,default-jersey-01.png,black_3001.png,69,66,39,74,56,48,44,1,1,56,1,1,64,0,1,1,1,1,1,1,1,1,1,1,16,70,10,1,1,1,61,78,95,77,73,85,83,0,58,58,65,87,64,44,52
9951,,82,1991,1990,Gerald,Robinson,10,6,1,1990,Auburn,61,,1,24,75,262,DE,250000,1,250000,0,0,0,0,0,0,0,0,0,0,0,0,0,None,BadInfluence,,,,b,0055.png,default-jersey-01.png,lightbrown_3001.png,79,58,1,71,34,60,1,1,1,62,1,1,58,0,1,1,1,1,1,1,1,1,1,1,26,61,26,1,1,1,33,71,88,42,84,71,80,0,30,39,70,86,33,62,93
7088,,65,1991,0,Brian,Robison,0,0,0,0,Texas,64,,2,25,74,258,DE,0,0,0,0,0,0,0,0,0,0,0,0,0,0,0,0,None,,,,,b,0039.png,,black_3010.png,52,53,1,55,15,48,1,1,1,49,1,1,57,0,1,1,1,1,1,1,1,1,1,1,11,83,12,1,1,1,42,48,70,67,56,55,76,0,30,41,44,90,39,56,88
3618,,92,1991,1986,Knute,Rockne,14,2,16,1986,Notre Dame,43,,5,27,68,165,DE,2500000,4,2500000,2500000,2500000,2500000,0,0,0,0,0,0,0,0,0,0,None,MediaDarling,,,,b,0038.png,default-jersey-01.png,black_3081.png,61,71,5,72,71,89,1,25,25,71,1,1,95,0,1,58,16,40,21,1,1,1,1,1,12,81,9,1,1,1,95,90,55,90,55,35,75,0,45,46,54,73,30,66,2
5513,,87,1991,1987,Frostee,Rucker,5,2,13,1987,USC,92,,4,27,75,280,DE,2000000,2,2000000,2000000,0,0,0,0,0,0,0,0,0,0,0,0,None,,,,,b,0091.png,default-jersey-01.png,black_3103.png,67,74,1,70,32,67,1,1,1,75,1,1,63,0,1,1,1,1,1,1,1,1,1,1,16,80,20,1,1,1,65,99,80,67,92,96,92,0,40,36,38,93,36,46,98
5520,,63,1991,0,A.J.,Schable,0,0,0,0,South Dakota,76,,1,23,76,285,DE,0,0,0,0,0,0,0,0,0,0,0,0,0,0,0,0,None,,,,,b,10070.png,,black_3013.png,55,50,1,62,33,36,1,1,1,44,1,1,54,0,1,1,1,1,1,1,1,1,1,1,10,43,13,1,1,1,13,81,69,1,81,87,74,0,41,39,39,82,44,66,74
12868,25577,79,1991,0,Tracy,Scroggins,0,0,0,0,Tulsa,0,,0,23,75,273,DE,0,0,0,0,0,0,0,0,0,0,0,0,0,0,0,0,None,,,,,,,,,65,72,1,71,24,62,1,1,1,65,1,1,68,0,0,0,0,0,0,0,0,0,0,0,11,36,19,0,0,0,75,99,100,96,74,83,99,0,46,34,42,94,39,39,85
9949,,90,1991,1990,Clyde,Simmons,12,1,15,1990,Western Carolina,75,,1,23,77,292,DE,2000000,3,2000000,2000000,2000000,0,0,0,0,0,0,0,0,0,0,0,None,Competitor,,,,a,0135.png,,bald_3032.png,85,64,1,77,28,68,1,1,4,70,2,1,66,0,1,1,1,1,1,1,1,1,1,1,28,79,26,1,1,1,77,77,79,74,96,82,92,0,31,43,52,80,33,52,78
2834,,66,1991,1985,Tony,Simmons,0,55,2,1985,Tennessee,97,,5,28,76,270,DE,0,0,0,0,0,0,0,0,0,0,0,0,0,0,0,0,None,,,,,a,0110.png,,lightbrown_3020.png,61,49,1,50,23,43,1,1,1,49,1,1,52,0,1,1,1,1,1,1,1,1,1,1,1,90,1,1,1,1,41,50,36,71,51,40,81,0,49,34,56,89,34,67,70
12921,26228,87,1991,0,Michael,Sinclair,0,0,0,0,Eastern New Mexico,0,,0,24,76,267,DE,0,0,0,0,0,0,0,0,0,0,0,0,0,0,0,0,None,,,,,,,,,70,62,1,76,38,65,1,1,1,69,1,1,75,0,0,0,0,0,0,0,0,0,0,0,10,77,29,0,0,0,51,42,62,39,45,58,85,0,46,36,65,84,49,68,75
9967,,71,1991,0,Jim,Skow,0,0,0,0,Nebraska,78,,1,24,75,253,DE,0,0,0,0,0,0,0,0,0,0,0,0,0,0,0,0,None,,,,,b,10093.png,,darkbrown_3006.png,74,58,1,60,28,50,1,1,1,48,1,1,52,0,1,1,1,1,1,1,1,1,1,1,35,52,30,1,1,1,44,65,43,71,68,69,84,0,35,32,63,86,48,44,81
3477,,88,1991,1986,Brady,Smith,16,2,13,1986,Colorado State,68,,5,28,77,274,DE,3900000,1,3900000,0,0,0,0,0,0,0,0,0,0,0,0,0,None,,,,,b,0036.png,,blonde_3007.png,76,54,1,72,39,56,1,1,1,71,1,1,71,0,1,1,1,1,1,1,1,1,1,1,1,100,13,1,1,1,65,67,52,54,47,53,79,0,49,32,70,83,40,40,1
1847,,100,1991,1985,Bruce,Smith,10,2,1,1985,Virginia Tech,78,,6,28,76,262,DE,12500000,1,12500000,0,0,0,0,0,0,0,0,0,0,0,0,0,None,BullRusher,,,,b,0097.png,,black_3041.png,87,82,1,84,56,67,2,1,1,78,5,1,91,0,1,1,1,1,1,1,1,1,1,1,26,100,4,1,1,1,68,65,46,42,69,68,78,0,35,44,36,83,33,46,99
12898,26487,78,1991,0,Chuck,Smith,0,0,0,0,Tennessee,0,,0,23,74,257,DE,0,0,0,0,0,0,0,0,0,0,0,0,0,0,0,0,None,,,,,,,,,72,68,1,62,28,64,1,1,1,55,1,1,54,0,0,0,0,0,0,0,0,0,0,0,12,73,14,0,0,0,59,42,66,54,59,56,80,0,44,35,56,100,41,37,94
12566,,75,1991,1991,Fernando,Smith,15,6,13,1991,Jackson State,91,,0,23,78,287,DE,250000,2,250000,250000,0,0,0,0,0,0,0,0,0,0,0,0,None,,,,,b,0053.png,,black_3007.png,62,54,1,66,32,59,1,1,1,60,1,1,57,0,1,1,1,1,1,1,1,1,1,1,30,60,33,1,1,1,63,93,76,83,64,98,79,0,35,35,49,86,42,58,79
12859,27011,74,1991,0,Alonzo,Spellman,0,0,0,0,Ohio State,0,,0,21,76,287,DE,0,0,0,0,0,0,0,0,0,0,0,0,0,0,0,0,None,,,,,,,,,73,57,1,57,35,60,1,1,1,55,1,1,54,0,0,0,0,0,0,0,0,0,0,0,7,48,10,0,0,0,41,76,79,48,65,96,71,0,30,42,69,73,42,55,84
7056,,78,1991,1988,Anthony,Spencer,8,2,20,1988,Purdue,94,,3,25,75,261,DE,490000,1,490000,0,0,0,0,0,0,0,0,0,0,0,0,0,None,,,,,a,10596.png,,lightbrown_3086.png,78,51,1,65,27,58,1,1,1,64,1,1,60,0,1,1,1,1,1,1,1,1,1,1,21,50,24,1,1,1,33,60,48,43,43,64,86,0,33,48,53,71,42,45,99
9952,,79,1991,1990,Greg,Spires,13,5,12,1990,Florida State,96,,1,25,73,265,DE,490000,1,490000,0,0,0,0,0,0,0,0,0,0,0,0,0,None,,,,,b,0067.png,,black_3058.png,78,50,1,67,37,57,1,1,1,63,1,1,61,0,1,1,1,1,1,1,1,1,1,1,29,49,29,1,1,1,55,61,30,42,30,38,74,0,41,37,57,96,34,65,62
9979,,65,1991,0,Jeremy,Staat,0,0,0,0,Arizona State,66,,1,23,77,300,DE,0,0,0,0,0,0,0,0,0,0,0,0,0,0,0,0,None,,,,,b,10064.png,,black_3013.png,60,54,1,54,28,41,1,1,1,50,1,1,50,0,1,1,1,1,1,1,1,1,1,1,35,53,30,1,1,1,6,88,99,38,100,96,77,0,43,49,37,73,36,41,86
12580,,64,1991,0,Ramondo,Stallings,0,0,0,0,San Diego State,60,,0,23,79,286,DE,0,0,0,0,0,0,0,0,0,0,0,0,0,0,0,0,None,,,,,a,0102.png,,black_3020.png,55,44,1,59,25,54,1,1,1,47,1,1,51,0,1,1,1,1,1,1,1,1,1,1,35,55,35,1,1,1,46,63,68,68,66,41,86,0,45,41,60,79,49,33,100
2014,,68,1991,1985,Art,Still,0,9,7,1985,Kentucky,67,,6,36,79,253,DE,0,0,0,0,0,0,0,0,0,0,0,0,0,0,0,0,None,,,,,b,0089.png,,darkbrown_3023.png,58,62,1,41,30,54,1,1,1,57,1,1,49,0,1,1,1,1,1,1,1,1,1,1,10,83,1,1,1,1,29,65,39,21,30,26,100,0,45,45,69,91,50,54,56
2462,,56,1991,1985,Jim,Stuckey,0,38,6,1985,Clemson,62,,6,33,76,251,DE,0,0,0,0,0,0,0,0,0,0,0,0,0,0,0,0,None,,,,,b,0023.png,,black_3021.png,49,36,1,38,19,39,1,1,1,48,1,1,41,0,1,1,1,1,1,1,1,1,1,1,19,79,3,1,1,1,75,98,62,69,98,72,77,0,49,47,47,75,33,54,98
9996,,61,1991,0,Mike,Sutton,0,0,0,0,LSU,71,,1,24,76,272,DE,0,0,0,0,0,0,0,0,0,0,0,0,0,0,0,0,None,,,,,b,0084.png,,black_3004.png,60,48,1,46,29,36,1,1,1,51,1,1,51,0,1,1,1,1,1,1,1,1,1,1,35,49,30,1,1,1,50,67,93,42,69,92,70,0,39,38,56,84,48,35,99
5556,,82,1991,1987,Darryl,Tapp,20,6,6,1987,Virginia Tech,74,,4,26,73,255,DE,2600000,1,2600000,0,0,0,0,0,0,0,0,0,0,0,0,0,None,,,,,b,0065.png,,darkbrown_3015.png,78,68,1,68,26,58,1,1,1,55,1,1,65,0,1,1,1,1,1,1,1,1,1,1,5,97,1,1,1,1,41,33,60,7,2,7,76,0,31,46,67,71,32,68,6
6052,,61,1991,0,Mike,Teeter,0,0,0,0,Michigan,66,,4,28,74,267,DE,0,0,0,0,0,0,0,0,0,0,0,0,0,0,0,0,None,,,,,b,0044.png,,black_3041.png,49,51,1,49,23,37,1,1,1,52,1,1,44,0,1,1,1,1,1,1,1,1,1,1,1,66,1,1,1,1,76,53,68,80,34,39,99,0,39,34,44,91,38,44,18
12572,,69,1991,0,Lance,Teichelman,0,0,0,0,Texas A&M,69,,0,24,76,274,DE,0,0,0,0,0,0,0,0,0,0,0,0,0,0,0,0,None,,,,,b,0028.png,,black_3075.png,64,48,1,57,28,46,1,1,1,58,1,1,58,0,1,1,1,1,1,1,1,1,1,1,35,54,35,1,1,1,68,40,61,40,61,32,71,0,31,43,46,70,50,55,89
12560,,77,1991,1991,John,Thierry,13,4,18,1991,Alcorn State,78,,0,23,76,265,DE,500000,3,500000,500000,500000,0,0,0,0,0,0,0,0,0,0,0,None,,,,,a,10597.png,,darkbrown_3069.png,66,66,1,61,31,49,1,1,1,69,1,1,56,0,1,1,1,1,1,1,1,1,1,1,30,55,34,1,1,1,43,63,96,33,72,96,92,0,39,48,50,75,48,47,51
12578,,66,1991,0,Cornell,Thomas,0,0,0,0,West Georgia,72,,0,22,75,250,DE,0,0,0,0,0,0,0,0,0,0,0,0,0,0,0,0,None,,,,,a,0133.png,,lightbrown_3069.png,71,61,1,51,29,37,1,1,1,48,1,1,61,0,1,1,1,1,1,1,1,1,1,1,35,51,35,1,1,1,34,80,75,44,83,82,80,0,32,44,68,97,50,31,71
2458,,66,1991,1985,Donnell,Thompson,0,38,7,1985,North Carolina,65,,6,33,76,270,DE,0,0,0,0,0,0,0,0,0,0,0,0,0,0,0,0,None,,,,,a,10573.png,,black_3042.png,54,49,1,49,15,45,1,1,1,57,1,1,67,0,1,1,1,1,1,1,1,1,1,1,20,92,13,1,1,1,23,78,80,26,87,69,95,0,46,33,64,91,31,62,1
8526,,86,1991,1989,Channing,Tindall,20,7,10,1989,Georgia,98,,2,23,74,232,DE,2900000,4,2900000,2900000,2900000,2900000,0,0,0,0,0,0,0,0,0,0,None,,,,,a,0112.png,default-jersey-01.png,darkbrown_3086.png,60,62,3,80,32,53,1,1,1,81,1,1,66,0,1,1,1,1,1,1,1,1,1,1,1,63,56,1,15,1,9,36,38,3,12,32,87,0,42,38,36,77,31,37,53
2967,,67,1991,1985,Andre,Townsend,0,48,16,1985,Mississippi,70,,3,26,75,265,DE,0,0,0,0,0,0,0,0,0,0,0,0,0,0,0,0,None,,,,,a,10574.png,,lightbrown_3020.png,73,54,1,53,31,44,1,1,1,50,1,1,60,0,1,1,1,1,1,1,1,1,1,1,18,29,10,1,1,1,53,78,70,38,77,67,95,0,43,49,43,98,49,42,25
2787,,81,1991,1985,Greg,Townsend,19,38,16,1985,TCU,93,,6,30,75,264,DE,2150000,1,2150000,0,0,0,0,0,0,0,0,0,0,0,0,0,None,,,,,b,0064.png,,black_3079.png,64,62,1,60,42,44,1,1,1,73,1,1,71,0,1,1,1,1,1,1,1,1,1,1,1,84,1,1,1,1,47,39,51,64,40,68,75,0,35,48,67,82,40,53,7
12605,,80,1991,1991,Winfred,Tubbs,11,4,5,1991,Texas,95,,0,24,76,250,DE,500000,3,500000,500000,500000,0,0,0,0,0,0,0,0,0,0,0,None,,,,,a,0147.png,default-jersey-01.png,red_3001.png,73,69,1,59,32,57,1,1,1,74,1,1,72,0,1,1,1,1,1,1,1,1,1,1,30,35,57,1,32,1,30,89,82,59,86,93,81,0,44,50,51,97,34,44,76
9962,,72,1991,0,T.J.,Turner,0,0,0,0,Houston,63,,1,24,76,276,DE,0,0,0,0,0,0,0,0,0,0,0,0,0,0,0,0,None,,,,,a,10569.png,,lightbrown_3012.png,65,60,1,63,35,51,1,1,1,50,1,1,65,0,1,1,1,1,1,1,1,1,1,1,35,54,30,1,1,1,18,58,33,32,40,36,91,0,32,30,62,76,31,54,99
3508,,86,1991,1986,Regan,Upshaw,14,3,13,1986,California,65,,5,26,76,265,DE,8600000,2,8600000,8600000,0,0,0,0,0,0,0,0,0,0,0,0,None,MediaDarling,,,,b,0026.png,,bald_3023.png,75,68,1,71,27,49,1,1,1,68,1,1,86,0,1,1,1,1,1,1,1,1,1,1,1,99,1,1,1,1,65,68,68,54,72,84,93,0,41,45,60,72,34,30,18
8425,,66,1991,0,Eyioma,Uwazurike,0,0,0,0,Iowa State,97,,1,24,78,320,DE,0,0,0,0,0,0,0,0,0,0,0,0,0,0,0,0,None,,,,,a,10575.png,,lightbrown_3100.png,68,49,1,44,19,50,1,1,1,58,4,1,52,0,1,1,1,1,1,1,1,1,1,1,5,51,7,1,1,1,30,98,83,63,100,82,70,0,61,35,68,74,59,66,82
2194,,86,1991,1985,Garin,Veris,20,19,4,1985,Stanford,71,,6,28,76,255,DE,3050000,2,3050000,3050000,0,0,0,0,0,0,0,0,0,0,0,0,None,,,,,b,0017.png,default-jersey-01.png,black_3052.png,71,64,1,71,45,47,1,1,1,70,1,1,72,0,1,1,1,1,1,1,1,1,1,1,1,95,4,1,1,1,63,59,38,83,63,70,91,0,34,30,43,72,32,42,91
12561,,78,1991,1991,Kimo,von Oelhoffen,15,4,13,1991,Boise State,66,,0,23,76,300,DE,500000,3,500000,500000,500000,0,0,0,0,0,0,0,0,0,0,0,None,,,,,b,0038.png,,black_3038.png,70,52,1,60,44,43,1,1,1,70,1,1,56,0,1,1,1,1,1,1,1,1,1,1,30,55,30,1,1,1,33,90,96,43,65,69,98,0,31,39,63,88,40,65,74
9974,,80,1991,1990,Andre,Wadsworth,13,6,17,1990,Florida State,65,,1,25,76,278,DE,250000,1,250000,0,0,0,0,0,0,0,0,0,0,0,0,0,None,,,,,a,10561.png,default-jersey-01.png,blonde_3015.png,71,55,1,67,35,50,1,1,1,69,1,1,65,0,1,1,1,1,1,1,1,1,1,1,26,66,27,1,1,1,6,71,91,22,90,87,77,0,38,47,38,77,47,44,56
8529,,99,1991,1989,Travon,Walker,13,1,8,1989,Georgia,58,,2,22,77,272,DE,2600000,2,2600000,2850000,0,0,0,0,0,0,0,0,0,0,0,0,None,HybridLB,,,,b,0010.png,,darkbrown_3016.png,79,72,1,83,47,77,1,7,7,78,1,1,73,0,1,1,1,1,1,1,1,1,1,1,1,96,61,1,35,1,35,73,61,61,61,62,75,0,37,31,40,85,40,40,42
9988,,65,1991,0,Ron,Warner,0,0,0,0,Kansas,76,,1,24,75,270,DE,0,0,0,0,0,0,0,0,0,0,0,0,0,0,0,0,None,,,,,b,0057.png,,darkbrown_3010.png,62,47,1,57,27,53,1,1,1,45,1,1,53,0,1,1,1,1,1,1,1,1,1,1,35,52,30,1,1,1,82,74,98,92,76,60,90,0,47,49,60,85,36,68,97
2322,,79,1991,1985,Frank,Warren,0,21,10,1985,Auburn,66,,6,32,76,285,DE,0,0,0,0,0,0,0,0,0,0,0,0,0,0,0,0,None,,,,,b,10087.png,default-jersey-01.png,black_3075.png,69,65,1,52,31,51,1,1,1,70,1,1,70,0,1,1,1,1,1,1,1,1,1,1,4,97,10,1,1,1,97,68,97,69,83,100,73,0,34,43,43,73,40,70,37
9975,,69,1991,0,John,Washington,0,0,0,0,Oklahoma State,79,,1,24,76,280,DE,0,0,0,0,0,0,0,0,0,0,0,0,0,0,0,0,None,,,,,a,10591.png,,darkbrown_3013.png,69,61,1,56,22,56,1,1,1,48,1,1,64,0,1,1,1,1,1,1,1,1,1,1,35,52,30,1,1,1,97,85,66,97,66,74,73,0,37,39,34,90,33,68,98
12576,,67,1991,0,Alberto,White,0,0,0,0,Texas Southern,67,,0,23,75,260,DE,0,0,0,0,0,0,0,0,0,0,0,0,0,0,0,0,None,,,,,a,10561.png,,lightbrown_3030.png,61,58,1,61,20,50,1,1,1,48,1,1,63,0,1,1,1,1,1,1,1,1,1,1,35,50,35,1,1,1,88,84,82,65,81,63,84,0,45,44,67,73,49,43,92
1818,,100,1991,1985,Reggie,White,5,1,6,1985,Tennessee,91,,6,30,77,291,DE,16250000,5,16250000,16250000,16250000,16250000,16250000,0,0,0,0,0,0,0,0,0,None,BullRusher|Legend,,,,a,10595.png,,red_3018.png,88,83,7,78,56,67,1,1,5,86,1,2,88,0,1,1,1,1,1,1,1,1,1,1,26,100,9,1,1,1,68,79,66,84,64,66,80,0,41,37,30,86,33,46,98
7373,,67,1991,1988,Stylez G,White,0,4,8,1988,Minnesota,64,,3,30,75,268,DE,0,0,0,0,0,0,0,0,0,0,0,0,0,0,0,0,None,,,,,a,10589.png,,bald_3030.png,64,48,1,57,21,43,1,1,1,54,1,1,64,0,1,1,1,1,1,1,1,1,1,1,26,52,12,1,1,1,90,82,88,84,62,71,76,0,44,48,32,92,39,60,100
9963,,73,1991,0,Brandon,Whiting,0,0,0,0,California,76,,1,23,75,285,DE,0,0,0,0,0,0,0,0,0,0,0,0,0,0,0,0,None,,,,,b,0014.png,,bald_3024.png,66,47,1,60,31,53,1,1,1,61,1,1,59,0,1,1,1,1,1,1,1,1,1,1,35,53,30,1,1,1,31,50,40,26,3,39,74,0,35,37,45,98,49,63,98
12559,,79,1991,1991,Bernard,Whittington,19,5,2,1991,Indiana,76,,0,23,77,290,DE,250000,2,250000,250000,0,0,0,0,0,0,0,0,0,0,0,0,None,,,,,b,0048.png,,black_3038.png,75,70,1,54,31,59,1,1,1,67,1,1,74,0,1,1,1,1,1,1,1,1,1,1,31,61,34,1,1,1,64,51,45,65,50,35,81,0,49,41,45,82,33,42,90
12914,30831,68,1991,0,David,Wilkins,0,0,0,0,Eastern Kentucky,0,,0,23,76,240,DE,0,0,0,0,0,0,0,0,0,0,0,0,0,0,0,0,None,,,,,,,,,67,55,1,58,35,48,1,1,1,44,1,1,59,0,0,0,0,0,0,0,0,0,0,0,10,59,9,0,0,0,81,93,65,73,63,77,82,0,49,34,53,100,35,63,96
12562,,76,1991,1991,Gabe,Wilkins,4,6,7,1991,Gardner-Webb,75,,0,23,77,304,DE,250000,2,250000,250000,0,0,0,0,0,0,0,0,0,0,0,0,None,,,,,b,0038.png,,black_3102.png,67,57,1,60,39,52,1,1,1,64,1,1,60,0,1,1,1,1,1,1,1,1,1,1,33,61,33,1,1,1,22,61,76,31,88,95,75,0,35,46,66,90,39,37,79
6035,,89,1991,0,Alfred,Williams,14,0,0,0,Colorado,71,,4,27,78,260,DE,3500000,4,3500000,3500000,3500000,3500000,0,0,0,0,0,0,0,0,0,0,None,,,,,b,0045.png,,black_3003.png,80,52,1,79,29,59,1,1,1,70,1,1,79,0,1,1,1,1,1,1,1,1,1,1,10,100,6,1,1,1,60,50,64,45,64,56,99,0,40,43,64,74,33,40,12
9950,,86,1991,1990,Brent,Williams,1,3,8,1990,Toledo,61,,1,23,76,283,DE,750000,2,750000,750000,0,0,0,0,0,0,0,0,0,0,0,0,None,CommunityBenefactor,,,,b,0021.png,default-jersey-01.png,black_3022.png,78,71,1,73,33,59,1,1,1,66,1,1,66,0,1,1,1,1,1,1,1,1,1,1,26,66,27,1,1,1,77,72,73,77,81,60,97,0,44,38,31,89,38,32,-1
2683,,77,1991,1985,Eric,Williams,0,49,16,1985,Washington State,74,,6,29,76,282,DE,0,0,0,0,0,0,0,0,0,0,0,0,0,0,0,0,None,,,,,c,0228.png,default-jersey-01.png,black_3004.png,73,43,1,59,39,54,1,1,1,69,1,1,76,0,1,1,1,1,1,1,1,1,1,1,1,47,2,1,1,1,18,48,57,29,15,6,79,0,48,36,61,97,46,68,73
10003,,85,1991,1990,Jamal,Williams,9,2,16,1990,Oklahoma State,67,,1,23,75,348,DE,750000,2,750000,750000,0,0,0,0,0,0,0,0,0,0,0,0,None,,,,,a,10563.png,,black_3042.png,70,61,1,76,50,56,5,1,3,73,1,1,67,0,1,1,1,1,1,1,1,1,1,1,49,41,27,1,1,1,64,72,85,94,90,85,72,0,38,31,32,89,48,39,91
2139,,83,1991,1985,Lee,Williams,14,10,6,1985,Bethune-Cookman,99,,6,29,78,269,DE,2150000,1,2150000,0,0,0,0,0,0,0,0,0,0,0,0,0,None,,,,,b,10051.png,default-jersey-01.png,black_3009.png,78,64,1,73,37,47,1,1,1,54,1,1,64,0,1,1,1,1,1,1,1,1,1,1,1,100,1,1,1,1,26,87,100,44,61,75,86,0,31,44,31,90,47,30,18
5596,,99,1991,1987,Mario,Williams,8,1,14,1987,North Carolina State,77,,4,25,78,290,DE,13900000,4,13900000,13900000,13900000,13900000,0,0,0,0,0,0,0,0,0,0,None,,,,,a,0121.png,default-jersey-01.png,bald_3016.png,90,69,10,77,45,65,10,1,1,81,10,10,85,0,1,1,1,1,1,1,1,1,1,1,7,98,7,1,1,1,47,98,85,62,75,90,83,0,33,49,56,80,49,59,100
2088,,85,1991,1985,Keith,Willis,13,12,17,1985,Northeastern,93,,6,32,73,260,DE,2000000,3,2000000,1650000,1650000,0,0,0,0,0,0,0,0,0,0,0,None,,,,,b,0058.png,default-jersey-01.png,black_3053.png,69,77,1,65,44,63,1,1,1,60,1,1,71,0,1,1,1,1,1,1,1,1,1,1,19,100,23,1,1,1,66,100,72,33,75,88,73,0,45,35,55,87,38,47,34
7094,,72,1991,1988,C.J.,Wilson,0,5,15,1988,Baylor,62,,3,24,73,195,DE,0,0,0,0,0,0,0,0,0,0,0,0,0,0,0,0,None,,,,,c,0230.png,,bald_3016.png,55,59,1,62,26,48,1,1,1,57,1,1,44,0,1,1,1,1,1,1,1,1,1,1,2,88,8,1,1,1,72,66,83,68,75,75,70,0,42,37,63,71,50,44,1
5603,,95,1991,1987,Kamerion,Wimbley,3,2,2,1987,Florida State,74,,4,27,75,245,DE,13700000,1,13700000,0,0,0,0,0,0,0,0,0,0,0,0,0,None,SpeedRusher,,,,b,0036.png,,black_3008.png,75,65,1,85,50,56,1,1,1,74,1,1,70,0,1,1,1,1,1,1,1,1,1,1,3,100,17,1,1,1,37,66,64,31,62,87,80,0,50,32,47,76,32,67,18
9958,,81,1991,0,Mike,Wise,4,0,0,0,California-Davis,78,,1,23,79,271,DE,250000,1,250000,0,0,0,0,0,0,0,0,0,0,0,0,0,None,,,,,a,10592.png,default-jersey-01.png,blonde_3007.png,81,62,1,58,39,48,1,1,1,66,1,1,65,0,1,1,1,1,1,1,1,1,1,1,26,70,27,1,1,1,56,54,61,35,47,41,92,0,43,48,65,74,30,60,47
9959,,74,1991,0,Grant,Wistrom,0,0,0,0,Nebraska,79,,1,23,76,272,DE,0,0,0,0,0,0,0,0,0,0,0,0,0,0,0,0,None,,,,,a,0142.png,,lightbrown_3027.png,56,57,1,71,24,61,1,1,1,59,1,1,50,0,1,1,1,1,1,1,1,1,1,1,35,55,30,1,1,1,45,62,66,43,96,84,100,0,41,39,32,73,42,50,86
8428,,86,1991,1989,Devonte,Wyatt,5,5,19,1989,Georgia,95,,2,25,75,304,DE,3600000,4,3600000,3600000,3600000,3600000,0,0,0,0,0,0,0,0,0,0,None,,,,,a,0131.png,default-jersey-01.png,black_3025.png,79,57,6,69,38,53,1,6,6,68,11,7,74,0,1,1,1,1,1,1,1,1,1,1,22,96,26,1,1,1,47,46,45,40,32,52,90,0,65,65,56,86,51,30,100
6107,,84,1991,0,Robert,Young,15,0,0,0,Mississippi State,55,,4,26,78,273,DE,250000,1,250000,0,0,0,0,0,0,0,0,0,0,0,0,0,None,,,,,c,0238.png,default-jersey-01.png,black_3011.png,77,55,1,75,25,59,1,1,1,65,1,1,59,0,1,1,1,1,1,1,1,1,1,1,18,85,21,1,1,1,80,54,66,87,38,33,98,0,42,40,33,73,50,51,23
3540,,81,1991,1986,Donnie,Abraham,8,4,13,1986,East Tennessee State,35,,5,28,70,190,FS,250000,1,250000,0,0,0,0,0,0,0,0,0,0,0,0,0,None,,,,,b,0025.png,default-jersey-01.png,black_3057.png,52,77,1,82,53,52,1,1,1,60,1,1,82,0,1,1,1,1,1,1,1,1,1,1,1,1,1,1,15,100,31,99,85,38,98,62,96,0,42,45,52,86,34,65,24
2101,,81,1991,1985,Vince,Albritton,11,17,5,1985,Washington,29,,6,29,74,215,FS,250000,1,250000,0,0,0,0,0,0,0,0,0,0,0,0,0,None,,,,,b,0090.png,default-jersey-01.png,black_3032.png,48,71,1,87,59,49,1,1,1,56,1,1,83,0,1,1,1,1,1,1,1,1,1,1,1,1,1,8,1,100,85,45,46,96,45,65,77,0,40,45,65,82,38,31,57
12657,,78,1991,1991,Brent,Alexander,3,3,20,1991,Tennessee State,42,,0,23,71,189,FS,750000,3,750000,750000,750000,0,0,0,0,0,0,0,0,0,0,0,None,,,,,b,0055.png,,blonde_3004.png,59,76,1,73,53,57,1,1,1,73,1,1,75,0,1,1,1,1,1,1,1,1,1,1,1,1,1,31,34,57,18,91,66,8,63,89,92,0,36,46,49,98,35,51,65
10180,,80,1991,1990,Eddie,Anderson,9,7,13,1990,Fort Valley State,48,,1,24,73,210,FS,250000,1,250000,0,0,0,0,0,0,0,0,0,0,0,0,0,None,,,,,b,0051.png,,black_3035.png,50,85,1,88,48,61,1,1,1,55,1,1,84,0,1,1,1,1,1,1,1,1,1,1,1,1,1,29,27,61,98,82,99,91,91,100,81,0,41,42,51,97,45,32,54
5999,,68,1991,0,Herbie,Anderson,0,0,0,0,Texas A&M-Kingsville,40,,4,27,69,183,FS,0,0,0,0,0,0,0,0,0,0,0,0,0,0,0,0,None,,,,,b,0027.png,,bald_3007.png,37,71,1,66,38,55,1,1,1,58,1,1,78,0,1,1,1,1,1,1,1,1,1,1,1,1,1,5,1,73,64,98,77,36,70,78,94,0,41,37,47,91,38,58,31
8446,,75,1991,0,Tycen,Anderson,0,0,0,0,Toledo,40,,2,24,74,209,FS,0,0,0,0,0,0,0,0,0,0,0,0,0,0,0,0,None,,,,,a,10579.png,,darkbrown_3087.png,42,78,1,76,49,53,1,1,1,55,1,1,75,0,1,1,1,1,1,1,1,1,1,1,1,1,1,12,26,77,58,63,61,66,94,71,75,0,57,51,63,73,43,60,51
12669,,66,1991,0,Tomur,Barnes,0,0,0,0,North Texas,39,,0,24,70,188,FS,0,0,0,0,0,0,0,0,0,0,0,0,0,0,0,0,None,,,,,b,10068.png,,darkbrown_3015.png,47,61,1,71,42,45,1,1,1,52,1,1,73,0,1,1,1,1,1,1,1,1,1,1,1,1,1,35,35,54,36,68,45,11,38,9,83,0,30,46,52,73,32,66,85
2470,,83,1991,1985,Martin,Bayless,6,32,12,1985,Bowling Green,42,,6,29,74,195,FS,250000,1,250000,0,0,0,0,0,0,0,0,0,0,0,0,0,None,,,,,b,0069.png,default-jersey-01.png,darkbrown_3019.png,60,79,1,70,71,64,1,1,1,72,1,1,76,0,1,1,1,1,1,1,1,1,1,1,1,1,1,12,1,77,78,34,59,84,40,65,89,0,43,31,31,92,32,41,62
3374,,86,1991,1986,Aaron,Beasley,11,5,4,1986,West Virginia,41,,5,28,72,205,FS,2000000,1,2000000,0,0,0,0,0,0,0,0,0,0,0,0,0,None,,,,,b,10095.png,default-jersey-01.png,black_3085.png,54,83,1,68,71,69,1,1,1,76,1,1,82,0,1,1,1,1,1,1,1,1,1,1,1,1,1,12,22,95,98,66,76,73,83,95,90,0,45,33,61,72,43,58,29
10200,,65,1991,0,Ed,Berry,0,0,0,0,Utah State,41,,1,24,70,183,FS,0,0,0,0,0,0,0,0,0,0,0,0,0,0,0,0,None,,,,,c,0232.png,,black_3034.png,42,60,1,65,51,44,1,1,1,54,1,1,71,0,1,1,1,1,1,1,1,1,1,1,1,1,1,35,35,52,57,78,63,54,89,98,94,0,41,35,37,92,35,61,93
2631,,69,1991,1985,Don,Bessillieu,0,52,13,1985,Georgia Tech,49,,2,31,73,200,FS,0,0,0,0,0,0,0,0,0,0,0,0,0,0,0,0,None,,,,,b,10075.png,,black_3057.png,43,67,1,62,58,51,1,1,1,62,1,1,78,0,1,1,1,1,1,1,1,1,1,1,1,1,1,32,37,39,53,49,52,45,68,61,90,0,39,45,45,83,44,49,55
8448,,90,1991,1989,Reed,Blankenship,15,2,9,1989,Mid Tenn St.,32,,2,24,73,203,FS,1500000,6,1500000,2100000,2100000,2100000,2100000,2100000,0,0,0,0,0,0,0,0,None,WorkoutFanatic|None,,,,a,0143.png,default-jersey-01.png,lightbrown_3028.png,51,74,3,86,68,76,9,7,8,77,13,9,85,0,1,1,1,1,1,1,1,1,1,1,1,1,1,25,22,99,84,96,87,95,79,98,86,0,52,46,63,81,46,33,65
12668,,67,1991,0,Issac,Booth,0,0,0,0,California,28,,0,23,77,193,FS,0,0,0,0,0,0,0,0,0,0,0,0,0,0,0,0,None,,,,,a,0130.png,,bald_3029.png,43,64,1,76,41,51,1,1,1,49,1,1,62,0,1,1,1,1,1,1,1,1,1,1,1,1,1,35,35,54,63,67,51,33,70,43,89,0,32,40,37,92,48,37,100
10145,,72,1991,1990,Todd,Bowles,7,4,13,1990,Temple,44,,1,24,74,203,FS,500000,2,500000,500000,0,0,0,0,0,0,0,0,0,0,0,0,None,,,,,b,0050.png,,bald_3041.png,50,69,1,84,51,61,1,1,1,42,1,1,70,0,1,1,1,1,1,1,1,1,1,1,1,1,1,52,26,39,97,94,94,99,89,85,75,0,38,48,40,75,41,41,76
12675,,63,1991,0,Cary,Brabham,0,0,0,0,SMU,44,,0,24,72,195,FS,0,0,0,0,0,0,0,0,0,0,0,0,0,0,0,0,None,,,,,b,0031.png,,bald_3007.png,42,71,1,58,40,46,1,1,1,54,1,1,72,0,1,1,1,1,1,1,1,1,1,1,1,1,1,35,35,53,70,35,51,44,62,43,94,0,47,42,40,76,32,63,93
7396,,79,1991,1988,Tyron,Brackenridge,8,5,13,1988,Washington State,27,,3,25,71,189,FS,2250000,2,2250000,2250000,0,0,0,0,0,0,0,0,0,0,0,0,None,,,,,b,0080.png,,bald_3017.png,39,75,1,80,48,60,1,1,1,63,1,1,86,0,1,1,1,1,1,1,1,1,1,1,1,1,1,22,26,96,52,85,79,44,73,67,91,0,45,42,31,87,31,41,77
2273,,82,1991,1985,James,Britt,20,31,12,1985,LSU,28,,6,31,72,185,FS,2300000,6,2300000,2300000,2300000,2300000,2300000,2300000,0,0,0,0,0,0,0,0,None,,,,,b,10072.png,default-jersey-01.png,black_3038.png,47,77,1,84,56,56,1,1,1,61,1,1,87,0,1,1,1,1,1,1,1,1,1,1,1,1,1,3,1,97,56,91,72,55,61,65,96,0,46,34,57,98,41,40,68
2627,,66,1991,1985,Bud,Brown,0,50,5,1985,Southern Miss,43,,4,28,72,194,FS,0,0,0,0,0,0,0,0,0,0,0,0,0,0,0,0,None,,,,,c,0231.png,,darkbrown_3021.png,37,56,1,71,54,57,1,1,1,46,1,1,71,0,1,1,1,1,1,1,1,1,1,1,1,1,1,8,8,51,58,61,94,71,73,75,83,0,45,44,56,71,45,52,95
7120,,61,1991,0,Courtney,Brown,0,0,0,0,Cal Poly-San Luis Obispo,31,,1,23,73,205,FS,0,0,0,0,0,0,0,0,0,0,0,0,0,0,0,0,None,,,,,a,10570.png,,black_3006.png,44,63,1,60,36,56,1,1,1,48,1,1,77,0,1,1,1,1,1,1,1,1,1,1,1,1,1,1,6,52,72,82,84,98,60,72,88,0,44,43,57,79,33,50,97
10195,,67,1991,0,Omar,Brown,0,0,0,0,North Carolina,47,,1,24,70,200,FS,0,0,0,0,0,0,0,0,0,0,0,0,0,0,0,0,None,,,,,a,0121.png,,darkbrown_3059.png,43,60,1,72,50,39,1,1,1,56,1,1,65,0,1,1,1,1,1,1,1,1,1,1,1,1,1,35,35,47,39,67,100,70,96,66,100,0,47,43,45,81,49,56,70
12851,3830,73,1991,0,Terrell,Buckley,0,0,0,0,Florida State,0,,0,21,70,180,FS,0,0,0,0,0,0,0,0,0,0,0,0,0,0,0,0,None,,,,,,,,,60,72,1,70,46,67,1,1,1,54,1,1,84,0,0,0,0,0,0,0,0,0,0,0,0,0,0,23,22,67,31,75,83,66,92,71,92,0,40,48,45,80,35,57,70
12656,,83,1991,1991,Jeff,Burris,16,2,5,1991,Notre Dame,22,,0,22,72,190,FS,1500000,3,1500000,1500000,1500000,0,0,0,0,0,0,0,0,0,0,0,None,,,,,b,0087.png,,black_3074.png,66,79,1,83,58,70,1,1,1,67,1,1,73,0,1,1,1,1,1,1,1,1,1,1,1,1,1,34,31,54,33,79,65,53,80,81,83,0,50,50,40,87,38,70,78
5625,,66,1991,0,John,Busing,0,0,0,0,Miami (OH),27,,1,24,74,221,FS,0,0,0,0,0,0,0,0,0,0,0,0,0,0,0,0,None,,,,,a,10593.png,,darkbrown_3022.png,44,65,1,66,50,51,1,1,1,46,1,1,67,0,1,1,1,1,1,1,1,1,1,1,1,1,1,1,1,53,33,48,58,31,10,27,76,0,42,41,35,75,42,44,94
8449,,69,1991,0,Percy,Butler,0,0,0,0,UL Lafayette,35,,1,22,72,191,FS,0,0,0,0,0,0,0,0,0,0,0,0,0,0,0,0,None,,,,,a,0114.png,,red_3009.png,43,69,1,71,49,61,5,1,1,55,1,1,73,0,1,1,1,1,1,1,1,1,1,1,1,1,1,22,14,30,29,90,97,8,80,91,80,0,30,44,36,93,37,41,93
5629,,59,1991,0,Dion,Byrum,0,0,0,0,Ohio,32,,1,24,70,192,FS,0,0,0,0,0,0,0,0,0,0,0,0,0,0,0,0,None,,,,,c,0232.png,,darkbrown_3010.png,32,57,1,70,39,46,1,1,1,46,1,1,67,0,1,1,1,1,1,1,1,1,1,1,1,1,1,11,15,17,6,76,62,18,66,99,95,0,36,49,33,97,49,40,89
1982,,80,1991,1985,Deron,Cherry,6,8,2,1985,Rutgers,38,,6,32,71,197,FS,250000,1,250000,0,0,0,0,0,0,0,0,0,0,0,0,0,None,Centerfielder,,,,b,0006.png,default-jersey-01.png,blonde_3006.png,48,78,1,64,62,60,1,1,2,73,5,1,79,0,1,1,1,1,1,1,1,1,1,1,1,1,1,5,15,95,63,57,66,81,47,29,93,0,43,45,54,88,37,39,1
3559,,71,1991,0,Je'Rod,Cherry,0,0,0,0,California,49,,1,24,73,210,FS,0,0,0,0,0,0,0,0,0,0,0,0,0,0,0,0,None,Perceptive,,,,b,0006.png,,darkbrown_3002.png,54,61,1,71,41,56,1,1,1,60,1,1,77,0,1,1,1,1,1,1,1,1,1,1,1,1,1,1,10,78,90,54,38,85,35,40,96,0,45,50,42,93,49,61,75
2624,,68,1991,1985,Raphel,Cherry,0,34,7,1985,Hawaii,26,,6,30,72,194,FS,0,0,0,0,0,0,0,0,0,0,0,0,0,0,0,0,None,,,,,b,10081.png,,lightbrown_3001.png,40,64,1,69,54,43,1,1,1,52,1,1,70,0,1,1,1,1,1,1,1,1,1,1,1,1,1,1,1,63,3,65,81,31,79,87,72,0,36,31,63,87,48,66,72
8450,,83,1991,1989,Lewis,Cine,7,3,15,1989,N/A,6,,2,23,74,202,FS,850000,1,850000,0,0,0,0,0,0,0,0,0,0,0,0,0,None,,,,,b,0010.png,,blonde_3009.png,44,75,1,82,53,54,1,1,1,75,15,19,77,0,1,1,1,1,1,1,1,1,1,1,1,1,1,26,17,100,83,60,96,66,88,86,79,0,33,34,64,94,36,51,93
12871,5321,66,1991,0,Willie,Clay,0,0,0,0,Georgia Tech,0,,0,22,70,193,FS,0,0,0,0,0,0,0,0,0,0,0,0,0,0,0,0,None,,,,,,,,,57,66,1,68,48,49,1,1,1,52,1,1,70,0,0,0,0,0,0,0,0,0,0,0,0,0,0,4,5,20,25,68,33,19,33,17,81,0,40,41,41,79,41,50,95
10174,,84,1991,1990,Mark,Collins,2,3,19,1990,Cal State-Fullerton,36,,1,23,70,196,FS,750000,2,750000,750000,0,0,0,0,0,0,0,0,0,0,0,0,None,,,,,a,0104.png,,black_3017.png,66,89,1,79,59,61,1,1,1,67,1,1,92,0,1,1,1,1,1,1,1,1,1,1,1,1,1,26,27,57,70,54,54,45,58,57,95,0,41,49,70,80,33,42,74
8451,,83,1991,1989,Bryan,Cook,10,4,8,1989,Cincinnati,6,,2,23,73,206,FS,550000,1,550000,0,0,0,0,0,0,0,0,0,0,0,0,0,None,,,,,a,10597.png,,blonde_3029.png,56,73,2,78,59,68,1,8,8,70,4,3,78,0,1,1,1,1,1,1,1,1,1,1,1,1,1,15,16,83,68,71,74,91,90,86,81,0,37,45,31,88,44,38,100
2565,,65,1991,1985,David,Croudip,0,48,6,1985,San Diego State,40,,6,32,68,183,FS,0,0,0,0,0,0,0,0,0,0,0,0,0,0,0,0,None,,,,,b,10093.png,,black_3046.png,29,71,1,58,47,34,1,1,1,56,1,1,70,0,1,1,1,1,1,1,1,1,1,1,1,1,1,1,1,78,46,41,52,53,64,52,71,0,37,49,62,73,42,68,1
10196,,66,1991,0,Buddy,Crutchfield,0,0,0,0,North Carolina Central,36,,1,23,72,196,FS,0,0,0,0,0,0,0,0,0,0,0,0,0,0,0,0,None,,,,,a,10559.png,,darkbrown_3084.png,39,69,1,70,40,38,1,1,1,55,1,1,70,0,1,1,1,1,1,1,1,1,1,1,1,1,1,35,35,55,58,73,93,35,100,99,78,0,47,32,60,92,49,68,73
12670,,65,1991,0,Herschel,Currie,0,0,0,0,Oregon State,36,,0,29,72,190,FS,0,0,0,0,0,0,0,0,0,0,0,0,0,0,0,0,None,,,,,b,0045.png,,blonde_3010.png,35,73,1,61,43,40,1,1,1,54,1,1,64,0,1,1,1,1,1,1,1,1,1,1,1,1,1,35,35,57,33,61,94,65,67,95,97,0,32,37,58,77,30,35,99
5667,,69,1991,1987,Markus,Curry,0,6,11,1987,Michigan,26,,4,29,71,181,FS,0,0,0,0,0,0,0,0,0,0,0,0,0,0,0,0,None,,,,,a,0136.png,,lightbrown_3047.png,35,60,1,67,50,52,1,1,1,56,1,1,57,0,1,1,1,1,1,1,1,1,1,1,1,1,1,9,15,84,12,36,34,15,17,37,91,0,42,30,48,93,35,53,77
7123,,71,1991,1988,Craig,Dahl,0,6,3,1988,North Dakota State,37,,3,24,73,207,FS,0,0,0,0,0,0,0,0,0,0,0,0,0,0,0,0,None,,,,,b,0044.png,,black_3061.png,49,75,1,65,50,58,1,1,1,64,1,1,71,0,1,1,1,1,1,1,1,1,1,1,1,1,1,25,13,43,67,68,71,48,99,75,87,0,35,40,50,80,37,50,92
3592,,71,1991,1986,Anthony,Dorsett,0,6,14,1986,Pittsburgh,42,,5,28,71,205,FS,0,0,0,0,0,0,0,0,0,0,0,0,0,0,0,0,None,ProBloodline,,,,b,0095.png,,black_3098.png,34,66,1,73,48,51,1,1,1,54,1,1,71,0,1,1,1,1,1,1,1,1,1,1,1,1,1,13,1,78,43,55,46,36,70,40,88,0,40,34,36,97,38,60,60
10177,,82,1991,1990,Maurice,Douglass,18,5,16,1990,Kentucky,23,,1,23,71,210,FS,250000,1,250000,0,0,0,0,0,0,0,0,0,0,0,0,0,None,,,,,b,10075.png,,black_3061.png,54,72,1,82,57,65,1,1,1,70,1,1,87,0,1,1,1,1,1,1,1,1,1,1,1,1,1,27,29,69,3,86,69,7,60,65,79,0,41,36,46,92,47,51,87
2625,,68,1991,1985,Michael,Downs,0,50,10,1985,Rice,39,,3,29,75,205,FS,0,0,0,0,0,0,0,0,0,0,0,0,0,0,0,0,None,,,,,b,0019.png,,bald_3016.png,48,69,1,56,53,63,1,1,1,54,1,1,79,0,1,1,1,1,1,1,1,1,1,1,1,1,1,39,32,63,22,81,68,7,74,67,97,0,45,47,60,73,41,45,89
10206,,66,1991,0,Ricky,Easmon,0,0,0,0,Florida,25,,1,24,70,158,FS,0,0,0,0,0,0,0,0,0,0,0,0,0,0,0,0,None,,,,,b,0009.png,,darkbrown_3005.png,49,58,1,74,41,49,1,1,1,53,1,1,78,0,1,1,1,1,1,1,1,1,1,1,1,1,1,35,35,48,95,70,69,66,55,40,96,0,42,42,44,85,39,48,80
7188,,76,1991,1988,Hiram,Eugene,0,3,3,1988,Louisiana Tech,45,,3,29,74,200,FS,0,0,0,0,0,0,0,0,0,0,0,0,0,0,0,0,None,,,,,a,0119.png,,black_3041.png,44,67,1,76,55,62,1,1,1,59,1,1,72,0,1,1,1,1,1,1,1,1,1,1,1,1,1,70,17,80,34,51,50,58,33,49,82,0,46,33,52,89,31,66,66
5696,,68,1991,1987,Diamond,Ferri,0,6,9,1987,Syracuse,22,,4,29,70,223,FS,0,0,0,0,0,0,0,0,0,0,0,0,0,0,0,0,None,,,,,a,0122.png,,darkbrown_3025.png,41,65,1,68,46,39,1,1,1,56,1,1,59,0,1,1,1,1,1,1,1,1,1,1,1,1,1,21,12,80,52,67,64,67,50,57,80,0,38,34,52,87,39,69,32
6112,,69,1991,0,Floyd,Fields,0,0,0,0,Arizona State,28,,3,25,72,208,FS,0,0,0,0,0,0,0,0,0,0,0,0,0,0,0,0,None,,,,,b,0045.png,,black_3023.png,39,67,1,62,40,57,1,1,1,59,1,1,72,0,1,1,1,1,1,1,1,1,1,1,1,1,1,1,1,92,16,62,72,10,69,98,79,0,37,42,45,77,47,33,100
6011,,66,1991,0,Anthony,Florence,0,0,0,0,Bethune-Cookman,26,,3,28,72,185,FS,0,0,0,0,0,0,0,0,0,0,0,0,0,0,0,0,None,,,,,b,0001.png,,bald_3021.png,43,55,1,66,50,46,1,1,1,43,1,1,72,0,1,1,1,1,1,1,1,1,1,1,1,1,1,1,1,90,25,67,92,22,79,86,77,0,41,46,63,82,32,56,59
2848,,65,1991,1985,Tom,Flynn,0,43,10,1985,Pittsburgh,30,,5,28,72,195,FS,0,0,0,0,0,0,0,0,0,0,0,0,0,0,0,0,None,,,,,a,0122.png,,blonde_3027.png,35,75,1,65,44,57,1,1,1,43,1,1,76,0,1,1,1,1,1,1,1,1,1,1,1,1,1,5,1,53,65,96,94,70,78,78,95,0,39,41,52,90,50,65,69
12923,9407,69,1991,0,Malcolm,Frank,0,0,0,0,Baylor,0,,0,24,68,178,FS,0,0,0,0,0,0,0,0,0,0,0,0,0,0,0,0,None,,,,,,,,,41,66,1,75,39,58,1,1,1,52,1,1,64,0,0,0,0,0,0,0,0,0,0,0,0,0,0,4,13,60,70,96,77,86,100,77,88,0,49,44,49,100,32,34,71
10197,,66,1991,0,Scott,Frost,0,0,0,0,Nebraska,31,,1,24,75,218,FS,0,0,0,0,0,0,0,0,0,0,0,0,0,0,0,0,None,,,,,c,0234.png,,black_3025.png,36,60,1,71,47,50,1,1,1,48,1,1,74,0,1,1,1,1,1,1,1,1,1,1,1,1,1,35,35,55,12,63,56,29,5,35,76,0,41,30,38,70,45,39,75
10178,,83,1991,1990,David,Fulcher,7,2,20,1990,Arizona State,47,,1,23,75,236,FS,750000,2,750000,750000,0,0,0,0,0,0,0,0,0,0,0,0,None,,,,,a,0131.png,,darkbrown_3001.png,61,75,1,83,62,50,1,1,1,73,1,1,72,0,1,1,1,1,1,1,1,1,1,1,1,1,1,27,26,68,40,64,72,8,62,72,73,0,47,40,64,90,34,54,89
12807,9609,67,1991,0,James,Fuller,0,0,0,0,Portland State,0,,0,23,71,208,FS,0,0,0,0,0,0,0,0,0,0,0,0,0,0,0,0,None,,,,,,,,,51,62,1,68,42,60,1,1,1,60,1,1,71,0,0,0,0,0,0,0,0,0,0,0,0,0,0,1,4,37,63,67,37,42,35,37,73,0,43,45,65,99,47,39,87
10182,,70,1991,0,Bobby,Futrell,0,0,0,0,Elizabeth City State,49,,1,24,71,190,FS,0,0,0,0,0,0,0,0,0,0,0,0,0,0,0,0,None,,,,,b,10066.png,,bald_3028.png,44,64,1,72,57,52,1,1,1,55,1,1,63,0,1,1,1,1,1,1,1,1,1,1,1,1,1,35,35,48,89,99,81,80,72,68,74,0,36,44,32,90,49,37,74
2479,,67,1991,1985,Duane,Galloway,0,34,17,1985,Arizona State,33,,5,29,68,181,FS,0,0,0,0,0,0,0,0,0,0,0,0,0,0,0,0,None,,,,,a,10592.png,,lightbrown_3056.png,46,71,1,67,41,61,1,1,1,43,1,1,68,0,1,1,1,1,1,1,1,1,1,1,1,1,1,7,3,62,61,66,63,54,98,99,89,0,47,36,52,84,46,30,16
7137,,67,1991,0,Dashon,Goldson,0,0,0,0,Washington,43,,1,23,74,205,FS,0,0,0,0,0,0,0,0,0,0,0,0,0,0,0,0,None,,,,,b,0055.png,,black_3102.png,44,63,1,62,59,48,1,1,1,49,1,1,77,0,1,1,1,1,1,1,1,1,1,1,1,1,1,2,9,61,62,80,79,80,100,81,98,0,33,40,39,77,44,59,77
7314,,67,1991,0,Nick,Graham,0,0,0,0,Tulsa,43,,1,23,70,191,FS,0,0,0,0,0,0,0,0,0,0,0,0,0,0,0,0,None,,,,,a,10573.png,,darkbrown_3072.png,44,74,1,60,45,56,1,1,1,45,1,1,60,0,1,1,1,1,1,1,1,1,1,1,1,1,1,6,6,79,73,91,78,80,75,84,70,0,40,34,56,98,35,59,72
2573,,80,1991,1985,Tiger,Greene,3,27,17,1985,Western Carolina,30,,6,29,72,194,FS,250000,2,250000,250000,0,0,0,0,0,0,0,0,0,0,0,0,None,,,,,b,10100.png,default-jersey-01.png,black_3076.png,58,65,1,71,65,61,1,1,1,69,1,1,82,0,1,1,1,1,1,1,1,1,1,1,1,1,1,1,1,88,78,68,74,91,68,62,91,0,35,31,64,71,41,62,10
10173,,83,1991,1990,Don,Griffin,13,3,4,1990,Middle Tenn. State,47,,1,23,72,176,FS,750000,2,750000,750000,0,0,0,0,0,0,0,0,0,0,0,0,None,BoxSafety,,,,b,0005.png,,bald_3017.png,50,70,1,84,68,53,1,1,1,72,1,1,83,0,1,1,1,1,1,1,1,1,1,1,1,1,1,26,26,69,89,68,91,100,99,64,77,0,48,46,65,84,46,56,67
2341,,76,1991,1985,James,Griffin,0,20,11,1985,Middle Tenn. State,49,,6,30,74,197,FS,0,0,0,0,0,0,0,0,0,0,0,0,0,0,0,0,None,WorkoutFanatic,,,,b,10083.png,default-jersey-01.png,bald_3041.png,44,65,1,80,55,56,1,1,1,51,1,1,80,0,1,1,1,1,1,1,1,1,1,1,1,1,1,1,1,97,59,87,79,42,77,87,97,0,49,43,49,96,50,58,57
7301,,69,1991,1988,Michael,Griffin,0,5,20,1988,Texas,47,,3,24,72,202,FS,0,0,0,0,0,0,0,0,0,0,0,0,0,0,0,0,None,,,,,b,10079.png,,darkbrown_3008.png,41,62,1,76,48,42,1,1,1,50,1,1,84,0,1,1,1,1,1,1,1,1,1,1,1,1,1,26,12,65,64,63,47,91,41,33,98,0,35,47,36,78,33,31,87
12662,,70,1991,0,Robert,Griffith,0,0,0,0,San Diego State,48,,0,24,71,197,FS,0,0,0,0,0,0,0,0,0,0,0,0,0,0,0,0,None,Centerfielder,,,,b,0079.png,default-jersey-01.png,blonde_3010.png,45,78,1,66,47,54,1,1,1,55,1,1,81,0,1,1,1,1,1,1,1,1,1,1,1,1,1,35,35,56,4,43,41,8,7,4,73,0,49,38,70,87,35,65,76
12660,,71,1991,0,Monty,Grow,0,0,0,0,Florida,30,,0,23,76,214,FS,0,0,0,0,0,0,0,0,0,0,0,0,0,0,0,0,None,,,,,a,10559.png,,lightbrown_3069.png,44,73,1,68,52,50,1,1,1,57,1,1,67,0,1,1,1,1,1,1,1,1,1,1,1,1,1,35,35,56,6,57,69,3,12,5,88,0,30,36,42,79,45,47,97
10184,,69,1991,0,Neal,Guggemos,0,0,0,0,St. Thomas,26,,1,23,72,187,FS,0,0,0,0,0,0,0,0,0,0,0,0,0,0,0,0,None,,,,,a,10595.png,,lightbrown_3085.png,49,72,1,64,48,55,1,1,1,58,1,1,64,0,1,1,1,1,1,1,1,1,1,1,1,1,1,35,35,52,85,50,34,89,71,39,89,0,39,35,38,79,45,56,91
12843,11190,66,1991,0,David,Gulledge,0,0,0,0,Jacksonville State,0,,0,25,73,203,FS,0,0,0,0,0,0,0,0,0,0,0,0,0,0,0,0,None,,,,,,,,,36,67,1,75,47,53,1,1,1,49,1,1,75,0,0,0,0,0,0,0,0,0,0,0,0,0,0,11,6,17,38,89,63,33,60,95,73,0,30,43,60,73,45,56,93
2559,,85,1991,1985,Harry,Hamilton,6,41,1,1985,Penn State,37,,6,29,72,194,FS,3050000,1,3050000,0,0,0,0,0,0,0,0,0,0,0,0,0,None,,,,,b,10050.png,default-jersey-01.png,black_3002.png,43,88,1,75,56,72,1,1,1,72,1,1,69,0,1,1,1,1,1,1,1,1,1,1,1,1,1,1,3,100,13,52,49,21,27,31,73,0,32,33,34,74,38,38,87
8585,,98,1991,1989,Kyle,Hamilton,12,1,3,1989,Notre Dame,14,,2,22,76,221,FS,3150000,2,3150000,3450000,0,0,0,0,0,0,0,0,0,0,0,0,None,Centerfielder,,,,b,0090.png,,black_3039.png,75,92,18,93,69,75,18,13,13,80,8,9,89,0,1,1,1,1,1,1,1,1,1,1,1,1,29,1,70,90,67,36,38,54,64,62,92,0,43,42,69,95,35,47,64
7057,,68,1991,0,Antoine,Harris,0,0,0,0,Louisville,32,,1,23,70,240,FS,0,0,0,0,0,0,0,0,0,0,0,0,0,0,0,0,None,,,,,b,0087.png,,black_3014.png,37,75,1,64,54,51,1,1,1,53,1,1,61,0,1,1,1,1,1,1,1,1,1,1,1,1,1,14,26,39,45,60,31,63,49,69,83,0,41,44,69,94,43,66,70
10187,,68,1991,0,Manny,Hendrix,0,0,0,0,Utah,48,,1,23,70,180,FS,0,0,0,0,0,0,0,0,0,0,0,0,0,0,0,0,None,,,,,b,0056.png,,black_3101.png,42,64,1,66,51,60,1,1,1,55,1,1,67,0,1,1,1,1,1,1,1,1,1,1,1,1,1,35,35,53,95,50,34,87,66,63,73,0,31,45,59,74,47,35,87
8453,,84,1991,1989,Elijah,Hicks,17,6,10,1989,California,22,,2,23,71,200,FS,1000000,6,1000000,1000000,1000000,1000000,1000000,1000000,0,0,0,0,0,0,0,0,None,,,,,b,0008.png,default-jersey-01.png,black_3075.png,54,71,2,82,62,56,1,2,2,68,3,8,78,0,1,1,1,1,1,1,1,1,1,1,1,1,1,19,23,97,13,60,65,21,4,24,76,0,42,44,33,73,34,53,83
7256,,68,1991,0,LaMarcus,Hicks,0,0,0,0,Iowa State,42,,0,23,72,189,FS,0,0,0,0,0,0,0,0,0,0,0,0,0,0,0,0,None,,,,,a,10575.png,,darkbrown_3074.png,36,65,1,69,44,47,1,1,1,59,1,1,70,0,0,0,0,0,0,0,0,0,0,0,0,0,0,0,12,65,53,70,77,51,94,82,73,0,40,37,51,87,45,67,74
2774,,70,1991,1985,Liffort,Hobley,0,56,3,1985,LSU,40,,2,25,72,207,FS,0,0,0,0,0,0,0,0,0,0,0,0,0,0,0,0,None,,,,,b,10074.png,,black_3021.png,53,64,1,67,57,47,1,1,1,58,1,1,79,0,1,1,1,1,1,1,1,1,1,1,1,1,1,13,18,50,62,61,74,53,94,68,83,0,49,35,30,94,49,63,80
10201,,66,1991,0,Johnny,Holloway,0,0,0,0,Kansas,21,,1,24,71,181,FS,0,0,0,0,0,0,0,0,0,0,0,0,0,0,0,0,None,,,,,b,0073.png,,darkbrown_3018.png,44,58,1,66,49,45,1,1,1,56,1,1,63,0,1,1,1,1,1,1,1,1,1,1,1,1,1,35,35,52,5,52,68,10,30,9,72,0,43,47,64,74,36,63,79
12830,13058,72,1991,0,Clayton,Holmes,0,0,0,0,Carson-Newman,0,,0,23,70,181,FS,0,0,0,0,0,0,0,0,0,0,0,0,0,0,0,0,None,,,,,,,,,45,70,1,73,49,56,1,1,1,57,1,1,71,0,0,0,0,0,0,0,0,0,0,0,0,0,0,29,13,60,64,93,82,40,63,91,80,0,48,31,59,86,36,48,80
2279,,87,1991,1985,Wes,Hopkins,8,14,16,1985,SMU,23,,6,30,73,213,FS,7600000,1,7600000,0,0,0,0,0,0,0,0,0,0,0,0,0,None,,,,,a,10570.png,,blonde_3029.png,56,72,1,84,62,71,1,1,1,71,1,1,91,0,1,1,1,1,1,1,1,1,1,1,1,1,1,1,13,100,66,60,30,53,64,38,96,0,33,33,63,95,40,43,91
12952,13203,75,1991,0,Derrick,Hoskins,0,0,0,0,Southern Miss,0,,0,22,74,210,FS,0,0,0,0,0,0,0,0,0,0,0,0,0,0,0,0,None,,,,,,,,,45,75,1,72,49,50,1,1,1,58,1,1,79,0,0,0,0,0,0,0,0,0,0,0,0,0,0,22,21,88,72,66,63,90,64,96,96,0,45,42,39,88,42,30,95
5365,,69,1991,0,Michael,Huff,0,0,0,0,Texas,44,,1,24,72,200,FS,0,0,0,0,0,0,0,0,0,0,0,0,0,0,0,0,None,,,,,b,0009.png,,black_3088.png,44,63,1,74,50,58,1,1,1,49,1,1,76,0,1,1,1,1,1,1,1,1,1,1,1,1,1,15,16,56,42,63,50,36,59,69,75,0,31,40,50,86,40,68,97
12659,,72,1991,1991,Leonard,Humphries,0,7,17,1991,Penn State,36,,0,24,69,180,FS,0,0,0,0,0,0,0,0,0,0,0,0,0,0,0,0,None,,,,,b,0019.png,,bald_3038.png,36,70,1,76,54,46,1,1,1,55,1,1,73,0,1,1,1,1,1,1,1,1,1,1,1,1,1,35,35,54,67,60,64,41,70,34,78,0,50,49,69,85,48,40,72
12667,,68,1991,0,Eric,Jack,0,0,0,0,New Mexico,35,,0,22,70,177,FS,0,0,0,0,0,0,0,0,0,0,0,0,0,0,0,0,None,,,,,a,0141.png,,blonde_3036.png,38,61,1,72,42,54,1,1,1,60,1,1,70,0,1,1,1,1,1,1,1,1,1,1,1,1,1,35,35,52,4,62,73,11,68,63,100,0,45,43,49,72,34,35,70
12664,,70,1991,1991,Calvin,Jackson,15,7,13,1991,Auburn,41,,0,22,69,185,FS,250000,2,250000,250000,0,0,0,0,0,0,0,0,0,0,0,0,None,,,,,a,10561.png,,lightbrown_3012.png,52,65,1,65,50,54,1,1,1,64,1,1,82,0,1,1,1,1,1,1,1,1,1,1,1,1,1,32,32,55,81,73,81,65,78,90,89,0,30,46,70,75,47,69,54
7374,,72,1991,1988,Tanard,Jackson,0,6,9,1988,Syracuse,44,,3,24,72,200,FS,0,0,0,0,0,0,0,0,0,0,0,0,0,0,0,0,None,,,,,b,0045.png,,black_3043.png,55,72,1,64,53,51,1,1,1,53,1,1,77,0,1,1,1,1,1,1,1,1,1,1,1,1,1,11,25,88,66,70,88,34,89,96,85,0,39,48,48,85,50,40,1
10198,,66,1991,0,Vestee,Jackson,0,0,0,0,Washington,37,,1,24,72,189,FS,0,0,0,0,0,0,0,0,0,0,0,0,0,0,0,0,None,,,,,b,0041.png,,black_3091.png,40,69,1,66,51,56,1,1,1,47,1,1,66,0,1,1,1,1,1,1,1,1,1,1,1,1,1,35,35,47,31,66,72,4,77,93,75,0,44,36,39,92,39,34,70
3340,,72,1991,1986,DeRon,Jenkins,0,5,12,1986,Tennessee,34,,5,28,71,190,FS,0,0,0,0,0,0,0,0,0,0,0,0,0,0,0,0,None,,,,,a,0105.png,,blonde_3014.png,36,67,1,74,51,58,1,1,1,51,1,1,70,0,1,1,1,1,1,1,1,1,1,1,1,1,1,9,8,78,38,61,69,35,68,58,96,0,32,48,46,99,38,67,91
10207,,64,1991,0,John,Jenkins,0,0,0,0,Pittsburgh,28,,1,24,72,188,FS,0,0,0,0,0,0,0,0,0,0,0,0,0,0,0,0,None,,,,,a,0147.png,,lightbrown_3023.png,44,60,1,72,43,53,1,1,1,39,1,1,71,0,1,1,1,1,1,1,1,1,1,1,1,1,1,35,35,53,56,47,68,61,65,59,81,0,49,35,53,100,38,53,97
2100,,63,1991,1985,Lawrence,Johnson,0,19,6,1985,Wisconsin,48,,5,33,71,204,FS,0,0,0,0,0,0,0,0,0,0,0,0,0,0,0,0,None,,,,,b,0098.png,,darkbrown_3005.png,43,60,1,60,41,40,1,1,1,45,1,1,79,0,1,1,1,1,1,1,1,1,1,1,1,1,1,14,2,87,19,44,38,38,29,1,94,0,37,45,69,87,39,68,1
2152,,83,1991,1985,Richard,Johnson,2,11,13,1985,Wisconsin,23,,6,28,73,195,FS,2350000,3,2350000,2350000,2350000,0,0,0,0,0,0,0,0,0,0,0,None,Legend,,,,b,0073.png,,bald_3016.png,71,86,1,74,57,64,1,1,1,55,1,1,88,0,1,1,1,1,1,1,1,1,1,1,1,1,1,1,3,100,68,67,71,56,65,91,82,0,40,40,44,78,47,67,75
2471,,66,1991,1985,Curtis,Jordan,0,38,9,1985,Texas Tech,28,,2,33,74,200,FS,0,0,0,0,0,0,0,0,0,0,0,0,0,0,0,0,None,,,,,a,10596.png,,darkbrown_3023.png,38,59,1,61,56,45,1,1,1,46,1,1,70,0,1,1,1,1,1,1,1,1,1,1,1,1,1,11,6,92,11,72,66,20,94,85,82,0,48,37,62,74,49,38,53
2340,,79,1991,1985,Terry,Kinard,15,19,16,1985,Clemson,43,,6,32,73,199,FS,250000,1,250000,0,0,0,0,0,0,0,0,0,0,0,0,0,None,,,,,b,10090.png,default-jersey-01.png,bald_3038.png,53,65,1,71,64,66,1,1,1,64,1,1,83,0,1,1,1,1,1,1,1,1,1,1,1,1,1,6,1,96,96,55,66,78,61,55,99,0,32,41,45,78,33,47,28
7258,,82,1991,1988,LaRon,Landry,6,2,10,1988,LSU,40,,3,25,73,214,FS,250000,5,250000,300000,300000,300000,300000,0,0,0,0,0,0,0,0,0,None,,,,,a,0102.png,default-jersey-01.png,lightbrown_3046.png,47,72,1,82,63,60,1,1,1,58,1,1,77,0,1,1,1,1,1,1,1,1,1,1,1,1,1,24,25,96,16,46,67,14,32,24,90,0,46,46,50,99,38,45,26
10208,,65,1991,0,Greg,Lasker,0,0,0,0,Arkansas,32,,1,23,72,200,FS,0,0,0,0,0,0,0,0,0,0,0,0,0,0,0,0,None,,,,,a,0110.png,,bald_3007.png,38,67,1,70,48,40,1,1,1,44,1,1,71,0,1,1,1,1,1,1,1,1,1,1,1,1,1,35,35,52,34,79,71,55,90,79,85,0,31,42,36,79,50,47,72
2562,,70,1991,1985,Tony,Lilly,0,42,5,1985,Florida,31,,5,28,72,199,FS,0,0,0,0,0,0,0,0,0,0,0,0,0,0,0,0,None,,,,,a,0133.png,,lightbrown_3030.png,41,73,1,63,50,53,1,1,1,62,1,1,66,0,1,1,1,1,1,1,1,1,1,1,1,1,1,12,1,54,35,73,45,31,30,23,70,0,49,43,45,89,33,44,54
1811,,91,1991,1985,Ronnie,Lott,4,1,12,1985,USC,42,,6,32,72,203,FS,7550000,1,7550000,0,0,0,0,0,0,0,0,0,0,0,0,0,None,SpeedRusher,,,,a,0144.png,,lightbrown_3043.png,64,86,1,76,68,77,4,2,1,80,3,1,85,0,1,1,1,1,1,1,1,1,1,1,1,1,1,58,33,100,100,39,67,63,63,43,83,0,39,38,66,90,36,62,41
2716,,81,1991,1985,Lester,Lyles,12,50,15,1985,Virginia,47,,6,29,75,209,FS,1750000,2,1750000,1750000,0,0,0,0,0,0,0,0,0,0,0,0,None,,,,,a,0139.png,,darkbrown_3091.png,48,71,1,85,51,63,1,1,1,73,1,1,87,0,1,1,1,1,1,1,1,1,1,1,1,1,1,1,1,68,57,80,97,56,72,80,95,0,41,45,36,89,42,47,96
12663,,69,1991,0,Van,Malone,0,0,0,0,Texas,24,,0,24,71,189,FS,0,0,0,0,0,0,0,0,0,0,0,0,0,0,0,0,None,,,,,a,10572.png,,black_3023.png,51,64,1,75,54,48,1,1,1,44,1,1,70,0,1,1,1,1,1,1,1,1,1,1,1,1,1,35,35,49,60,65,95,63,95,97,78,0,50,30,52,74,41,45,91
2154,,79,1991,1985,Fred,Marion,1,17,8,1985,Miami (FL),21,,6,32,74,192,FS,490000,1,490000,0,0,0,0,0,0,0,0,0,0,0,0,0,None,,,,,b,0066.png,default-jersey-01.png,black_3019.png,59,70,1,74,61,59,1,1,1,62,1,1,74,0,1,1,1,1,1,1,1,1,1,1,1,1,1,9,27,82,24,44,52,38,5,2,82,0,30,36,69,87,36,56,16
10209,,63,1991,0,Ramos,McDonald,0,0,0,0,New Mexico,34,,1,23,71,195,FS,0,0,0,0,0,0,0,0,0,0,0,0,0,0,0,0,None,,,,,b,10092.png,,black_3053.png,39,64,1,63,48,43,1,1,1,42,1,1,75,0,1,1,1,1,1,1,1,1,1,1,1,1,1,35,35,56,94,81,88,78,67,89,100,0,50,43,49,74,45,46,74
6155,,80,1991,0,Lamar,McGriggs,14,0,0,0,Oklahoma State,20,,4,27,75,213,FS,1600000,1,1600000,0,0,0,0,0,0,0,0,0,0,0,0,0,None,,,,,c,0249.png,default-jersey-01.png,black_3036.png,42,73,1,76,63,64,1,1,1,59,1,1,89,0,1,1,1,1,1,1,1,1,1,1,1,1,1,20,21,95,36,67,89,32,95,62,92,0,34,46,45,98,43,69,46
2632,,69,1991,1985,Dana,McLemore,0,36,16,1985,Hawaii,42,,6,31,70,183,FS,0,0,0,0,0,0,0,0,0,0,0,0,0,0,0,0,None,,,,,b,0068.png,,black_3009.png,38,72,1,76,44,53,1,1,1,46,1,1,62,0,1,1,1,1,1,1,1,1,1,1,1,1,1,11,9,60,42,70,68,69,83,96,91,0,37,47,68,77,34,55,57
6041,,77,1991,0,Charles,Mincy,0,0,0,0,Washington,35,,4,26,72,195,FS,0,0,0,0,0,0,0,0,0,0,0,0,0,0,0,0,None,,,,,b,0057.png,,bald_3006.png,48,72,1,79,46,62,1,1,1,63,1,1,71,0,1,1,1,1,1,1,1,1,1,1,1,1,1,22,23,80,25,97,62,27,73,100,98,0,31,44,39,100,42,41,1
3411,,74,1991,1986,Alex,Molden,0,6,2,1986,Oregon,41,,5,28,70,190,FS,0,0,0,0,0,0,0,0,0,0,0,0,0,0,0,0,None,,,,,b,0087.png,default-jersey-01.png,black_3076.png,35,81,1,61,58,68,1,1,1,58,1,1,85,0,1,1,1,1,1,1,1,1,1,1,1,1,1,7,16,82,25,31,60,33,21,34,98,0,32,42,41,75,41,56,1
10210,,64,1991,0,Kelvin,Moore,0,0,0,0,Iowa State,29,,1,24,72,210,FS,0,0,0,0,0,0,0,0,0,0,0,0,0,0,0,0,None,,,,,b,0077.png,,black_3055.png,32,66,1,60,41,53,1,1,1,59,1,1,71,0,1,1,1,1,1,1,1,1,1,1,1,1,1,35,35,49,98,76,61,78,63,81,93,0,46,47,60,88,39,49,100
10179,,80,1991,0,Robert,Moore,10,0,0,0,Northwest State (LA),37,,1,23,71,190,FS,250000,1,250000,0,0,0,0,0,0,0,0,0,0,0,0,0,None,,,,,b,0100.png,default-jersey-01.png,blonde_3003.png,56,76,1,81,55,60,1,1,1,66,1,1,75,0,1,1,1,1,1,1,1,1,1,1,1,1,1,26,29,60,98,52,41,90,69,52,89,0,31,30,33,89,33,43,83
10215,,64,1991,0,Kyle,Morrell,0,0,0,0,BYU,42,,1,24,73,190,FS,0,0,0,0,0,0,0,0,0,0,0,0,0,0,0,0,None,,,,,a,10592.png,,darkbrown_3037.png,40,69,1,59,39,49,1,1,1,59,1,1,67,0,1,1,1,1,1,1,1,1,1,1,1,1,1,35,35,55,96,52,58,85,61,63,76,0,40,49,58,79,30,68,82
10218,,64,1991,0,Tim,Morrison,0,0,0,0,North Carolina,33,,1,24,73,195,FS,0,0,0,0,0,0,0,0,0,0,0,0,0,0,0,0,None,,,,,b,10066.png,,darkbrown_3021.png,49,72,1,60,37,44,1,1,1,55,1,1,63,0,1,1,1,1,1,1,1,1,1,1,1,1,1,35,35,49,30,98,71,64,94,99,92,0,48,49,56,93,32,50,84
2208,,78,1991,1985,Paul,Moyer,17,18,15,1985,Arizona State,21,,6,30,73,201,FS,1600000,2,1600000,1600000,0,0,0,0,0,0,0,0,0,0,0,0,None,,,,,b,10077.png,,darkbrown_3018.png,39,67,1,80,53,54,1,1,1,60,1,1,82,0,1,1,1,1,1,1,1,1,1,1,1,1,1,1,1,100,4,31,46,39,30,7,91,0,49,31,42,74,44,34,0
7337,,79,1991,1988,Reggie,Nelson,2,3,9,1988,Florida,25,,3,26,72,198,FS,250000,1,250000,0,0,0,0,0,0,0,0,0,0,0,0,0,None,,,,,b,10100.png,default-jersey-01.png,bald_3023.png,53,77,1,73,47,61,1,1,1,71,1,1,76,0,1,1,1,1,1,1,1,1,1,1,1,1,1,16,17,88,38,94,90,53,72,91,77,0,44,49,56,70,38,41,28
12786,21627,65,1991,0,Muhammad,Oliver,0,0,0,0,Oregon,0,,0,23,71,185,FS,0,0,0,0,0,0,0,0,0,0,0,0,0,0,0,0,None,,,,,,,,,39,59,1,69,42,54,1,1,1,61,1,1,71,0,0,0,0,0,0,0,0,0,0,0,0,0,0,15,6,37,44,51,50,31,49,31,79,0,41,42,46,76,34,58,88
2147,,76,1991,1985,Benny,Perrin,19,18,8,1985,Alabama,23,,6,32,74,178,FS,2350000,1,2350000,0,0,0,0,0,0,0,0,0,0,0,0,0,None,,,,,b,0027.png,default-jersey-01.png,black_3065.png,28,69,1,71,57,58,1,1,1,62,1,1,85,0,1,1,1,1,1,1,1,1,1,1,1,1,1,18,20,100,7,74,69,13,88,96,85,0,39,41,47,88,41,63,15
12756,22441,77,1991,0,Darren,Perry,0,0,0,0,Penn State,0,,0,24,71,196,FS,0,0,0,0,0,0,0,0,0,0,0,0,0,0,0,0,None,,,,,,,,,60,78,1,84,51,50,1,1,1,57,1,1,78,0,0,0,0,0,0,0,0,0,0,0,0,0,0,22,20,45,57,91,60,63,63,92,86,0,45,48,40,82,33,41,83
12666,,69,1991,0,Anthony,Phillips,0,0,0,0,Texas A&M-Kingsville,37,,0,24,74,209,FS,0,0,0,0,0,0,0,0,0,0,0,0,0,0,0,0,None,,,,,a,0109.png,,lightbrown_3088.png,36,67,1,75,38,50,1,1,1,58,1,1,67,0,1,1,1,1,1,1,1,1,1,1,1,1,1,35,35,58,83,58,65,60,31,45,80,0,43,37,58,80,31,41,71
2564,,66,1991,1985,Reggie,Phillips,0,42,6,1985,SMU,48,,5,30,70,170,FS,0,0,0,0,0,0,0,0,0,0,0,0,0,0,0,0,None,,,,,a,0131.png,,black_3050.png,33,73,1,73,33,50,1,1,1,57,1,1,80,0,1,1,1,1,1,1,1,1,1,1,1,1,1,1,5,36,35,36,66,25,24,40,70,0,30,41,30,97,40,48,35
8455,,91,1991,1989,Jalen,Pitre,11,2,13,1989,Baylor,5,,2,24,71,198,FS,1150000,1,1150000,0,0,0,0,0,0,0,0,0,0,0,0,0,None,BoxSafety,,,,a,0133.png,,black_3019.png,52,87,1,85,72,75,6,8,8,65,19,18,92,0,1,1,1,1,1,1,1,1,1,1,1,1,1,26,26,98,11,90,77,39,93,69,81,0,53,50,62,89,35,51,78
2057,,67,1991,1985,Tom,Pridemore,0,14,10,1985,West Virginia,27,,6,35,70,186,FS,0,0,0,0,0,0,0,0,0,0,0,0,0,0,0,0,None,,,,,a,0120.png,,bald_3017.png,31,62,1,68,56,40,1,1,1,42,1,1,72,0,1,1,1,1,1,1,1,1,1,1,1,1,1,25,21,83,90,98,65,100,69,77,74,0,47,39,37,94,44,42,1
1939,,87,1991,1985,Mike,Prior,9,4,18,1985,Illinois State,25,,6,28,72,208,FS,4700000,1,4700000,0,0,0,0,0,0,0,0,0,0,0,0,0,None,RawTalent,,,,a,0145.png,,bald_3014.png,58,66,1,85,70,71,1,1,1,69,1,1,89,0,1,1,1,1,1,1,1,1,1,1,1,1,1,1,2,100,49,98,64,62,77,68,80,0,32,42,30,75,45,39,100
5500,,68,1991,1987,Ronnie,Prude,0,6,16,1987,LSU,41,,4,28,71,178,FS,0,0,0,0,0,0,0,0,0,0,0,0,0,0,0,0,None,,,,,b,0046.png,,black_3054.png,45,59,1,68,41,54,1,1,1,53,1,1,62,0,1,1,1,1,1,1,1,1,1,1,1,1,1,18,12,86,84,60,62,70,45,31,85,0,49,42,45,98,43,61,61
12900,23551,68,1991,0,Terry,Ray,0,0,0,0,Oklahoma,0,,0,23,73,205,FS,0,0,0,0,0,0,0,0,0,0,0,0,0,0,0,0,None,,,,,,,,,45,72,1,65,56,48,1,1,1,52,1,1,69,0,0,0,0,0,0,0,0,0,0,0,0,0,0,3,13,38,11,99,84,2,63,70,74,0,38,37,57,85,37,48,84
12824,23561,63,1991,0,Corey,Raymond,0,0,0,0,LSU,0,,0,23,71,185,FS,0,0,0,0,0,0,0,0,0,0,0,0,0,0,0,0,None,,,,,,,,,42,64,1,66,46,48,1,1,1,53,1,1,79,0,0,0,0,0,0,0,0,0,0,0,0,0,0,5,11,15,36,35,56,69,35,54,99,0,40,41,42,91,42,34,79
12901,24041,66,1991,0,Louis,Riddick,0,0,0,0,Pittsburgh,0,,0,23,74,215,FS,0,0,0,0,0,0,0,0,0,0,0,0,0,0,0,0,None,,,,,,,,,46,75,1,64,40,47,1,1,1,55,1,1,73,0,0,0,0,0,0,0,0,0,0,0,0,0,0,7,11,48,84,65,70,73,70,90,96,0,46,50,36,75,44,49,75
2630,,77,1991,1985,Randy,Robbins,0,49,15,1985,Arizona,48,,6,29,74,189,FS,0,0,0,0,0,0,0,0,0,0,0,0,0,0,0,0,None,,,,,b,10097.png,,black_3070.png,50,75,1,75,58,55,1,1,1,49,1,1,81,0,1,1,1,1,1,1,1,1,1,1,1,1,1,1,6,92,55,63,47,49,67,48,80,0,36,41,46,73,50,59,8
6074,,88,1991,0,Marcus,Robertson,18,0,0,0,Iowa State,30,,4,26,71,198,FS,1900000,5,1900000,1900000,1900000,1900000,1900000,0,0,0,0,0,0,0,0,0,None,,,,,b,10069.png,,black_3008.png,57,77,1,88,69,61,1,1,1,64,1,1,85,0,1,1,1,1,1,1,1,1,1,1,1,1,1,6,20,100,65,60,65,60,64,51,99,0,42,45,70,81,33,43,98
1885,,90,1991,1985,Eugene,Robinson,5,4,4,1985,Colgate,41,,6,28,73,200,FS,8500000,4,8500000,5000000,4500000,4000000,0,0,0,0,0,0,0,0,0,0,None,Centerfielder|WorkoutFanatic,,,,b,0081.png,,black_3098.png,56,85,1,89,63,62,3,1,1,71,5,1,84,0,1,1,1,1,1,1,1,1,1,1,1,1,1,1,2,100,44,44,64,49,50,58,92,0,47,38,47,71,46,34,78
3452,,66,1991,0,Mike,Robinson,0,0,0,0,Hampton,42,,1,24,73,192,FS,0,0,0,0,0,0,0,0,0,0,0,0,0,0,0,0,None,,,,,b,0085.png,,black_3053.png,46,67,1,63,51,58,1,1,1,52,1,1,73,0,1,1,1,1,1,1,1,1,1,1,1,1,1,18,19,38,22,70,68,35,73,62,75,0,39,44,68,97,30,35,78
12924,24344,67,1991,0,Rafael,Robinson,0,0,0,0,Wisconsin,0,,0,23,71,200,FS,0,0,0,0,0,0,0,0,0,0,0,0,0,0,0,0,None,,,,,,,,,42,65,1,65,53,46,1,1,1,51,1,1,73,0,0,0,0,0,0,0,0,0,0,0,0,0,0,9,0,55,99,51,33,68,30,62,98,0,35,31,34,89,41,54,95
2472,,78,1991,1985,Don,Rogers,16,34,4,1985,UCLA,21,,6,29,73,206,FS,2100000,1,2100000,0,0,0,0,0,0,0,0,0,0,0,0,0,None,,,,,b,0032.png,,bald_3017.png,54,72,1,74,52,60,1,1,1,59,1,1,72,0,1,1,1,1,1,1,1,1,1,1,1,1,1,5,1,95,98,96,80,95,80,63,82,0,35,31,62,79,48,66,5
7040,,80,1991,1988,Aaron,Rouse,18,4,2,1988,Virginia Tech,24,,3,25,76,223,FS,1050000,2,1050000,1050000,0,0,0,0,0,0,0,0,0,0,0,0,None,,,,,b,0021.png,default-jersey-01.png,darkbrown_3009.png,44,78,1,76,60,56,1,1,1,57,1,1,73,0,1,1,1,1,1,1,1,1,1,1,1,1,1,11,26,95,51,45,34,33,63,34,80,0,35,42,33,89,46,50,72
2629,,71,1991,1985,Rick,Sanford,0,52,12,1985,South Carolina,45,,2,30,73,192,FS,0,0,0,0,0,0,0,0,0,0,0,0,0,0,0,0,None,,,,,b,0070.png,,black_3077.png,40,70,1,70,42,61,1,1,1,55,1,1,78,0,1,1,1,1,1,1,1,1,1,1,1,1,1,25,28,82,63,52,31,49,31,40,77,0,35,32,69,85,32,39,98
12673,,65,1991,0,Sebastian,Savage,0,0,0,0,North Carolina State,40,,0,25,70,187,FS,0,0,0,0,0,0,0,0,0,0,0,0,0,0,0,0,None,,,,,a,10590.png,,red_3021.png,43,58,1,69,39,55,1,1,1,53,1,1,65,0,1,1,1,1,1,1,1,1,1,1,1,1,1,35,35,57,53,39,42,37,31,32,87,0,40,46,59,96,50,70,95
12674,,66,1991,0,Corey,Sawyer,0,0,0,0,Florida State,31,,0,23,71,177,FS,0,0,0,0,0,0,0,0,0,0,0,0,0,0,0,0,None,,,,,b,0009.png,,black_3069.png,41,58,1,62,47,54,1,1,1,61,1,1,76,0,1,1,1,1,1,1,1,1,1,1,1,1,1,35,35,55,33,93,91,53,99,61,96,0,30,36,44,86,34,44,74
2272,,80,1991,1985,Sam,Seale,3,26,13,1985,Western State (CO),39,,6,29,69,182,FS,250000,1,250000,0,0,0,0,0,0,0,0,0,0,0,0,0,None,,,,,a,10585.png,default-jersey-01.png,bald_3033.png,48,67,1,79,62,57,1,1,1,60,1,1,89,0,1,1,1,1,1,1,1,1,1,1,1,1,1,1,1,95,84,31,47,73,35,46,97,0,33,34,56,75,32,60,14
10205,,66,1991,0,Tawambi,Settles,0,0,0,0,Duke,21,,1,23,74,194,FS,0,0,0,0,0,0,0,0,0,0,0,0,0,0,0,0,None,,,,,a,0116.png,,blonde_3035.png,48,57,1,72,40,53,1,1,1,58,1,1,68,0,1,1,1,1,1,1,1,1,1,1,1,1,1,35,35,46,67,50,35,90,64,47,96,0,38,38,36,77,34,69,73
2148,,65,1991,1985,Keith,Simpson,0,17,2,1985,Memphis,34,,6,35,73,195,FS,0,0,0,0,0,0,0,0,0,0,0,0,0,0,0,0,None,,,,,a,0109.png,,darkbrown_3043.png,24,63,1,70,39,39,1,1,1,53,1,1,68,0,1,1,1,1,1,1,1,1,1,1,1,1,1,1,10,71,70,70,56,85,46,52,78,0,36,34,56,75,43,36,38
5534,,69,1991,1987,Anthony,Smith,0,6,14,1987,Syracuse,20,,4,27,71,190,FS,0,0,0,0,0,0,0,0,0,0,0,0,0,0,0,0,None,,,,,a,0125.png,,blonde_3026.png,47,73,1,68,46,50,1,1,1,58,1,1,75,0,1,1,1,1,1,1,1,1,1,1,1,1,1,17,16,47,34,43,43,48,41,64,92,0,43,37,45,85,47,69,25
6172,,63,1991,0,Kevin,Smith,0,0,0,0,Rhode Island,36,,4,28,71,204,FS,0,0,0,0,0,0,0,0,0,0,0,0,0,0,0,0,None,,,,,b,0080.png,,black_3002.png,47,57,1,61,44,49,1,1,1,52,1,1,56,0,1,1,1,1,1,1,1,1,1,1,1,1,1,1,1,61,57,59,39,52,51,54,71,0,49,42,57,75,43,64,31
12829,26626,76,1991,0,Kevin,Smith,0,0,0,0,Texas A&M,0,,0,22,71,183,FS,0,0,0,0,0,0,0,0,0,0,0,0,0,0,0,0,None,,,,,,,,,44,66,1,76,48,58,1,1,1,67,1,1,71,0,0,0,0,0,0,0,0,0,0,0,0,0,0,26,28,81,60,48,58,43,45,30,82,0,47,41,58,98,40,30,90
5542,,69,1991,0,Antwain,Spann,0,0,0,0,La-Lafayette,47,,1,24,72,190,FS,0,0,0,0,0,0,0,0,0,0,0,0,0,0,0,0,None,,,,,b,0026.png,,bald_3014.png,49,64,1,69,44,54,1,1,1,58,1,1,70,0,1,1,1,1,1,1,1,1,1,1,1,1,1,25,15,62,27,68,54,31,7,12,77,0,47,34,56,76,39,52,97
12825,26983,72,1991,0,Phillippi,Sparks,0,0,0,0,Arizona State,0,,0,23,71,195,FS,0,0,0,0,0,0,0,0,0,0,0,0,0,0,0,0,None,,,,,,,,,51,71,1,72,44,69,1,1,1,51,1,1,81,0,0,0,0,0,0,0,0,0,0,0,0,0,0,28,21,67,63,55,49,99,31,55,87,0,44,48,61,84,37,49,75
12672,,65,1991,0,Darren,Studstill,0,0,0,0,West Virginia,48,,0,24,73,186,FS,0,0,0,0,0,0,0,0,0,0,0,0,0,0,0,0,None,,,,,a,0138.png,,darkbrown_3083.png,37,68,1,58,55,55,1,1,1,46,1,1,74,0,1,1,1,1,1,1,1,1,1,1,1,1,1,35,35,54,76,61,86,64,74,89,95,0,39,30,54,73,33,39,79
2474,,66,1991,1985,Ivory,Sully,0,34,15,1985,Delaware,31,,4,32,72,198,FS,0,0,0,0,0,0,0,0,0,0,0,0,0,0,0,0,None,,,,,b,0085.png,,bald_3029.png,31,76,1,61,43,54,1,1,1,45,1,1,72,0,1,1,1,1,1,1,1,1,1,1,1,1,1,30,27,81,41,38,66,39,35,12,71,0,40,45,57,79,48,37,64
10193,,68,1991,0,Craig,Swoope,0,0,0,0,Illinois,32,,1,23,73,205,FS,0,0,0,0,0,0,0,0,0,0,0,0,0,0,0,0,None,,,,,a,10569.png,,red_3012.png,44,73,1,62,42,63,1,1,1,60,1,1,72,0,1,1,1,1,1,1,1,1,1,1,1,1,1,35,35,51,58,67,56,60,61,40,95,0,32,38,32,88,30,55,80
12797,28304,64,1991,0,Doug,Terry,0,0,0,0,Kansas,0,,0,23,71,204,FS,0,0,0,0,0,0,0,0,0,0,0,0,0,0,0,0,None,,,,,,,,,49,74,1,61,44,60,1,1,1,48,1,1,74,0,0,0,0,0,0,0,0,0,0,0,0,0,0,13,4,20,82,95,89,92,61,98,70,0,42,32,41,83,50,57,80
8457,,83,1991,0,Rodney,Thomas II,5,0,0,0,Yale,35,,2,24,73,196,FS,300000,6,300000,300000,300000,300000,300000,300000,0,0,0,0,0,0,0,0,None,,,,,a,10580.png,default-jersey-01.png,blonde_3007.png,48,79,1,82,64,60,7,2,2,65,1,1,81,0,1,1,1,1,1,1,1,1,1,1,1,1,1,10,26,73,78,89,71,71,79,67,78,0,69,51,55,79,46,39,99
10186,,73,1991,0,Reyna,Thompson,0,0,0,0,Baylor,41,,1,24,72,194,FS,0,0,0,0,0,0,0,0,0,0,0,0,0,0,0,0,None,,,,,a,10589.png,,darkbrown_3063.png,47,73,1,81,45,50,1,1,1,53,1,1,70,0,1,1,1,1,1,1,1,1,1,1,1,1,1,28,29,53,18,79,79,21,63,93,82,0,47,50,63,85,37,41,100
10188,,78,1991,1990,Pat,Tillman,1,7,18,1990,Arizona State,38,,1,23,71,204,FS,250000,1,250000,0,0,0,0,0,0,0,0,0,0,0,0,0,None,,,,,b,10097.png,,darkbrown_3025.png,63,67,1,69,54,73,1,1,1,69,1,1,68,0,1,1,1,1,1,1,1,1,1,1,1,1,1,29,28,80,39,91,87,55,60,78,77,0,39,47,38,94,48,59,46
5709,,92,1991,1987,Emlen,Tunnell,10,1,2,1987,Iowa,41,,4,27,73,187,FS,5900000,5,5900000,5900000,5900000,5900000,5900000,0,0,0,0,0,0,0,0,0,None,BoxSafety|ReturnSpecialist,,,,a,0110.png,default-jersey-01.png,darkbrown_3058.png,66,95,55,92,62,65,50,1,1,75,1,1,90,0,9,12,1,20,1,1,1,1,1,1,1,1,1,26,93,68,42,50,83,74,49,57,78,0,42,46,56,87,37,51,16
8458,,82,1991,0,Delarrin,Turner-Yell,16,0,0,0,Oklahoma,32,,2,23,71,200,FS,250000,4,250000,250000,250000,250000,0,0,0,0,0,0,0,0,0,0,None,,,,,b,10085.png,default-jersey-01.png,black_3086.png,39,75,1,84,62,60,2,1,1,59,1,1,79,0,1,1,1,1,1,1,1,1,1,1,1,1,1,14,29,89,90,66,89,85,90,88,73,0,39,48,58,94,45,45,7
6044,,84,1991,0,Eric,Turner,19,0,0,0,UCLA,22,,4,27,73,208,FS,1600000,5,1600000,1600000,1600000,1600000,1600000,0,0,0,0,0,0,0,0,0,None,,,,,b,10075.png,default-jersey-01.png,black_3005.png,62,83,1,71,65,58,1,1,1,69,1,1,89,0,1,1,1,1,1,1,1,1,1,1,1,1,1,10,14,100,2,39,38,26,20,6,91,0,47,45,66,98,43,37,59
10212,,64,1991,0,Eric,Vance,0,0,0,0,Vanderbilt,37,,1,24,74,215,FS,0,0,0,0,0,0,0,0,0,0,0,0,0,0,0,0,None,,,,,a,10556.png,,darkbrown_3064.png,40,69,1,63,43,54,1,1,1,44,1,1,62,0,1,1,1,1,1,1,1,1,1,1,1,1,1,35,35,53,9,61,45,39,11,36,78,0,35,37,70,91,43,57,78
6002,,69,1991,0,Sammy,Walker,0,0,0,0,Texas Tech,40,,3,25,71,203,FS,0,0,0,0,0,0,0,0,0,0,0,0,0,0,0,0,None,,,,,a,0141.png,,bald_3033.png,39,69,1,72,53,51,1,1,1,50,1,1,71,0,1,1,1,1,1,1,1,1,1,1,1,1,1,6,8,46,52,50,35,45,51,67,94,0,36,40,68,75,46,32,36
7093,,71,1991,1988,C.J.,Wallace,0,7,17,1988,Washington,22,,3,24,72,218,FS,0,0,0,0,0,0,0,0,0,0,0,0,0,0,0,0,None,,,,,b,0071.png,,bald_3011.png,51,61,1,71,56,57,1,1,1,49,1,1,75,0,1,1,1,1,1,1,1,1,1,1,1,1,1,1,6,77,61,61,68,31,44,49,93,0,38,42,58,92,49,49,47
2558,,71,1991,1985,Frank,Wattelet,0,48,7,1985,Kansas,49,,2,29,72,185,FS,0,0,0,0,0,0,0,0,0,0,0,0,0,0,0,0,None,,,,,b,0050.png,,darkbrown_3009.png,62,81,1,61,41,61,1,1,1,58,1,1,71,0,1,1,1,1,1,1,1,1,1,1,1,1,1,25,25,68,59,86,92,61,80,85,85,0,48,50,57,86,35,40,92
12671,,66,1991,0,Damon,Watts,0,0,0,0,Indiana,23,,0,22,70,180,FS,0,0,0,0,0,0,0,0,0,0,0,0,0,0,0,0,None,,,,,b,0076.png,,black_3006.png,36,58,1,68,49,55,1,1,1,54,1,1,74,0,1,1,1,1,1,1,1,1,1,1,1,1,1,35,35,54,53,35,37,51,69,37,98,0,46,30,49,76,38,49,83
10214,,64,1991,0,Elbert,Watts,0,0,0,0,Oklahoma,24,,1,24,73,205,FS,0,0,0,0,0,0,0,0,0,0,0,0,0,0,0,0,None,,,,,a,0144.png,,lightbrown_3063.png,51,69,1,63,43,50,1,1,1,44,1,1,71,0,1,1,1,1,1,1,1,1,1,1,1,1,1,35,35,49,68,72,88,51,95,86,75,0,41,43,57,75,37,35,90
7168,,83,1991,1988,Eric,Weddle,3,2,16,1988,Utah,36,,3,24,71,203,FS,2550000,1,2550000,0,0,0,0,0,0,0,0,0,0,0,0,0,None,RoleModel,,,,b,10090.png,default-jersey-01.png,black_3082.png,51,75,1,81,60,62,1,1,1,66,1,1,76,0,1,1,1,1,1,1,1,1,1,1,1,1,1,26,26,95,42,81,84,50,99,100,75,0,31,44,31,89,45,58,65
12878,30350,65,1991,0,Tripp,Welborne,0,0,0,0,Michigan,0,,0,24,72,205,FS,0,0,0,0,0,0,0,0,0,0,0,0,0,0,0,0,None,,,,,,,,,40,64,1,61,50,48,1,1,1,52,1,1,78,0,0,0,0,0,0,0,0,0,0,0,0,0,0,15,0,61,42,34,43,50,48,32,72,0,32,46,60,78,32,45,83
12658,,75,1991,1991,Larry,Whigham,1,4,3,1991,La-Monroe,28,,0,22,74,205,FS,500000,3,500000,500000,500000,0,0,0,0,0,0,0,0,0,0,0,None,BoxSafety,,,,a,0139.png,default-jersey-01.png,blonde_3058.png,45,77,1,77,57,51,1,1,1,53,1,1,69,0,1,1,1,1,1,1,1,1,1,1,1,1,1,31,30,55,26,94,95,13,68,84,86,0,32,40,39,75,42,51,83
7284,,64,1991,0,Marvin,White,0,0,0,0,TCU,41,,1,24,73,199,FS,0,0,0,0,0,0,0,0,0,0,0,0,0,0,0,0,None,,,,,b,0078.png,,black_3033.png,42,67,1,65,39,54,1,1,1,58,1,1,67,0,1,1,1,1,1,1,1,1,1,1,1,1,1,6,9,27,60,81,61,58,84,63,73,0,33,46,43,88,40,42,93
2473,,68,1991,1985,Eric,Williams FS,0,34,5,1985,North Carolina State,26,,6,31,73,188,FS,0,0,0,0,0,0,0,0,0,0,0,0,0,0,0,0,None,,,,,b,0011.png,,black_3017.png,30,63,1,73,41,46,1,1,1,56,1,1,82,0,1,1,1,1,1,1,1,1,1,1,1,1,1,1,1,78,58,62,38,56,65,58,91,0,39,32,46,73,45,70,72
2342,,85,1991,1985,Don,Wilson,14,22,1,1985,North Carolina State,21,,6,30,74,190,FS,2500000,1,2500000,0,0,0,0,0,0,0,0,0,0,0,0,0,None,,,,,b,10080.png,default-jersey-01.png,bald_3039.png,43,89,1,86,62,53,1,1,1,66,1,1,87,0,1,1,1,1,1,1,1,1,1,1,1,1,1,1,1,66,40,100,74,32,63,68,74,0,43,39,58,77,38,34,4
3535,,88,1991,1986,Shawn,Wooden,13,5,6,1986,Notre Dame,28,,5,26,71,205,FS,1150000,1,1150000,0,0,0,0,0,0,0,0,0,0,0,0,0,None,,,,,a,0111.png,,lightbrown_3043.png,55,80,1,83,61,75,1,1,1,72,1,1,85,0,1,1,1,1,1,1,1,1,1,1,1,1,1,3,14,91,24,93,63,18,60,68,99,0,50,43,42,71,40,70,1
8459,,81,1991,1989,JT,Woods,20,4,13,1989,N/A,22,,2,23,74,193,FS,550000,1,550000,0,0,0,0,0,0,0,0,0,0,0,0,0,None,,,,,a,0145.png,,lightbrown_3022.png,48,74,1,87,67,59,2,2,2,56,1,1,80,0,1,1,1,1,1,1,1,1,1,1,1,1,1,18,12,60,55,46,63,52,70,61,70,0,40,32,69,95,31,55,61
12831,31763,89,1991,0,Darren,Woodson,0,0,0,0,Arizona State,0,,0,23,73,219,FS,0,0,0,0,0,0,0,0,0,0,0,0,0,0,0,0,None,,,,,,,,,63,90,4,88,69,67,1,2,4,71,1,5,87,0,0,0,0,0,0,0,0,0,0,0,0,0,0,45,50,52,3,80,64,33,81,91,73,0,33,41,66,84,47,37,94
12661,,72,1991,1991,Tito,Wooten,5,7,1,1991,La-Monroe,28,,0,23,72,191,FS,250000,2,250000,250000,0,0,0,0,0,0,0,0,0,0,0,0,None,,,,,a,0146.png,,red_3025.png,52,69,1,66,57,62,1,1,1,60,1,1,73,0,1,1,1,1,1,1,1,1,1,1,1,1,1,33,31,54,24,65,98,24,86,92,84,0,47,30,46,80,45,54,74
12644,,71,1991,1991,Toby,Wright,17,4,6,1991,Nebraska,48,,0,24,71,212,FS,500000,3,500000,500000,500000,0,0,0,0,0,0,0,0,0,0,0,None,,,,,a,10565.png,default-jersey-01.png,black_3004.png,45,78,1,74,52,56,1,1,1,46,1,1,67,0,1,1,1,1,1,1,1,1,1,1,1,1,1,57,32,38,80,76,86,67,76,69,92,0,49,50,37,96,36,65,23
10190,,68,1991,0,Kevin,Wyatt,0,0,0,0,Arkansas,23,,1,23,70,199,FS,0,0,0,0,0,0,0,0,0,0,0,0,0,0,0,0,None,,,,,b,0039.png,,black_3075.png,51,64,1,74,38,56,1,1,1,53,1,1,75,0,1,1,1,1,1,1,1,1,1,1,1,1,1,35,35,56,2,52,54,12,8,40,97,0,36,32,51,95,33,63,88
8460,,83,1991,1989,Russ,Yeast,14,6,12,1989,Kansas State,2,,2,24,70,195,FS,2300000,1,2300000,0,0,0,0,0,0,0,0,0,0,0,0,0,None,,,,,a,0130.png,default-jersey-01.png,darkbrown_3082.png,48,77,1,77,63,66,2,1,1,65,1,1,82,0,1,1,1,1,1,1,1,1,1,1,1,1,1,12,14,97,51,52,50,31,64,51,91,0,55,45,59,79,36,67,33
2712,,80,1991,1985,Lonnie,Young,4,52,7,1985,Michigan State,35,,6,28,73,205,FS,900000,1,900000,0,0,0,0,0,0,0,0,0,0,0,0,0,None,,,,,b,10073.png,,black_3062.png,47,77,1,86,52,65,1,1,1,57,1,1,76,0,1,1,1,1,1,1,1,1,1,1,1,1,1,5,1,77,89,84,94,82,92,90,80,0,47,45,55,99,30,50,14
7398,,65,1991,0,Usama,Young,0,0,0,0,Kent State,36,,1,22,71,186,FS,0,0,0,0,0,0,0,0,0,0,0,0,0,0,0,0,None,,,,,a,0136.png,,black_3044.png,38,65,1,59,46,50,1,1,1,53,1,1,68,0,1,1,1,1,1,1,1,1,1,1,1,1,1,15,8,76,69,60,68,70,64,60,80,0,34,42,31,80,35,62,97
12665,,69,1991,0,Eric,Zomalt,0,0,0,0,California,29,,0,22,71,201,FS,0,0,0,0,0,0,0,0,0,0,0,0,0,0,0,0,None,,,,,b,0022.png,,bald_3025.png,46,71,1,66,50,58,1,1,1,56,1,1,66,0,1,1,1,1,1,1,1,1,1,1,1,1,1,35,35,51,25,64,67,14,35,9,77,0,44,49,38,92,49,31,94
10226,,65,1991,0,Stefon,Adams,0,0,0,0,East Carolina,24,,1,24,70,189,SS,0,0,0,0,0,0,0,0,0,0,0,0,0,0,0,0,None,,,,,b,0044.png,,lightbrown_3001.png,54,60,1,68,37,46,1,1,1,60,1,1,74,0,1,1,1,1,1,1,1,1,1,1,1,1,30,30,48,35,12,96,76,25,80,68,85,0,47,40,44,76,35,59,84
7180,,77,1991,1988,Gerald,Alexander,6,4,4,1988,Boise State,30,,3,25,72,210,SS,250000,5,250000,300000,300000,300000,300000,0,0,0,0,0,0,0,0,0,None,,,,,b,10060.png,default-jersey-01.png,black_3028.png,59,71,1,79,62,44,1,1,1,61,1,1,83,0,1,1,1,1,1,1,1,1,1,1,1,1,26,1,95,22,52,33,41,35,36,55,88,0,48,46,58,100,45,68,21
12773,507,75,1991,0,Ashley,Ambrose,0,0,0,0,Miss. Valley State,0,,0,22,71,190,SS,0,0,0,0,0,0,0,0,0,0,0,0,0,0,0,0,None,,,,,,,,,62,86,1,65,47,55,1,1,1,68,1,1,75,0,0,0,0,0,0,0,0,0,0,0,0,0,15,0,64,24,8,96,94,27,71,64,79,0,43,36,43,80,30,34,97
3228,,54,1991,0,Don,Anderson,0,0,0,0,Purdue,36,,2,24,70,196,SS,0,0,0,0,0,0,0,0,0,0,0,0,0,0,0,0,None,,,,,b,0003.png,,black_3051.png,46,55,1,60,43,40,1,1,1,46,1,1,75,0,1,1,1,1,1,1,1,1,1,1,1,1,1,3,6,60,37,67,67,57,87,88,100,0,37,41,58,74,36,51,71
10238,,61,1991,0,Billy,Austin,0,0,0,0,New Mexico,21,,1,24,70,195,SS,0,0,0,0,0,0,0,0,0,0,0,0,0,0,0,0,None,,,,,b,0032.png,,black_3013.png,45,64,1,61,33,40,1,1,1,56,1,1,67,0,1,1,1,1,1,1,1,1,1,1,1,1,30,30,51,35,84,50,55,90,45,54,89,0,30,32,43,96,50,42,72
10239,,60,1991,0,Anthony,Bass,0,0,0,0,Bethune-Cookman,34,,1,24,73,192,SS,0,0,0,0,0,0,0,0,0,0,0,0,0,0,0,0,None,,,,,b,0035.png,,darkbrown_3004.png,48,71,1,54,37,35,1,1,1,53,1,1,62,0,1,1,1,1,1,1,1,1,1,1,1,1,30,30,54,35,34,50,67,13,17,39,91,0,49,49,51,82,44,65,91
2400,,65,1991,1985,Bill,Bates,0,33,2,1985,Tennessee,37,,4,28,73,204,SS,0,0,0,0,0,0,0,0,0,0,0,0,0,0,0,0,None,,,,,b,0016.png,,bald_3031.png,50,65,1,60,51,44,1,1,1,50,1,1,78,0,1,1,1,1,1,1,1,1,1,1,1,1,16,1,83,1,77,61,55,67,41,70,79,0,47,31,53,86,33,42,39
8581,,78,1991,1989,Dane,Belton,3,6,15,1989,Iowa,27,,2,22,73,205,SS,1650000,1,1650000,0,0,0,0,0,0,0,0,0,0,0,0,0,None,,,,,b,0078.png,default-jersey-01.png,black_3101.png,55,83,1,79,55,51,1,3,3,58,21,19,81,0,1,1,1,1,1,1,1,1,1,1,1,1,26,1,95,22,66,87,73,55,76,60,86,0,30,36,44,80,47,50,39
6100,,63,1991,0,Antoine,Bennett,0,0,0,0,Florida A&M,20,,4,28,71,185,SS,0,0,0,0,0,0,0,0,0,0,0,0,0,0,0,0,None,,,,,a,0103.png,,darkbrown_3088.png,47,76,1,63,41,37,1,1,1,55,1,1,64,0,1,1,1,1,1,1,1,1,1,1,1,1,23,1,43,17,35,83,76,70,97,63,84,0,40,38,49,83,50,62,3
2021,,76,1991,1985,Glenn,Blackwood,0,14,18,1985,Texas,49,,4,32,72,187,SS,0,0,0,0,0,0,0,0,0,0,0,0,0,0,0,0,None,,,,,b,10096.png,,bald_3021.png,55,73,1,72,54,54,1,1,1,63,1,1,78,0,1,1,1,1,1,1,1,1,1,1,1,1,15,1,100,2,68,55,64,100,70,36,80,0,31,45,55,72,47,64,91
2405,,76,1991,1985,John,Bostic,18,33,5,1985,Bethune-Cookman,21,,6,29,70,176,SS,1250000,3,1250000,1250000,1250000,0,0,0,0,0,0,0,0,0,0,0,None,,,,,a,0137.png,default-jersey-01.png,black_3053.png,57,75,1,69,65,55,1,1,1,60,1,1,75,0,1,1,1,1,1,1,1,1,1,1,1,1,1,1,95,1,11,73,93,17,77,75,95,0,45,43,65,80,48,58,45
2056,,79,1991,1985,Keith,Bostic,13,8,11,1985,Michigan,25,,6,30,73,216,SS,2500000,1,2500000,0,0,0,0,0,0,0,0,0,0,0,0,0,None,,,,,b,0085.png,,black_3045.png,54,84,1,74,55,55,1,1,1,69,1,1,80,0,1,1,1,1,1,1,1,1,1,1,1,1,1,1,96,1,62,86,100,33,94,67,95,0,39,45,36,98,31,38,19
12684,,62,1991,0,Malik,Boyd,0,0,0,0,Southern,49,,0,24,70,175,SS,0,0,0,0,0,0,0,0,0,0,0,0,0,0,0,0,None,,,,,a,10589.png,,bald_3027.png,45,69,1,62,46,38,1,1,1,50,1,1,76,0,1,1,1,1,1,1,1,1,1,1,1,1,35,1,55,35,49,100,98,47,65,82,90,0,45,48,48,78,42,60,89
2403,,69,1991,1985,Larry,Braziel,0,33,13,1985,USC,47,,2,33,72,188,SS,0,0,0,0,0,0,0,0,0,0,0,0,0,0,0,0,None,,,,,a,10562.png,,blonde_3025.png,53,62,1,72,49,47,1,1,1,53,1,1,80,0,1,1,1,1,1,1,1,1,1,1,1,1,6,1,91,10,88,66,31,77,43,39,75,0,44,46,57,86,46,40,25
8582,,88,1991,1989,Jaquan,Brisker,13,1,19,1989,Penn State,9,,2,24,73,200,SS,1850000,2,1850000,2000000,0,0,0,0,0,0,0,0,0,0,0,0,None,BoxSafety,,,,b,0076.png,,bald_3009.png,66,92,7,84,63,66,1,9,9,70,2,3,84,0,1,1,1,1,1,1,1,1,1,1,1,1,26,1,100,26,80,98,100,62,80,87,86,0,60,63,57,83,51,45,43
12948,3625,65,1991,0,Tony,Brown,0,0,0,0,Fresno State,0,,0,22,69,183,SS,0,0,0,0,0,0,0,0,0,0,0,0,0,0,0,0,None,,,,,,,,,57,64,1,59,47,45,1,1,1,48,1,1,72,0,0,0,0,0,0,0,0,0,0,0,0,0,10,0,86,8,2,57,59,39,31,12,83,0,39,30,52,91,34,67,77
2055,,83,1991,1985,Joey,Browner,15,4,7,1985,USC,47,,6,31,74,221,SS,5000000,2,5000000,4500000,0,0,0,0,0,0,0,0,0,0,0,0,None,RoleModel,,,,b,10061.png,default-jersey-01.png,black_3039.png,54,82,1,88,62,67,1,1,1,60,1,1,87,0,1,1,1,1,1,1,1,1,1,1,1,1,14,1,100,1,89,52,59,100,51,51,75,0,33,44,32,99,49,39,40
5619,,65,1991,1987,Daniel,Bullocks,0,7,14,1987,Nebraska,30,,4,27,72,210,SS,0,0,0,0,0,0,0,0,0,0,0,0,0,0,0,0,None,Competitor,,,,a,0117.png,,darkbrown_3092.png,59,56,1,69,49,47,1,1,1,45,1,1,77,0,1,1,1,1,1,1,1,1,1,1,1,1,7,1,70,18,4,73,98,33,64,96,100,0,37,46,52,93,38,31,15
2205,,57,1991,1985,Lloyd,Burruss,0,10,12,1985,Maryland,34,,6,34,72,204,SS,0,0,0,0,0,0,0,0,0,0,0,0,0,0,0,0,None,,,,,a,10550.png,,darkbrown_3095.png,47,65,1,65,32,36,1,1,1,32,1,1,65,0,1,1,1,1,1,1,1,1,1,1,1,1,15,1,53,11,63,93,72,43,98,96,72,0,35,45,36,91,48,47,78
1825,,85,1991,1985,Gill,Byrd,6,2,4,1985,San Jose State,22,,6,30,71,195,SS,7900000,1,7900000,0,0,0,0,0,0,0,0,0,0,0,0,0,None,BoxSafety,,,,b,10067.png,,black_3055.png,69,87,1,78,72,66,1,1,5,61,1,1,90,0,1,1,1,1,1,1,1,1,1,1,1,1,19,1,100,15,71,74,97,66,94,78,93,0,37,33,69,96,45,60,70
1992,,79,1991,1985,Mossy,Cade,14,11,9,1985,Texas,46,,6,30,73,197,SS,1600000,1,1600000,0,0,0,0,0,0,0,0,0,0,0,0,0,None,OFRedFlags|RoleModel,,,,a,10578.png,default-jersey-01.png,darkbrown_3090.png,58,80,1,81,56,43,1,1,1,63,1,1,80,0,1,1,1,1,1,1,1,1,1,1,1,1,1,1,99,1,45,87,97,70,92,77,70,0,30,42,40,88,35,64,14
12823,4391,68,1991,0,Jesse,Campbell,0,0,0,0,North Carolina State,0,,0,23,73,211,SS,0,0,0,0,0,0,0,0,0,0,0,0,0,0,0,0,None,,,,,,,,,51,79,1,67,60,44,1,1,1,52,1,1,72,0,0,0,0,0,0,0,0,0,0,0,0,0,24,0,44,22,36,86,74,43,79,62,79,0,37,47,53,79,32,65,82
10240,,60,1991,0,Lamar,Campbell,0,0,0,0,Wisconsin,24,,1,23,71,182,SS,0,0,0,0,0,0,0,0,0,0,0,0,0,0,0,0,None,,,,,b,10071.png,,black_3037.png,45,59,1,61,51,44,1,1,1,49,1,1,59,0,1,1,1,1,1,1,1,1,1,1,1,1,30,30,53,35,3,64,83,26,68,64,87,0,50,35,33,85,35,65,88
12795,4694,84,1991,0,Dale,Carter,0,0,0,0,Tennessee,0,,0,23,73,194,SS,0,0,0,0,0,0,0,0,0,0,0,0,0,0,0,0,None,,,,,,,,,58,82,1,89,50,56,1,1,1,75,1,3,82,0,0,0,0,0,0,0,0,0,0,0,0,0,50,0,83,29,51,57,65,49,33,51,99,0,48,37,47,72,40,54,91
2031,,84,1991,1985,Scott,Case,18,8,6,1985,Northeast Oklahoma A&M,33,,6,29,73,188,SS,3800000,4,3800000,4000000,4000000,4500000,0,0,0,0,0,0,0,0,0,0,None,BoxSafety,,,,b,10051.png,default-jersey-01.png,bald_3032.png,69,88,1,71,61,62,1,1,1,73,1,1,92,0,1,1,1,1,1,1,1,1,1,1,1,1,10,1,97,8,60,54,45,100,63,37,78,0,45,40,61,98,33,38,69
6138,,76,1991,0,Vinnie,Clark,2,0,0,0,Ohio State,47,,4,26,72,202,SS,250000,2,250000,250000,0,0,0,0,0,0,0,0,0,0,0,0,None,,,,,b,0006.png,default-jersey-01.png,lightbrown_3002.png,55,82,1,81,55,58,1,1,1,61,1,1,84,0,1,1,1,1,1,1,1,1,1,1,1,1,23,1,53,7,46,63,71,43,91,96,76,0,37,32,66,99,40,62,50
2398,,55,1991,1985,Dextor,Clinkscale,0,21,16,1985,South Carolina State,47,,6,33,71,192,SS,0,0,0,0,0,0,0,0,0,0,0,0,0,0,0,0,None,,,,,a,0149.png,,bald_3019.png,36,65,1,57,44,32,1,1,1,47,1,1,74,0,1,1,1,1,1,1,1,1,1,1,1,1,1,1,29,12,92,61,77,77,82,69,83,0,48,43,43,91,43,32,74
3565,,81,1991,1986,Marcus,Coleman,11,4,11,1986,Texas Tech,39,,5,27,74,210,SS,2200000,2,2200000,2200000,0,0,0,0,0,0,0,0,0,0,0,0,None,,,,,a,0116.png,,black_3036.png,56,81,1,85,69,65,1,1,1,67,1,1,72,0,1,1,1,1,1,1,1,1,1,1,1,1,1,11,61,77,62,42,58,75,69,33,72,0,44,32,66,77,38,66,30
12679,,66,1991,0,John,Covington,0,0,0,0,Notre Dame,40,,0,22,72,198,SS,0,0,0,0,0,0,0,0,0,0,0,0,0,0,0,0,None,,,,,b,10091.png,,black_3076.png,45,71,1,71,43,44,1,1,1,55,1,1,74,0,1,1,1,1,1,1,1,1,1,1,1,1,35,1,53,35,59,37,56,36,51,45,87,0,34,35,55,88,37,55,93
1878,,75,1991,1985,Nolan,Cromwell,0,6,14,1985,Kansas,44,,4,34,73,200,SS,0,0,0,0,0,0,0,0,0,0,0,0,0,0,0,0,None,BoxSafety,,,,c,0234.png,,darkbrown_3002.png,42,86,1,65,44,67,4,1,1,73,1,1,70,0,1,1,1,1,1,1,1,1,1,1,1,1,22,1,95,27,59,61,59,34,39,49,97,0,32,32,64,71,46,44,74
8584,,79,1991,1989,Nick,Cross,5,7,1,1989,Maryland,20,,2,21,72,212,SS,1500000,5,1500000,1500000,1500000,1500000,1500000,0,0,0,0,0,0,0,0,0,None,,,,,b,10074.png,default-jersey-01.png,darkbrown_3008.png,64,82,4,84,60,50,7,9,9,62,8,9,84,0,1,1,1,1,1,1,1,1,1,1,1,1,14,1,58,17,17,86,65,37,96,85,75,0,46,42,55,74,30,61,99
2924,,64,1991,1985,Craig,Curry,0,56,15,1985,Texas,42,,2,26,72,187,SS,0,0,0,0,0,0,0,0,0,0,0,0,0,0,0,0,None,,,,,a,10572.png,,darkbrown_3050.png,42,75,1,67,54,37,1,1,1,47,1,1,63,0,1,1,1,1,1,1,1,1,1,1,1,1,1,1,59,19,95,62,66,97,39,52,84,0,48,39,34,80,44,68,85
12682,,64,1991,0,Mike,Davis,0,0,0,0,Cincinnati,34,,0,22,73,192,SS,0,0,0,0,0,0,0,0,0,0,0,0,0,0,0,0,None,,,,,b,0014.png,,darkbrown_3021.png,46,75,1,62,47,46,1,1,1,52,1,1,64,0,1,1,1,1,1,1,1,1,1,1,1,1,35,1,52,35,94,63,49,68,52,64,95,0,36,43,47,76,30,55,100
2468,,61,1991,1985,Mike,Davis,0,40,18,1985,Colorado,36,,3,32,75,203,SS,0,0,0,0,0,0,0,0,0,0,0,0,0,0,0,0,None,,,,,b,10074.png,,bald_3019.png,50,70,1,58,38,49,1,1,1,44,1,1,76,0,1,1,1,1,1,1,1,1,1,1,1,1,1,1,60,16,52,66,91,44,62,76,94,0,33,36,56,73,39,70,96
3585,,95,1991,1986,Brian,Dawkins,2,1,4,1986,Clemson,27,,5,28,72,210,SS,8700000,5,8700000,8700000,8700000,8700000,8700000,0,0,0,0,0,0,0,0,0,None,BoxSafety,,,,b,0085.png,,black_3005.png,76,92,2,96,64,73,8,7,1,75,1,1,93,0,1,1,1,1,1,1,1,1,1,1,1,1,33,1,100,32,65,81,95,44,84,59,96,0,37,47,55,88,39,66,81
1850,,89,1991,1985,Dave,Duerson,11,3,2,1985,Notre Dame,22,,6,31,73,207,SS,4900000,2,4900000,4900000,0,0,0,0,0,0,0,0,0,0,0,0,None,CommunityBenefactor,,,,a,0103.png,,black_3017.png,71,87,1,88,77,71,1,1,1,60,1,1,77,0,1,1,1,1,1,1,1,1,1,1,1,1,10,1,100,10,41,64,67,43,64,95,74,0,40,43,34,81,36,36,94
6166,,76,1991,0,Mike,Dumas,11,0,0,0,Indiana,20,,4,26,72,198,SS,250000,2,250000,250000,0,0,0,0,0,0,0,0,0,0,0,0,None,,,,,b,0042.png,default-jersey-01.png,black_3082.png,53,67,1,77,61,63,1,1,1,68,1,1,87,0,1,1,1,1,1,1,1,1,1,1,1,1,18,1,75,7,55,67,95,60,60,84,90,0,38,34,42,87,32,57,51
1976,,79,1991,1985,Kenny,Easley,17,10,2,1985,UCLA,31,,6,32,75,206,SS,1700000,1,1700000,0,0,0,0,0,0,0,0,0,0,0,0,0,None,Athlete,,,,a,0120.png,default-jersey-01.png,lightbrown_3046.png,47,88,1,70,61,54,1,1,5,70,1,1,88,0,1,1,1,1,1,1,1,1,1,1,1,1,26,1,100,21,79,37,37,91,47,62,95,0,35,43,44,96,36,55,1
5684,,67,1991,1987,Abram,Elam,0,5,7,1987,Kent State,31,,4,29,72,205,SS,0,0,0,0,0,0,0,0,0,0,0,0,0,0,0,0,None,OFRedFlags,,,,b,0032.png,,black_3011.png,51,59,1,72,52,55,1,1,1,52,1,1,59,0,1,1,1,1,1,1,1,1,1,1,1,1,15,1,64,51,7,45,51,23,28,21,90,0,49,34,58,71,47,33,69
2623,,64,1991,1985,Ray,Ellis,0,41,16,1985,Ohio State,24,,4,30,73,192,SS,0,0,0,0,0,0,0,0,0,0,0,0,0,0,0,0,None,,,,,a,10558.png,,darkbrown_3021.png,50,68,1,70,43,48,1,1,1,42,1,1,76,0,1,1,1,1,1,1,1,1,1,1,1,1,29,1,52,12,33,41,35,13,29,13,100,0,30,35,39,96,44,65,73
5688,,64,1991,0,John,Eubanks,0,0,0,0,Southern Miss,30,,1,24,70,173,SS,0,0,0,0,0,0,0,0,0,0,0,0,0,0,0,0,None,,,,,b,0093.png,,blonde_3004.png,48,68,1,62,38,42,1,1,1,59,1,1,61,0,1,1,1,1,1,1,1,1,1,1,1,1,6,1,55,7,80,88,79,93,74,78,86,0,40,39,45,96,35,60,86
2336,,67,1991,1985,Steve,Foley,0,30,3,1985,Tulane,25,,3,35,74,189,SS,0,0,0,0,0,0,0,0,0,0,0,0,0,0,0,0,None,,,,,b,0036.png,,black_3028.png,55,72,1,64,53,55,1,1,1,48,1,1,64,0,1,1,1,1,1,1,1,1,1,1,1,1,38,1,61,13,45,63,78,56,60,81,80,0,39,41,69,82,32,33,90
3611,,66,1991,0,Brad,Ford,0,0,0,0,Alabama,39,,1,23,70,170,SS,0,0,0,0,0,0,0,0,0,0,0,0,0,0,0,0,None,,,,,a,0102.png,,lightbrown_3042.png,50,72,1,72,51,42,1,1,1,53,1,1,67,0,1,1,1,1,1,1,1,1,1,1,1,1,10,1,33,27,89,61,75,79,67,100,100,0,45,38,38,87,38,32,79
2404,,75,1991,1985,Elbert,Foules,17,33,10,1985,Alcorn State,35,,6,30,71,185,SS,490000,1,490000,0,0,0,0,0,0,0,0,0,0,0,0,0,None,,,,,b,10068.png,default-jersey-01.png,black_3080.png,63,70,1,75,50,50,1,1,1,71,1,1,73,0,1,1,1,1,1,1,1,1,1,1,1,1,1,1,63,1,15,96,97,7,89,95,90,0,34,43,68,73,50,41,33
2149,,71,1991,1985,William,Frizzell,4,17,4,1985,North Carolina Central,47,,6,29,75,203,SS,490000,1,490000,0,0,0,0,0,0,0,0,0,0,0,0,0,None,,,,,a,10563.png,,black_3003.png,45,70,1,72,50,43,1,1,1,59,1,1,84,0,1,1,1,1,1,1,1,1,1,1,1,1,1,1,93,8,31,40,54,71,50,38,74,0,38,41,53,97,42,49,5
12680,,64,1991,0,Randy,Fuller,0,0,0,0,Tennessee State,25,,0,24,70,180,SS,0,0,0,0,0,0,0,0,0,0,0,0,0,0,0,0,None,,,,,a,10589.png,,black_3039.png,46,72,1,60,50,45,1,1,1,59,1,1,75,0,1,1,1,1,1,1,1,1,1,1,1,1,35,1,51,35,2,64,30,26,36,35,96,0,48,45,42,93,32,61,97
12683,,62,1991,0,Matt,Gay,0,0,0,0,Kansas,36,,0,24,71,197,SS,0,0,0,0,0,0,0,0,0,0,0,0,0,0,0,0,None,,,,,b,0022.png,,black_3055.png,45,62,1,64,46,54,1,1,1,52,1,1,63,0,1,1,1,1,1,1,1,1,1,1,1,1,35,1,50,35,81,73,95,78,84,84,90,0,32,37,34,97,39,69,90
2024,,85,1991,1985,Shaun,Gayle,10,9,8,1985,Ohio State,23,,6,29,71,202,SS,3000000,4,3000000,3500000,3500000,3500000,0,0,0,0,0,0,0,0,0,0,None,,,,,b,0003.png,,black_3071.png,68,82,1,83,67,59,1,1,1,65,1,1,88,0,1,1,1,1,1,1,1,1,1,1,1,1,5,1,96,1,13,67,52,26,6,6,70,0,47,50,53,90,36,36,75
2145,,74,1991,1985,Nesby,Glasgow,14,18,9,1985,Washington,25,,6,34,70,185,SS,250000,1,250000,0,0,0,0,0,0,0,0,0,0,0,0,0,None,,,,,a,0106.png,default-jersey-01.png,bald_3028.png,61,68,1,73,53,59,1,1,1,51,1,1,90,0,1,1,1,1,1,1,1,1,1,1,1,1,18,1,95,13,40,67,56,38,7,22,78,0,34,32,66,91,46,60,28
8381,,73,1991,1989,Kyler,Gordon,12,7,6,1989,Washington,6,,2,23,72,200,SS,1500000,5,1500000,1500000,1500000,1500000,1500000,0,0,0,0,0,0,0,0,0,None,,,,,a,10559.png,default-jersey-01.png,lightbrown_3031.png,49,83,1,78,64,62,9,8,7,49,2,6,77,0,1,1,1,1,1,1,1,1,1,1,1,1,1,47,51,17,87,61,62,100,95,88,98,0,47,47,66,76,34,61,65
5339,,65,1991,1987,Steve,Gregory,0,6,8,1987,Syracuse,41,,4,27,71,185,SS,0,0,0,0,0,0,0,0,0,0,0,0,0,0,0,0,None,,,,,a,10559.png,,darkbrown_3048.png,41,69,1,58,40,51,1,1,1,59,1,1,80,0,1,1,1,1,1,1,1,1,1,1,1,1,10,1,85,6,71,82,80,54,82,89,76,0,35,31,68,84,41,54,91
10235,,61,1991,0,Larry,Griffin,0,0,0,0,North Carolina,39,,1,24,72,197,SS,0,0,0,0,0,0,0,0,0,0,0,0,0,0,0,0,None,,,,,b,0062.png,,black_3052.png,48,72,1,60,38,36,1,1,1,50,1,1,72,0,1,1,1,1,1,1,1,1,1,1,1,1,30,30,47,35,92,60,95,87,95,88,75,0,32,42,34,89,42,46,90
2771,,62,1991,1985,Al,Gross,0,54,6,1985,Arizona,27,,3,27,75,191,SS,0,0,0,0,0,0,0,0,0,0,0,0,0,0,0,0,None,,,,,a,0110.png,,lightbrown_3014.png,48,57,1,66,56,36,1,1,1,51,1,1,59,0,1,1,1,1,1,1,1,1,1,1,1,1,17,1,62,12,49,65,98,55,80,60,89,0,44,40,56,76,36,57,35
3302,,75,1991,0,Conrad,Hamilton,16,0,0,0,Eastern New Mexico,49,,5,27,70,195,SS,250000,1,250000,0,0,0,0,0,0,0,0,0,0,0,0,0,None,,,,,b,10060.png,default-jersey-01.png,darkbrown_3024.png,51,74,1,78,41,47,1,1,1,65,1,1,85,0,1,1,1,1,1,1,1,1,1,1,1,1,15,1,93,20,84,68,39,75,37,72,88,0,42,42,39,84,45,38,86
5347,,79,1991,1987,Roman,Harper,9,4,7,1987,Alabama,35,,4,28,72,195,SS,1900000,2,1900000,1900000,0,0,0,0,0,0,0,0,0,0,0,0,None,,,,,b,0058.png,default-jersey-01.png,bald_3044.png,49,76,1,85,62,44,1,1,1,74,1,1,88,0,1,1,1,1,1,1,1,1,1,1,1,1,19,1,82,37,58,84,87,70,90,68,87,0,42,32,61,72,48,37,91
12655,,85,1991,1991,Rodney,Harrison,5,1,11,1991,Western Illinois,22,,0,22,73,220,SS,2000000,4,2000000,2000000,2000000,2000000,0,0,0,0,0,0,0,0,0,0,None,HybridLB,,,,a,10571.png,default-jersey-01.png,darkbrown_3055.png,66,91,1,88,66,69,1,1,1,57,1,1,74,0,1,1,1,1,1,1,1,1,1,1,1,1,1,31,71,49,77,98,81,66,71,83,85,0,47,48,61,93,39,45,99
1901,,78,1991,1985,Mark,Haynes,0,6,13,1985,Colorado,44,,6,33,71,194,SS,0,0,0,0,0,0,0,0,0,0,0,0,0,0,0,0,None,,,,,a,10567.png,,black_3039.png,66,73,1,66,64,64,1,1,1,65,1,1,72,0,1,1,1,1,1,1,1,1,1,1,1,1,26,1,97,27,65,30,58,67,64,58,83,0,45,31,70,92,44,54,1
2269,,65,1991,1985,Kenny,Hill,0,30,10,1985,Yale,48,,6,33,72,194,SS,0,0,0,0,0,0,0,0,0,0,0,0,0,0,0,0,None,,,,,b,0066.png,,darkbrown_3020.png,42,58,1,63,39,47,1,1,1,63,1,1,73,0,1,1,1,1,1,1,1,1,1,1,1,1,12,1,90,15,38,49,49,33,57,71,80,0,38,46,59,94,36,41,100
2859,,63,1991,1985,D.D.,Hoggard,0,56,4,1985,North Carolina State,26,,2,26,72,188,SS,0,0,0,0,0,0,0,0,0,0,0,0,0,0,0,0,None,,,,,a,0123.png,,lightbrown_3032.png,50,72,1,60,40,36,1,1,1,43,1,1,75,0,1,1,1,1,1,1,1,1,1,1,1,1,3,1,85,1,10,40,69,11,36,27,77,0,42,36,32,90,36,66,13
10219,,79,1991,1990,Patrick,Hunter,19,4,7,1990,Nevada-Reno,47,,1,23,71,186,SS,500000,2,500000,500000,0,0,0,0,0,0,0,0,0,0,0,0,None,,,,,a,0113.png,,black_3020.png,71,87,1,66,47,51,1,1,1,72,1,1,92,0,1,1,1,1,1,1,1,1,1,1,1,1,26,27,78,27,86,82,83,96,76,91,94,0,39,46,57,90,40,37,23
5372,,83,1991,1987,James,Ihedigbo,9,2,20,1987,Massachusetts,42,,4,27,73,217,SS,2500000,2,2500000,2000000,0,0,0,0,0,0,0,0,0,0,0,0,None,,,,,a,10561.png,default-jersey-01.png,lightbrown_3066.png,59,77,1,83,74,54,1,1,1,70,1,1,95,0,1,1,1,1,1,1,1,1,1,1,1,1,11,1,100,17,94,97,83,71,84,81,96,0,43,44,60,81,43,61,82
12677,,70,1991,0,Al,Jackson,17,0,0,0,Georgia,49,,0,23,72,182,SS,490000,1,490000,0,0,0,0,0,0,0,0,0,0,0,0,0,None,,,,,a,0106.png,,lightbrown_3065.png,60,67,1,72,53,43,1,1,1,60,1,1,66,0,1,1,1,1,1,1,1,1,1,1,1,1,31,1,52,31,42,70,36,30,44,66,96,0,31,39,44,97,41,60,93
2022,,79,1991,1985,Roland,James,0,12,1,1985,Tennessee,38,,6,33,74,191,SS,0,0,0,0,0,0,0,0,0,0,0,0,0,0,0,0,None,,,,,b,10071.png,default-jersey-01.png,black_3021.png,61,85,1,73,45,41,1,1,1,73,1,1,82,0,1,1,1,1,1,1,1,1,1,1,1,1,18,1,95,15,78,60,91,96,70,87,70,0,37,32,30,84,44,54,23
3337,,82,1991,1986,Tory,James,4,3,18,1986,LSU,23,,5,28,74,186,SS,1650000,1,1650000,0,0,0,0,0,0,0,0,0,0,0,0,0,None,LockerLeader,,,,a,0143.png,default-jersey-01.png,blonde_3037.png,56,88,1,81,48,55,1,1,1,68,1,1,91,0,1,1,1,1,1,1,1,1,1,1,1,1,1,1,96,11,26,61,60,34,13,37,86,0,45,36,65,82,47,50,-1
10222,,66,1991,0,Rod,Jones,0,0,0,0,SMU,35,,1,23,72,185,SS,0,0,0,0,0,0,0,0,0,0,0,0,0,0,0,0,None,,,,,a,0107.png,,black_3024.png,61,70,1,65,48,50,1,1,1,46,1,1,68,0,1,1,1,1,1,1,1,1,1,1,1,1,30,30,49,35,43,50,49,30,58,44,84,0,49,32,66,97,43,40,92
8588,,83,1991,1989,Kerby,Joseph,1,3,19,1989,Illinois,27,,2,22,73,200,SS,850000,1,850000,0,0,0,0,0,0,0,0,0,0,0,0,0,None,,,,,a,10599.png,,darkbrown_3008.png,60,79,3,87,63,62,1,1,1,63,4,6,84,0,1,1,1,1,1,1,1,1,1,1,1,1,14,1,95,26,85,62,49,90,61,31,92,0,31,39,68,80,45,51,40
10220,,81,1991,1990,Mark,Kelso,16,3,13,1990,William & Mary,35,,1,24,71,181,SS,750000,2,750000,750000,0,0,0,0,0,0,0,0,0,0,0,0,None,BoxSafety,,,,a,0112.png,,lightbrown_3037.png,66,79,1,81,47,53,1,1,1,74,1,1,84,0,1,1,1,1,1,1,1,1,1,1,1,1,26,26,69,27,12,83,88,31,66,64,76,0,40,40,68,94,47,33,74
2710,,65,1991,1985,Bobby,Kemp,0,44,12,1985,Cal State-Fullerton,26,,4,30,72,189,SS,0,0,0,0,0,0,0,0,0,0,0,0,0,0,0,0,None,,,,,b,0095.png,,black_3037.png,53,71,1,63,39,37,1,1,1,50,1,1,74,0,1,1,1,1,1,1,1,1,1,1,1,1,6,1,70,23,53,78,79,58,61,93,97,0,34,35,44,87,38,41,67
5418,,77,1991,1987,Dawan,Landry,15,3,16,1987,Georgia Tech,44,,4,28,73,215,SS,2200000,1,2200000,0,0,0,0,0,0,0,0,0,0,0,0,0,None,,,,,b,0019.png,,black_3057.png,58,71,1,82,53,49,1,1,1,58,1,1,81,0,1,1,1,1,1,1,1,1,1,1,1,1,10,1,100,2,63,89,83,69,95,98,90,0,40,43,38,77,46,43,79
10233,,62,1991,0,Lloyd,Lee,0,0,0,0,Dartmouth,39,,1,23,73,210,SS,0,0,0,0,0,0,0,0,0,0,0,0,0,0,0,0,None,,,,,a,10569.png,,red_3003.png,55,67,1,58,49,47,1,1,1,48,1,1,69,0,1,1,1,1,1,1,1,1,1,1,1,1,30,30,47,35,43,82,84,70,84,64,90,0,31,47,51,94,39,40,76
12907,17626,70,1991,0,Sean,Lumpkin,0,0,0,0,Minnesota,0,,0,22,72,206,SS,0,0,0,0,0,0,0,0,0,0,0,0,0,0,0,0,None,,,,,,,,,65,71,1,65,59,57,1,1,1,50,1,1,68,0,0,0,0,0,0,0,0,0,0,0,0,0,17,0,62,21,36,69,51,42,68,60,76,0,42,44,63,94,40,42,88
2857,,66,1991,1985,Allen,Lyday,0,56,7,1985,Nebraska,31,,2,27,70,190,SS,0,0,0,0,0,0,0,0,0,0,0,0,0,0,0,0,None,,,,,b,10060.png,,red_3002.png,42,73,1,75,51,46,1,1,1,50,1,1,81,0,1,1,1,1,1,1,1,1,1,1,1,1,16,1,40,18,70,37,66,80,35,68,93,0,45,44,60,91,38,39,83
5984,,90,1991,0,Todd,Lyght,10,0,0,0,Notre Dame,36,,4,26,72,190,SS,2100000,5,2100000,2100000,2100000,2100000,2100000,0,0,0,0,0,0,0,0,0,None,BoxSafety,,,,a,0130.png,default-jersey-01.png,lightbrown_3011.png,71,81,1,89,69,71,1,1,1,74,1,1,89,0,1,1,1,1,1,1,1,1,1,1,1,1,10,48,100,19,33,78,67,31,70,73,76,0,41,40,58,76,46,40,95
12676,,79,1991,1991,Keith,Lyle,16,3,1,1991,Virginia,29,,0,22,74,210,SS,750000,3,750000,750000,750000,0,0,0,0,0,0,0,0,0,0,0,None,,,,,a,0108.png,,red_3011.png,61,81,1,78,58,50,1,1,1,72,1,1,83,0,1,1,1,1,1,1,1,1,1,1,1,1,30,1,60,31,77,87,61,90,64,62,71,0,33,48,30,93,48,46,94
5437,,76,1991,1987,Danieal,Manning,9,4,13,1987,Abilene Christian,37,,4,28,72,205,SS,250000,1,250000,0,0,0,0,0,0,0,0,0,0,0,0,0,None,,,,,a,10569.png,default-jersey-01.png,lightbrown_3027.png,50,77,1,82,49,62,1,1,1,56,1,1,85,0,1,1,1,1,1,1,1,1,1,1,1,1,22,26,82,20,31,77,93,33,83,63,81,0,35,33,46,89,47,41,100
5442,,67,1991,1987,Derrick,Martin,0,7,1,1987,Wyoming,45,,4,25,70,180,SS,0,0,0,0,0,0,0,0,0,0,0,0,0,0,0,0,None,,,,,a,10595.png,,darkbrown_3052.png,47,70,1,71,53,44,1,1,1,50,1,1,78,0,1,1,1,1,1,1,1,1,1,1,1,1,14,1,63,25,80,69,63,65,57,32,77,0,39,38,64,71,44,53,98
10223,,66,1991,0,Ric,Mathias,0,0,0,0,Wisconsin-LaCrosse,30,,1,24,70,180,SS,0,0,0,0,0,0,0,0,0,0,0,0,0,0,0,0,None,,,,,b,0061.png,,black_3062.png,58,59,1,68,45,48,1,1,1,59,1,1,79,0,1,1,1,1,1,1,1,1,1,1,1,1,30,30,48,35,1,82,82,30,78,94,70,0,49,34,53,70,32,36,89
7079,,62,1991,0,Brandon,Meriweather,0,0,0,0,Miami (FL),30,,3,25,71,195,SS,0,0,0,0,0,0,0,0,0,0,0,0,0,0,0,0,None,,,,,a,10574.png,,blonde_3010.png,45,70,1,60,55,37,1,1,1,48,1,1,72,0,1,1,1,1,1,1,1,1,1,1,1,1,25,1,59,20,36,87,80,32,84,61,98,0,30,32,70,74,45,54,1
3405,,93,1991,1986,Lawyer,Milloy,12,1,15,1986,Washington,21,,5,28,72,210,SS,8700000,4,8700000,8700000,8700000,8700000,0,0,0,0,0,0,0,0,0,0,None,BoxSafety,,,,a,10590.png,default-jersey-01.png,blonde_3044.png,68,92,3,96,54,61,1,1,3,80,1,1,94,0,1,1,1,1,1,1,1,1,1,1,1,1,26,1,100,26,3,61,58,21,30,17,99,0,39,48,33,84,30,43,83
2203,,74,1991,1985,Mark,Murphy,0,21,3,1985,West Liberty State,38,,6,33,74,200,SS,0,0,0,0,0,0,0,0,0,0,0,0,0,0,0,0,None,TeamPlayer,,,,a,0120.png,default-jersey-01.png,blonde_3051.png,59,85,1,67,55,55,1,1,1,55,1,1,69,0,1,1,1,1,1,1,1,1,1,1,1,1,1,1,81,9,44,76,82,41,77,92,99,0,41,43,68,70,39,45,1
3419,,80,1991,1986,Greg,Myers,20,4,14,1986,Colorado State,40,,5,29,73,202,SS,3100000,2,3100000,3100000,0,0,0,0,0,0,0,0,0,0,0,0,None,,,,,b,0073.png,default-jersey-01.png,black_3065.png,61,78,1,80,60,60,1,1,1,59,1,1,85,0,1,1,1,1,1,1,1,1,1,1,1,1,18,1,93,11,38,88,66,32,76,64,80,0,35,33,45,88,42,58,68
7102,,82,1991,1988,Chinedum,Ndukwe,7,2,1,1988,Notre Dame,41,,3,24,74,208,SS,2550000,3,2550000,2550000,2550000,0,0,0,0,0,0,0,0,0,0,0,None,,,,,a,10558.png,,lightbrown_3040.png,68,79,1,79,62,62,1,3,1,62,1,1,79,0,1,1,1,1,1,1,1,1,1,1,1,1,26,1,100,26,96,57,41,76,53,36,93,0,43,46,51,93,49,32,89
2343,,76,1991,1985,Lee,Nelson,0,32,18,1985,Florida State,38,,2,33,70,185,SS,0,0,0,0,0,0,0,0,0,0,0,0,0,0,0,0,None,,,,,a,10559.png,,lightbrown_3021.png,61,77,1,78,43,60,1,1,1,54,1,1,83,0,1,1,1,1,1,1,1,1,1,1,1,1,28,1,80,9,66,88,95,41,87,74,96,0,30,47,49,96,48,37,83
12681,,65,1991,0,Robert,O'Neal,0,0,0,0,Clemson,26,,0,23,73,199,SS,0,0,0,0,0,0,0,0,0,0,0,0,0,0,0,0,None,,,,,a,10556.png,,blonde_3021.png,46,67,1,64,53,39,1,1,1,61,1,1,64,0,1,1,1,1,1,1,1,1,1,1,1,1,35,1,56,35,28,96,90,17,78,80,88,0,38,40,54,82,30,41,73
10224,,65,1991,0,J.C.,Pearson,0,0,0,0,Cal Poly-Pomona,42,,1,24,71,187,SS,0,0,0,0,0,0,0,0,0,0,0,0,0,0,0,0,None,,,,,a,10594.png,,darkbrown_3075.png,50,71,1,66,41,57,1,1,1,49,1,1,69,0,1,1,1,1,1,1,1,1,1,1,1,1,30,30,56,35,48,77,91,67,66,74,97,0,33,39,54,86,44,37,72
5491,,64,1991,0,Charlie,Peprah,0,0,0,0,Alabama,33,,1,24,71,202,SS,0,0,0,0,0,0,0,0,0,0,0,0,0,0,0,0,None,,,,,c,0230.png,,black_3030.png,43,74,1,67,39,45,1,1,1,52,1,1,78,0,1,1,1,1,1,1,1,1,1,1,1,1,4,1,55,3,22,61,67,9,86,72,80,0,32,34,64,92,40,37,72
5496,,67,1991,1987,Bernard,Pollard,0,6,20,1987,Purdue,47,,4,26,74,225,SS,0,0,0,0,0,0,0,0,0,0,0,0,0,0,0,0,None,,,,,a,0130.png,,black_3012.png,53,69,1,69,53,51,1,1,1,58,1,1,80,0,1,1,1,1,1,1,1,1,1,1,1,1,15,1,28,25,53,94,78,42,69,58,97,0,49,33,40,92,45,42,96
10234,,62,1991,0,Gene,Profit,0,0,0,0,Yale,35,,1,23,70,168,SS,0,0,0,0,0,0,0,0,0,0,0,0,0,0,0,0,None,,,,,a,10551.png,,lightbrown_3055.png,45,69,1,64,43,44,1,1,1,49,1,1,64,0,1,1,1,1,1,1,1,1,1,1,1,1,30,30,52,35,53,69,49,66,41,33,71,0,37,43,56,90,34,53,87
3447,,78,1991,0,Ron,Rice,2,0,0,0,Eastern Michigan,30,,5,29,73,216,SS,250000,2,250000,1900000,0,0,0,0,0,0,0,0,0,0,0,0,None,,,,,a,0117.png,default-jersey-01.png,darkbrown_3098.png,64,72,1,73,55,62,1,1,1,65,1,1,76,0,1,1,1,1,1,1,1,1,1,1,1,1,1,1,89,16,21,61,50,38,14,25,98,0,40,32,69,73,36,36,52
5995,,79,1991,0,Stanley,Richard,3,0,0,0,Texas,38,,4,28,74,198,SS,250000,1,250000,0,0,0,0,0,0,0,0,0,0,0,0,0,None,,,,,b,0081.png,default-jersey-01.png,black_3047.png,72,84,1,76,61,47,1,1,1,64,1,1,93,0,1,1,1,1,1,1,1,1,1,1,1,1,16,1,50,19,23,59,36,20,25,24,81,0,49,44,58,82,31,41,54
10236,,61,1991,0,Damien,Richardson,0,0,0,0,Arizona State,49,,1,23,73,210,SS,0,0,0,0,0,0,0,0,0,0,0,0,0,0,0,0,None,,,,,b,0096.png,,black_3076.png,48,58,1,59,38,51,1,1,1,56,1,1,73,0,1,1,1,1,1,1,1,1,1,1,1,1,30,30,56,35,10,49,53,32,6,38,94,0,34,34,52,91,37,47,70
7331,,66,1991,0,Ramzee,Robinson,0,0,0,0,Alabama,29,,1,23,69,183,SS,0,0,0,0,0,0,0,0,0,0,0,0,0,0,0,0,None,,,,,b,0030.png,,bald_3006.png,48,69,1,69,38,51,1,1,1,56,1,1,67,0,1,1,1,1,1,1,1,1,1,1,1,1,11,1,53,29,43,62,77,41,63,89,91,0,31,49,59,94,45,58,91
10175,,83,1991,1990,Lance,Schulters,3,3,10,1990,Hofstra,28,,1,24,74,202,SS,750000,2,750000,750000,0,0,0,0,0,0,0,0,0,0,0,0,None,,,,,a,10591.png,,lightbrown_3022.png,65,82,1,87,57,67,1,1,1,72,1,1,73,0,1,1,1,1,1,1,1,1,1,1,1,1,1,27,51,55,70,50,46,55,63,36,74,0,30,45,55,79,37,37,60
1829,,86,1991,1985,Donnie,Shell,0,4,5,1985,South Carolina State,31,,2,35,71,190,SS,0,0,0,0,0,0,0,0,0,0,0,0,0,0,0,0,None,,,,,b,0022.png,,black_3007.png,77,83,1,86,57,57,8,1,3,65,1,1,83,0,1,1,1,1,1,1,1,1,1,1,1,1,32,1,88,51,7,93,95,29,95,87,79,0,34,38,57,77,37,64,80
10228,,63,1991,0,Dainon,Sidney,0,0,0,0,Alabama-Birmingham,27,,1,24,72,197,SS,0,0,0,0,0,0,0,0,0,0,0,0,0,0,0,0,None,,,,,b,10082.png,,black_3066.png,55,61,1,70,41,52,1,1,1,42,1,1,66,0,1,1,1,1,1,1,1,1,1,1,1,1,30,30,51,35,41,49,49,45,37,55,75,0,43,30,33,85,43,38,77
10241,,61,1991,0,Tommy,Sims,0,0,0,0,Tennessee,28,,1,23,72,190,SS,0,0,0,0,0,0,0,0,0,0,0,0,0,0,0,0,None,,,,,b,0005.png,,darkbrown_3011.png,43,60,1,67,51,51,1,1,1,43,1,1,75,0,1,1,1,1,1,1,1,1,1,1,1,1,30,30,51,35,87,51,43,74,54,56,90,0,48,32,44,100,41,58,96
2097,,81,1991,1985,Dennis,Smith,19,12,16,1985,USC,24,,6,32,75,200,SS,3500000,2,3500000,3500000,0,0,0,0,0,0,0,0,0,0,0,0,None,Competitor,,,,b,10082.png,default-jersey-01.png,blonde_3001.png,64,75,1,78,54,62,1,1,1,68,2,1,90,0,1,1,1,1,1,1,1,1,1,1,1,1,26,1,99,12,1,61,75,39,69,79,90,0,30,41,70,81,48,46,93
5536,,78,1991,1987,Eric,Smith,20,5,2,1987,Michigan State,33,,4,27,73,209,SS,1850000,6,1850000,1850000,1850000,1850000,1850000,1850000,0,0,0,0,0,0,0,0,None,Athlete,,,,b,0094.png,default-jersey-01.png,bald_3031.png,67,75,1,78,57,60,1,1,1,55,1,1,80,0,1,1,1,1,1,1,1,1,1,1,1,1,17,1,90,21,39,62,69,54,76,69,100,0,44,32,38,79,50,44,52
2204,,78,1991,1985,Leonard,Smith,1,21,11,1985,McNeese State,45,,6,31,71,200,SS,2600000,1,2600000,0,0,0,0,0,0,0,0,0,0,0,0,0,None,,,,,b,0036.png,,black_3073.png,65,86,1,73,49,69,1,1,1,54,1,1,89,0,1,1,1,1,1,1,1,1,1,1,1,1,1,1,79,2,52,63,62,41,84,87,70,0,37,41,62,88,43,70,0
12711,26717,69,1991,0,Rod,Smith,0,0,0,0,Notre Dame,0,,0,22,71,187,SS,0,0,0,0,0,0,0,0,0,0,0,0,0,0,0,0,None,,,,,,,,,55,76,1,71,48,52,1,1,1,58,1,1,78,0,0,0,0,0,0,0,0,0,0,0,0,0,20,0,35,30,61,49,54,75,37,60,72,0,47,45,31,76,39,49,70
2099,,61,1991,1985,Dennis,Thurman,0,21,14,1985,USC,32,,6,35,71,176,SS,0,0,0,0,0,0,0,0,0,0,0,0,0,0,0,0,None,,,,,b,0071.png,,bald_3016.png,37,67,1,69,36,33,1,1,1,38,1,1,76,0,1,1,1,1,1,1,1,1,1,1,1,1,1,1,87,12,71,61,47,84,56,29,89,0,36,34,56,79,43,45,91
12809,29415,73,1991,0,Sean,Vanhorse,0,0,0,0,Howard,0,,0,24,70,180,SS,0,0,0,0,0,0,0,0,0,0,0,0,0,0,0,0,None,,,,,,,,,61,65,1,66,57,50,1,1,1,67,1,1,79,0,0,0,0,0,0,0,0,0,0,0,0,0,24,0,82,29,15,63,72,37,78,84,70,0,39,37,45,71,32,36,98
7335,,64,1991,0,Ray,Ventrone,0,0,0,0,Villanova,41,,1,21,70,200,SS,0,0,0,0,0,0,0,0,0,0,0,0,0,0,0,0,None,,,,,a,0149.png,,black_3042.png,46,59,1,65,42,42,1,1,1,50,1,1,69,0,1,1,1,1,1,1,1,1,1,1,1,1,6,1,88,1,93,80,93,92,69,88,81,0,38,34,40,98,45,41,81
12731,29580,84,1991,0,Troy,Vincent,0,0,0,0,Wisconsin,0,,0,21,73,200,SS,0,0,0,0,0,0,0,0,0,0,0,0,0,0,0,0,None,,,,,,,,,68,76,1,95,54,62,1,1,1,69,1,1,83,0,0,0,0,0,0,0,0,0,0,0,0,0,39,0,58,50,78,69,79,66,91,68,95,0,36,39,43,84,50,42,73
6050,,59,1991,0,Fernandus,Vinson,0,0,0,0,North Carolina State,42,,4,27,70,197,SS,0,0,0,0,0,0,0,0,0,0,0,0,0,0,0,0,None,,,,,a,10594.png,,blonde_3054.png,47,64,1,59,42,46,1,1,1,41,1,1,72,0,1,1,1,1,1,1,1,1,1,1,1,1,1,1,51,6,68,42,63,66,44,61,80,0,34,30,40,86,46,35,16
5575,,67,1991,1987,Pat,Watkins,0,6,19,1987,Florida State,38,,4,28,76,200,SS,0,0,0,0,0,0,0,0,0,0,0,0,0,0,0,0,None,,,,,b,10089.png,,bald_3006.png,38,76,1,70,43,52,1,1,1,48,1,1,64,0,1,1,1,1,1,1,1,1,1,1,1,1,16,1,84,6,78,62,100,95,81,76,96,0,42,38,43,84,30,65,100
12678,,66,1991,0,Orlando,Watters,0,0,0,0,Arkansas,40,,0,23,71,173,SS,0,0,0,0,0,0,0,0,0,0,0,0,0,0,0,0,None,,,,,c,0228.png,,black_3037.png,61,67,1,63,42,57,1,1,1,52,1,1,72,0,1,1,1,1,1,1,1,1,1,1,1,1,35,1,53,35,85,97,100,82,96,90,74,0,47,41,64,88,39,54,95
5578,,60,1991,0,Dee,Webb,0,0,0,0,Florida,39,,1,23,71,185,SS,0,0,0,0,0,0,0,0,0,0,0,0,0,0,0,0,None,,,,,a,10583.png,,red_3017.png,52,60,1,58,43,43,1,1,1,59,1,1,76,0,1,1,1,1,1,1,1,1,1,1,1,1,15,1,21,13,65,62,46,85,37,45,100,0,42,39,34,79,44,40,71
7223,,61,1991,0,John,Wendling,0,0,0,0,Wyoming,35,,1,24,73,222,SS,0,0,0,0,0,0,0,0,0,0,0,0,0,0,0,0,None,,,,,b,0036.png,,black_3052.png,39,62,1,67,46,42,1,1,1,48,1,1,62,0,1,1,1,1,1,1,1,1,1,1,1,1,10,1,64,5,17,73,75,34,61,87,96,0,48,33,33,72,39,62,82
12746,30533,59,1991,0,Leonard,Wheeler,0,0,0,0,Mississippi,0,,0,23,72,192,SS,0,0,0,0,0,0,0,0,0,0,0,0,0,0,0,0,None,,,,,,,,,44,72,1,59,46,52,1,1,1,46,1,1,80,0,0,0,0,0,0,0,0,0,0,0,0,0,2,0,15,6,8,80,70,24,82,95,77,0,38,32,43,76,45,51,71
5584,,86,1991,1987,Donte,Whitner,8,3,6,1987,Ohio State,30,,4,25,71,205,SS,3850000,5,3850000,3850000,3850000,3850000,3900000,0,0,0,0,0,0,0,0,0,None,,,,,b,0067.png,,black_3093.png,74,89,1,69,61,59,1,1,1,79,1,1,83,0,1,1,1,1,1,1,1,1,1,1,1,1,16,1,100,17,89,72,83,75,68,90,80,0,45,46,44,86,48,57,26
10231,,64,1991,0,Kevin,Williams,0,0,0,0,Oklahoma State,30,,1,24,72,190,SS,0,0,0,0,0,0,0,0,0,0,0,0,0,0,0,0,None,,,,,b,0023.png,,black_3058.png,52,65,1,64,45,44,1,1,1,52,1,1,79,0,1,1,1,1,1,1,1,1,1,1,1,1,30,30,54,35,71,72,72,77,97,96,90,0,48,36,60,92,39,35,75
10229,,65,1991,0,Shaun,Williams,0,0,0,0,UCLA,41,,1,23,74,218,SS,0,0,0,0,0,0,0,0,0,0,0,0,0,0,0,0,None,,,,,a,10572.png,,red_3023.png,46,78,1,63,49,53,1,1,1,47,1,1,77,0,1,1,1,1,1,1,1,1,1,1,1,1,30,30,52,35,37,92,94,39,73,80,92,0,41,34,58,85,45,39,90
2337,,60,1991,1985,Carlton,Williamson,0,32,9,1985,Pittsburgh,27,,6,33,72,204,SS,0,0,0,0,0,0,0,0,0,0,0,0,0,0,0,0,None,,,,,b,10067.png,,black_3021.png,44,65,1,63,40,45,1,1,1,43,1,1,62,0,1,1,1,1,1,1,1,1,1,1,1,1,23,1,62,11,93,66,67,77,97,83,78,0,40,49,49,70,39,52,93
10242,,76,1991,1990,David,Akers,18,4,15,1990,Louisville,10,,1,25,70,200,K,500000,2,500000,500000,0,0,0,0,0,0,0,0,0,0,0,0,None,ClutchKicker,,,,b,10081.png,,bald_3006.png,24,30,12,46,9,65,1,1,1,20,76,89,86,0,1,1,1,1,1,1,1,1,29,68,1,1,1,1,1,1,48,50,33,56,41,62,73,0,42,43,51,78,39,31,78
2781,,76,1991,1985,Raul,Allegre,19,30,8,1985,Montana,2,,6,32,69,165,K,950000,5,950000,950000,950000,950000,950000,0,0,0,0,0,0,0,0,0,None,,,,,a,10555.png,default-jersey-01.png,darkbrown_3080.png,15,30,14,46,23,60,1,1,1,25,80,83,77,0,1,1,1,1,1,1,1,1,1,76,1,1,1,1,1,1,55,43,49,35,38,47,70,0,34,49,50,91,48,49,11
2344,,81,1991,1985,Morten,Andersen,17,16,15,1985,Michigan State,7,,6,31,74,217,K,1850000,5,1850000,1850000,1850000,1850000,1850000,0,0,0,0,0,0,0,0,0,None,ClutchKicker,,,,a,10593.png,,red_3020.png,29,49,16,44,13,62,1,1,1,30,85,87,92,0,1,1,1,1,1,1,1,1,1,95,1,1,1,1,1,1,41,88,85,42,90,83,95,0,50,42,63,85,31,41,0
2406,,77,1991,1985,Gary,Anderson K,0,27,12,1985,Syracuse,1,,6,32,71,193,K,0,0,0,0,0,0,0,0,0,0,0,0,0,0,0,0,None,,,,,b,0095.png,,black_3062.png,24,47,25,31,25,74,1,1,1,14,68,82,94,0,1,1,1,1,1,1,1,1,1,95,1,1,1,1,1,1,44,74,68,40,82,76,79,0,47,35,36,77,33,67,100
8484,,83,1991,1989,Brandon,Aubrey,4,4,7,1989,Notre Dame,17,,2,28,75,200,K,550000,1,550000,0,0,0,0,0,0,0,0,0,0,0,0,0,None,ClutchKicker,,,,a,10573.png,,bald_3029.png,37,59,27,61,20,67,9,7,4,21,79,87,91,0,1,1,1,1,1,1,1,1,1,87,1,1,1,1,1,1,75,70,50,95,67,42,42,0,77,75,72,86,86,75,9
12712,1707,65,1991,0,Charlie,Baumann,0,0,0,0,West Virginia,0,,0,25,73,203,K,0,0,0,0,0,0,0,0,0,0,0,0,0,0,0,0,None,,,,,,,,,11,37,8,40,11,50,1,1,1,4,80,70,86,0,0,0,0,0,0,0,0,0,0,44,0,0,0,0,0,0,77,47,52,70,50,52,80,0,50,42,68,73,45,69,74
2102,,75,1991,1985,Rolf,Benirschke,0,26,5,1985,California-Davis,6,,4,34,72,171,K,0,0,0,0,0,0,0,0,0,0,0,0,0,0,0,0,None,,,,,b,0098.png,,black_3017.png,2,38,8,38,14,69,1,1,1,21,78,76,91,0,1,1,1,1,1,1,1,1,1,100,1,1,1,1,1,1,40,44,60,51,67,59,98,0,47,35,62,90,35,42,45
12724,2432,61,1991,0,Cary,Blanchard,0,0,0,0,Oklahoma State,0,,0,24,73,227,K,0,0,0,0,0,0,0,0,0,0,0,0,0,0,0,0,None,,,,,,,,,11,41,20,30,3,55,1,1,1,11,64,64,74,0,0,0,0,0,0,0,0,0,0,79,0,0,0,0,0,0,14,63,34,10,15,11,86,0,44,46,46,99,32,67,96
3455,,75,1991,1986,Scott,Blanton,11,7,10,1986,Oklahoma,15,,5,28,74,221,K,250000,1,250000,0,0,0,0,0,0,0,0,0,0,0,0,0,None,,,,,a,10563.png,default-jersey-01.png,bald_3009.png,20,27,7,38,19,61,1,1,1,8,79,88,92,0,1,1,1,1,1,1,1,1,1,58,1,1,1,1,1,1,33,62,74,2,100,65,72,0,37,38,65,77,30,44,98
12688,,69,1991,1991,Chris,Boniol,10,7,12,1991,Louisiana Tech,14,,0,23,71,169,K,250000,2,250000,250000,0,0,0,0,0,0,0,0,0,0,0,0,None,,,,,c,0242.png,,black_3010.png,12,40,12,30,10,51,1,1,1,18,86,73,75,0,1,1,1,1,1,1,1,1,1,64,1,1,1,1,1,1,77,89,67,92,95,83,91,0,39,30,34,71,38,35,83
12685,,72,1991,1991,Doug,Brien,13,5,10,1991,California,10,,0,24,72,180,K,250000,2,250000,250000,0,0,0,0,0,0,0,0,0,0,0,0,None,ClutchKicker,,,,a,10556.png,default-jersey-01.png,darkbrown_3073.png,9,37,19,39,15,58,1,1,1,8,71,90,77,0,1,1,1,1,1,1,1,1,1,59,1,1,1,1,1,1,91,90,95,68,61,86,95,0,37,31,50,94,46,66,69
8690,,61,1991,0,MattPatt,BrownJohns-Juggson,0,0,0,0,Notre Dame St,6,,2,22,75,248,K,0,0,0,0,0,0,0,0,0,0,0,0,0,0,0,0,None,,,,,b,0045.png,,blonde_3009.png,15,26,2,30,1,41,1,1,1,4,72,73,82,0,1,1,1,1,1,1,1,1,1,44,1,1,1,1,1,1,81,98,100,64,80,87,86,0,60,63,57,83,51,45,90
3051,,55,1991,0,Kevin,Butler,0,0,0,0,Georgia,6,,5,28,72,215,K,0,0,0,0,0,0,0,0,0,0,0,0,0,0,0,0,None,,,,,a,10598.png,,darkbrown_3008.png,5,26,4,24,1,44,1,1,1,1,71,56,79,0,1,1,1,1,1,1,1,1,1,48,1,1,1,1,1,1,77,60,89,66,74,92,95,0,31,31,60,82,41,32,100
10246,,60,1991,0,Brett,Conway,0,0,0,0,Penn State,2,,1,24,74,208,K,0,0,0,0,0,0,0,0,0,0,0,0,0,0,0,0,None,,,,,a,10562.png,,lightbrown_3037.png,7,29,15,30,8,44,1,1,1,7,68,70,85,0,1,1,1,1,1,1,1,1,40,52,1,1,1,1,1,1,63,64,40,32,65,48,78,0,32,30,58,76,33,62,76
7285,,75,1991,1988,Mason,Crosby,3,3,8,1988,Colorado,6,,3,25,73,212,K,1730000,2,1730000,1730000,0,0,0,0,0,0,0,0,0,0,0,0,None,ClutchKicker,,,,b,10082.png,default-jersey-01.png,black_3077.png,24,42,4,34,19,56,1,1,1,6,79,82,89,0,1,1,1,1,1,1,1,1,1,91,1,1,1,1,1,1,87,94,95,66,72,75,96,0,37,30,33,77,40,53,24
12787,6648,69,1991,0,Brad,Daluiso,0,0,0,0,San Diego State,0,,0,25,73,180,K,0,0,0,0,0,0,0,0,0,0,0,0,0,0,0,0,None,,,,,,,,,20,31,7,33,4,60,1,1,1,20,75,67,82,0,0,0,0,0,0,0,0,0,0,99,0,0,0,0,0,0,9,49,33,6,38,6,77,0,38,40,68,90,48,58,97
1977,,81,1991,1985,Al,Del Greco,14,13,5,1985,Auburn,10,,6,29,70,200,K,2000000,1,2000000,0,0,0,0,0,0,0,0,0,0,0,0,0,None,ClutchKicker,,,,a,10561.png,,lightbrown_3055.png,31,49,8,37,22,74,1,1,1,23,92,73,95,0,1,1,1,1,1,1,1,1,1,95,1,1,1,1,1,1,39,73,82,57,95,77,79,0,49,45,35,84,37,33,8
12832,8316,70,1991,0,Lin,Elliott,0,0,0,0,Texas Tech,0,,0,24,72,182,K,0,0,0,0,0,0,0,0,0,0,0,0,0,0,0,0,None,,,,,,,,,18,33,10,34,19,58,1,1,1,3,68,80,89,0,0,0,0,0,0,0,0,0,0,70,0,0,0,0,0,0,16,83,94,9,63,66,76,0,46,43,39,83,40,50,77
8486,,78,1991,1989,Ray,Finkle,6,7,8,1989,Stetson,7,,2,23,66,155,K,500000,5,500000,600000,600000,600000,600000,0,0,0,0,0,0,0,0,0,None,OFRedFlags,,,,b,10075.png,default-jersey-01.png,black_3069.png,17,41,16,41,24,67,1,1,1,25,76,86,82,0,1,1,1,1,1,1,1,1,27,87,1,1,1,1,1,1,60,65,66,94,79,79,91,0,47,41,67,90,34,63,84
7313,,74,1991,1988,Nick,Folk,8,4,15,1988,Arizona,41,,3,25,74,211,K,400000,5,400000,400000,400000,400000,400000,0,0,0,0,0,0,0,0,0,None,ClutchKicker,,,,b,10062.png,default-jersey-01.png,black_3016.png,25,30,16,36,4,63,1,1,1,9,76,81,85,0,1,1,1,1,1,1,1,1,1,95,1,1,1,1,1,1,67,70,62,43,96,60,75,0,46,47,34,70,40,36,99
2634,,75,1991,1985,Tony,Franklin,0,27,7,1985,Texas A&M,5,,6,35,68,182,K,0,0,0,0,0,0,0,0,0,0,0,0,0,0,0,0,None,,,,,a,0120.png,default-jersey-01.png,blonde_3058.png,26,33,17,26,26,72,1,1,1,20,86,73,80,0,1,1,1,1,1,1,1,1,1,60,1,1,1,1,1,1,65,88,91,40,79,100,82,0,40,33,44,83,42,65,31
5334,,79,1991,1987,Stephen,Gostkowski,10,4,18,1987,Memphis,7,,4,26,74,200,K,1200000,5,1200000,1200000,1200000,1200000,1200000,0,0,0,0,0,0,0,0,0,None,ClutchKicker,,,,b,0075.png,,black_3070.png,28,39,12,39,15,50,1,1,1,16,85,97,80,0,1,1,1,1,1,1,1,1,1,69,1,1,1,1,1,1,29,74,92,32,89,67,97,0,34,41,55,88,34,59,99
2483,,77,1991,1985,Ali,Haji-Sheikh,20,20,6,1985,Michigan,6,,6,30,72,172,K,700000,2,700000,650000,0,0,0,0,0,0,0,0,0,0,0,0,None,ClutchKicker,,,,c,0240.png,default-jersey-01.png,bald_3007.png,27,45,19,37,26,64,1,1,1,15,78,85,100,0,1,1,1,1,1,1,1,1,1,72,1,1,1,1,1,1,59,97,76,67,83,61,97,0,38,30,54,79,39,44,98
12872,11616,67,1991,0,Jason,Hanson,0,0,0,0,Washington State,0,,0,22,71,182,K,0,0,0,0,0,0,0,0,0,0,0,0,0,0,0,0,None,,,,,,,,,14,37,3,30,12,59,1,1,1,11,69,68,78,0,0,0,0,0,0,0,0,0,0,88,0,0,0,0,0,0,34,72,95,10,93,87,90,0,49,49,49,97,47,52,99
5366,,66,1991,1987,Connor,Hughes,0,5,10,1987,Virginia,5,,4,26,70,162,K,0,0,0,0,0,0,0,0,0,0,0,0,0,0,0,0,None,,,,,b,0085.png,,blonde_3001.png,20,41,14,41,11,64,1,1,1,17,70,73,76,0,1,1,1,1,1,1,1,1,1,33,1,1,1,1,1,1,100,59,49,89,31,35,94,0,33,39,57,94,43,56,26
2150,,78,1991,1985,Rich,Karlis,1,17,15,1985,Cincinnati,3,,6,32,72,180,K,1600000,1,1600000,0,0,0,0,0,0,0,0,0,0,0,0,0,None,,,,,a,0113.png,,lightbrown_3103.png,17,32,19,30,17,62,1,1,1,11,79,89,83,0,1,1,1,1,1,1,1,1,1,95,1,1,1,1,1,1,51,59,32,66,66,56,89,0,32,36,60,96,36,57,0
6093,,71,1991,0,John,Kasay,0,0,0,0,Georgia,10,,4,26,70,198,K,0,0,0,0,0,0,0,0,0,0,0,0,0,0,0,0,None,,,,,a,10565.png,,darkbrown_3095.png,25,34,10,41,18,58,1,1,1,14,73,77,79,0,1,1,1,1,1,1,1,1,1,64,1,1,1,1,1,1,4,93,90,29,83,81,100,0,38,32,59,100,36,53,55
2933,,51,1991,1985,Mike,Lansford,0,26,11,1985,Washington,2,,6,33,72,183,K,0,0,0,0,0,0,0,0,0,0,0,0,0,0,0,0,None,,,,,a,0127.png,,black_3050.png,7,22,1,23,1,31,1,1,1,1,66,63,74,0,1,1,1,1,1,1,1,1,1,25,1,1,1,1,1,1,61,50,47,64,47,30,99,0,46,45,31,76,50,46,55
2210,,73,1991,1985,Pat,Leahy,0,40,13,1985,St. Louis,5,,1,35,72,194,K,0,0,0,0,0,0,0,0,0,0,0,0,0,0,0,0,None,,,,,a,0147.png,,darkbrown_3065.png,5,35,12,40,4,64,1,1,1,13,79,78,76,0,1,1,1,1,1,1,1,1,1,93,1,1,1,1,1,1,47,60,66,63,71,68,99,0,49,34,33,87,45,46,46
10243,,70,1991,0,John,Lee,0,0,0,0,UCLA,16,,1,23,71,182,K,0,0,0,0,0,0,0,0,0,0,0,0,0,0,0,0,None,,,,,a,10593.png,default-jersey-01.png,red_3033.png,12,25,12,40,8,64,1,1,1,20,73,80,88,0,1,1,1,1,1,1,1,1,39,54,1,1,1,1,1,1,8,81,70,36,80,79,82,0,41,50,46,91,42,40,100
2274,,75,1991,1985,Nick,Lowery,0,17,10,1985,Dartmouth,16,,5,34,76,215,K,0,0,0,0,0,0,0,0,0,0,0,0,0,0,0,0,None,PowerKicker,,,,b,10081.png,,bald_3043.png,19,30,23,45,31,65,1,1,1,23,84,71,97,0,1,1,1,1,1,1,1,1,1,82,1,1,1,1,1,1,32,67,33,32,35,47,71,0,37,37,65,96,44,31,41
2209,,78,1991,1985,Eddie,Murray,0,18,18,1985,Tulane,3,,4,33,70,177,K,0,0,0,0,0,0,0,0,0,0,0,0,0,0,0,0,None,,,,,b,0024.png,,darkbrown_3019.png,16,30,25,41,25,68,1,1,1,13,80,85,89,0,1,1,1,1,1,1,1,1,1,84,1,1,1,1,1,1,79,47,35,87,68,39,85,0,47,45,59,80,40,58,100
2567,,61,1991,1985,Scott,Norwood,0,25,18,1985,James Madison,18,,6,31,72,207,K,0,0,0,0,0,0,0,0,0,0,0,0,0,0,0,0,None,ClutchKicker,,,,b,10092.png,,bald_3012.png,1,29,5,26,18,53,1,1,1,13,65,73,78,0,1,1,1,1,1,1,1,1,1,47,1,1,1,1,1,1,64,65,68,94,80,81,76,0,34,33,68,79,38,37,13
5477,,75,1991,1987,Nick,Novak,5,5,9,1987,Maryland,13,,4,29,72,191,K,2750000,1,2750000,0,0,0,0,0,0,0,0,0,0,0,0,0,None,,,,,b,10062.png,,darkbrown_3013.png,12,32,16,37,19,49,1,1,1,7,87,89,81,0,1,1,1,1,1,1,1,1,1,65,1,1,1,1,1,1,63,62,90,91,95,93,84,0,36,31,30,99,33,35,57
12686,,71,1991,1991,Todd,Peterson,2,5,19,1991,Georgia,4,,0,24,71,180,K,250000,2,250000,250000,0,0,0,0,0,0,0,0,0,0,0,0,None,ClutchKicker,,,,b,10071.png,default-jersey-01.png,black_3075.png,14,40,4,45,3,65,1,1,1,14,70,85,78,0,1,1,1,1,1,1,1,1,1,56,1,1,1,1,1,1,97,60,47,80,40,63,99,0,47,41,52,81,50,38,83
7289,,81,1991,1988,Matt,Prater,16,3,4,1988,UCF,5,,3,25,70,211,K,1000000,6,1000000,1000000,1000000,1000000,1000000,1000000,0,0,0,0,0,0,0,0,None,ClutchKicker,,,,b,0010.png,default-jersey-01.png,darkbrown_3002.png,44,47,27,44,32,67,1,1,1,18,89,73,88,0,1,1,1,1,1,1,1,1,1,86,1,1,1,1,1,1,31,64,39,68,35,47,95,0,47,30,33,74,42,48,3
2568,,71,1991,1985,Fuad,Reveiz,17,37,2,1985,Tennessee,99,,6,28,71,225,K,250000,1,250000,0,0,0,0,0,0,0,0,0,0,0,0,0,None,,,,,b,10080.png,default-jersey-01.png,bald_3024.png,18,35,13,41,12,68,1,1,1,15,69,76,82,0,1,1,1,1,1,1,1,1,1,79,1,1,1,1,1,1,3,43,34,11,37,38,74,0,44,32,31,83,45,66,1
10247,,60,1991,0,Wade,Richey,0,0,0,0,LSU,11,,1,23,75,205,K,0,0,0,0,0,0,0,0,0,0,0,0,0,0,0,0,None,,,,,b,0033.png,,black_3037.png,12,36,1,24,7,55,1,1,1,11,62,68,73,0,1,1,1,1,1,1,1,1,40,51,1,1,1,1,1,1,82,50,58,78,63,41,75,0,48,41,52,99,30,42,72
2934,,57,1991,0,Eric,Schubert,0,0,0,0,Pittsburgh,3,,5,28,68,185,K,0,0,0,0,0,0,0,0,0,0,0,0,0,0,0,0,None,,,,,a,0101.png,,lightbrown_3009.png,14,30,1,31,1,55,1,1,1,4,67,60,86,0,1,1,1,1,1,1,1,1,1,35,1,1,1,1,1,1,61,100,73,63,100,96,87,0,42,41,51,79,31,34,78
2345,,75,1991,1985,Rafael,Septien,0,23,9,1985,La-Lafayette,19,,3,35,70,176,K,0,0,0,0,0,0,0,0,0,0,0,0,0,0,0,0,None,,,,,b,0042.png,,bald_3023.png,12,26,12,29,15,63,1,1,1,15,78,87,81,0,1,1,1,1,1,1,1,1,1,82,1,1,1,1,1,1,50,50,33,51,63,34,83,0,46,50,46,98,41,51,79
2481,,74,1991,1985,Jan,Stenerud,0,30,2,1985,Montana State,3,,1,44,74,187,K,0,0,0,0,0,0,0,0,0,0,0,0,0,0,0,0,None,,,,,a,0129.png,,blonde_3038.png,16,46,10,44,22,62,1,1,1,27,75,83,82,0,1,1,1,1,1,1,1,1,1,64,1,1,1,1,1,1,11,95,88,38,91,77,93,0,33,37,33,94,32,56,94
6055,,75,1991,0,Matt,Stover,12,0,0,0,Louisiana Tech,2,,4,27,71,180,K,1050000,5,1050000,1050000,1050000,1050000,1050000,0,0,0,0,0,0,0,0,0,None,,,,,b,0031.png,,black_3093.png,23,30,14,31,7,58,1,1,1,12,78,85,93,0,1,1,1,1,1,1,1,1,1,97,1,1,1,1,1,1,51,91,80,42,71,78,90,0,45,50,70,89,45,51,81
10244,,74,1991,0,Mike,Vanderjagt,0,0,0,0,West Virginia,19,,1,29,77,211,K,0,0,0,0,0,0,0,0,0,0,0,0,0,0,0,0,None,,,,,a,10594.png,default-jersey-01.png,black_3029.png,10,27,6,42,4,66,1,1,1,18,73,91,79,0,1,1,1,1,1,1,1,1,30,62,1,1,1,1,1,1,67,50,62,54,50,35,94,0,30,33,40,91,30,52,100
3513,,77,1991,1986,Adam,Vinatieri,7,2,3,1986,South Dakota State,16,,5,29,72,202,K,1730000,2,1730000,1730000,0,0,0,0,0,0,0,0,0,0,0,0,None,ClutchKicker,,,,b,0069.png,default-jersey-01.png,black_3064.png,23,48,14,49,24,60,1,1,1,11,73,88,96,0,1,1,1,1,1,1,1,1,1,80,1,1,1,1,1,1,43,31,38,35,61,70,76,0,32,44,37,92,48,50,60
2275,,75,1991,1985,Ray,Wersching,0,20,3,1985,California,14,,2,37,71,213,K,0,0,0,0,0,0,0,0,0,0,0,0,0,0,0,0,None,ClutchKicker,,,,a,10559.png,,black_3039.png,20,29,22,38,25,66,1,1,1,14,85,74,89,0,1,1,1,1,1,1,1,1,1,76,1,1,1,1,1,1,100,40,44,71,48,43,91,0,33,45,62,85,42,37,67
12687,,71,1991,1991,Jeff,Wilkins,15,5,16,1991,Youngstown State,0,,0,22,74,205,K,250000,2,250000,250000,0,0,0,0,0,0,0,0,0,0,0,0,None,,,,,a,10560.png,,darkbrown_3046.png,12,30,17,34,7,57,1,1,1,19,87,76,85,0,1,1,1,1,1,1,1,1,1,59,1,1,1,1,1,1,5,62,74,4,80,87,99,0,42,45,63,75,30,66,80
10248,,60,1991,0,Max,Zendejas,0,0,0,0,Arizona,4,,1,24,71,184,K,0,0,0,0,0,0,0,0,0,0,0,0,0,0,0,0,None,,,,,b,0082.png,,blonde_3002.png,21,24,13,42,7,46,1,1,1,2,61,68,86,0,1,1,1,1,1,1,1,1,40,55,1,1,1,1,1,1,67,71,82,97,83,86,95,0,45,30,34,91,31,30,90
10251,,63,1991,0,Evan,Arapostathis,0,0,0,0,Eastern Illinois,10,,1,24,69,160,P,0,0,0,0,0,0,0,0,0,0,0,0,0,0,0,0,None,,,,,b,0047.png,,blonde_3001.png,19,28,10,52,8,48,1,1,1,15,71,64,82,0,1,1,1,1,1,1,1,1,53,40,1,1,1,1,1,1,56,50,69,48,59,43,76,0,32,38,63,96,41,58,81
2936,,72,1991,1985,Jim,Arnold,8,28,12,1985,Vanderbilt,6,,6,30,74,215,P,250000,1,250000,0,0,0,0,0,0,0,0,0,0,0,0,0,None,,,,,a,0134.png,default-jersey-01.png,lightbrown_3043.png,18,40,17,50,9,51,1,1,1,15,77,77,90,0,1,1,1,1,1,1,1,1,95,1,1,1,1,1,1,1,32,64,42,43,38,70,82,0,42,45,33,78,45,53,47
12689,,72,1991,1991,Mitch,Berger,14,5,12,1991,Colorado,14,,0,22,76,220,P,250000,2,250000,250000,0,0,0,0,0,0,0,0,0,0,0,0,None,PowerKicker,,,,a,10588.png,default-jersey-01.png,black_3044.png,16,31,12,43,14,57,1,1,1,3,89,71,81,0,1,1,1,1,1,1,1,1,61,1,1,1,1,1,1,1,57,36,47,47,63,69,85,0,42,36,49,74,42,57,69
2485,,76,1991,1985,Carl,Birdsong,19,23,16,1985,Southwest Oklahoma State,18,,6,32,72,192,P,250000,5,250000,250000,250000,250000,250000,0,0,0,0,0,0,0,0,0,None,,,,,a,10553.png,default-jersey-01.png,darkbrown_3007.png,21,44,5,46,16,57,1,1,1,9,83,75,92,0,1,1,1,1,1,1,1,1,95,1,1,1,1,1,1,1,58,99,94,31,84,90,84,0,47,40,68,76,45,52,32
2862,,70,1991,1985,Mike,Black,16,35,4,1985,Arizona State,3,,6,30,73,197,P,450000,2,450000,450000,0,0,0,0,0,0,0,0,0,0,0,0,None,,,,,a,0127.png,default-jersey-01.png,blonde_3046.png,10,38,6,48,10,56,1,1,1,12,78,72,89,0,1,1,1,1,1,1,1,1,71,1,1,1,1,1,1,1,63,93,73,40,67,69,95,0,47,49,42,81,38,59,24
2995,,59,1991,1985,Don,Bracken,0,39,14,1985,Michigan,1,,6,29,73,214,P,0,0,0,0,0,0,0,0,0,0,0,0,0,0,0,0,None,,,,,b,10075.png,,black_3084.png,6,23,6,33,2,50,1,1,1,2,72,64,78,0,1,1,1,1,1,1,1,1,41,1,1,1,1,1,1,1,27,48,58,44,40,31,89,0,35,42,62,96,43,61,33
2996,,58,1991,1985,Maury,Buford,0,41,6,1985,Texas Tech,17,,6,31,73,191,P,0,0,0,0,0,0,0,0,0,0,0,0,0,0,0,0,None,,,,,a,0122.png,,lightbrown_3003.png,18,36,1,32,1,44,1,1,1,10,57,65,72,0,1,1,1,1,1,1,1,1,78,1,1,1,1,1,1,1,50,66,51,43,52,57,89,0,41,39,43,85,37,50,1
8531,,77,1991,1989,Jake,Camarda,5,7,17,1989,Georgia,5,,2,24,73,193,P,250000,6,250000,250000,250000,250000,250000,250000,0,0,0,0,0,0,0,0,None,,,,,b,0049.png,default-jersey-01.png,bald_3041.png,28,56,9,71,15,64,10,4,10,17,79,79,89,0,1,1,1,1,1,1,1,1,56,1,1,1,1,1,1,1,3,40,48,36,37,16,96,0,68,64,60,77,41,41,95
2277,,67,1991,1985,Rich,Camarillo,0,22,18,1985,Washington,1,,6,32,71,202,P,0,0,0,0,0,0,0,0,0,0,0,0,0,0,0,0,None,,,,,a,10550.png,,red_3024.png,16,33,8,47,9,51,1,1,1,12,81,57,86,0,1,1,1,1,1,1,1,1,95,1,1,1,1,1,1,1,70,87,97,48,85,88,78,0,45,40,66,73,33,46,69
10252,,62,1991,0,Lewis,Colbert,0,0,0,0,Auburn,5,,1,24,71,182,P,0,0,0,0,0,0,0,0,0,0,0,0,0,0,0,0,None,,,,,b,0003.png,,black_3100.png,27,30,20,47,13,47,1,1,1,5,68,64,73,0,1,1,1,1,1,1,1,1,56,40,1,1,1,1,1,1,99,79,92,99,69,86,89,0,50,50,61,74,50,36,100
2997,,69,1991,1985,Greg,Coleman,0,42,16,1985,Florida A&M,8,,1,32,72,185,P,0,0,0,0,0,0,0,0,0,0,0,0,0,0,0,0,None,,,,,a,10592.png,,bald_3024.png,16,39,17,47,12,50,1,1,1,14,78,74,77,0,1,1,1,1,1,1,1,1,69,1,1,1,1,1,1,1,64,93,88,39,72,75,80,0,44,30,31,79,47,45,75
3058,,69,1991,1985,Steve,Cox,0,26,7,1985,Arkansas,8,,6,33,76,195,P,0,0,0,0,0,0,0,0,0,0,0,0,0,0,0,0,None,PowerKicker,,,,a,10560.png,,bald_3016.png,11,26,12,39,14,51,1,1,1,5,81,78,82,0,1,1,1,1,1,1,1,1,52,18,1,1,1,1,1,1,66,49,48,61,34,69,75,0,37,40,30,90,31,50,10
2570,,77,1991,1985,Rick,Donnelly,9,25,13,1985,Wyoming,3,,6,29,72,195,P,1200000,1,1200000,0,0,0,0,0,0,0,0,0,0,0,0,0,None,Perceptive,,,,b,0052.png,,bald_3022.png,22,34,9,45,9,54,1,1,1,4,85,82,83,0,1,1,1,1,1,1,1,1,95,1,1,1,1,1,1,1,49,46,54,41,64,38,79,0,46,48,52,72,39,70,83
3599,,57,1991,0,Shayne,Edge,0,0,0,0,Florida,15,,5,30,71,174,P,0,0,0,0,0,0,0,0,0,0,0,0,0,0,0,0,None,,,,,b,0094.png,,black_3024.png,12,26,9,37,12,32,1,1,1,1,65,69,73,0,1,1,1,1,1,1,1,1,44,1,1,1,1,1,1,1,37,45,45,38,43,71,75,0,34,47,37,71,33,39,97
10254,,62,1991,0,Nick,Gallery,0,0,0,0,Iowa,4,,1,24,76,245,P,0,0,0,0,0,0,0,0,0,0,0,0,0,0,0,0,None,,,,,b,0080.png,,black_3012.png,24,39,15,47,12,42,1,1,1,14,74,61,71,0,1,1,1,1,1,1,1,1,51,40,1,1,1,1,1,1,61,83,82,35,92,93,81,0,47,49,34,86,31,61,79
5981,,73,1991,0,Chris,Gardocki,2,0,0,0,Clemson,19,,4,25,73,192,P,250000,4,250000,250000,250000,250000,0,0,0,0,0,0,0,0,0,0,None,,,,,b,0080.png,,black_3064.png,13,47,18,56,14,48,1,1,1,11,78,76,83,0,1,1,1,1,1,1,1,1,95,1,1,1,1,1,1,1,50,77,80,57,80,64,75,0,46,44,42,98,39,70,72
10255,,62,1991,0,Matt,George,0,0,0,0,Chapman,12,,1,24,71,190,P,0,0,0,0,0,0,0,0,0,0,0,0,0,0,0,0,None,,,,,b,0062.png,,black_3033.png,10,39,11,40,7,44,1,1,1,10,74,65,70,0,1,1,1,1,1,1,1,1,54,40,1,1,1,1,1,1,100,66,65,86,77,93,83,0,37,39,38,95,45,46,74
2276,,74,1991,1985,Ray,Guy,0,24,4,1985,Southern Miss,8,,3,39,75,195,P,0,0,0,0,0,0,0,0,0,0,0,0,0,0,0,0,None,,,,,a,10592.png,,lightbrown_3051.png,12,33,28,32,11,69,1,1,1,29,79,73,75,0,1,1,1,1,1,1,1,1,99,1,1,1,1,1,1,1,2,33,60,41,38,38,98,0,37,42,43,77,36,65,51
2994,,64,1991,1985,Brian,Hansen,0,40,1,1985,Sioux Falls,4,,6,31,76,215,P,0,0,0,0,0,0,0,0,0,0,0,0,0,0,0,0,None,,,,,a,10590.png,default-jersey-01.png,lightbrown_3034.png,14,42,1,40,5,62,1,1,1,1,72,58,76,0,1,1,1,1,1,1,1,1,71,1,1,1,1,1,1,1,51,57,41,40,45,54,75,0,37,32,37,98,37,58,39
3054,,53,1991,1985,Jeff,Hayes,0,48,17,1985,North Carolina,5,,6,32,71,175,P,0,0,0,0,0,0,0,0,0,0,0,0,0,0,0,0,None,,,,,b,10075.png,,black_3044.png,1,14,12,35,1,42,1,1,1,2,70,56,73,0,1,1,1,1,1,1,1,1,27,1,1,1,1,1,1,1,92,80,80,87,70,66,70,0,45,32,64,79,40,52,74
12690,,75,1991,1991,Craig,Hentrich,3,5,11,1991,Notre Dame,12,,0,23,75,213,P,250000,2,250000,250000,0,0,0,0,0,0,0,0,0,0,0,0,None,,,,,b,0001.png,,black_3016.png,14,31,13,52,9,54,1,1,1,18,83,88,77,0,1,1,1,1,1,1,1,1,59,1,1,1,1,1,1,1,35,40,34,31,49,52,95,0,35,34,69,85,31,69,75
7211,,64,1991,0,Jeremy,Kapinos,0,0,0,0,Penn State,10,,3,25,73,235,P,0,0,0,0,0,0,0,0,0,0,0,0,0,0,0,0,None,,,,,a,10563.png,,black_3025.png,21,43,10,54,1,50,1,1,1,8,63,65,83,0,1,1,1,1,1,1,1,1,88,1,1,1,1,1,1,1,17,68,72,31,60,64,71,0,39,48,36,100,41,55,85
2861,,74,1991,1985,Sean,Landeta,20,31,8,1985,Towson State,30,,6,29,72,215,P,350000,6,350000,350000,350000,350000,350000,350000,0,0,0,0,0,0,0,0,None,,,,,a,0133.png,default-jersey-01.png,black_3039.png,27,48,17,45,21,63,1,1,1,21,75,71,81,0,1,1,1,1,1,1,1,1,90,1,1,1,1,1,1,1,38,90,90,32,65,75,74,0,48,30,51,73,38,44,49
7340,,74,1991,1988,Richmond,McGee,1,7,3,1988,Texas,8,,3,26,76,193,P,400000,1,400000,0,0,0,0,0,0,0,0,0,0,0,0,0,None,,,,,b,10056.png,default-jersey-01.png,black_3099.png,35,36,28,49,32,70,1,1,1,10,69,68,83,0,1,1,1,1,1,1,1,1,98,1,1,1,1,1,1,1,9,99,100,14,74,78,84,0,35,42,52,98,46,33,0
3053,,64,1991,1985,Pat,McInally,0,42,2,1985,Harvard,18,,2,34,78,210,P,0,0,0,0,0,0,0,0,0,0,0,0,0,0,0,0,None,,,,,b,0023.png,,black_3027.png,16,31,11,43,3,53,1,1,1,11,70,72,89,0,1,1,1,1,1,1,1,1,55,1,1,1,1,1,1,1,81,77,80,95,98,89,70,0,33,36,46,75,43,35,24
3055,,67,1991,1985,Ralf,Mojsiejenko,0,26,9,1985,Michigan State,2,,6,28,75,209,P,0,0,0,0,0,0,0,0,0,0,0,0,0,0,0,0,None,,,,,b,0034.png,,black_3094.png,25,43,19,38,4,46,1,1,1,8,80,73,79,0,1,1,1,1,1,1,1,1,51,1,1,1,1,1,1,1,68,51,65,91,40,71,84,0,41,32,54,73,50,62,6
12691,,66,1991,1991,Pat,O'Neill,7,7,16,1991,Syracuse,3,,0,23,73,200,P,250000,2,250000,250000,0,0,0,0,0,0,0,0,0,0,0,0,None,,,,,b,10076.png,,bald_3028.png,23,33,4,44,14,57,1,1,1,13,72,67,84,0,1,1,1,1,1,1,1,1,59,1,1,1,1,1,1,1,58,97,82,65,82,68,98,0,49,46,36,72,45,49,87
12788,22036,67,1991,0,Daren,Parker,0,0,0,0,South Carolina,0,,0,24,72,185,P,0,0,0,0,0,0,0,0,0,0,0,0,0,0,0,0,None,,,,,,,,,19,31,7,47,20,58,1,1,1,5,80,62,89,0,0,0,0,0,0,0,0,0,43,0,0,0,0,0,0,0,42,98,95,46,95,97,92,0,46,30,54,84,39,56,70
10256,,68,1991,0,Scott,Player,20,0,0,0,Flager,16,,1,30,73,213,P,250000,1,250000,0,0,0,0,0,0,0,0,0,0,0,0,0,None,,,,,a,0131.png,default-jersey-01.png,red_3018.png,18,26,9,35,13,48,1,1,1,15,81,73,89,0,1,1,1,1,1,1,1,1,63,30,1,1,1,1,1,1,62,68,61,59,66,73,79,0,36,49,62,80,32,50,87
8692,,64,1991,0,D'Pez,Poopsie,17,0,0,0,Mississippi,13,,2,22,71,233,P,490000,1,490000,0,0,0,0,0,0,0,0,0,0,0,0,0,None,,,,,a,0123.png,,lightbrown_3095.png,25,48,2,40,4,53,1,1,1,17,69,66,83,0,1,1,1,1,1,1,1,1,63,1,1,1,1,1,1,1,17,86,66,41,96,86,75,0,46,42,55,74,30,61,1
2998,,72,1991,1985,Joe,Prokop,6,49,11,1985,Cal Poly-Pomona,1,,6,31,74,230,P,250000,1,250000,0,0,0,0,0,0,0,0,0,0,0,0,0,None,,,,,b,10050.png,,bald_3045.png,20,36,15,53,20,48,1,1,1,19,71,80,90,0,1,1,1,1,1,1,1,1,95,1,1,1,1,1,1,1,11,48,47,9,28,41,77,0,48,33,38,77,39,49,79
7361,,45,1991,0,Saverio,Rocca,0,0,0,0,none,10,,3,36,77,265,P,0,0,0,0,0,0,0,0,0,0,0,0,0,0,0,0,None,,,,,a,0140.png,,blonde_3023.png,4,22,1,19,1,38,1,1,1,1,56,49,68,0,1,1,1,1,1,1,1,1,27,1,1,1,1,1,1,1,13,46,62,7,15,4,85,0,43,48,69,77,44,66,99
5516,,73,1991,1987,Jon,Ryan,15,6,18,1987,Regina (Canada),6,,4,29,72,202,P,250000,2,250000,250000,0,0,0,0,0,0,0,0,0,0,0,0,None,,,,,a,10572.png,default-jersey-01.png,lightbrown_3043.png,27,43,5,37,14,46,1,1,1,18,83,78,77,0,1,1,1,1,1,1,1,1,82,1,1,1,1,1,1,1,50,87,93,52,69,89,82,0,31,33,34,83,38,30,81
6246,,69,1991,0,Mike,Saxon II,4,0,0,0,San Diego State,4,,4,28,75,205,P,250000,4,250000,250000,250000,250000,0,0,0,0,0,0,0,0,0,0,None,,,,,b,0009.png,default-jersey-01.png,lightbrown_3003.png,17,28,12,41,20,48,1,1,1,9,79,79,80,0,1,1,1,1,1,1,1,1,55,1,1,1,1,1,1,1,29,98,67,25,71,60,91,0,44,40,39,76,33,59,2
2278,,82,1991,1985,Rohn,Stark,10,22,10,1985,Florida State,3,,6,32,75,203,P,650000,2,650000,650000,0,0,0,0,0,0,0,0,0,0,0,0,None,,,,,b,0022.png,default-jersey-01.png,black_3060.png,28,41,19,51,23,61,1,1,1,17,89,85,91,0,1,1,1,1,1,1,1,1,82,1,1,1,1,1,1,1,95,88,75,98,94,67,96,0,40,40,38,91,33,41,84
8534,,81,1991,1989,Ryan,Stonehouse,11,7,5,1989,Colorado St.,4,,2,24,70,193,P,500000,3,500000,500000,500000,0,0,0,0,0,0,0,0,0,0,0,None,,,,,a,0106.png,,blonde_3045.png,31,46,11,76,13,69,9,2,6,12,89,75,89,0,1,1,1,1,1,1,1,1,67,1,1,1,1,1,1,1,100,65,30,68,51,33,89,0,59,39,70,72,55,69,33
8535,,80,1991,1989,Jordan,Stout,12,7,16,1989,Penn State,11,,2,25,75,214,P,250000,4,250000,250000,250000,250000,0,0,0,0,0,0,0,0,0,0,None,,,,,a,0138.png,,darkbrown_3035.png,27,53,13,69,15,61,2,5,1,14,80,81,94,0,1,1,1,1,1,1,1,1,95,1,1,1,1,1,1,1,78,87,100,81,83,88,87,0,52,49,63,95,68,40,81
6008,,62,1991,0,Kent,Sullivan,0,0,0,0,California Lutheran,12,,4,31,71,197,P,0,0,0,0,0,0,0,0,0,0,0,0,0,0,0,0,None,,,,,b,0057.png,,blonde_3001.png,19,23,10,38,1,48,1,1,1,1,75,71,86,0,1,1,1,1,1,1,1,1,31,1,1,1,1,1,1,1,35,52,64,55,67,41,95,0,41,31,38,78,48,33,44
10249,,71,1991,0,John,Teltschik,13,0,0,0,Texas,4,,1,23,74,212,P,250000,1,250000,0,0,0,0,0,0,0,0,0,0,0,0,0,None,,,,,b,10061.png,default-jersey-01.png,bald_3029.png,19,31,11,53,10,59,1,1,1,14,80,72,84,0,1,1,1,1,1,1,1,1,61,29,1,1,1,1,1,1,35,94,76,47,88,95,78,0,47,43,60,89,46,58,42
12692,,63,1991,0,Scott,Tyner,0,0,0,0,Oklahoma State,10,,0,22,73,189,P,0,0,0,0,0,0,0,0,0,0,0,0,0,0,0,0,None,,,,,b,10082.png,,black_3021.png,28,38,12,50,14,54,1,1,1,8,64,64,74,0,1,1,1,1,1,1,1,1,56,1,1,1,1,1,1,1,63,76,95,60,99,64,89,0,35,37,44,91,49,67,92
2863,,69,1991,1985,Jeff,West,0,37,5,1985,Cincinnati,8,,2,34,75,212,P,0,0,0,0,0,0,0,0,0,0,0,0,0,0,0,0,None,,,,,a,0115.png,,darkbrown_3020.png,23,38,19,32,12,43,1,1,1,9,83,67,73,0,1,1,1,1,1,1,1,1,91,1,1,1,1,1,1,1,50,72,45,61,43,67,73,0,49,40,59,98,47,66,67
12916,31340,64,1991,0,Klaus,Wilmsmeyer,0,0,0,0,Louisville,0,,0,25,74,210,P,0,0,0,0,0,0,0,0,0,0,0,0,0,0,0,0,None,,,,,,,,,14,39,15,39,18,59,1,1,1,13,74,60,75,0,0,0,0,0,0,0,0,0,52,0,0,0,0,0,0,0,41,51,66,62,31,56,100,0,35,33,53,86,41,65,100
8536,,81,1991,1989,Ryan,Wright,18,6,4,1989,Tulane,3,,2,23,75,245,P,450000,4,450000,450000,450000,450000,0,0,0,0,0,0,0,0,0,0,None,,,,,a,0142.png,default-jersey-01.png,lightbrown_3095.png,43,51,27,66,19,61,19,4,1,26,77,84,88,0,1,1,1,1,1,1,1,1,95,1,1,1,1,1,1,1,90,57,44,96,50,34,99,0,43,39,49,81,30,43,92
