PlayerID,Jersey,FirstName,LastName,College,Age,Experience,Height,Weight,TeamID,DraftedBy,DraftRound,DraftPick,DraftSeason,isOffense,HallOfFame,Injury,InjuryLength,Salary,ContractYears,Position,Alt Position,Team,RetiredSeason,Franchise Tag,Tender Type,Awards,Strength,Agility,Arm,Speed,Hands,Intelligence,Accuracy,Run Blocking,Pass Blocking,Tackling,Endurance,Kick Distance,Kick Accuracy,Overall
1809,29,Eric,Dickerson,SMU,31,6,75,220,14,14,1,10,1985,True,False,,,6550000,5,RB,RB,ATL,0,False,None,1985 Offensive Rookie of the Year|1985 Offensive Player of the Year|1985 NFC Pro Bowl Team|1986 NFC Pro Bowl Team|1987 NFC Pro Bowl Team|1989 NFC Pro Bowl Team|1990 NFC Pro Bowl Team,78,80,29,85,72,69,32,32,52,38,90,4,1,90
1810,54,Lawrence,Taylor,North Carolina,32,6,75,237,5,17,1,4,1985,False,False,,,10000000,4,LB,LB,BUF,0,False,None,1985 NFC Pro Bowl Team|1986 Defensive Player of the Year|1986 NFC Pro Bowl Team|1987 Defensive Player of the Year|1987 Defensive MVP|1987 NFC Pro Bowl Team|1988 NFC Pro Bowl Team|1989 AFC Pro Bowl Team|1990 AFC Pro Bowl Team,84,80,10,83,58,72,8,7,5,91,96,1,1,98
1811,42,Ronnie,Lott,USC,32,6,72,203,4,4,1,12,1985,False,False,,,7550000,1,FS,FS,OAK,0,False,None,1985 AFC Pro Bowl Team|1986 AFC Pro Bowl Team|1987 AFC Pro Bowl Team,64,86,1,76,68,77,4,1,2,80,85,3,1,91
1812,31,Roger,Craig,Nebraska,31,6,72,222,3,3,1,17,1985,True,False,,,6600000,2,FB,FB,GB,0,False,None,1985 AFC Pro Bowl Team|1986 AFC Pro Bowl Team|1987 NFC Pro Bowl Team|1989 AFC Pro Bowl Team,71,76,5,72,92,68,1,76,60,43,82,1,1,100
1813,16,Joe,Montana,Notre Dame,35,6,74,200,18,11,1,2,1985,True,False,,,12500000,1,QB,QB,BAL,0,False,None,1986 NFC Pro Bowl Team|1987 NFC Pro Bowl Team|1988 NFC Pro Bowl Team,39,55,89,37,21,93,92,5,1,39,96,1,1,90
1814,34,Walter,Payton,Jackson State,32,1,70,200,0,17,2,15,1985,True,False,,,0,0,RB,RB,N/A,1986,False,None,,62,91,31,82,69,80,36,33,34,44,89,8,1,87
1815,7,John,Elway,Stanford,31,6,75,215,12,18,1,5,1985,True,False,,,10500000,2,QB,QB,DET,0,False,None,1986 NFC Pro Bowl Team|1988 AFC Pro Bowl Team|1989 NFC Pro Bowl Team,65,85,92,69,23,91,96,1,1,31,92,1,5,97
1816,13,Dan,Marino,Pittsburgh,30,6,76,224,9,7,1,1,1985,True,False,Jammed Finger,Probable,10500000,5,QB,QB,LON,0,False,None,1985 AFC Pro Bowl Team|1986 Offensive Player of the Year|1986 Most Valuable Player|1986 AFC Pro Bowl Team|1987 AFC Pro Bowl Team|1988 AFC Pro Bowl Team|1989 AFC Pro Bowl Team|1990 AFC Pro Bowl Team,69,70,97,59,34,89,95,1,4,29,99,3,1,96
1817,57,Rickey,Jackson,Pittsburgh,33,6,74,243,6,6,1,15,1985,False,False,,,13100000,1,LB,LB,NYG,0,False,None,1985 AFC Pro Bowl Team|1986 AFC Pro Bowl Team|1987 NFC Pro Bowl Team,73,81,1,70,65,75,2,1,1,91,90,2,10,92
1818,91,Reggie,White,Tennessee,30,6,77,291,5,5,1,6,1985,False,False,,,16250000,5,DE,DE,BUF,0,False,None,1985 Defensive Rookie of the Year|1985 Defensive Player of the Year|1985 AFC Pro Bowl Team|1986 AFC Pro Bowl Team|1987 AFC Pro Bowl Team|1988 AFC Pro Bowl Team|1989 AFC Pro Bowl Team|1990 Defensive Player of the Year|1990 Defensive MVP|1990 AFC Pro Bowl Team,88,83,7,78,56,67,1,5,1,86,88,1,2,100
1819,1,Warren,Moon,Washington,35,6,75,218,0,8,1,9,1985,True,False,,,0,0,QB,QB,N/A,1991,False,None,1986 AFC Pro Bowl Team,62,66,93,51,24,92,80,5,1,39,86,9,1,90
1820,72,Kent,Hill,Georgia Tech,33,5,77,260,0,14,2,9,1985,True,False,,,0,0,G,G,N/A,1990,False,None,1985 NFC Pro Bowl Team|1987 NFC Pro Bowl Team|1989 NFC Pro Bowl Team,78,60,5,54,15,63,1,87,84,44,62,1,5,89
1821,54,Randy,White,Maryland,33,1,76,257,0,5,2,13,1985,False,False,,,0,0,DT,DT,N/A,1986,False,None,1985 AFC Pro Bowl Team,80,74,8,74,44,59,1,9,5,78,83,3,1,88
1822,80,Henry,Ellard,Fresno State,30,6,71,180,2,2,2,6,1985,True,False,,,7650000,4,WR,WR,MIA,0,False,None,1987 AFC Pro Bowl Team|1988 AFC Pro Bowl Team|1989 AFC Pro Bowl Team,29,89,1,78,94,60,10,32,27,38,90,1,1,87
1823,44,John,Riggins,Kansas,37,1,74,230,0,6,5,15,1985,True,False,,,0,0,RB,RB,N/A,1986,False,None,1985 AFC Pro Bowl Team,73,68,34,69,72,60,23,38,20,36,71,1,5,79
1824,23,Marcus,Allen,USC,31,6,74,210,12,1,1,16,1985,True,False,,,6550000,1,RB,RB,DET,0,False,None,1985 AFC Pro Bowl Team|1986 AFC Pro Bowl Team|1987 AFC Pro Bowl Team,61,85,30,82,82,61,35,35,43,50,89,1,1,88
1825,22,Gill,Byrd,San Jose State,30,6,71,195,6,6,2,4,1985,False,False,,,7900000,1,SS,SS,NYG,0,False,None,1986 AFC Pro Bowl Team,69,87,1,78,71,66,1,5,1,61,90,1,1,85
1826,80,Jerry,Rice,Miss. Valley State,29,6,74,200,15,15,1,3,1985,True,False,Migraine,Probable,13700000,3,WR,WR,SF,0,False,None,1985 NFC Pro Bowl Team|1989 NFC Pro Bowl Team,47,95,8,95,99,89,7,33,37,34,98,7,5,100
1827,84,Gary,Clark,James Madison,29,6,69,173,16,16,1,14,1985,True,False,,,14350000,1,WR,WR,TB,0,False,None,1985 NFC Pro Bowl Team|1986 NFC Pro Bowl Team|1987 NFC Pro Bowl Team|1988 NFC Pro Bowl Team|1989 NFC Pro Bowl Team,56,92,1,92,93,60,8,33,22,42,94,1,1,95
1828,61,Anthony,Munoz,USC,33,6,78,278,5,1,2,3,1985,True,False,,,4000000,1,T,T,BUF,0,False,None,1987 AFC Pro Bowl Team,70,55,10,40,24,69,1,84,84,59,81,9,10,86
1829,31,Donnie,Shell,South Carolina State,35,2,71,190,0,16,4,5,1985,False,False,,,0,0,SS,SS,N/A,1987,False,None,1985 NFC Pro Bowl Team,77,83,1,86,57,57,8,3,1,65,83,1,1,86
1830,51,Steve,Nelson,Augsburg,40,6,74,230,0,16,5,14,1985,False,False,,,0,0,LB,LB,N/A,1991,False,None,,57,74,1,65,42,75,1,1,1,71,91,1,1,78
1831,47,James,Wilder,Missouri,31,4,75,225,0,18,3,5,1985,True,False,,,0,0,RB,RB,N/A,1989,False,None,1985 NFC Pro Bowl Team,63,69,32,81,72,66,25,22,32,42,93,1,1,83
1832,14,Dan,Fouts,Oregon,38,4,75,204,0,3,2,2,1985,True,False,,,0,0,QB,QB,N/A,1989,False,None,1985 Most Valuable Player|1985 AFC Pro Bowl Team,48,64,87,40,14,88,78,1,10,28,76,1,1,84
1833,33,Tony,Dorsett,Pittsburgh,33,2,71,192,0,9,6,12,1985,True,False,,,0,0,RB,RB,N/A,1987,False,None,1985 AFC Pro Bowl Team,62,81,25,87,69,59,35,32,48,50,83,8,1,87
1834,74,Bruce,Matthews,USC,30,6,77,305,12,12,1,11,1985,True,False,,,10650000,3,T,T,DET,0,False,None,1986 NFC Pro Bowl Team|1988 NFC Pro Bowl Team|1989 NFC Pro Bowl Team|1990 NFC Pro Bowl Team,91,71,7,70,41,75,1,93,89,53,91,1,1,98
1835,78,Mike,Kenn,Michigan,32,3,79,273,0,14,3,10,1985,True,False,,,0,0,T,T,N/A,1988,False,None,1985 NFC Pro Bowl Team|1987 NFC Pro Bowl Team,86,46,1,47,31,69,1,78,85,46,77,4,1,87
1836,52,Mike,Webster,Wisconsin,34,1,73,255,0,8,6,10,1985,True,False,,,0,0,C,C,N/A,1986,False,None,1985 AFC Pro Bowl Team,85,50,1,62,19,74,1,75,85,57,72,7,6,87
1837,57,Jeff,Van Note,Kentucky,40,1,74,247,0,17,6,15,1985,True,False,,,0,0,C,C,N/A,1986,False,None,,74,45,1,43,14,71,4,87,77,53,80,1,1,85
1838,56,Clay,Matthews,USC,35,6,74,245,8,18,2,14,1985,False,False,,,8800000,5,LB,LB,SEA,0,False,None,1985 NFC Pro Bowl Team,46,76,10,57,49,61,1,1,7,86,70,5,1,77
1839,56,Chris,Doleman,Pittsburgh,30,6,77,289,10,10,1,18,1985,False,False,,,11750000,2,DE,DE,IND,0,False,None,1985 NFC Pro Bowl Team|1986 NFC Pro Bowl Team|1987 NFC Pro Bowl Team|1988 Defensive Player of the Year|1988 Most Valuable Player|1988 League MVP|1988 Defensive MVP|1988 NFC Pro Bowl Team|1989 Defensive Player of the Year|1989 Most Valuable Player|1989 League MVP|1989 Defensive MVP|1989 NFC Pro Bowl Team|1990 NFC Pro Bowl Team,86,72,4,83,41,65,9,1,1,69,88,9,1,96
1840,63,Mike,Munchak,Penn State,31,6,75,281,15,15,2,16,1985,True,False,,,6400000,3,G,G,SF,0,False,None,1986 NFC Pro Bowl Team|1987 NFC Pro Bowl Team|1989 NFC Pro Bowl Team,90,50,6,58,24,70,9,88,74,45,71,1,1,90
1841,68,Joe,DeLamielleure,Michigan State,36,2,75,254,0,13,6,11,1985,True,False,,,0,0,G,G,N/A,1987,False,None,,90,46,6,47,19,64,3,89,73,40,69,1,1,86
1842,68,Max,Montoya,UCLA,35,6,77,282,0,11,5,2,1985,True,False,,,0,0,G,G,N/A,1991,False,None,1985 NFC Pro Bowl Team,64,40,1,31,14,59,1,53,70,41,45,1,1,66
1843,51,Wilber,Marshall,Florida,29,6,73,231,9,16,2,5,1985,False,False,,,7500000,2,LB,LB,LON,0,False,None,1985 NFC Pro Bowl Team,73,81,1,88,47,72,1,1,10,92,82,1,3,95
1844,70,Richard,Dent,Tennessee State,31,6,77,265,3,12,2,8,1985,False,False,,,6700000,1,DE,DE,GB,0,False,None,1985 NFC Pro Bowl Team|1988 NFC Pro Bowl Team|1989 NFC Pro Bowl Team,77,72,1,48,39,55,7,1,10,78,77,1,1,85
1845,67,Chris,Hinton,Northwestern,30,6,76,300,13,9,3,7,1985,True,False,,,11150000,3,T,T,MIN,0,False,None,1985 AFC Pro Bowl Team|1986 AFC Pro Bowl Team|1987 AFC Pro Bowl Team|1988 AFC Pro Bowl Team,83,66,1,56,28,75,1,85,88,59,74,2,1,92
1846,76,John,Alt,Iowa,29,6,80,298,13,13,2,11,1985,True,False,,,6600000,3,T,T,MIN,0,False,None,1988 NFC Pro Bowl Team|1989 NFC Pro Bowl Team,94,62,1,45,18,62,1,89,87,45,73,1,1,92
1847,78,Bruce,Smith,Virginia Tech,28,6,76,262,10,10,2,1,1985,False,False,,,12500000,1,DE,DE,IND,0,False,None,1985 NFC Pro Bowl Team|1986 NFC Pro Bowl Team|1987 NFC Pro Bowl Team|1989 NFC Pro Bowl Team|1990 NFC Pro Bowl Team,87,82,1,84,56,67,2,1,1,77,91,5,1,100
1848,54,Matt,Millen,Penn State,33,6,74,250,4,1,3,16,1985,False,False,,,1700000,3,LB,LB,OAK,0,False,None,1985 AFC Pro Bowl Team|1986 AFC Pro Bowl Team,79,69,1,70,45,59,5,1,1,78,73,1,1,86
1849,20,Louis,Wright,Arizona State,36,4,74,200,0,5,4,13,1985,False,False,,,0,0,CB,CB,N/A,1989,False,None,1987 AFC Pro Bowl Team,55,85,1,96,68,63,1,1,1,61,92,1,6,99
1850,22,Dave,Duerson,Notre Dame,31,6,73,207,11,11,3,2,1985,False,False,,,4900000,2,SS,SS,CHI,0,False,None,1985 NFC Pro Bowl Team|1987 NFC Pro Bowl Team|1988 NFC Pro Bowl Team|1989 NFC Pro Bowl Team,71,87,1,88,77,71,1,1,1,60,77,1,1,89
1851,12,Randall,Cunningham,UNLV,28,6,76,212,8,13,1,8,1985,True,False,,,6000000,5,QB,QB,SEA,0,False,None,1985 NFC Pro Bowl Team|1989 AFC Pro Bowl Team,62,86,86,72,22,75,83,1,1,14,89,1,1,88
1852,87,Steve,Largent,Tulsa,34,3,71,187,0,16,3,14,1985,True,False,,,0,0,WR,WR,N/A,1988,False,None,,39,78,9,70,95,65,1,23,31,38,81,1,1,83
1853,21,James,Brooks,Auburn,28,1,70,180,0,11,6,17,1985,True,False,,,0,0,RB,RB,N/A,1986,False,None,1985 NFC Pro Bowl Team,68,86,29,83,72,63,30,40,44,49,82,3,1,87
1854,28,Curt,Warner,Penn State,30,6,71,205,10,10,3,18,1985,True,False,,,7900000,1,RB,RB,IND,0,False,None,1986 NFC Pro Bowl Team|1989 Playoff MVP|1989 Playoff MVP|1989 NFC Pro Bowl Team,75,83,16,80,75,61,29,45,46,30,88,1,1,88
1855,84,James,Lofton,Stanford,33,4,75,192,0,8,3,9,1985,True,False,,,0,0,WR,WR,N/A,1989,False,None,1986 AFC Pro Bowl Team,49,96,9,79,89,74,9,39,34,50,91,10,1,91
1856,56,Jay,Hilgenberg,Iowa,32,6,75,259,19,11,2,17,1985,True,False,,,5200000,2,C,C,WAS,0,False,None,1989 AFC Pro Bowl Team,89,47,4,51,21,62,5,85,81,43,60,1,1,87
1857,76,Howie,Long,Villanova,31,6,77,268,6,17,3,4,1985,False,False,,,12300000,1,DE,DE,NYG,0,False,None,1987 NFC Pro Bowl Team|1990 NFC Pro Bowl Team,84,68,6,74,50,68,1,9,4,79,90,1,1,97
1858,53,Harry,Carson,South Carolina State,34,2,74,237,0,14,5,10,1985,False,False,,,0,0,LB,LB,N/A,1987,False,None,1986 NFC Pro Bowl Team,62,75,1,79,52,67,9,10,1,87,79,1,1,86
1859,42,Mike,Haynes,Arizona State,36,4,74,192,0,11,4,17,1985,False,False,,,0,0,CB,CB,N/A,1989,False,None,1985 NFC Pro Bowl Team|1988 NFC Pro Bowl Team,45,88,1,80,73,60,9,1,5,48,92,1,1,91
1860,64,Steve,McMichael,Texas,34,6,74,270,7,7,3,1,1985,False,False,,,6700000,4,DT,DT,CIN,0,False,None,1986 AFC Pro Bowl Team|1987 AFC Pro Bowl Team|1989 AFC Pro Bowl Team,75,55,2,63,40,73,5,1,1,71,73,1,1,83
1862,28,Darrell,Green,Texas A&M-Kingsville,31,6,69,184,4,4,2,7,1985,False,False,,,18000000,2,CB,CB,OAK,0,False,None,1985 AFC Pro Bowl Team|1986 AFC Pro Bowl Team|1987 AFC Pro Bowl Team|1988 AFC Pro Bowl Team|1989 AFC Pro Bowl Team,65,85,8,97,66,58,1,1,6,47,92,8,5,96
1863,57,Mike,Singletary,Baylor,33,6,72,230,5,9,2,12,1985,False,False,,,6550000,1,LB,LB,BUF,0,False,None,1985 AFC Pro Bowl Team|1988 NFC Pro Bowl Team,71,79,7,77,51,90,8,10,1,91,96,2,1,93
1864,20,Billy,Sims,Oklahoma,31,1,72,212,0,16,20,5,1985,True,False,,,0,0,RB,RB,N/A,1986,False,None,,69,78,16,76,58,70,28,25,34,45,75,1,1,81
1865,68,Marvin,Powell,USC,34,4,77,268,0,6,6,4,1985,True,False,,,0,0,T,T,N/A,1989,False,None,,70,54,1,29,11,77,1,82,76,52,68,1,3,82
1867,61,Joel,Hilgenberg,Iowa,29,6,75,250,13,13,3,8,1985,True,False,,,10600000,2,C,C,MIN,0,False,None,1986 NFC Pro Bowl Team|1988 NFC Pro Bowl Team,90,50,1,54,13,74,1,82,78,45,83,1,1,88
1868,58,Carl,Banks,Michigan State,29,6,76,235,14,5,3,6,1985,False,False,,,8100000,3,LB,LB,ATL,0,False,None,1985 AFC Pro Bowl Team,84,67,1,80,48,58,1,1,1,91,80,1,1,93
1869,8,Steve,Young,BYU,30,6,74,215,11,9,1,7,1985,True,False,,,25000000,3,QB,QB,CHI,0,False,None,1986 AFC Pro Bowl Team|1987 AFC Pro Bowl Team|1988 AFC Pro Bowl Team|1990 NFC Pro Bowl Team,45,82,87,65,23,89,91,1,1,14,74,1,1,93
1870,81,Art,Monk,Syracuse,34,6,75,210,0,8,2,10,1985,True,False,,,0,0,WR,WR,N/A,1991,False,None,1985 AFC Pro Bowl Team|1986 AFC Pro Bowl Team|1988 AFC Pro Bowl Team,51,91,1,86,97,66,4,22,22,32,88,9,1,94
1873,77,John,Hannah,Alabama,40,6,74,265,0,6,8,4,1985,True,False,,,0,0,G,G,N/A,1991,False,None,1986 AFC Pro Bowl Team,80,46,3,35,25,63,1,71,66,59,84,1,1,76
1874,62,Guy,McIntyre,Georgia,30,6,75,275,18,18,4,14,1985,True,False,,,6400000,2,G,G,BAL,0,False,None,1985 NFC Pro Bowl Team|1986 NFC Pro Bowl Team|1988 AFC Pro Bowl Team|1989 AFC Pro Bowl Team,95,50,1,57,12,81,1,91,74,38,67,1,1,93
1875,99,Dan,Hampton,Arkansas,34,6,77,264,12,1,4,3,1985,False,False,,,6850000,1,DE,DE,DET,0,False,None,1986 AFC Pro Bowl Team,61,71,1,59,48,76,1,1,10,73,72,1,8,86
1876,77,Karl,Mecklenburg,Augustana (SD),31,6,75,240,16,13,4,11,1985,False,False,,,13750000,1,LB,LB,TB,0,False,None,1987 NFC Pro Bowl Team,72,74,1,82,51,73,1,5,1,91,93,1,10,93
1878,44,Nolan,Cromwell,Kansas,34,4,73,200,0,18,6,14,1985,False,False,,,0,0,SS,SS,N/A,1989,False,None,1986 NFC Pro Bowl Team,42,86,1,65,44,67,4,1,1,73,70,1,1,75
1879,46,Gerald,Riggs,Arizona State,31,6,73,230,4,4,7,12,1985,True,False,,,6850000,1,RB,RB,OAK,0,False,None,1986 AFC Pro Bowl Team|1987 AFC Pro Bowl Team,76,74,14,72,59,70,31,39,43,28,72,1,1,81
1880,18,Charlie,Joiner,Grambling State,40,2,71,188,0,5,13,6,1985,True,False,,,0,0,WR,WR,N/A,1987,False,None,,38,73,1,74,83,66,5,30,10,35,75,1,1,81
1881,11,Phil,Simms,Morehead State,33,2,75,216,0,17,5,4,1985,True,False,,,0,0,QB,QB,N/A,1987,False,None,,45,53,66,58,25,76,89,1,1,23,85,1,2,81
1882,7,Ron,Jaworski,Youngstown State,36,2,74,196,0,6,11,15,1985,True,False,,,0,0,QB,QB,N/A,1987,False,None,,44,52,77,59,27,75,76,1,1,20,88,5,1,79
1883,85,Jay,Novacek,Wyoming,29,6,76,234,8,8,4,10,1985,True,False,,,6350000,3,TE,TE,SEA,0,False,None,1985 AFC Pro Bowl Team|1986 AFC Pro Bowl Team|1987 AFC Pro Bowl Team|1988 AFC Pro Bowl Team|1989 AFC Pro Bowl Team|1990 AFC Pro Bowl Team,66,71,1,74,90,68,1,44,59,35,74,1,1,90
1884,64,Lomas,Brown,Florida,28,6,76,282,6,10,4,1,1985,True,False,,,7900000,1,T,T,NYG,0,False,None,,84,62,8,53,17,69,1,84,90,47,83,6,1,92
1885,41,Eugene,Robinson,Colgate,28,6,73,200,5,6,4,4,1985,False,False,,,8500000,4,FS,FS,BUF,0,False,None,1988 AFC Pro Bowl Team|1990 AFC Pro Bowl Team,56,85,1,89,63,62,3,1,1,71,84,5,1,90
1886,79,Bill,Fralic,Pittsburgh,29,6,77,280,14,14,4,9,1985,True,False,,,4700000,3,G,G,ATL,0,False,None,1987 NFC Pro Bowl Team,77,52,1,58,13,61,1,90,73,52,75,1,1,87
1887,80,Kellen,Winslow,Missouri,34,6,77,251,18,3,3,17,1985,True,False,,,7141820,2,TE,TE,BAL,0,False,None,1985 AFC Pro Bowl Team,73,70,9,64,89,74,1,57,63,48,89,9,1,92
1888,7,Boomer,Esiason,Maryland,30,6,77,224,2,2,1,13,1985,True,False,,,10500000,4,QB,QB,MIA,0,False,None,1987 Most Valuable Player|1987 League MVP|1987 AFC Pro Bowl Team|1989 AFC Pro Bowl Team|1990 AFC Pro Bowl Team,49,68,90,65,31,81,91,1,1,13,93,1,3,91
1889,44,Freeman,McNeil,UCLA,32,6,71,216,14,12,10,8,1985,True,False,,,2500000,1,RB,RB,ATL,0,False,None,1986 NFC Pro Bowl Team,54,84,13,79,79,47,23,30,30,23,83,1,1,83
1890,54,Andre,Tippett,Iowa,32,6,75,240,13,3,4,2,1985,False,False,,,6550000,2,LB,LB,MIN,0,False,None,1986 AFC Pro Bowl Team|1988 NFC Pro Bowl Team,76,81,4,82,43,74,4,1,1,92,80,1,6,94
1891,73,Dexter,Manley,Oklahoma State,32,6,75,253,17,6,3,15,1985,False,False,,,2900000,1,DE,DE,CHC,0,False,None,,73,78,1,64,32,47,5,1,1,72,75,1,1,86
1892,29,Albert,Lewis,Grambling State,31,6,74,196,4,4,3,12,1985,False,False,,,18000000,4,CB,CB,OAK,0,False,None,,37,91,1,85,72,55,1,1,5,56,80,1,1,94
1894,28,Wilbert,Montgomery,Abilene Christian,33,2,70,196,0,8,21,9,1985,True,False,,,0,0,RB,RB,N/A,1987,False,None,,64,74,14,73,58,69,25,35,37,41,77,1,1,78
1895,11,Neil,Lomax,Portland State,32,6,75,215,14,10,5,18,1985,True,False,,,2000000,1,QB,QB,ATL,0,False,None,,32,69,84,59,37,80,81,1,1,24,93,1,1,85
1896,35,Earl,Campbell,Texas,32,2,71,232,0,17,4,15,1985,True,False,,,0,0,RB,RB,N/A,1987,False,None,,76,65,22,72,70,63,19,27,27,44,79,1,1,78
1897,41,Earnest,Jackson,Texas A&M,32,6,69,213,2,12,20,8,1985,True,False,,,250000,1,RB,RB,MIA,0,False,None,,58,66,16,74,50,50,11,37,23,40,78,1,1,74
1898,48,Joe,Cribbs,Auburn,33,6,71,190,0,3,14,2,1985,True,False,,,0,0,RB,RB,N/A,0,False,None,1986 AFC Pro Bowl Team,56,55,5,66,61,60,26,36,21,22,63,1,1,68
1899,85,Drew,Hill,Georgia Tech,33,4,69,170,0,18,7,5,1985,True,False,,,0,0,WR,WR,N/A,1989,False,None,1985 NFC Pro Bowl Team,28,80,1,74,88,70,1,9,22,43,86,1,1,82
1900,88,Roy,Green,Henderson State,34,6,72,195,3,3,5,17,1985,True,False,,,250000,2,WR,WR,GB,0,False,None,1985 AFC Pro Bowl Team|1986 AFC Pro Bowl Team|1987 NFC Pro Bowl Team,39,64,1,70,89,66,1,29,15,39,81,1,2,79
1901,44,Mark,Haynes,Colorado,33,6,71,194,0,5,6,13,1985,False,False,,,0,0,SS,SS,N/A,1991,False,None,,66,73,1,66,64,64,1,1,1,65,72,1,1,78
1902,72,Bob,Golic,Notre Dame,33,5,74,264,0,1,5,16,1985,False,False,,,0,0,DT,DT,N/A,1990,False,None,,81,58,1,41,23,47,1,3,1,65,67,1,1,77
1903,67,Jimbo,Covert,Pittsburgh,31,6,76,277,12,12,4,8,1985,True,False,,,5400000,2,T,T,DET,0,False,None,,69,69,1,47,16,74,1,73,81,48,69,1,1,84
1904,51,Kevin,Greene,Auburn,29,6,75,247,6,12,3,11,1985,False,False,,,6750000,3,LB,LB,NYG,0,False,None,1986 NFC Pro Bowl Team,70,79,1,80,63,85,1,1,1,88,80,4,1,93
1906,9,Tommy,Kramer,Rice,34,4,74,200,0,1,6,3,1985,True,False,,,0,0,QB,QB,N/A,1989,False,None,1985 AFC Pro Bowl Team,53,73,79,46,27,73,79,1,1,33,82,1,1,81
1907,20,Joe,Morris,Syracuse,31,6,67,195,0,15,13,3,1985,True,False,,,0,0,RB,RB,N/A,0,False,None,1987 NFC Pro Bowl Team,54,75,15,78,61,43,22,34,22,39,70,1,1,78
1908,33,Gary,Anderson,Arkansas,30,6,72,185,0,5,14,13,1985,True,False,,,0,0,RB,RB,N/A,0,False,None,,57,80,8,73,65,56,27,22,33,40,72,1,1,79
1909,33,Darrin,Nelson,Stanford,32,6,69,184,8,13,25,8,1985,True,False,,,250000,1,RB,RB,SEA,0,False,None,,52,60,14,83,77,44,24,38,23,25,82,1,1,79
1910,49,George,Rogers,South Carolina,33,6,74,228,0,14,24,9,1985,True,False,,,0,0,RB,RB,N/A,1991,False,None,,53,64,30,79,63,44,26,31,40,26,76,1,1,76
1911,44,Earnest,Byner,East Carolina,29,6,70,215,2,2,4,6,1985,True,False,,,5150000,4,RB,RB,MIA,0,False,None,,61,88,31,76,73,65,28,43,47,43,75,1,1,85
1912,82,John,Stallworth,Alabama A&M,37,4,74,191,0,17,11,4,1985,True,False,,,0,0,WR,WR,N/A,1989,False,None,,26,77,1,71,75,53,1,26,12,38,76,1,1,76
1913,84,Eric,Martin,LSU,30,6,73,207,2,2,3,13,1985,True,False,,,14450000,1,WR,WR,MIA,0,False,None,1988 AFC Pro Bowl Team|1990 AFC Pro Bowl Team,32,76,1,90,83,67,1,32,21,28,90,1,1,87
1914,81,Billy,Johnson,Widener,36,3,69,170,0,18,11,5,1985,True,False,,,0,0,WR,WR,N/A,1988,False,None,,38,73,1,72,79,61,1,24,1,35,65,1,1,77
1915,77,Mike,Wilson,Georgia,32,2,77,275,0,17,7,4,1985,True,False,,,0,0,T,T,N/A,1987,False,None,,85,44,1,56,8,69,4,83,72,46,67,1,1,83
1916,50,Jim,Sweeney,Pittsburgh,29,6,76,297,6,12,5,11,1985,True,False,,,4000000,2,G,G,NYG,0,False,None,1988 NFC Pro Bowl Team|1990 NFC Pro Bowl Team,86,39,1,46,19,77,1,82,80,37,77,1,1,87
1917,64,Bill,Bryan,Duke,33,3,74,251,0,5,11,6,1985,True,False,,,0,0,C,C,N/A,1988,False,None,,75,53,1,60,22,56,1,82,82,38,71,1,1,84
1918,62,Mark,Gastineau,Arizona State,35,6,77,266,4,4,6,7,1985,False,False,,,1000000,1,DE,DE,OAK,0,False,None,1985 AFC Pro Bowl Team|1986 AFC Pro Bowl Team,53,46,7,60,37,50,10,1,3,58,67,1,2,72
1919,70,Leonard,Marshall,LSU,30,6,75,288,7,15,5,3,1985,False,False,,,15000000,1,DE,DE,CIN,0,False,None,1988 NFC Pro Bowl Team,74,79,1,60,42,71,1,1,5,66,73,1,1,87
1920,50,Chip,Banks,USC,32,6,76,243,1,5,7,6,1985,False,False,,,2900000,1,LB,LB,NYT,0,False,None,1986 AFC Pro Bowl Team,64,58,1,59,39,67,1,1,2,91,82,1,1,82
1921,27,Gary,Green,Baylor,36,6,71,187,0,1,7,16,1985,False,False,,,0,0,CB,CB,N/A,0,False,None,,23,74,1,72,42,52,1,1,1,44,68,2,1,75
1922,51,Randy,Cross,UCLA,35,4,75,259,0,5,10,13,1985,True,False,,,0,0,G,G,N/A,1989,False,None,,54,43,1,27,24,46,1,68,60,40,52,1,1,65
1923,17,Dave,Krieg,Milton,33,6,73,193,3,16,6,5,1985,True,False,,,500000,1,QB,QB,GB,0,False,None,1985 NFC Pro Bowl Team|1986 NFC Pro Bowl Team|1987 NFC Pro Bowl Team|1989 NFC Pro Bowl Team|1990 NFC Pro Bowl Team,34,57,68,44,18,80,83,1,1,21,89,3,1,80
1924,1,Bernie,Kosar,Miami (FL),28,6,77,210,3,15,3,3,1985,True,False,,,13350000,3,QB,QB,GB,0,False,None,1989 NFC Pro Bowl Team,57,77,84,63,27,86,89,1,1,25,96,5,1,91
1925,83,John,Jefferson,Arizona State,35,6,73,198,5,5,12,13,1985,True,False,,,250000,1,WR,WR,BUF,0,False,None,,30,76,1,83,77,57,2,24,27,40,90,1,1,82
1926,64,Ben,Utt,Georgia Tech,32,6,77,275,13,7,7,1,1985,True,False,,,2000000,1,G,G,MIN,0,False,None,1985 AFC Pro Bowl Team,66,37,1,46,17,64,1,81,70,30,67,1,1,80
1927,10,Steve,Bartkowski,California,39,6,76,216,0,14,10,9,1985,True,False,,,0,0,QB,QB,N/A,0,False,None,1986 Playoff MVP,21,38,73,42,15,72,86,1,1,15,81,1,1,77
1928,85,Tony,Hill,Stanford,35,6,74,199,14,1,10,3,1985,True,False,,,3500000,1,WR,WR,ATL,0,False,None,1985 AFC Pro Bowl Team,42,70,1,77,78,55,1,27,15,44,85,4,4,80
1929,77,Stan,Brock,Colorado,33,6,78,295,14,13,5,8,1985,True,False,,,2500000,1,T,T,ATL,0,False,None,,80,62,1,48,27,62,1,80,74,34,84,1,1,83
1930,76,Ken,Lanier,Florida State,32,6,75,281,0,8,7,9,1985,True,False,,,0,0,T,T,N/A,1991,False,None,1985 AFC Pro Bowl Team,67,64,1,38,31,54,1,83,89,48,68,1,1,85
1931,78,Ken,Ruettgers,USC,29,6,78,295,17,2,5,13,1985,True,False,,,10550000,5,T,T,CHC,0,False,None,,83,50,1,48,29,73,1,79,70,50,73,1,1,83
1932,51,Irv,Pankey,Penn State,33,6,76,277,14,16,7,14,1985,True,False,,,250000,1,T,T,ATL,0,False,None,1985 NFC Pro Bowl Team,63,56,1,30,30,61,1,79,78,33,62,1,1,79
1933,58,Dwight,Stephenson,Alabama,33,5,74,255,0,7,9,1,1985,True,False,,,0,0,C,C,N/A,1990,False,None,1986 AFC Pro Bowl Team,63,46,1,42,26,57,1,68,74,40,62,1,3,74
1934,74,Mike,Baab,Texas,32,6,76,270,1,14,7,10,1985,True,False,,,900000,1,C,C,NYT,0,False,None,1988 NFC Pro Bowl Team,74,35,1,42,19,54,1,84,66,47,66,1,1,77
1937,96,Todd,Shell,BYU,29,6,76,225,4,10,6,1,1985,False,False,,,2850000,2,LB,LB,OAK,0,False,None,,62,75,1,69,51,67,1,1,1,85,79,1,1,85
1938,36,Dwight,Hicks,Michigan,35,6,73,190,0,14,8,9,1985,False,False,,,0,0,CB,CB,N/A,1991,False,None,,28,86,1,66,49,47,1,1,1,37,63,1,1,74
1939,25,Mike,Prior,Illinois State,28,6,72,208,9,7,4,18,1985,False,False,,,4700000,1,FS,FS,LON,0,False,None,,58,66,1,84,70,71,1,1,1,69,89,1,1,87
1940,63,Keith,Millard,Washington State,29,6,78,260,12,2,6,6,1985,False,False,,,7000000,1,DT,DT,DET,0,False,None,1986 AFC Pro Bowl Team,86,60,1,63,45,73,3,1,1,69,75,1,1,88
1941,81,Andre,Reed,Kutztown Pennsylvania,27,6,74,190,5,7,2,18,1985,True,False,,,5500000,4,WR,WR,BUF,0,False,None,1986 AFC Pro Bowl Team,40,90,1,86,88,61,1,35,18,37,93,5,1,90
1942,44,Greg,Bell,Notre Dame,29,6,70,210,5,7,6,18,1985,True,False,,,1950000,2,RB,RB,BUF,0,False,None,1988 AFC Pro Bowl Team,67,78,14,83,75,60,23,28,36,33,85,1,1,87
1943,88,Eddie,Brown,Miami (FL),29,6,72,185,10,7,5,1,1985,True,False,,,14150000,2,WR,WR,IND,0,False,None,1985 AFC Pro Bowl Team|1986 AFC Pro Bowl Team|1987 AFC Pro Bowl Team|1988 AFC Pro Bowl Team,55,76,2,92,85,71,1,27,35,24,87,1,1,91
1944,17,Steve,DeBerg,San Jose State,35,4,75,210,0,5,15,6,1985,True,False,,,0,0,QB,QB,N/A,1989,False,None,,38,50,75,52,10,68,71,1,1,14,83,1,1,75
1945,9,Jim,McMahon,BYU,32,6,73,195,19,17,10,15,1985,True,False,,,4000000,2,QB,QB,WAS,0,False,None,,44,68,91,69,11,79,87,1,1,16,93,1,1,89
1946,36,Tony,Nathan,Alabama,35,6,72,206,0,4,24,7,1985,True,False,,,0,0,RB,RB,N/A,1991,False,None,,65,68,20,74,53,45,25,33,35,28,84,1,1,76
1947,45,Herman,Heard,Fort Lewis,30,6,70,184,13,10,26,1,1985,True,False,,,490000,1,RB,RB,MIN,0,False,None,,66,66,13,82,65,48,10,35,27,23,76,1,1,80
1948,88,Pete,Holohan,Notre Dame,32,6,76,237,17,11,7,2,1985,True,False,,,3000000,1,TE,TE,CHC,0,False,None,,66,71,1,76,77,58,1,51,46,31,64,1,1,86
1949,71,Cody,Risien,Texas A&M,33,5,79,269,0,1,8,3,1985,True,False,,,0,0,T,T,N/A,1990,False,None,,66,46,1,37,25,72,1,77,73,52,65,1,4,79
1950,69,Dan,Fike,Florida,30,6,79,280,8,8,5,9,1985,True,False,,,6100000,2,G,G,SEA,0,False,None,1987 AFC Pro Bowl Team|1989 AFC Pro Bowl Team,87,52,1,52,10,68,1,90,78,44,75,1,1,90
1951,65,Bart,Oates,BYU,32,5,76,275,0,15,7,3,1985,True,False,,,0,0,C,C,N/A,1990,False,None,1987 NFC Pro Bowl Team,71,61,1,51,20,78,1,72,83,46,73,1,1,84
1952,63,Raleigh,McKenzie,Tennessee,28,6,74,290,14,3,7,17,1985,True,False,,,3150000,2,C,C,ATL,0,False,None,1986 AFC Pro Bowl Team,72,42,1,64,14,72,1,77,82,41,56,1,1,85
1953,79,Ray,Childress,Texas A&M,29,6,78,272,1,12,6,8,1985,False,False,,,7500000,2,DE,DE,NYT,0,False,None,1986 NFC Pro Bowl Team,91,71,6,71,47,55,1,1,1,72,74,1,2,94
1954,70,Sean,Jones,Northeastern,29,6,79,270,15,4,5,12,1985,False,False,Migraine,Questionable,19000000,1,DE,DE,SF,0,False,None,1985 AFC Pro Bowl Team|1987 AFC Pro Bowl Team|1988 AFC Pro Bowl Team|1990 AFC Pro Bowl Team,84,77,2,84,39,64,1,1,1,54,88,1,1,91
1955,55,Brad,Van Pelt,Michigan State,38,4,77,235,0,16,14,5,1985,False,False,,,0,0,LB,LB,N/A,1989,False,None,1986 NFC Pro Bowl Team,71,84,1,69,51,71,1,1,1,63,84,3,1,82
1956,29,Hanford,Dixon,Southern Miss,32,5,71,186,0,12,7,11,1985,False,False,,,0,0,CB,CB,N/A,1990,False,None,1985 NFC Pro Bowl Team,57,82,1,88,61,67,1,1,1,49,80,1,5,92
1957,39,Carl,Lee,Marshall,30,6,71,185,7,9,5,7,1985,False,False,,,12550000,3,CB,CB,CIN,0,False,None,1985 AFC Pro Bowl Team|1989 AFC Pro Bowl Team,56,79,1,89,68,67,1,1,1,49,82,1,1,93
1959,19,Anthony,Carter,Michigan,31,6,71,168,12,15,4,16,1985,True,False,,,7000000,1,WR,WR,DET,0,False,None,1986 NFC Pro Bowl Team|1989 NFC Pro Bowl Team,44,82,1,88,96,56,1,39,14,38,91,1,1,91
1960,27,Everson,Walls,Grambling State,32,6,73,194,19,10,8,1,1985,False,False,,,3100000,2,CB,CB,WAS,0,False,None,1987 NFC Pro Bowl Team,35,91,1,70,65,52,1,1,1,56,89,1,1,87
1961,45,Sammy,Winder,Southern Miss,32,6,71,203,15,15,25,3,1985,True,False,,,800000,1,RB,RB,SF,0,False,None,1989 NFC Pro Bowl Team,62,70,30,73,74,59,9,19,34,39,73,1,1,78
1962,25,Stump,Mitchell,The Citadel,31,5,69,188,0,18,29,5,1985,True,False,,,0,0,RB,RB,N/A,1990,False,None,,69,72,11,79,70,47,22,19,21,40,83,1,1,81
1964,3,Bobby,Hebert,Northwest State (LA),31,6,76,215,4,4,11,12,1985,True,False,,,5050000,1,QB,QB,OAK,0,False,None,1985 Playoff MVP,57,62,85,52,14,86,90,5,1,33,87,1,1,89
1965,28,Eddie Lee,Ivery,Georgia Tech,33,5,72,210,0,7,29,1,1985,True,False,,,0,0,RB,RB,N/A,1990,False,None,,50,52,16,65,52,46,10,21,10,22,69,1,1,62
1966,14,Cris,Collinsworth,Florida,32,6,77,192,7,17,8,15,1985,True,False,,,800000,1,WR,WR,CIN,0,False,None,,47,81,1,70,87,60,3,34,14,28,83,1,4,83
1968,86,Mickey,Shuler,Penn State,34,5,75,232,0,17,13,4,1985,True,False,,,0,0,TE,TE,N/A,1990,False,None,,44,57,1,65,82,68,1,40,35,47,71,1,1,75
1969,77,Keith,Dorney,Penn State,33,5,77,268,0,7,10,18,1985,True,False,,,0,0,T,T,N/A,1990,False,None,,83,48,1,55,14,60,1,63,73,46,55,1,1,79
1970,51,Mark,Dennard,Texas A&M,34,4,73,253,0,4,20,7,1985,True,False,,,0,0,C,C,N/A,1989,False,None,,84,42,1,40,17,62,1,77,62,31,56,1,1,77
1972,68,Carl,Hairston,Md-Eastern Shore,36,3,75,260,0,14,13,10,1985,False,False,,,0,0,DE,DE,N/A,1988,False,None,,79,65,1,58,37,53,1,1,5,61,79,1,1,81
1973,70,Rulon,Jones,Utah State,33,6,78,260,0,11,8,17,1985,False,False,,,0,0,DE,DE,N/A,1991,False,None,1985 NFC Pro Bowl Team|1986 NFC Pro Bowl Team,68,72,1,65,40,54,1,2,1,71,72,3,4,85
1974,77,Jeff,Bryant,Clemson,31,6,77,276,18,18,8,14,1985,False,False,,,2500000,1,DE,DE,BAL,0,False,None,,82,73,1,60,43,52,1,1,1,71,57,1,1,88
1975,49,Dwayne,Woodruff,Louisville,33,5,71,198,0,18,10,14,1985,False,False,,,0,0,CB,CB,N/A,1990,False,None,,30,84,1,69,70,58,1,1,1,46,74,1,1,84
1976,31,Kenny,Easley,UCLA,32,6,75,206,17,3,10,2,1985,False,False,,,1700000,1,SS,SS,CHC,0,False,None,1985 AFC Pro Bowl Team,47,88,1,70,61,54,1,5,1,70,88,1,1,78
1977,10,Al,Del Greco,Auburn,29,6,70,200,14,18,13,5,1985,True,False,,,2000000,1,K,K,ATL,0,False,None,1985 NFC Pro Bowl Team|1990 NFC Pro Bowl Team,31,49,8,37,22,74,1,1,1,23,95,92,73,81
1978,73,Joe,Klecko,Temple,35,3,75,263,0,8,10,10,1985,False,False,,,0,0,DT,DT,N/A,1988,False,None,1986 AFC Pro Bowl Team,86,56,1,67,41,48,4,1,4,52,59,2,1,78
1979,78,John,Dutton,Nebraska,36,2,78,266,0,16,13,14,1985,False,False,,,0,0,DT,DT,N/A,1987,False,None,1985 NFC Pro Bowl Team|1986 NFC Pro Bowl Team,72,55,1,61,35,64,1,1,1,62,77,1,1,77
1980,82,Todd,Christensen,BYU,35,6,75,230,0,18,12,14,1985,True,False,,,0,0,TE,TE,N/A,0,False,None,,42,65,1,51,80,50,1,45,22,37,70,1,1,70
1981,50,Duane,Bickett,USC,29,6,77,251,12,12,8,8,1985,False,False,,,3300000,2,LB,LB,DET,0,False,None,1985 NFC Pro Bowl Team,72,72,1,83,55,62,1,1,1,77,84,1,1,88
1982,38,Deron,Cherry,Rutgers,32,6,71,197,6,3,8,2,1985,False,False,,,250000,1,FS,FS,NYG,0,False,None,1987 NFC Pro Bowl Team,48,78,1,64,62,60,1,2,1,73,79,5,1,80
1983,17,Mark,Clayton,Louisville,30,6,69,177,18,10,7,18,1985,True,False,,,9250000,3,WR,WR,BAL,0,False,None,1986 NFC Pro Bowl Team,50,91,1,79,85,64,1,23,8,41,91,1,1,88
1984,47,LeRoy,Irvin,Kansas,33,5,71,184,0,11,11,2,1985,False,False,,,0,0,CB,CB,N/A,1990,False,None,,49,83,4,77,49,47,1,4,1,65,81,1,1,86
1985,39,Dave,Waymer,Notre Dame,33,6,73,195,1,1,9,16,1985,False,False,,,2700000,1,CB,CB,NYT,0,False,None,,55,74,1,72,54,60,1,1,1,69,93,1,1,88
1986,49,Tony,Paige,Virginia Tech,29,6,70,225,4,6,12,4,1985,True,False,,,5200000,2,FB,FB,OAK,0,False,None,,80,63,1,78,77,59,1,53,47,23,82,1,1,92
1987,14,Ken,Anderson,Augustana (IL),39,3,74,212,0,16,15,14,1985,True,False,,,0,0,QB,QB,N/A,1988,False,None,,26,42,76,37,15,79,58,1,1,23,77,1,1,67
1988,86,Mike,Quick,North Carolina State,32,6,74,190,14,3,6,2,1985,True,False,,,14450000,1,WR,WR,ATL,0,False,None,1986 NFC Pro Bowl Team|1990 NFC Pro Bowl Team,58,83,1,92,84,63,1,27,9,27,86,1,1,91
1989,7,Ken,O'Brien,California-Davis,31,6,76,210,7,3,16,2,1985,True,False,,,250000,4,QB,QB,CIN,0,False,None,,66,68,79,60,27,82,81,1,4,24,87,1,1,85
1992,46,Mossy,Cade,Texas,30,6,73,197,14,8,11,9,1985,False,False,,,1600000,1,SS,SS,ATL,0,False,None,,57,80,1,81,56,43,1,1,1,63,80,1,1,79
1993,14,Steve,Grogan,Kansas State,36,4,76,210,0,8,25,9,1985,True,False,,,0,0,QB,QB,N/A,1989,False,None,,53,49,71,50,14,77,80,1,1,27,74,1,1,78
1994,18,Jim,Zorn,Cal Poly-Pomona,33,1,74,200,0,14,27,10,1985,True,False,,,0,0,QB,QB,N/A,1986,False,None,,42,50,88,60,3,76,68,1,1,11,80,1,1,80
1995,33,Tony,Collins,East Carolina,32,6,71,208,6,1,25,16,1985,True,False,,,250000,1,RB,RB,NYG,0,False,None,,67,84,28,75,65,57,10,30,40,33,73,1,1,82
1996,31,Gerry,Ellis,Missouri,29,1,71,221,0,2,31,13,1985,True,False,,,0,0,RB,RB,N/A,1986,False,None,,71,74,15,80,62,47,21,22,34,25,68,1,1,80
1997,45,Steve,Sewell,Oklahoma,28,6,75,210,20,18,9,5,1985,True,False,,,400000,4,RB,RB,LOU,0,False,None,,64,92,19,78,62,50,11,20,34,25,75,1,1,83
1998,86,Wes,Chandler,Florida,34,5,72,196,0,1,11,16,1985,True,False,,,0,0,WR,WR,N/A,1990,False,None,,25,89,1,68,77,72,5,24,20,40,73,1,1,79
2002,70,Billy,Shields,Georgia Tech,34,2,80,272,0,5,16,13,1985,True,False,,,0,0,T,T,N/A,1987,False,None,,60,39,1,29,11,59,1,81,65,34,74,1,1,73
2003,63,Karl,Baldischwiler,Oklahoma,34,5,77,265,0,11,10,17,1985,True,False,,,0,0,T,T,N/A,1990,False,None,1985 NFC Pro Bowl Team,64,38,1,38,19,62,1,70,67,43,52,1,1,71
2004,61,Lance,Smith,LSU,28,6,75,283,8,8,8,10,1985,True,False,,,5400000,3,T,T,SEA,0,False,None,,91,64,1,56,8,70,1,79,73,34,74,1,1,86
2005,60,Dan,Alexander,LSU,36,6,76,260,0,15,15,3,1985,True,False,,,0,0,G,G,N/A,0,False,None,,67,13,1,28,1,38,1,46,67,21,31,1,1,58
2007,52,Kevin,Glover,Maryland,28,6,74,278,17,12,9,11,1985,True,False,,,1800000,3,C,C,CHC,0,False,None,1987 NFC Pro Bowl Team,74,61,1,55,18,63,1,79,79,47,76,1,1,84
2009,74,Mark,Tuinei,Hawaii,31,6,77,302,0,10,13,18,1985,True,False,,,0,0,C,C,N/A,0,False,None,,76,59,1,50,17,72,1,68,66,42,71,1,1,77
2010,55,Don,Mosebar,USC,30,6,78,285,8,2,9,13,1985,True,False,,,6200000,1,C,C,SEA,0,False,None,1990 AFC Pro Bowl Team,89,61,1,60,17,57,1,82,78,50,75,1,1,87
2013,53,Guy,Bingham,Montana,33,6,75,255,0,17,20,15,1985,True,False,,,0,0,C,C,N/A,1991,False,None,,75,41,1,46,14,56,1,68,69,31,63,1,1,75
2014,67,Art,Still,Kentucky,36,6,79,253,0,9,9,7,1985,False,False,,,0,0,DE,DE,N/A,0,False,None,,58,62,1,41,30,54,1,1,1,57,49,1,1,68
2015,72,Jacob,Green,Texas A&M,34,6,75,255,0,1,14,3,1985,False,False,,,0,0,DE,DE,N/A,1991,False,None,,69,67,1,66,45,54,4,1,1,72,67,1,1,86
2017,56,Robin,Cole,New Mexico,34,4,74,220,0,1,13,16,1985,False,False,,,0,0,LB,LB,N/A,1989,False,None,,56,62,1,73,46,59,1,1,1,69,79,1,1,77
2018,95,David,Little,Florida,32,6,73,232,18,10,10,1,1985,False,False,,,2900000,2,LB,LB,BAL,0,False,None,,71,69,1,71,34,67,1,1,1,78,72,1,1,84
2019,59,Kyle,Clifton,TCU,29,6,76,236,9,9,7,7,1985,False,False,,,6500000,1,LB,LB,LON,0,False,None,1985 AFC Pro Bowl Team|1987 AFC Pro Bowl Team|1989 AFC Pro Bowl Team|1990 AFC Pro Bowl Team,73,82,1,87,34,67,1,1,1,84,77,1,1,91
2020,49,William,Judson,South Carolina State,32,6,73,189,13,13,11,8,1985,False,False,,,2600000,3,CB,CB,MIN,0,False,None,1988 NFC Pro Bowl Team,41,81,1,83,69,47,1,1,1,50,78,1,1,88
2021,49,Glenn,Blackwood,Texas,32,4,72,187,0,7,14,18,1985,False,False,,,0,0,SS,SS,N/A,1989,False,None,,55,73,1,72,54,54,1,1,1,63,78,1,1,76
2022,38,Roland,James,Tennessee,33,6,74,191,0,10,12,1,1985,False,False,,,0,0,SS,SS,N/A,1991,False,None,,61,85,1,73,45,41,1,1,1,73,82,1,1,79
2023,29,Jerry,Gray,Texas,29,6,72,183,20,6,7,15,1985,False,False,,,9450000,1,CB,CB,LOU,0,False,None,1986 AFC Pro Bowl Team,55,92,1,77,68,52,1,1,1,46,86,1,1,89
2024,23,Shaun,Gayle,Ohio State,29,6,71,202,10,13,9,8,1985,False,False,,,3000000,4,SS,SS,IND,0,False,None,,68,82,1,83,67,59,1,1,1,65,88,1,1,85
2025,42,Brett,Maxie,Texas Southern,29,6,74,194,8,7,12,18,1985,False,False,,,3650000,3,CB,CB,SEA,0,False,None,1985 AFC Pro Bowl Team|1988 Playoff MVP|1988 Playoff MVP|1988 AFC Pro Bowl Team,55,79,1,76,56,62,1,1,1,59,82,1,1,88
2026,34,Kevin,Mack,Clemson,29,6,72,224,6,4,8,7,1985,True,False,,,5000000,2,FB,FB,NYG,0,False,None,1990 NFC Pro Bowl Team,83,57,1,84,69,50,1,65,52,21,89,1,1,97
2027,87,Mark,Bavaro,Notre Dame,28,6,76,245,1,6,9,15,1985,True,False,,,4100000,2,TE,TE,NYT,0,False,None,1988 NFC Pro Bowl Team|1990 NFC Pro Bowl Team,64,64,1,88,81,66,1,39,51,39,71,1,1,87
2028,66,Luis,Sharpe,UCLA,31,6,77,275,18,7,8,18,1985,True,False,,,3250000,1,T,T,BAL,0,False,None,,83,37,1,55,30,65,1,73,72,43,66,1,1,81
2029,83,Irving,Fryar,Nebraska,29,6,72,200,8,13,7,8,1985,True,False,,,5300000,3,WR,WR,SEA,0,False,None,1989 AFC Pro Bowl Team,41,98,1,85,85,75,4,19,34,31,86,1,1,91
2030,26,Matt,Suhey,Penn State,33,6,71,217,8,14,15,10,1985,True,False,,,3100000,4,FB,FB,SEA,0,False,None,1985 NFC Pro Bowl Team,50,39,1,52,60,45,1,58,43,31,76,1,1,78
2031,33,Scott,Case,Northeast Oklahoma A&M,29,6,73,188,18,2,8,6,1985,False,False,,,3800000,4,SS,SS,BAL,0,False,None,,69,88,1,71,61,62,1,1,1,72,91,1,1,84
2032,32,Craig,James,SMU,30,6,72,215,13,13,12,11,1985,True,False,,,2950000,1,FB,FB,MIN,0,False,None,1988 NFC Pro Bowl Team|1989 NFC Pro Bowl Team,78,72,1,79,72,72,1,52,49,24,80,1,1,92
2033,83,Willie,Gault,Tennessee,31,6,72,181,7,4,9,12,1985,True,False,,,4700000,2,WR,WR,CIN,0,False,None,1985 AFC Pro Bowl Team,26,72,1,95,63,51,1,25,10,34,78,1,1,80
2034,30,Ron,Davenport,Louisville,29,6,74,230,0,6,18,4,1985,True,False,,,0,0,RB,RB,N/A,0,False,None,,59,64,9,68,51,48,6,25,13,15,79,1,1,70
2035,70,Derland,Moore,Oklahoma,36,2,76,250,0,5,18,13,1985,False,False,,,0,0,DT,DT,N/A,1987,False,None,1985 AFC Pro Bowl Team,71,53,1,46,25,61,1,1,1,64,72,1,1,75
2036,7,Joe,Theismann,Notre Dame,37,1,72,192,0,12,25,11,1985,True,False,,,0,0,QB,QB,N/A,1986,False,None,1985 NFC Pro Bowl Team,51,67,80,61,22,81,81,1,1,26,78,1,1,82
2038,33,Johnny,Hector,Texas A&M,31,6,71,204,0,9,24,12,1985,True,False,,,0,0,RB,RB,N/A,0,False,None,,57,72,20,76,65,46,17,31,31,14,72,1,1,76
2039,38,Dan,Doornink,Washington State,35,6,75,210,0,1,29,16,1985,True,False,,,0,0,RB,RB,N/A,0,False,None,,35,55,8,50,43,18,1,15,20,5,62,1,1,51
2040,33,Charles,White,USC,29,2,70,190,0,6,31,15,1985,True,False,,,0,0,RB,RB,N/A,1987,False,None,,68,73,14,88,55,56,23,27,33,34,70,1,1,80
2041,78,Bob,Cryder,Alabama,33,4,76,275,0,18,15,5,1985,True,False,,,0,0,T,T,N/A,1989,False,None,,79,46,1,46,10,69,1,70,61,29,60,1,1,75
2042,60,Dennis,Harrah,Miami (FL),34,2,77,260,0,16,11,14,1985,True,False,,,0,0,G,G,N/A,1987,False,None,1986 NFC Pro Bowl Team,89,59,1,51,14,63,1,67,81,45,73,4,1,81
2043,65,Russ,Grimm,Pittsburgh,32,6,75,273,3,7,11,1,1985,True,False,,,4550000,1,T,T,GB,0,False,None,,80,59,1,63,37,76,1,73,66,38,69,1,1,76
2044,62,Jim,Ritcher,North Carolina State,33,6,75,273,0,9,13,7,1985,True,False,,,0,0,G,G,N/A,1991,False,None,1985 AFC Pro Bowl Team|1987 AFC Pro Bowl Team,81,47,1,36,5,56,1,79,68,45,59,1,1,79
2045,60,Paul,Howard,BYU,36,1,75,260,0,4,23,12,1985,True,False,,,0,0,G,G,N/A,1986,False,None,1985 AFC Pro Bowl Team,78,42,1,46,4,70,1,77,67,43,55,1,1,78
2046,68,Billy,Ard,Wake Forest,32,6,75,265,14,10,11,18,1985,True,False,,,2350000,3,G,G,ATL,0,False,None,,77,44,1,54,14,60,1,77,74,29,54,1,1,82
2047,61,Ron,Hallstrom,Iowa,32,6,78,300,15,8,9,9,1985,True,False,,,2600000,2,G,G,SF,0,False,None,,67,50,1,44,16,77,1,75,59,35,70,1,1,77
2048,71,Petey,Perot,Northwest State (LA),33,5,74,261,0,6,19,15,1985,True,False,,,0,0,G,G,N/A,1990,False,None,,64,43,1,23,9,70,1,67,54,39,70,1,1,69
2049,60,Dean,Miraldi,Long Beach State,33,6,77,266,0,17,14,15,1985,True,False,,,0,0,G,G,N/A,1991,False,None,,79,55,1,49,15,66,1,76,80,31,56,1,1,84
2052,56,Rich,Umphrey,Colorado,32,5,75,263,0,11,22,17,1985,True,False,,,0,0,C,C,N/A,1990,False,None,1985 NFC Pro Bowl Team,72,45,1,33,9,68,1,74,81,38,57,1,1,79
2053,51,Jerry,Robinson,UCLA,34,5,74,223,0,13,14,11,1985,False,False,,,0,0,LB,LB,N/A,1990,False,None,,61,61,2,56,38,77,1,1,1,86,65,4,1,79
2054,97,Dan,Bunz,California-Riverside,34,4,76,226,0,14,16,9,1985,False,False,,,0,0,LB,LB,N/A,1989,False,None,,52,56,1,51,37,61,1,1,1,68,59,1,1,68
2055,47,Joey,Browner,USC,31,6,74,221,15,4,4,7,1985,False,False,,,5000000,2,SS,SS,SF,0,False,None,1985 AFC Pro Bowl Team|1989 AFC Pro Bowl Team|1990 AFC Pro Bowl Team,54,82,1,88,62,67,1,1,1,59,87,1,1,83
2056,25,Keith,Bostic,Michigan,30,6,73,216,13,13,8,11,1985,False,False,,,2500000,1,SS,SS,MIN,0,False,None,,54,84,1,74,53,55,1,1,1,69,80,1,1,79
2057,27,Tom,Pridemore,West Virginia,35,6,70,186,0,8,14,10,1985,False,False,,,0,0,FS,FS,N/A,0,False,None,,31,62,1,68,56,40,1,1,1,42,72,1,1,67
2059,96,Michael,Carter,SMU,31,6,74,285,3,17,9,4,1985,False,False,,,8150000,1,DT,DT,GB,0,False,None,1987 AFC Pro Bowl Team,84,51,1,57,40,67,2,1,1,82,83,1,1,89
2060,61,Tootie,Robbins,East Carolina,33,6,77,303,6,3,9,17,1985,True,False,,,250000,2,T,T,NYG,0,False,None,,76,58,1,53,15,64,1,72,73,48,75,1,1,80
2061,80,Dwight,Clark,Clemson,34,6,76,212,0,14,12,9,1985,True,False,,,0,0,WR,WR,N/A,0,False,None,,29,63,1,65,81,65,1,16,10,24,81,1,1,73
2062,53,Darryl,Talley,West Virginia,31,6,76,235,11,16,8,5,1985,False,False,,,2500000,1,LB,LB,CHI,0,False,None,1986 AFC Pro Bowl Team|1988 NFC Pro Bowl Team|1990 NFC Pro Bowl Team,63,64,1,75,47,73,1,1,4,87,82,1,2,86
2063,38,Mosi,Tatupu,USC,32,2,72,227,0,3,31,17,1985,True,False,,,0,0,RB,RB,N/A,1987,False,None,,65,73,12,84,51,48,20,27,35,23,81,1,1,79
2064,31,Frank,Minnifield,Louisville,31,6,69,180,15,15,8,16,1985,False,False,,,8800000,3,CB,CB,SF,0,False,None,1987 NFC Pro Bowl Team|1990 NFC Pro Bowl Team,50,92,1,81,62,61,1,1,1,55,73,1,2,92
2065,38,Eugene,Daniel,LSU,30,6,71,178,12,12,11,11,1985,False,False,,,2500000,3,CB,CB,DET,0,False,None,1986 NFC Pro Bowl Team,38,67,1,86,62,49,1,1,1,70,73,1,1,90
2066,87,Ozzie,Newsome,Alabama,33,4,74,232,0,4,10,7,1985,True,False,,,0,0,TE,TE,N/A,1989,False,None,,53,62,1,73,87,51,1,40,32,52,74,1,1,79
2067,87,Al,Toon,Wisconsin,28,6,76,205,6,14,9,10,1985,True,False,Sprained Wrist,Doubtful,4700000,2,WR,WR,NYG,0,False,None,1989 NFC Pro Bowl Team|1990 NFC Pro Bowl Team,53,85,1,84,90,66,1,28,17,28,75,1,1,90
2068,80,Jimmie,Giles,Alcorn State,36,5,75,239,0,16,16,5,1985,True,False,,,0,0,TE,TE,N/A,1990,False,None,1986 NFC Pro Bowl Team,46,52,1,52,72,68,1,40,43,34,74,1,1,71
2069,34,Hubie,Oliver,Arizona,34,6,70,215,0,5,37,6,1985,True,False,,,0,0,RB,RB,N/A,1991,False,None,,40,59,4,52,45,24,1,1,6,4,62,1,1,55
2070,36,Todd,Spencer,USC,29,6,72,203,0,14,35,10,1985,True,False,,,0,0,RB,RB,N/A,0,False,None,,63,61,2,70,58,44,3,11,19,25,63,1,1,72
2071,80,Nat,Moore,Florida,35,1,69,184,0,5,24,13,1985,True,False,,,0,0,WR,WR,N/A,1986,False,None,,42,83,1,74,85,61,1,12,10,23,65,1,1,81
2072,4,Richard,Todd,Alabama,34,2,74,207,0,1,26,3,1985,True,False,,,0,0,QB,QB,N/A,1987,False,None,,34,64,85,57,15,64,81,1,1,19,82,1,1,79
2076,13,Dave,Wilson,Illinois,32,6,75,206,0,5,34,13,1985,True,False,,,0,0,QB,QB,N/A,0,False,None,,34,48,67,40,10,71,65,1,1,12,64,1,1,69
2077,33,George,Adams,Kentucky,29,6,73,225,0,8,32,10,1985,True,False,,,0,0,RB,RB,N/A,0,False,None,,60,77,12,76,52,46,2,18,24,19,65,1,1,71
2078,48,Tim,Spencer,Ohio State,31,6,73,224,14,10,16,1,1985,True,False,,,2900000,1,FB,FB,ATL,0,False,None,,64,65,1,65,57,53,1,51,44,19,81,1,1,82
2079,86,Stanley,Morgan,Tennessee,32,2,71,181,0,13,13,8,1985,True,False,,,0,0,WR,WR,N/A,1987,False,None,,36,87,1,70,93,74,1,20,29,36,80,1,1,83
2080,80,Stephone,Paige,Fresno State,30,6,74,184,13,12,12,8,1985,True,False,,,4100000,1,WR,WR,MIN,0,False,None,1986 NFC Pro Bowl Team,38,87,1,84,86,63,1,35,22,39,95,1,1,88
2081,60,Dave,Studdard,Texas,33,3,76,260,0,5,25,6,1985,True,False,,,0,0,T,T,N/A,1988,False,None,,55,39,1,30,19,63,1,76,63,30,63,1,1,70
2082,70,Jon,Giesler,Michigan,33,4,77,262,0,18,16,14,1985,True,False,,,0,0,T,T,N/A,1989,False,None,,67,57,1,42,12,58,1,64,81,45,51,1,1,78
2083,64,Bruce,Reimers,Iowa State,31,6,79,285,0,10,15,18,1985,True,False,,,0,0,T,T,N/A,0,False,None,,63,35,1,30,1,46,1,71,61,26,66,1,1,67
2086,59,Dan,Turk,Drake,29,6,76,290,17,12,23,11,1985,True,False,,,2500000,2,C,C,CHC,0,False,None,1986 NFC Pro Bowl Team|1989 NFC Pro Bowl Team,77,41,1,47,18,70,1,77,72,37,61,1,1,81
2088,93,Keith,Willis,Northeastern,32,6,73,260,13,11,12,17,1985,False,False,,,2000000,3,DE,DE,MIN,0,False,None,,69,77,1,65,44,63,1,1,1,60,71,1,1,85
2089,75,Curtis,McGriff,Alabama,33,6,77,270,0,7,19,1,1985,False,False,,,0,0,DE,DE,N/A,0,False,None,,65,39,1,46,12,32,1,1,1,46,58,1,1,60
2090,59,Matt,Blair,Iowa State,36,1,77,232,0,8,24,10,1985,False,False,,,0,0,LB,LB,N/A,1986,False,None,,72,79,5,62,50,74,1,1,1,71,70,1,1,81
2091,53,Rod,Martin,USC,35,4,74,218,0,13,16,11,1985,False,False,,,0,0,LB,LB,N/A,1989,False,None,,53,60,1,66,42,59,1,1,1,73,82,3,1,75
2092,50,Scott,Studwell,Illinois,37,6,74,228,0,4,14,7,1985,False,False,,,0,0,LB,LB,N/A,0,False,None,1985 AFC Pro Bowl Team,39,53,1,46,25,58,1,1,1,71,61,1,1,62
2093,57,Robert,Lyles,TCU,30,6,73,226,3,11,13,2,1985,False,False,,,250000,1,LB,LB,GB,0,False,None,,63,73,1,69,44,64,1,1,1,72,86,1,1,80
2094,95,Kurt,Allerman,Penn State,32,2,75,222,0,8,19,9,1985,False,False,,,0,0,LB,LB,N/A,1987,False,None,,65,71,1,70,44,51,1,1,1,77,65,1,1,81
2095,31,Kevin,Ross,Temple,29,6,69,185,1,13,10,11,1985,False,False,,,10600000,2,CB,CB,NYT,0,False,None,1986 NFC Pro Bowl Team,43,84,4,83,75,64,1,5,1,55,82,1,1,94
2096,24,Ronnie,Lippett,Miami (FL),31,6,71,180,14,3,15,17,1985,False,False,,,2100000,1,CB,CB,ATL,0,False,None,,41,82,1,73,59,58,1,1,1,44,82,1,1,80
2097,24,Dennis,Smith,USC,32,6,75,200,19,15,12,16,1985,False,False,,,3500000,2,SS,SS,WAS,0,False,None,1990 NFC Pro Bowl Team,64,75,1,78,54,62,1,1,1,67,90,2,1,81
2098,26,Andre,Waters,Cheyney,29,6,71,200,16,10,14,1,1985,False,False,,,4100000,1,CB,CB,TB,0,False,None,,66,79,1,70,55,64,1,1,1,73,82,1,1,85
2099,32,Dennis,Thurman,USC,35,6,71,176,0,16,21,14,1985,False,False,,,0,0,SS,SS,N/A,1991,False,None,,37,67,1,69,36,33,1,1,1,38,76,1,1,61
2100,48,Lawrence,Johnson,Wisconsin,33,5,71,204,0,5,19,6,1985,False,False,,,0,0,FS,FS,N/A,1990,False,None,,43,60,1,60,41,40,1,1,1,45,79,1,1,63
2101,29,Vince,Albritton,Washington,29,6,74,215,11,18,17,5,1985,False,False,,,250000,1,FS,FS,CHI,0,False,None,1986 NFC Pro Bowl Team|1988 AFC Pro Bowl Team|1989 AFC Pro Bowl Team,48,71,1,87,59,49,1,1,1,56,83,1,1,81
2102,6,Rolf,Benirschke,California-Davis,34,4,72,171,0,16,26,5,1985,True,False,,,0,0,K,K,N/A,1989,False,None,,2,38,8,38,14,69,1,1,1,21,91,78,76,75
2103,72,Bill,Maas,Pittsburgh,29,6,77,271,4,15,11,3,1985,False,False,,,800000,1,DT,DT,OAK,0,False,None,,84,59,1,65,33,52,1,1,1,64,66,1,1,82
2104,67,Darryl,Grant,Rice,32,6,73,269,0,3,13,17,1985,False,False,,,0,0,DT,DT,N/A,1991,False,None,,84,74,1,49,48,57,1,1,1,72,78,1,1,85
2105,12,Lynn,Dickey,Kansas State,39,3,75,214,0,17,39,4,1985,True,False,,,0,0,QB,QB,N/A,1988,False,None,,40,56,80,48,21,79,73,1,1,8,71,1,1,76
2106,83,Mark,Duper,Northwest State (LA),32,6,69,185,0,10,9,18,1985,True,False,,,0,0,WR,WR,N/A,0,False,None,,23,59,1,76,81,61,1,9,8,28,88,1,1,75
2107,65,Joe,Jacoby,Louisville,32,6,79,305,18,11,9,2,1985,True,False,,,350000,2,T,T,BAL,0,False,None,,69,60,1,46,12,78,3,87,71,43,78,1,1,83
2108,81,Louis,Lipps,Southern Miss,29,6,70,190,18,9,4,12,1985,True,False,,,6550000,3,WR,WR,BAL,0,False,None,,30,81,1,86,87,71,1,17,10,21,72,1,1,87
2109,40,Butch,Woolfolk,Michigan,31,6,73,210,0,11,23,2,1985,True,False,,,0,0,RB,RB,N/A,1991,False,None,,53,67,14,72,61,36,17,27,14,10,75,1,1,67
2110,37,Lionel,James,Auburn,29,6,66,171,16,3,21,17,1985,True,False,,,1650000,2,WR,WR,TB,0,False,None,,55,79,24,79,84,51,8,34,23,23,71,1,1,78
2113,30,Mike,Rozier,Nebraska,30,6,70,209,7,15,10,16,1985,True,False,,,250000,1,FB,FB,CIN,0,False,None,1986 NFC Pro Bowl Team,64,81,1,82,47,53,1,59,36,40,86,1,1,82
2114,46,David,Hughes,Boise State,32,6,72,220,19,8,20,10,1985,True,False,,,2000000,1,FB,FB,WAS,0,False,None,,64,49,1,56,53,60,1,53,37,33,86,1,1,78
2115,11,Danny,White,Arizona State,34,1,74,193,0,15,29,3,1985,True,False,,,0,0,QB,QB,N/A,1986,False,None,,37,63,79,54,15,77,79,1,1,22,73,4,1,78
2117,32,Albert,Bentley,Miami (FL),31,6,71,200,7,15,32,16,1985,True,False,,,250000,1,RB,RB,CIN,0,False,None,,70,62,16,75,57,58,18,33,18,23,60,1,1,76
2118,31,Lynn,Cain,USC,33,3,73,205,0,1,39,16,1985,True,False,,,0,0,RB,RB,N/A,1988,False,None,,47,59,5,70,53,51,19,23,32,17,58,1,1,68
2119,40,Buford,McGee,Mississippi,31,6,72,206,0,8,38,10,1985,True,False,,,0,0,RB,RB,N/A,0,False,None,,68,62,5,83,58,37,5,25,19,32,74,1,1,74
2120,42,Allen,Rice,Baylor,28,5,70,203,0,10,38,1,1985,True,False,,,0,0,RB,RB,N/A,1990,False,None,,48,75,13,61,56,38,8,15,23,18,75,1,1,66
2122,16,Jeff,Chadwick,Grand Valley State,31,6,75,190,1,6,13,15,1985,True,False,,,1600000,2,WR,WR,NYT,0,False,None,,36,68,1,75,82,61,1,31,17,32,81,1,1,79
2123,84,Mark,Nichols,San Jose State,32,6,74,210,0,6,14,4,1985,True,False,,,0,0,WR,WR,N/A,1991,False,None,,31,83,1,78,83,68,1,20,23,28,69,1,1,83
2124,89,Bennie,Cunningham,Clemson,34,3,77,254,0,16,24,5,1985,True,False,,,0,0,TE,TE,N/A,1988,False,None,1985 NFC Pro Bowl Team,45,57,1,80,79,65,1,40,45,43,65,1,1,79
2125,63,Jim,Lachey,Ohio State,28,6,78,294,16,3,12,2,1985,True,False,,,6750000,1,T,T,TB,0,False,None,1985 AFC Pro Bowl Team,84,54,1,50,28,66,1,81,73,49,68,1,3,84
2127,70,Eric,Sanders,Nevada-Reno,33,6,78,277,0,10,18,1,1985,True,False,,,0,0,T,T,N/A,1991,False,None,,79,52,1,36,7,59,1,76,65,31,66,1,1,76
2128,66,Robert,Pratt,North Carolina,37,3,75,255,0,17,30,15,1985,True,False,,,0,0,G,G,N/A,1988,False,None,,67,37,1,35,13,64,1,62,57,35,45,1,1,67
2129,75,Ronnie,Lee,Baylor,32,3,75,265,0,4,18,7,1985,True,False,,,0,0,G,G,N/A,1988,False,None,1986 AFC Pro Bowl Team,66,35,1,42,23,60,1,84,70,35,53,1,1,78
2130,69,Tom,Thayer,Notre Dame,30,6,76,271,16,16,10,5,1985,True,False,,,2250000,1,G,G,TB,0,False,None,,80,41,1,42,9,66,1,82,67,48,71,1,1,82
2131,73,Charley,Hannah,Alabama,35,5,77,260,0,1,22,3,1985,True,False,,,0,0,G,G,N/A,1990,False,None,,59,33,1,26,13,59,1,63,57,35,53,1,1,65
2132,53,Ray,Donaldson,Georgia,33,6,75,311,0,15,22,16,1985,True,False,,,0,0,C,C,N/A,0,False,None,,70,48,3,38,9,70,1,65,65,33,70,1,1,72
2135,71,Charles,Mann,Nevada-Reno,30,6,78,268,15,15,9,3,1985,False,False,,,3900000,3,DE,DE,SF,0,False,None,,76,73,3,67,54,62,1,3,1,51,79,1,1,85
2136,74,Al,Baker,Colorado State,33,4,78,265,0,8,15,9,1985,False,False,,,0,0,DE,DE,N/A,1989,False,None,,72,54,1,51,37,62,1,1,1,70,76,4,1,79
2137,75,Mike,Hartenstine,Penn State,36,4,75,251,0,13,24,11,1985,False,False,,,0,0,DE,DE,N/A,1989,False,None,1987 AFC Pro Bowl Team,70,71,1,57,43,49,2,3,1,61,78,1,1,80
2138,73,Simon,Fletcher,Houston,29,6,77,240,9,2,16,6,1985,False,False,,,8000000,2,DE,DE,LON,0,False,None,,68,62,1,81,25,57,1,1,1,70,79,1,1,87
2139,99,Lee,Williams,Bethune-Cookman,29,6,78,269,14,2,10,6,1985,False,False,,,2150000,1,DE,DE,ATL,0,False,None,,78,64,1,73,37,47,1,1,1,54,64,1,1,83
2140,76,Gary,Jeter,USC,34,4,76,259,0,5,21,6,1985,False,False,,,0,0,DE,DE,N/A,1989,False,None,,66,50,1,54,19,51,1,1,1,48,60,1,1,68
2141,59,Mike,Douglass,Arizona State,33,3,72,220,0,8,17,9,1985,False,False,,,0,0,LB,LB,N/A,1988,False,None,,59,64,1,73,33,55,1,1,1,79,74,1,1,79
2142,91,Johnny,Meads,Nicholls State,30,6,74,231,17,6,16,4,1985,False,False,,,2850000,2,LB,LB,CHC,0,False,None,,64,70,1,68,48,58,1,1,1,75,82,1,1,81
2143,37,Lester,Hayes,Texas A&M,32,2,72,200,0,9,11,7,1985,False,False,,,0,0,CB,CB,N/A,1987,False,None,,50,78,1,90,53,51,1,1,3,41,76,1,1,84
2144,27,Mike,Richardson,Arizona State,30,6,72,187,17,7,13,1,1985,False,False,,,9250000,1,CB,CB,CHC,0,False,None,,43,76,1,86,65,56,1,1,1,48,75,1,1,88
2145,25,Nesby,Glasgow,Washington,34,6,70,185,14,14,18,9,1985,False,False,,,250000,1,SS,SS,ATL,0,False,None,,61,68,1,73,53,59,1,1,1,51,90,1,1,74
2147,23,Benny,Perrin,Alabama,32,6,74,178,19,12,18,8,1985,False,False,,,2350000,1,FS,FS,WAS,0,False,None,,28,69,1,71,57,58,1,1,1,62,85,1,1,76
2148,34,Keith,Simpson,Memphis,35,6,73,195,0,11,17,2,1985,False,False,,,0,0,FS,FS,N/A,0,False,None,1985 NFC Pro Bowl Team,24,63,1,70,39,39,1,1,1,53,68,1,1,65
2149,47,William,Frizzell,North Carolina Central,29,6,75,203,4,17,17,4,1985,False,False,,,490000,1,SS,SS,OAK,0,False,None,,45,70,1,72,50,43,1,1,1,59,84,1,1,70
2150,3,Rich,Karlis,Cincinnati,32,6,72,180,1,6,17,15,1985,True,False,,,1600000,1,K,K,NYT,0,False,None,,17,32,19,29,17,62,1,1,1,11,83,78,89,77
2151,83,Steve,Jordan,Brown,30,6,75,236,15,15,6,16,1985,True,False,,,5500000,2,TE,TE,SF,0,False,None,1985 NFC Pro Bowl Team|1986 NFC Pro Bowl Team|1987 NFC Pro Bowl Team|1988 NFC Pro Bowl Team,57,66,3,73,85,67,1,67,54,52,74,1,1,88
2152,23,Richard,Johnson,Wisconsin,28,6,73,195,2,2,11,13,1985,False,False,,,2350000,3,FS,FS,MIA,0,False,None,1985 AFC Pro Bowl Team|1986 AFC Pro Bowl Team|1990 AFC Pro Bowl Team,71,86,1,74,57,64,1,1,1,55,88,1,1,83
2153,84,Steve,Tasker,Northwestern,29,6,69,185,5,4,13,12,1985,True,False,,,3300000,2,WR,WR,BUF,0,False,None,1987 AFC Pro Bowl Team,41,80,1,86,76,64,1,18,8,18,77,1,1,84
2154,21,Fred,Marion,Miami (FL),32,6,74,192,0,13,17,8,1985,False,False,,,0,0,FS,FS,N/A,0,False,None,1987 NFC Pro Bowl Team,59,69,1,74,61,59,1,1,1,62,75,1,1,79
2155,14,Frank,Reich,Maryland,30,6,76,210,4,18,20,14,1985,True,False,,,490000,1,QB,QB,OAK,0,False,None,,51,51,76,50,6,87,79,1,1,13,70,1,1,82
2156,4,Joe,Ferguson,Arkansas,37,2,73,195,0,2,39,13,1985,True,False,,,0,0,QB,QB,N/A,1987,False,None,,53,67,85,59,29,72,75,4,5,21,90,1,1,78
2158,88,Sammy,White,Grambling State,34,3,71,190,0,8,27,9,1985,True,False,,,0,0,WR,WR,N/A,1988,False,None,,42,64,1,71,73,68,1,19,4,31,76,1,1,75
2162,57,Steve,Busick,USC,33,6,76,227,0,13,19,8,1985,False,False,,,0,0,LB,LB,N/A,1991,False,None,,56,66,1,61,12,20,1,1,1,73,37,1,1,67
2163,83,Calvin,Sweeney,California-Riverside,33,3,74,190,0,17,31,4,1985,True,False,,,0,0,WR,WR,N/A,1988,False,None,,23,73,1,71,73,52,1,29,5,31,81,1,1,74
2164,81,Greg,Hawthorne,Baylor,33,4,74,228,0,18,24,14,1985,True,False,,,0,0,WR,WR,N/A,1989,False,None,,34,68,1,74,81,55,1,8,20,24,75,1,1,77
2166,14,Gary,Hogeboom,Central Michigan,33,6,76,205,0,14,39,10,1985,True,False,,,0,0,QB,QB,N/A,1991,False,None,,41,51,65,45,14,81,83,1,1,19,73,1,1,78
2169,46,Alfred,Anderson,Baylor,29,5,73,219,0,16,40,5,1985,True,False,,,0,0,RB,RB,N/A,1990,False,None,,53,63,15,75,56,53,5,26,12,21,67,1,1,69
2170,32,Rick,Parros,Utah State,33,6,71,200,0,11,43,2,1985,True,False,,,0,0,RB,RB,N/A,0,False,None,,42,66,5,71,51,41,3,22,30,14,76,1,1,66
2173,49,Ricky,Williams,Langston,31,6,73,195,0,17,12,15,1985,True,False,,,0,0,RB,RB,N/A,0,False,None,,68,79,13,79,59,46,6,20,30,15,76,1,1,77
2174,84,Malcom,Barnwell,Virginia Union,33,6,71,184,0,7,26,18,1985,True,False,,,0,0,WR,WR,N/A,0,False,None,,38,70,1,61,66,54,1,14,4,13,85,1,1,69
2175,80,Charle,Young,USC,37,3,76,234,0,1,24,3,1985,True,False,,,0,0,TE,TE,N/A,1988,False,None,,58,55,1,80,77,68,1,42,53,33,62,1,1,79
2176,80,Hoby,Brenner,USC,32,6,76,240,0,7,15,1,1985,True,False,,,0,0,TE,TE,N/A,0,False,None,,36,59,1,69,86,57,1,42,51,49,92,1,1,77
2177,88,Preston,Gothard,Alabama,29,6,76,239,13,13,15,8,1985,True,False,,,1900000,1,TE,TE,MIN,0,False,None,,58,72,1,79,79,61,1,49,44,30,69,1,1,85
2178,76,Tim,Irwin,Tennessee,33,6,79,300,0,11,27,2,1985,True,False,,,0,0,T,T,N/A,0,False,None,,72,40,1,39,25,63,1,70,64,35,84,1,1,73
2179,62,Tunch,Ilkin,Indiana State,33,5,75,263,0,15,20,16,1985,True,False,,,0,0,T,T,N/A,1990,False,None,,81,39,1,46,1,55,1,67,52,43,48,1,1,66
2181,60,Broderick,Thompson,Kansas,31,6,77,295,6,18,21,5,1985,True,False,,,250000,1,T,T,NYG,0,False,None,,81,45,1,40,10,61,1,70,86,33,56,1,1,83
2182,72,Dave,Huffman,Notre Dame,32,4,78,280,0,7,33,1,1985,True,False,,,0,0,T,T,N/A,1989,False,None,,77,38,1,46,14,71,1,66,59,28,58,1,1,73
2183,73,Roy,Foster,USC,31,6,76,282,2,2,14,6,1985,True,False,,,3000000,1,G,G,MIA,0,False,None,1986 AFC Pro Bowl Team,86,47,1,40,18,66,1,76,78,31,66,1,1,83
2184,69,R.C.,Thielemann,Arkansas,35,5,76,255,0,3,20,2,1985,True,False,,,0,0,G,G,N/A,1990,False,None,,50,15,1,27,3,44,1,58,60,34,38,1,1,58
2186,78,Rich,Baldinger,Wake Forest,32,6,76,285,0,5,27,6,1985,True,False,,,0,0,G,G,N/A,0,False,None,,69,38,1,48,1,59,1,68,58,40,63,1,1,71
2187,68,Rick,Mallory,Washington,31,6,74,265,18,18,18,14,1985,True,False,,,6700000,2,G,G,BAL,0,False,None,,77,50,1,52,16,60,1,82,76,40,59,1,1,84
2188,79,Kurt,Becker,Michigan,32,5,77,271,0,10,21,18,1985,True,False,,,0,0,G,G,N/A,1990,False,None,,71,48,1,42,4,58,1,79,79,40,67,1,1,81
2189,54,Kirk,Lowdermilk,Ohio State,28,6,75,269,18,9,8,12,1985,True,False,Sprained Wrist,Out (1-2 weeks),3300000,3,C,C,BAL,0,False,None,1985 AFC Pro Bowl Team|1987 AFC Pro Bowl Team,88,57,1,47,33,67,1,83,90,32,69,1,1,90
2190,64,Bruce,Kozerski,Holy Cross,29,6,76,287,8,4,19,12,1985,True,False,,,250000,1,C,C,SEA,0,False,None,,86,56,1,38,27,54,1,82,59,36,78,1,1,77
2194,71,Garin,Veris,Stanford,28,6,76,255,20,17,19,4,1985,False,False,,,3050000,2,DE,DE,LOU,0,False,None,,71,63,1,71,45,47,1,1,1,70,72,1,1,86
2195,69,Neil,Elshire,Oregon,33,6,78,260,0,7,20,18,1985,False,False,,,0,0,DE,DE,N/A,0,False,None,,56,51,1,48,33,53,1,1,1,60,55,1,1,70
2197,57,Lance,Mehl,Penn State,33,6,75,235,0,17,21,4,1985,False,False,,,0,0,LB,LB,N/A,0,False,None,,51,46,1,57,20,34,1,1,1,56,60,1,1,61
2198,59,Tom,Howard,Texas Tech,33,2,74,213,0,6,26,4,1985,False,False,,,0,0,LB,LB,N/A,1987,False,None,,64,65,1,78,36,64,1,1,1,82,65,1,1,82
2199,53,Linden,King,Colorado State,32,2,76,241,0,11,25,2,1985,False,False,,,0,0,LB,LB,N/A,1987,False,None,1985 NFC Pro Bowl Team,66,73,1,73,45,67,1,1,1,69,86,1,1,80
2200,54,Eddie,Johnson,Louisville,32,6,73,220,0,10,23,18,1985,False,False,,,0,0,LB,LB,N/A,0,False,None,,45,66,1,66,44,54,1,1,1,83,75,1,1,76
2201,41,Keith,Browner,USC,29,6,78,245,14,7,21,1,1985,False,False,,,2500000,1,LB,LB,ATL,0,False,None,,67,74,1,68,38,57,1,1,1,72,68,1,1,80
2202,31,Bobby,Butler,Florida State,32,6,71,174,7,17,15,4,1985,False,False,,,7800000,1,CB,CB,CIN,0,False,None,1986 NFC Pro Bowl Team,36,74,1,77,65,63,1,1,1,55,68,1,1,87
2203,38,Mark,Murphy,West Liberty State,33,6,74,200,0,15,21,3,1985,False,False,,,0,0,SS,SS,N/A,1991,False,None,,59,85,1,67,55,55,1,1,1,55,69,1,1,74
2204,45,Leonard,Smith,McNeese State,31,6,71,200,1,12,21,11,1985,False,False,,,2600000,1,SS,SS,NYT,0,False,None,,65,86,1,73,49,69,1,1,1,54,89,1,1,78
2205,34,Lloyd,Burruss,Maryland,34,6,72,204,0,9,10,12,1985,False,False,,,0,0,SS,SS,N/A,1991,False,None,,47,65,1,65,32,36,1,1,1,32,65,1,1,57
2207,47,Eric,Harris,Memphis,33,3,75,198,0,8,18,10,1985,False,False,,,0,0,CB,CB,N/A,1988,False,None,,39,70,1,73,52,43,1,1,1,47,72,1,1,77
2208,21,Paul,Moyer,Arizona State,30,6,73,201,17,17,18,15,1985,False,False,,,1600000,2,FS,FS,CHC,0,False,None,,48,67,1,83,53,54,1,1,1,62,81,1,1,80
2209,3,Eddie,Murray,Tulane,33,4,70,177,0,7,18,18,1985,True,False,,,0,0,K,K,N/A,1989,False,None,1988 AFC Pro Bowl Team,16,30,25,41,25,68,1,1,1,13,89,80,85,78
2210,5,Pat,Leahy,St. Louis,35,1,72,194,0,5,40,13,1985,True,False,,,0,0,K,K,N/A,1986,False,None,,5,35,12,40,4,64,1,1,1,13,76,79,78,73
2212,72,Joe,Nash,Boston College,31,6,75,278,12,12,15,11,1985,False,False,,,1750000,2,DT,DT,DET,0,False,None,1985 NFC Pro Bowl Team,86,61,3,59,40,59,1,1,1,64,68,1,1,83
2214,57,Keena,Turner,Purdue,33,6,74,219,4,4,12,7,1985,False,False,,,2500000,3,LB,LB,OAK,0,False,None,,59,69,1,59,32,64,1,1,1,90,83,1,1,81
2215,77,Bubba,Paris,Michigan,31,6,78,300,17,4,21,12,1985,True,False,,,3850000,5,T,T,CHC,0,False,None,1986 AFC Pro Bowl Team,91,51,1,37,12,71,1,78,71,42,70,1,1,82
2216,43,Andra,Franklin,Nebraska,31,5,70,225,0,12,42,8,1985,True,False,,,0,0,RB,RB,N/A,1990,False,None,,53,62,13,73,44,42,14,15,20,11,63,1,1,66
2217,31,Jeff,Donaldson,Colorado,29,6,72,192,13,12,14,8,1985,False,False,,,2000000,1,CB,CB,MIN,0,False,None,,40,85,1,83,65,47,1,1,1,61,76,1,1,90
2218,84,Johnny Lam,Jones,Texas,28,6,71,180,11,11,16,17,1985,True,False,,,3700000,1,WR,WR,CHI,0,False,None,,53,84,1,82,84,70,1,11,17,30,71,1,1,88
2219,45,Clarence,Kay,Georgia,30,6,74,237,3,5,23,6,1985,True,False,,,250000,1,TE,TE,GB,0,False,None,,56,68,1,63,73,60,1,40,39,45,79,1,1,77
2220,91,Brian,Noble,Arizona State,29,6,75,250,2,2,12,6,1985,False,False,,,6900000,2,LB,LB,MIA,0,False,None,,77,75,1,77,32,70,1,1,1,92,74,1,1,91
2221,1,Tony,Eason,Illinois,32,6,76,212,15,11,28,17,1985,True,False,,,250000,1,QB,QB,SF,0,False,None,,36,64,82,57,21,82,79,1,1,12,79,1,1,81
2222,18,Mike,Tomczak,Ohio State,29,6,73,202,16,12,17,11,1985,True,False,,,3200000,1,QB,QB,TB,0,False,None,,48,68,85,52,16,67,90,1,1,10,85,1,1,82
2226,36,Keith,Griffin,Miami (FL),30,6,68,185,18,18,45,5,1985,True,False,,,1550000,2,RB,RB,BAL,0,False,None,,65,83,8,74,62,58,17,33,36,28,86,1,1,79
2227,32,Tommy,Vigorito,Virginia,31,5,70,193,0,4,45,12,1985,True,False,,,0,0,RB,RB,N/A,1990,False,None,,55,70,9,71,40,52,1,14,14,20,61,1,1,67
2229,28,Mel,Carver,UNLV,31,5,71,221,0,2,45,13,1985,True,False,,,0,0,RB,RB,N/A,1990,False,None,,52,63,1,60,43,34,7,6,24,18,64,1,1,62
2231,48,James,Jones,Mississippi State,33,6,70,200,0,17,23,4,1985,True,False,,,0,0,RB,RB,N/A,0,False,None,,43,57,1,61,41,35,1,15,20,10,50,1,1,60
2232,47,Michael,Haddix,Mississippi State,30,6,74,225,20,1,16,3,1985,True,False,,,300000,2,FB,FB,LOU,0,False,None,,75,62,1,57,59,52,1,50,43,33,81,1,1,82
2235,84,Jerry,Butler,Clemson,34,6,72,178,0,11,14,17,1985,True,False,,,0,0,WR,WR,N/A,1991,False,None,,28,57,1,62,79,60,1,16,4,27,67,1,1,66
2237,85,Chris,Burkett,Jackson State,29,6,76,205,20,9,12,12,1985,True,False,,,2200000,2,WR,WR,LOU,0,False,None,1988 AFC Pro Bowl Team|1990 AFC Pro Bowl Team,36,82,1,86,87,69,1,33,10,18,86,1,1,88
2238,86,Steve,Kreider,Lehigh,33,6,75,192,0,10,20,1,1985,True,False,,,0,0,WR,WR,N/A,0,False,None,,28,66,1,64,75,62,1,15,1,14,76,1,1,68
2239,86,Jim,Jensen,Boston University,33,6,76,215,0,12,19,11,1985,True,False,,,0,0,WR,WR,N/A,1991,False,None,1985 NFC Pro Bowl Team,24,74,1,71,73,55,1,19,11,24,74,1,1,73
2240,87,Walter,Stanley,Colorado,29,6,69,180,20,12,13,11,1985,True,False,,,3750000,4,WR,WR,LOU,0,False,None,,37,80,1,84,84,61,1,29,3,22,78,1,1,85
2241,77,Ken,Jones,Arkansas State,36,3,77,260,0,2,35,13,1985,True,False,,,0,0,T,T,N/A,1988,False,None,,69,37,1,33,12,67,1,58,55,30,58,1,1,65
2243,79,Bruce,Davis,UCLA,33,4,78,287,0,4,22,7,1985,True,False,,,0,0,T,T,N/A,1989,False,None,,71,47,1,40,25,59,1,78,62,26,58,1,1,72
2244,74,Paul,Farren,Boston University,31,6,77,272,0,17,25,4,1985,True,False,,,0,0,T,T,N/A,1991,False,None,,64,29,1,39,10,57,1,61,59,20,47,1,1,66
2245,63,Karl,Swanke,Boston College,33,5,78,257,0,9,34,12,1985,True,False,,,0,0,T,T,N/A,1990,False,None,,68,29,1,41,1,39,1,60,56,20,59,1,1,63
2246,67,Kevin,Call,Colorado State,30,6,79,302,16,5,32,13,1985,True,False,,,1500000,2,T,T,TB,0,False,None,,79,58,1,44,12,68,1,72,65,34,70,1,1,77
2247,71,Ken,Reeves,Texas A&M,30,6,77,270,17,6,20,4,1985,True,False,,,1750000,1,T,T,CHC,0,False,None,,73,44,1,49,12,63,1,71,74,45,73,1,1,79
2248,72,Mark,Bortz,Iowa,30,6,78,282,0,17,24,15,1985,True,False,,,0,0,G,G,N/A,0,False,None,,80,49,1,45,18,64,1,68,71,49,72,1,1,78
2249,54,Keith,Bishop,Baylor,32,4,75,260,0,11,31,2,1985,True,False,,,0,0,G,G,N/A,1989,False,None,,76,50,1,29,18,53,1,63,67,39,52,1,1,70
2250,62,Brent,Boyd,UCLA,33,5,75,268,0,1,17,16,1985,True,False,,,0,0,G,G,N/A,1990,False,None,,69,31,1,33,17,57,1,74,64,28,59,1,1,72
2251,54,Randy,Grimes,Baylor,31,6,76,270,0,13,34,11,1985,True,False,,,0,0,C,C,N/A,0,False,None,,71,32,1,43,12,53,1,62,58,35,55,1,1,67
2254,61,Tony,Slaton,USC,30,6,75,265,16,16,31,14,1985,True,False,,,1550000,1,C,C,TB,0,False,None,1985 NFC Pro Bowl Team,68,49,1,50,18,56,1,77,82,45,66,1,1,81
2256,56,Hugh,Green,Pittsburgh,32,6,74,225,15,3,23,17,1985,False,False,,,250000,2,LB,LB,SF,0,False,None,,70,85,1,62,44,53,1,1,1,82,84,1,1,84
2257,49,E.J.,Junior,Alabama,32,6,75,238,19,3,18,2,1985,False,False,,,2900000,3,LB,LB,WAS,0,False,None,,79,76,1,70,39,60,1,1,1,87,81,1,1,89
2258,55,Otis,Wilson,Louisville,34,6,74,227,17,9,18,12,1985,False,False,,,3000000,1,LB,LB,CHC,0,False,None,1986 AFC Pro Bowl Team,57,73,1,71,52,54,1,1,1,79,84,1,1,81
2261,52,Mike,Walter,Oregon,31,6,75,240,0,2,21,13,1985,False,False,,,0,0,LB,LB,N/A,0,False,None,,46,48,1,59,30,52,1,1,1,74,64,1,1,68
2262,57,Fulton,Kuykendall,UCLA,35,3,76,225,0,1,32,3,1985,False,False,,,0,0,LB,LB,N/A,1988,False,None,,53,59,1,71,34,55,1,1,1,70,69,1,1,73
2263,55,Chris,Martin,Auburn,31,6,74,236,0,12,26,8,1985,False,False,,,0,0,LB,LB,N/A,0,False,None,,58,56,1,51,23,56,1,1,1,72,73,1,1,69
2264,54,Jim,Ryan,William & Mary,33,5,73,217,0,10,27,18,1985,False,False,,,0,0,LB,LB,N/A,1990,False,None,,32,54,1,51,44,63,1,1,1,71,54,1,1,64
2266,92,Angelo,King,South Carolina State,32,5,73,224,0,7,27,1,1985,False,False,,,0,0,LB,LB,N/A,1990,False,None,,49,54,1,48,22,55,1,1,1,70,73,1,1,64
2267,26,Charles,Romes,North Carolina Central,35,4,73,191,0,8,16,10,1985,False,False,,,0,0,CB,CB,N/A,1989,False,None,,20,73,1,73,53,61,1,1,1,29,80,1,1,74
2268,27,Preston,Davis,Baylor,29,6,71,180,0,16,19,14,1985,False,False,,,0,0,CB,CB,N/A,0,False,None,,44,74,1,75,51,36,1,1,1,32,78,1,1,74
2269,48,Kenny,Hill,Yale,33,6,72,194,0,8,30,10,1985,False,False,,,0,0,SS,SS,N/A,1991,False,None,,42,58,1,63,39,47,1,1,1,63,73,1,1,65
2270,59,Bo,Eason,California-Davis,30,6,74,200,0,11,24,17,1985,False,False,,,0,0,LB,LB,N/A,0,False,None,,55,81,1,71,46,55,1,1,1,69,77,1,1,75
2272,39,Sam,Seale,Western State (CO),29,6,69,182,3,5,26,13,1985,False,False,,,250000,1,FS,FS,GB,0,False,None,,48,67,1,79,61,57,1,1,1,60,89,1,1,80
2273,28,James,Britt,LSU,31,6,72,185,20,4,31,12,1985,False,False,,,2300000,6,FS,FS,LOU,0,False,None,,46,77,1,84,56,55,1,1,1,62,87,1,1,82
2274,16,Nick,Lowery,Dartmouth,34,5,76,215,0,14,17,10,1985,True,False,,,0,0,K,K,N/A,1990,False,None,,19,30,23,45,31,65,1,1,1,23,97,84,71,75
2275,14,Ray,Wersching,California,37,2,71,213,0,1,20,3,1985,True,False,,,0,0,K,K,N/A,1987,False,None,,20,29,22,38,25,66,1,1,1,14,89,85,74,75
2276,8,Ray,Guy,Southern Miss,39,3,75,195,0,6,24,4,1985,True,False,,,0,0,P,P,N/A,1988,False,None,1986 NFC Pro Bowl Team,12,33,28,32,11,69,1,1,1,29,75,79,73,74
2277,1,Rich,Camarillo,Washington,32,6,71,202,0,7,22,18,1985,True,False,,,0,0,P,P,N/A,0,False,None,,16,33,8,47,9,51,1,1,1,12,86,81,57,67
2278,3,Rohn,Stark,Florida State,32,6,75,203,10,8,22,10,1985,True,False,,,650000,2,P,P,IND,0,False,None,1987 AFC Pro Bowl Team|1988 NFC Pro Bowl Team,28,41,19,51,23,61,1,1,1,17,91,89,85,81
2279,23,Wes,Hopkins,SMU,30,6,73,213,8,15,14,16,1985,False,False,,,7600000,1,FS,FS,SEA,0,False,None,1988 NFC Pro Bowl Team,56,72,1,84,62,71,1,1,1,71,91,1,1,87
2280,65,Jeff,Dellenbach,Wisconsin,28,6,78,290,2,2,15,13,1985,True,False,,,7900000,4,T,T,MIA,0,False,None,1986 AFC Pro Bowl Team,86,55,1,43,14,68,1,89,70,44,77,1,1,84
2282,88,Renaldo,Nehemiah,Maryland,32,6,73,181,0,3,11,17,1985,True,False,,,0,0,WR,WR,N/A,0,False,None,1986 AFC Pro Bowl Team|1987 AFC Pro Bowl Team,29,65,1,86,53,37,1,13,3,17,77,1,1,71
2284,17,Jay,Schroeder,UCLA,30,6,76,215,9,2,24,6,1985,True,False,,,250000,1,QB,QB,LON,0,False,None,,45,59,84,51,23,89,79,1,1,18,76,1,1,82
2285,16,Wade,Wilson,Texas A&M-Commerce,32,6,75,210,0,13,28,11,1985,True,False,,,0,0,QB,QB,N/A,0,False,None,,32,67,79,62,21,65,67,1,1,20,74,1,1,72
2286,16,David,Woodley,LSU,33,6,74,210,0,10,39,18,1985,True,False,,,0,0,QB,QB,N/A,1991,False,None,,35,48,79,35,3,58,63,1,1,10,86,1,1,68
2289,5,Randy,Wright,Wisconsin,30,6,74,200,0,6,22,4,1985,True,False,,,0,0,QB,QB,N/A,0,False,None,,40,61,78,59,18,62,69,1,1,8,80,1,1,74
2291,33,Lorenzo,Hampton,Florida,28,5,71,205,0,11,50,17,1985,True,False,,,0,0,RB,RB,N/A,1990,False,None,,59,66,11,73,49,40,5,12,22,19,81,1,1,68
2292,30,Barry,Redden,Richmond,29,4,70,210,0,17,51,4,1985,True,False,,,0,0,RB,RB,N/A,1989,False,None,,63,68,12,67,42,38,1,13,17,20,63,1,1,66
2293,25,Dennis,Bligen,St. John's (NY),27,4,71,215,0,11,51,2,1985,True,False,,,0,0,RB,RB,N/A,1989,False,None,,49,54,15,66,51,44,1,8,23,18,61,1,1,64
2294,21,Ken,Lacy,Tulsa,29,4,72,222,0,5,51,6,1985,True,False,,,0,0,RB,RB,N/A,1989,False,None,,55,71,6,64,47,41,9,11,9,15,59,1,1,67
2299,87,Carlos,Carson,LSU,33,6,71,180,0,12,33,11,1985,True,False,,,0,0,WR,WR,N/A,1991,False,None,,10,67,1,48,63,45,1,14,1,35,76,1,1,58
2300,84,Cedric,Jones,Duke,31,6,73,184,0,12,22,8,1985,True,False,,,0,0,WR,WR,N/A,0,False,None,,35,70,1,77,81,66,1,24,7,19,85,1,1,80
2301,88,John,Spagnola,Yale,34,6,76,240,0,10,19,18,1985,True,False,,,0,0,TE,TE,N/A,0,False,None,,49,60,1,63,69,56,1,36,25,40,64,1,1,71
2302,85,Jamie,Williams,Nebraska,31,6,76,240,0,17,27,4,1985,True,False,,,0,0,TE,TE,N/A,0,False,None,,40,58,1,60,66,54,1,36,25,33,77,1,1,66
2303,85,Ken,Whisenhunt,Georgia Tech,29,6,75,237,18,12,24,8,1985,True,False,,,1550000,1,TE,TE,BAL,0,False,None,,63,63,1,72,72,54,1,42,43,31,70,1,1,80
2304,71,Mark,May,Pittsburgh,32,6,78,295,0,15,16,16,1985,True,False,,,0,0,T,T,N/A,0,False,None,,65,43,1,23,10,64,1,71,73,33,54,1,1,72
2306,78,Harvey,Salem,California,30,6,78,283,0,12,28,8,1985,True,False,,,0,0,T,T,N/A,0,False,None,,73,57,1,47,19,68,1,83,60,48,57,1,1,78
2307,71,Bill,Bain,Colorado,37,4,76,279,0,1,35,16,1985,True,False,,,0,0,T,T,N/A,1989,False,None,,48,24,1,26,1,57,1,57,52,23,45,1,1,55
2308,67,Duval,Love,UCLA,28,6,75,275,2,2,7,13,1985,True,False,,,3000000,1,G,G,MIA,0,False,None,,78,64,1,38,28,73,1,85,66,50,63,1,1,83
2311,65,Chris,Dieterich,North Carolina State,33,6,75,262,0,3,24,2,1985,True,False,,,0,0,G,G,N/A,1991,False,None,,70,48,1,32,11,60,1,66,68,37,57,1,1,72
2313,75,Rich,Moran,San Diego State,29,6,75,276,0,6,25,15,1985,True,False,,,0,0,G,G,N/A,0,False,None,,67,39,1,39,1,65,1,54,65,23,54,1,1,67
2314,54,Paul,Fairchild,Kansas,30,6,76,270,1,16,25,14,1985,True,False,,,2000000,2,G,G,NYT,0,False,None,,78,47,1,45,12,59,1,86,68,35,65,1,1,81
2315,67,Tim,Huffman,Notre Dame,32,6,77,277,0,13,33,8,1985,True,False,,,0,0,G,G,N/A,0,False,None,,70,57,1,47,11,65,1,72,65,32,62,1,1,74
2318,52,John,Hill,Lehigh,39,4,74,249,0,1,44,3,1985,True,False,,,0,0,C,C,N/A,1989,False,None,,63,36,1,29,7,67,1,60,45,33,56,1,1,59
2319,51,Rick,Donnalley,North Carolina,33,6,74,261,0,2,36,6,1985,True,False,,,0,0,C,C,N/A,0,False,None,,63,33,1,20,9,64,1,67,43,26,52,1,1,61
2320,60,Jim,Jeffcoat,Arizona State,30,6,77,274,13,6,15,15,1985,False,False,,,250000,1,DE,DE,MIN,0,False,None,,59,55,1,65,24,47,1,1,1,74,71,1,1,79
2322,66,Frank,Warren,Auburn,32,6,76,285,0,14,21,10,1985,False,False,,,0,0,DE,DE,N/A,0,False,None,,69,65,1,52,31,51,1,1,1,70,70,1,1,79
2323,77,Rick,Bryan,Oklahoma,29,6,76,265,6,13,22,11,1985,False,False,,,500000,3,DE,DE,NYG,0,False,None,,64,64,1,68,34,50,1,1,1,61,58,1,1,80
2324,63,Jesse,Baker,Jacksonville State,34,6,77,269,0,10,24,1,1985,False,False,,,0,0,DE,DE,N/A,0,False,None,,49,53,1,49,28,44,1,1,1,47,47,1,1,61
2325,67,Casey,Merrill,California-Davis,33,5,76,254,0,8,34,10,1985,False,False,,,0,0,DE,DE,N/A,1990,False,None,,53,36,1,55,11,47,1,1,1,50,56,1,1,62
2326,56,Reggie,Williams,Dartmouth,33,2,73,228,0,6,33,15,1985,False,False,,,0,0,LB,LB,N/A,1987,False,None,,64,58,1,64,45,57,1,1,1,65,84,1,1,74
2327,59,Gary,Spani,Kansas State,34,5,74,229,0,1,27,16,1985,False,False,,,0,0,LB,LB,N/A,1990,False,None,,40,43,1,48,37,54,1,1,1,66,65,1,1,58
2328,50,Reggie,Wilkes,Georgia Tech,35,6,76,235,0,18,32,14,1985,False,False,,,0,0,LB,LB,N/A,0,False,None,,60,44,1,50,38,50,1,1,1,71,71,1,1,68
2329,53,Anthony,Griggs,Ohio State,31,6,75,227,0,17,26,15,1985,False,False,,,0,0,LB,LB,N/A,0,False,None,,46,52,1,62,36,58,1,1,1,64,71,1,1,67
2330,53,Thomas,Benson,Oklahoma,30,6,74,238,0,2,32,6,1985,False,False,,,0,0,LB,LB,N/A,0,False,None,,67,56,1,61,37,54,1,1,1,62,81,1,1,73
2332,92,Ed,Reynolds,Virginia,30,6,77,238,19,12,29,11,1985,False,False,,,2600000,3,LB,LB,WAS,0,False,None,,71,71,1,68,38,61,1,1,1,89,80,1,1,86
2333,54,Louis,Cooper,Western Carolina,28,6,74,240,0,2,18,6,1985,False,False,,,0,0,LB,LB,N/A,0,False,None,,64,73,1,63,34,62,1,1,1,66,87,1,1,76
2334,42,Ray,Horton,Washington,31,6,70,189,15,2,13,13,1985,False,False,,,5500000,3,CB,CB,SF,0,False,None,,56,83,1,77,61,66,1,1,1,56,85,1,1,91
2335,35,Danny,Walters,Arkansas,31,6,73,189,0,16,17,14,1985,False,False,,,0,0,CB,CB,N/A,0,False,None,1985 NFC Pro Bowl Team,44,83,1,76,45,54,1,1,1,36,71,1,1,79
2336,25,Steve,Foley,Tulane,35,3,74,189,0,1,30,3,1985,False,False,,,0,0,SS,SS,N/A,1988,False,None,,55,72,1,64,53,55,1,1,1,48,64,1,1,67
2337,27,Carlton,Williamson,Pittsburgh,33,6,72,204,0,14,32,9,1985,False,False,,,0,0,SS,SS,N/A,0,False,None,,44,65,1,63,40,45,1,1,1,43,62,1,1,60
2340,43,Terry,Kinard,Clemson,32,6,73,199,15,1,19,16,1985,False,False,,,250000,1,FS,FS,SF,0,False,None,1990 NFC Pro Bowl Team,53,65,1,71,64,66,1,1,1,64,83,1,1,79
2341,49,James,Griffin,Middle Tenn. State,30,6,74,197,0,13,20,11,1985,False,False,,,0,0,FS,FS,N/A,0,False,None,,44,65,1,80,55,56,1,1,1,51,80,1,1,76
2342,21,Don,Wilson,North Carolina State,30,6,74,190,14,10,22,1,1985,False,False,,,2500000,1,FS,FS,ATL,0,False,None,,43,89,1,86,62,53,1,1,1,65,86,1,1,84
2343,38,Lee,Nelson,Florida State,33,2,70,185,0,7,32,18,1985,False,False,,,0,0,SS,SS,N/A,1987,False,None,,61,77,1,78,43,60,1,1,1,54,83,1,1,76
2344,7,Morten,Andersen,Michigan State,31,6,74,217,17,17,16,15,1985,True,False,,,1850000,5,K,K,CHC,0,False,None,1990 AFC Pro Bowl Team,29,49,16,44,13,62,1,1,1,30,92,85,87,81
2345,19,Rafael,Septien,La-Lafayette,35,3,70,176,0,8,23,9,1985,True,False,,,0,0,K,K,N/A,1988,False,None,,12,26,12,29,15,63,1,1,1,15,81,78,87,75
2346,71,Fred,Smerlas,Boston College,33,5,75,277,0,8,12,10,1985,False,False,,,0,0,DT,DT,N/A,1990,False,None,1985 AFC Pro Bowl Team|1988 AFC Pro Bowl Team,62,56,1,39,38,48,1,1,1,54,62,1,1,66
2347,74,Mike,Pitts,Alabama,31,6,77,277,4,4,15,12,1985,False,False,,,1850000,1,DT,DT,OAK,0,False,None,1985 AFC Pro Bowl Team,77,48,1,74,40,54,1,1,1,67,71,1,1,81
2349,98,Shawn,Miller,Utah State,30,6,76,255,2,4,16,7,1985,False,False,,,2100000,2,DT,DT,MIA,0,False,None,,87,57,1,60,30,60,1,1,1,70,67,1,1,85
2350,71,Jerry,Boyarsky,Pittsburgh,32,6,75,290,6,3,22,2,1985,False,False,,,250000,1,DT,DT,NYG,0,False,None,,79,61,1,44,38,54,1,1,1,61,64,1,1,77
2352,51,Ron,Rivera,California,29,6,75,239,1,14,22,9,1985,False,False,,,3000000,2,LB,LB,NYT,0,False,None,1989 NFC Pro Bowl Team,70,71,1,72,33,66,1,1,1,75,87,1,1,83
2353,38,Mark,Lee,Washington,33,6,71,187,14,10,17,18,1985,False,False,,,3000000,1,CB,CB,ATL,0,False,None,1990 NFC Pro Bowl Team,47,83,1,70,59,63,1,1,1,54,75,1,1,86
2354,36,Gene,Lang,LSU,29,6,70,196,0,2,26,6,1985,True,False,,,0,0,RB,RB,N/A,0,False,None,,53,63,5,70,52,64,11,12,24,21,77,1,1,67
2355,9,Oliver,Luck,West Virginia,31,6,74,196,0,9,26,12,1985,True,False,,,0,0,QB,QB,N/A,0,False,None,,33,41,72,43,8,73,76,1,1,17,73,1,1,75
2359,49,Bill,Johnson,Arkansas State,31,6,74,230,0,2,51,13,1985,True,False,,,0,0,RB,RB,N/A,0,False,None,,55,74,3,79,62,53,14,31,27,13,73,1,1,75
2361,27,Steve,Strachan,Boston College,28,6,73,221,0,8,51,9,1985,True,False,,,0,0,RB,RB,N/A,0,False,None,,61,73,6,72,52,41,10,20,14,11,77,1,1,72
2364,81,Steve,Watson,Temple,34,6,76,195,0,15,33,3,1985,True,False,,,0,0,WR,WR,N/A,0,False,None,,17,77,1,64,88,52,1,26,10,25,83,1,1,72
2365,88,Lionel,Manuel,Pacific,29,6,71,178,0,6,23,15,1985,True,False,,,0,0,WR,WR,N/A,0,False,None,,42,84,1,67,84,46,1,30,12,31,90,1,1,79
2366,83,Mark,Boyer,USC,29,6,76,233,10,13,23,8,1985,True,False,,,1250000,2,WR,WR,IND,0,False,None,,49,74,1,74,86,62,1,20,14,34,81,1,1,82
2367,81,Daryl,Turner,Michigan State,30,6,75,194,0,2,27,13,1985,True,False,,,0,0,WR,WR,N/A,0,False,None,,44,76,1,74,77,57,1,25,7,32,75,1,1,79
2368,83,Pete,Mandley,Northern Arizona,30,6,70,191,3,2,28,6,1985,True,False,,,3550000,1,WR,WR,GB,0,False,None,,36,76,1,87,72,67,1,19,21,21,77,1,1,83
2369,83,Anthony,Hancock,Tennessee,31,6,72,200,0,8,35,9,1985,True,False,,,0,0,WR,WR,N/A,0,False,None,,35,75,1,71,63,51,1,16,9,16,72,1,1,71
2370,87,Ken,Margerum,Stanford,33,6,72,175,0,4,25,12,1985,True,False,,,0,0,WR,WR,N/A,0,False,None,,28,64,1,66,82,50,1,22,8,21,82,1,1,72
2371,85,Pete,Metzelaars,Wabash,31,6,79,254,5,9,14,12,1985,True,False,,,2000000,2,TE,TE,BUF,0,False,None,,62,69,1,74,80,54,1,56,42,36,92,1,1,84
2372,86,Arthur,Cox,Texas Southern,30,6,75,262,7,9,29,7,1985,True,False,,,250000,1,TE,TE,CIN,0,False,None,,54,72,1,80,73,59,1,42,42,34,83,1,1,81
2373,82,Walt,Arnold,New Mexico,33,6,75,228,0,11,20,17,1985,True,False,,,0,0,TE,TE,N/A,1991,False,None,,44,65,1,52,78,47,1,44,32,31,67,1,1,68
2374,88,Chris,Dressel,Stanford,30,6,76,238,20,12,27,11,1985,True,False,,,3000000,3,TE,TE,LOU,0,False,None,1987 NFC Pro Bowl Team,63,70,1,73,72,61,1,44,36,37,81,1,1,81
2375,76,Leonard,Mitchell,Houston,32,5,79,290,0,9,15,7,1985,True,False,,,0,0,T,T,N/A,1990,False,None,,63,29,1,32,1,50,1,72,55,30,48,1,1,64
2376,74,Howard,Richards,Missouri,32,6,78,263,0,10,36,1,1985,True,False,,,0,0,T,T,N/A,0,False,None,,67,31,1,28,6,48,1,68,56,34,67,1,1,65
2377,62,Daren,Gilbert,Cal State-Fullerton,28,6,78,285,1,5,35,6,1985,True,False,,,1900000,2,T,T,NYT,0,False,None,,70,59,1,46,2,63,1,79,62,25,71,1,1,76
2378,64,Brad,Edelman,Missouri,31,6,78,265,0,16,32,5,1985,True,False,,,0,0,G,G,N/A,0,False,None,,61,38,1,28,8,72,1,77,64,32,56,1,1,74
2380,69,Ken,Dallafior,Minnesota,32,6,76,276,20,14,36,9,1985,True,False,,,1450000,3,G,G,LOU,0,False,None,,78,46,1,50,15,59,1,79,74,30,62,1,1,82
2382,60,David,Jones,Texas,30,6,75,262,0,18,35,5,1985,False,False,,,0,0,DE,DE,N/A,0,False,None,,62,71,1,55,41,55,1,1,1,73,70,1,1,81
2383,57,Steve,Mott,Alabama,30,6,75,266,0,2,46,6,1985,True,False,,,0,0,C,C,N/A,0,False,None,,72,48,1,32,5,50,1,56,60,28,56,1,1,65
2386,93,Robert,Brown,Chowan,31,6,74,268,1,5,33,6,1985,False,False,,,1500000,2,DE,DE,NYT,0,False,None,,69,66,1,68,60,57,1,1,1,91,95,1,1,90
2389,52,Johnny,Rembert,Clemson,30,6,75,234,15,15,31,3,1985,False,False,,,2500000,4,LB,LB,SF,0,False,None,,74,69,1,72,61,58,1,1,1,91,96,1,1,87
2391,50,Mel,Kaufman,Cal Poly-San Luis Obispo,32,5,74,221,0,7,37,1,1985,False,False,,,0,0,LB,LB,N/A,1990,False,None,,63,50,1,54,21,64,1,1,1,61,73,1,1,68
2393,56,Mike,Green,Oklahoma State,30,6,72,235,0,10,35,18,1985,False,False,,,0,0,LB,LB,N/A,0,False,None,,57,68,1,58,36,57,1,1,1,55,79,1,1,68
2394,51,Chris,Washington,Iowa State,29,6,76,231,7,1,33,16,1985,False,False,Migraine,Probable,11750000,1,LB,LB,CIN,0,False,None,,72,73,1,67,40,67,1,1,1,84,81,1,1,86
2395,91,Andy,Headen,Clemson,31,6,77,240,7,7,36,18,1985,False,False,,,250000,1,LB,LB,CIN,0,False,None,,69,69,1,61,45,67,1,1,1,79,73,1,1,79
2396,46,Eric,Wright,Missouri,32,6,73,183,7,14,23,10,1985,False,False,,,2700000,4,CB,CB,CIN,0,False,None,,41,80,1,81,51,53,1,1,1,53,76,1,1,85
2398,47,Dextor,Clinkscale,South Carolina State,33,6,71,192,0,1,21,16,1985,False,False,,,0,0,SS,SS,N/A,0,False,None,,36,65,1,57,44,32,1,1,1,47,74,1,1,55
2400,37,Bill,Bates,Tennessee,28,4,73,204,0,11,33,2,1985,False,False,,,0,0,SS,SS,N/A,1989,False,None,,50,65,1,60,51,44,1,1,1,50,78,1,1,65
2401,35,Alvin,Hall,Miami (OH),33,6,70,193,0,12,31,11,1985,False,False,,,0,0,CB,CB,N/A,0,False,None,,33,78,1,57,58,48,1,1,1,37,75,1,1,73
2402,42,Willie,Tullis,Southern Miss,33,6,72,193,0,5,30,13,1985,False,False,,,0,0,CB,CB,N/A,1991,False,None,,23,82,1,67,51,45,1,1,1,51,69,1,1,77
2403,47,Larry,Braziel,USC,33,2,72,188,0,2,33,13,1985,False,False,,,0,0,SS,SS,N/A,1987,False,None,,53,62,1,72,49,47,1,1,1,53,80,1,1,69
2404,35,Elbert,Foules,Alcorn State,30,6,71,185,3,14,33,10,1985,False,False,,,250000,1,SS,SS,GB,0,False,None,,62,70,1,75,50,50,1,1,1,71,73,1,1,75
2405,21,John,Bostic,Bethune-Cookman,29,6,70,176,18,18,33,5,1985,False,False,,,1250000,3,SS,SS,BAL,0,False,None,,57,75,1,69,65,55,1,1,1,60,74,1,1,76
2406,1,Gary,Anderson K,Syracuse,32,6,71,193,0,4,27,12,1985,True,False,,,0,0,K,K,N/A,1991,False,None,1985 AFC Pro Bowl Team,24,47,25,31,25,74,1,1,1,14,94,68,82,77
2407,62,Doug,Smith DT,Auburn,32,6,76,294,14,9,17,7,1985,False,False,,,250000,1,DT,DT,ATL,0,False,None,,71,51,1,47,31,64,1,1,1,60,71,1,1,74
2408,76,Tony,Elliott,North Texas,32,6,74,282,0,9,19,7,1985,False,False,,,0,0,DT,DT,N/A,0,False,None,,80,43,1,49,19,44,1,1,1,57,71,1,1,73
2409,64,Reggie,Kinlaw,Oklahoma,34,6,74,245,0,5,20,13,1985,False,False,,,0,0,DT,DT,N/A,0,False,None,,63,41,1,50,28,49,1,1,1,62,62,1,1,69
2410,10,Jack,Thompson,Washington State,33,4,75,217,0,3,43,17,1985,True,False,,,0,0,QB,QB,N/A,1989,False,None,,46,53,72,57,3,56,64,1,1,12,67,1,1,65
2411,50,Billy Ray,Smith,Arkansas,30,6,75,235,14,3,34,2,1985,False,False,,,2500000,1,LB,LB,ATL,0,False,None,1987 NFC Pro Bowl Team,76,64,1,69,46,72,1,1,1,72,68,1,1,84
2412,89,Reggie,Langhorne,Elizabeth City State,28,6,74,200,17,17,28,15,1985,True,False,,,3150000,2,WR,WR,CHC,0,False,None,,35,80,1,87,81,59,1,20,7,26,88,1,1,85
2413,45,Vince,Newsome,Washington,30,6,73,180,6,3,19,17,1985,False,False,,,300000,2,CB,CB,NYG,0,False,None,1989 NFC Pro Bowl Team,37,78,1,67,56,51,1,1,1,64,70,1,1,83
2414,82,Vance,Johnson,Arizona,28,6,71,185,19,15,17,3,1985,True,False,,,1500000,1,WR,WR,WAS,0,False,None,,41,81,1,83,87,62,1,27,8,26,90,1,1,86
2415,87,Dennis,Gentry,Baylor,32,6,68,181,0,14,30,9,1985,True,False,,,0,0,WR,WR,N/A,0,False,None,,32,88,1,77,56,49,1,27,1,27,76,1,1,74
2417,84,Mike,Tice,Maryland,32,6,79,253,17,7,30,18,1985,True,False,,,250000,5,TE,TE,CHC,0,False,None,,62,67,1,68,73,63,1,44,33,38,68,1,1,79
2418,84,Clint,Sampson,San Diego State,30,6,71,183,0,18,30,14,1985,True,False,,,0,0,WR,WR,N/A,0,False,None,,37,70,1,66,66,65,1,16,12,14,70,1,1,72
2419,1,Bill,Kenney,Arizona State,34,4,76,211,0,12,44,8,1985,True,False,,,0,0,QB,QB,N/A,1989,False,None,,34,56,61,49,7,62,84,1,1,10,71,1,1,70
2420,10,Don,Strock,Virginia Tech,36,1,77,220,0,1,47,16,1985,True,False,,,0,0,QB,QB,N/A,1986,False,None,,48,55,66,55,5,67,68,1,1,11,69,1,1,72
2422,24,Joe,Washington,Oklahoma,33,1,70,179,0,0,0,0,0,True,False,,,0,0,RB,RB,N/A,1986,False,None,,53,75,23,63,50,42,10,15,23,29,65,1,1,66
2431,39,Otis,Wonsley,Alcorn State,31,3,70,214,0,13,55,8,1985,True,False,,,0,0,RB,RB,N/A,1988,False,None,,52,68,9,66,50,37,1,19,18,13,61,1,1,64
2432,84,Henry,Marshall,Missouri,33,2,74,214,0,1,38,3,1985,True,False,,,0,0,WR,WR,N/A,1987,False,None,,31,72,1,72,75,45,1,10,1,24,81,1,1,71
2433,84,Jessie,Hester,Florida State,27,5,71,175,0,4,35,12,1985,True,False,,,0,0,WR,WR,N/A,1990,False,None,,28,66,1,61,73,53,1,14,1,19,70,1,1,63
2434,85,Dennis,McKinnon,Florida State,30,6,73,185,0,11,26,17,1985,True,False,,,0,0,WR,WR,N/A,0,False,None,,33,72,1,77,88,50,1,22,9,21,79,1,1,79
2435,86,Bobby,Humphery,New Mexico State,30,6,70,178,16,16,28,5,1985,True,False,,,1900000,1,WR,WR,TB,0,False,None,,33,84,1,85,74,67,1,20,7,21,81,1,1,83
2437,81,Kenny,Jackson,Penn State,29,6,72,180,0,9,36,12,1985,True,False,,,0,0,WR,WR,N/A,0,False,None,,28,77,1,72,64,52,1,10,9,17,68,1,1,71
2439,80,Jonathan,Hayes,Iowa,29,6,77,248,14,13,30,11,1985,True,False,,,1500000,1,TE,TE,ATL,0,False,None,,49,71,1,72,76,63,1,45,35,42,80,1,1,79
2440,89,Greg,LaFleur,LSU,33,6,76,236,0,10,31,18,1985,True,False,,,0,0,TE,TE,N/A,0,False,None,,38,45,1,68,65,45,1,25,25,33,54,1,1,62
2441,76,Matt,Herkenhoff,Minnesota,36,2,76,267,0,17,38,15,1985,True,False,,,0,0,T,T,N/A,1987,False,None,,68,41,1,49,19,58,1,82,70,43,68,1,1,75
2442,76,Joe,Walter,Texas Tech,28,6,79,292,7,4,36,7,1985,True,False,,,250000,1,T,T,CIN,0,False,None,,78,62,1,46,14,80,1,73,76,34,69,1,1,83
2443,77,Bryan,Millard,Texas,31,6,77,282,0,14,37,10,1985,True,False,,,0,0,T,T,N/A,1991,False,None,,63,38,1,40,9,58,1,56,58,26,48,1,1,65
2445,71,George,Yarno,Washington State,33,5,74,260,0,4,37,12,1985,True,False,,,0,0,T,T,N/A,1990,False,None,,58,25,1,48,1,45,1,57,56,36,44,1,1,59
2446,68,Cleveland,Green,Southern,34,6,75,265,0,16,35,14,1985,True,False,,,0,0,T,T,N/A,1991,False,None,,60,25,1,32,5,45,1,64,58,26,50,1,1,62
2447,73,Tom,Condon,Boston College,39,6,75,255,0,4,46,7,1985,True,False,,,0,0,G,G,N/A,0,False,None,,41,8,1,25,1,30,1,49,41,15,27,1,1,44
2448,61,Ken,Huff,North Carolina,34,2,76,260,0,9,30,12,1985,True,False,,,0,0,G,G,N/A,1987,False,None,,59,30,1,33,9,65,1,65,67,25,55,1,1,66
2450,70,Larry,Lee,UCLA,32,6,74,265,5,8,41,9,1985,True,False,,,250000,1,G,G,BUF,0,False,None,,71,60,1,43,15,74,1,72,69,43,65,1,1,78
2451,72,Mark,Cooper,Miami (FL),30,5,77,270,0,12,37,11,1985,True,False,,,0,0,G,G,N/A,1990,False,None,,62,28,1,42,8,54,1,62,66,36,51,1,1,68
2453,63,Jeff,Kiewel,Arizona,28,3,76,270,0,2,37,13,1985,True,False,,,0,0,G,G,N/A,1988,False,None,,63,31,1,29,1,56,1,61,63,19,62,1,1,66
2457,72,Bruce,Clark,Penn State,32,5,75,273,0,18,38,14,1985,False,False,,,0,0,DE,DE,N/A,1990,False,None,,63,58,1,43,21,36,1,1,1,45,58,1,1,62
2458,65,Donnell,Thompson,North Carolina,33,6,76,270,0,4,38,7,1985,False,False,,,0,0,DE,DE,N/A,1991,False,None,,54,49,1,49,15,45,1,1,1,57,67,1,1,66
2460,70,Doug,Martin,Washington,32,4,75,260,0,7,39,1,1985,False,False,,,0,0,DE,DE,N/A,1989,False,None,,59,53,1,63,29,50,1,1,1,69,66,1,1,76
2461,60,Alphonso,Carreker,Florida State,29,6,78,268,11,10,30,1,1985,False,False,,,3300000,2,DE,DE,CHI,0,False,None,,79,77,1,59,42,56,1,1,1,68,57,1,1,85
2462,62,Jim,Stuckey,Clemson,33,6,76,251,0,2,38,6,1985,False,False,,,0,0,DE,DE,N/A,1991,False,None,,49,36,1,38,19,39,1,1,1,48,41,1,1,56
2464,78,Kevin,Brooks,Michigan,28,6,78,277,0,1,37,16,1985,False,False,,,0,0,DE,DE,N/A,0,False,None,,70,53,1,61,18,44,1,1,1,56,61,1,1,69
2465,56,Ken,Fantetti,Wyoming,33,5,74,230,0,11,30,17,1985,False,False,,,0,0,LB,LB,N/A,1990,False,None,1986 NFC Pro Bowl Team,48,54,1,65,41,71,1,1,1,83,85,1,1,75
2467,97,Scott,Radecic,Penn State,29,6,75,243,0,6,38,4,1985,False,False,,,0,0,LB,LB,N/A,0,False,None,,61,57,1,68,29,45,1,1,1,71,73,1,1,70
2468,36,Mike,Davis,Colorado,32,3,75,203,0,7,40,18,1985,False,False,,,0,0,SS,SS,N/A,1988,False,None,,50,70,1,58,38,49,1,1,1,44,76,1,1,61
2470,42,Martin,Bayless,Bowling Green,29,6,74,195,6,9,32,12,1985,False,False,,,250000,1,FS,FS,NYG,0,False,None,,60,78,1,70,71,64,1,1,1,71,76,1,1,83
2471,28,Curtis,Jordan,Texas Tech,33,2,74,200,0,14,38,9,1985,False,False,,,0,0,FS,FS,N/A,1987,False,None,,38,59,1,61,56,45,1,1,1,46,70,1,1,66
2472,21,Don,Rogers,UCLA,29,6,73,206,16,6,34,4,1985,False,False,,,2100000,1,FS,FS,TB,0,False,None,,53,71,1,74,52,60,1,1,1,59,72,1,1,77
2473,26,Eric,Williams FS,North Carolina State,31,6,73,188,0,16,34,5,1985,False,False,,,0,0,FS,FS,N/A,0,False,None,,30,63,1,73,41,46,1,1,1,56,82,1,1,68
2474,31,Ivory,Sully,Delaware,32,4,72,198,0,17,34,15,1985,False,False,,,0,0,FS,FS,N/A,1989,False,None,,31,76,1,61,43,54,1,1,1,45,72,1,1,66
2477,29,John,Swain,Miami,32,6,73,195,0,10,28,1,1985,False,False,,,0,0,CB,CB,N/A,0,False,None,,26,70,1,67,45,40,1,1,1,41,82,1,1,71
2479,33,Duane,Galloway,Arizona State,29,5,68,181,0,11,34,17,1985,False,False,,,0,0,FS,FS,N/A,1990,False,None,,46,71,1,67,41,61,1,1,1,43,68,1,1,67
2480,31,Ken,Taylor,Oregon State,28,6,73,185,20,6,21,15,1985,False,False,,,3100000,1,CB,CB,LOU,0,False,None,1986 AFC Pro Bowl Team,48,82,1,82,53,45,1,1,1,52,86,1,1,84
2481,3,Jan,Stenerud,Montana State,44,1,74,187,0,3,30,2,1985,True,False,,,0,0,K,K,N/A,1986,False,None,,16,46,10,44,22,62,1,1,1,27,82,75,83,74
2482,9,Norm,Johnson,UCLA,31,6,74,202,9,15,19,3,1985,True,False,,,1500000,1,K,K,LON,0,False,None,1989 AFC Pro Bowl Team,23,57,13,40,17,55,1,1,1,23,89,82,89,77
2483,6,Ali,Haji-Sheikh,Michigan,30,6,72,172,20,2,20,6,1985,True,False,,,700000,2,K,K,LOU,0,False,None,,27,45,19,37,26,64,1,1,1,15,100,78,85,77
2485,18,Carl,Birdsong,Southwest Oklahoma State,32,6,72,192,19,1,23,16,1985,True,False,,,250000,5,P,P,WAS,0,False,None,,21,44,5,46,16,57,1,1,1,9,92,83,75,76
2486,78,Keith,Van Horne,USC,34,6,78,281,0,15,30,16,1985,True,False,,,0,0,T,T,N/A,0,False,None,,60,48,1,38,1,39,1,63,73,24,45,1,1,68
2487,87,Gerald,Carter,Texas A&M,32,4,73,190,0,13,40,11,1985,True,False,,,0,0,WR,WR,N/A,1989,False,None,,41,61,1,66,54,41,1,9,6,20,70,1,1,64
2495,40,Randall,Morris,Tennessee,27,3,72,195,0,0,0,0,0,True,False,,,0,0,RB,RB,N/A,1988,False,None,,46,68,8,78,55,49,7,22,17,14,62,1,1,68
2496,30,Reggie,Branch,East Carolina,24,1,71,232,0,0,0,0,0,True,False,,,0,0,RB,RB,N/A,1986,False,None,,50,72,12,67,54,39,4,14,24,16,75,1,1,69
2498,30,Frank,Pollard,Baylor,34,6,70,218,0,5,36,13,1985,True,False,,,0,0,FB,FB,N/A,0,False,None,,58,36,1,46,25,31,1,25,14,10,55,1,1,45
2499,48,Frank,Hawkins,Nevada-Reno,32,6,69,210,0,16,36,5,1985,True,False,,,0,0,FB,FB,N/A,0,False,None,,65,45,1,52,45,48,1,38,39,30,73,1,1,68
2501,82,Preston,Dennard,New Mexico,34,4,73,185,0,2,41,13,1985,True,False,,,0,0,WR,WR,N/A,1989,False,None,,17,52,1,66,65,39,1,1,1,29,64,1,1,61
2502,87,Leo,Lewis,Missouri,35,6,68,170,0,3,38,2,1985,True,False,,,0,0,WR,WR,N/A,0,False,None,,15,48,1,53,50,29,1,15,1,7,54,1,1,48
2503,82,Bobby,Duckworth,Arkansas,32,5,75,198,0,14,41,10,1985,True,False,,,0,0,WR,WR,N/A,1990,False,None,,21,67,1,67,54,44,1,1,8,7,56,1,1,63
2506,87,Mike,Young,UCLA,29,6,73,187,18,16,38,5,1985,True,False,,,1150000,3,WR,WR,BAL,0,False,None,,41,67,1,75,69,65,1,27,7,22,78,1,1,75
2508,87,Rodney,Holman,Tulane,31,6,75,238,12,2,22,6,1985,True,False,,,1500000,1,TE,TE,DET,0,False,None,,42,52,1,64,84,69,1,38,51,42,84,1,1,74
2509,80,Clint,Didier,Portland State,32,6,77,240,20,15,27,3,1985,True,False,,,2450000,1,TE,TE,LOU,0,False,None,,55,67,1,51,80,63,1,32,40,39,69,1,1,72
2511,85,Calvin,Magee,Southern,28,6,75,240,9,2,34,6,1985,True,False,,,1200000,2,TE,TE,LON,0,False,None,,64,76,1,73,69,62,1,41,48,39,84,1,1,83
2512,87,Tony,Hunter,Notre Dame,31,6,76,237,11,14,34,9,1985,True,False,,,1900000,1,TE,TE,CHI,0,False,None,,65,68,1,68,79,67,1,46,60,42,78,1,1,86
2513,85,James,Wright,TCU,33,4,75,240,0,4,33,12,1985,True,False,,,0,0,TE,TE,N/A,1989,False,None,,52,48,1,56,64,59,1,43,21,27,49,1,1,64
2514,65,Ron,Heller,Penn State,29,6,77,298,8,3,37,17,1985,True,False,,,250000,1,T,T,SEA,0,False,None,,85,49,1,40,26,64,1,71,74,47,77,1,1,77
2515,67,Ron,Essink,Grand Valley State,32,5,78,260,0,16,30,5,1985,True,False,,,0,0,T,T,N/A,1990,False,None,,61,37,1,45,1,54,1,73,50,35,54,1,1,63
2516,60,Brett,Miller,Iowa,33,6,79,293,0,3,44,2,1985,True,False,,,0,0,T,T,N/A,1991,False,None,,76,39,1,39,1,56,1,63,51,18,43,1,1,63
2517,68,Gene,Sanders,Texas A&M,35,6,75,273,0,6,48,4,1985,True,False,,,0,0,T,T,N/A,0,False,None,,56,24,1,32,1,39,1,35,52,21,28,1,1,48
2518,68,Bill,Contz,Penn State,29,5,77,268,0,13,41,8,1985,True,False,,,0,0,T,T,N/A,1990,False,None,,60,31,1,39,9,62,1,68,60,33,56,1,1,64
2521,68,Joe,Bostic,Clemson,33,5,75,265,0,2,47,13,1985,True,False,,,0,0,G,G,N/A,1990,False,None,,53,51,1,41,1,43,1,61,53,37,52,1,1,62
2522,68,Terry,Long,East Carolina,32,6,71,272,7,15,34,16,1985,True,False,,,750000,1,G,G,CIN,0,False,None,,70,47,1,44,18,52,1,82,71,29,60,1,1,78
2523,78,Crawford,Ker,Florida,29,6,75,288,19,3,45,17,1985,True,False,,,2550000,3,G,G,WAS,0,False,None,,81,46,1,49,16,57,1,84,64,34,73,1,1,81
2531,66,William,Gay,USC,33,3,77,250,0,12,47,11,1985,False,False,,,0,0,DE,DE,N/A,1988,False,None,,49,50,1,66,24,47,1,1,1,48,57,1,1,66
2537,51,Mike,Merriweather,Pacific,31,6,74,230,8,15,18,16,1985,False,False,,,2150000,2,LB,LB,SEA,0,False,None,1985 NFC Pro Bowl Team,56,60,1,58,32,74,1,1,1,77,72,3,1,75
2538,50,Fredd,Young,New Mexico State,30,6,73,233,20,8,39,9,1985,False,False,,,1600000,1,LB,LB,LOU,0,False,None,,59,68,1,77,46,59,1,1,1,71,88,1,3,78
2539,50,Fred,McNeill,UCLA,37,4,74,229,0,11,42,17,1985,False,False,,,0,0,LB,LB,N/A,1989,False,None,,43,46,1,55,10,41,1,1,1,55,44,1,1,55
2540,57,Bryan,Hinkle,Oregon,32,6,73,222,0,14,40,9,1985,False,False,,,0,0,LB,LB,N/A,0,False,None,,44,53,1,65,36,52,1,1,1,71,70,1,1,68
2542,55,Buddy,Curry,North Carolina,33,6,76,224,4,4,42,7,1985,False,False,,,1700000,1,LB,LB,OAK,0,False,None,,80,68,1,71,42,52,1,1,1,73,90,1,1,84
2543,93,Cliff,Odom,Texas-Arlington,32,5,74,237,0,6,42,4,1985,False,False,,,0,0,LB,LB,N/A,1990,False,None,1987 AFC Pro Bowl Team|1988 AFC Pro Bowl Team,65,65,1,79,43,62,1,1,1,75,84,1,1,82
2544,55,Don,Blackmon,Tulsa,33,6,75,235,0,14,42,9,1985,False,False,,,0,0,LB,LB,N/A,0,False,None,,55,56,1,53,37,40,1,1,1,59,71,1,1,60
2545,98,Johnie,Cooks,Mississippi State,33,6,76,247,0,8,42,10,1985,False,False,,,0,0,LB,LB,N/A,0,False,None,,61,53,1,59,32,47,1,1,1,67,80,1,1,68
2546,59,John,Rade,Boise State,31,6,73,232,0,2,40,6,1985,False,False,,,0,0,LB,LB,N/A,0,False,None,,58,63,1,60,25,43,1,1,1,52,71,1,1,65
2547,55,Michael,Jackson,Washington,32,4,73,220,0,16,44,5,1985,False,False,,,0,0,LB,LB,N/A,1989,False,None,,39,53,1,50,32,52,1,1,1,71,54,1,1,63
2548,56,Al,Richardson,Georgia Tech,33,5,74,211,0,2,43,13,1985,False,False,,,0,0,LB,LB,N/A,1990,False,None,,40,50,1,56,20,38,1,1,1,53,55,1,1,57
2550,50,Ervin,Randle,Baylor,29,6,73,250,3,5,39,6,1985,False,False,,,2300000,1,LB,LB,GB,0,False,None,,65,64,1,61,35,49,1,1,1,80,83,1,1,77
2551,57,Darren,Comeaux,Arizona State,31,6,73,227,0,4,40,7,1985,False,False,,,0,0,LB,LB,N/A,0,False,None,,51,60,1,65,39,59,1,1,1,75,66,1,1,73
2553,56,Ron,Simpkins,Michigan,32,5,73,235,0,8,43,9,1985,False,False,,,0,0,LB,LB,N/A,1990,False,None,,51,51,1,58,19,52,1,1,1,60,56,1,1,62
2555,55,Ron,Ferrari,Illinois,32,6,72,212,18,18,40,14,1985,False,False,,,550000,2,LB,LB,BAL,0,False,None,,54,57,1,45,39,46,1,1,1,71,59,1,1,68
2556,52,Tom,Polley,UNLV,29,6,75,246,0,13,39,8,1985,False,False,,,0,0,LB,LB,N/A,0,False,None,,62,62,1,57,27,42,1,1,1,61,62,1,1,68
2558,49,Frank,Wattelet,Kansas,29,2,72,185,0,4,48,7,1985,False,False,,,0,0,FS,FS,N/A,1987,False,None,,62,81,1,61,41,61,1,1,1,58,71,1,1,71
2559,37,Harry,Hamilton,Penn State,29,6,72,194,6,7,41,1,1985,False,False,,,3050000,1,FS,FS,NYG,0,False,None,,43,88,1,75,55,72,1,1,1,72,69,1,1,85
2562,31,Tony,Lilly,Florida,28,5,72,199,0,16,42,5,1985,False,False,,,0,0,FS,FS,N/A,1990,False,None,,41,73,1,63,50,53,1,1,1,62,66,1,1,70
2564,48,Reggie,Phillips,SMU,30,5,70,170,0,2,42,6,1985,False,False,,,0,0,FS,FS,N/A,1990,False,None,,33,73,1,73,33,50,1,1,1,57,80,1,1,66
2565,40,David,Croudip,San Diego State,32,6,68,183,0,2,48,6,1985,False,False,,,0,0,FS,FS,N/A,1991,False,None,,29,71,1,58,47,34,1,1,1,56,70,1,1,65
2567,18,Scott,Norwood,James Madison,31,6,72,207,0,10,25,18,1985,True,False,,,0,0,K,K,N/A,0,False,None,,1,29,5,26,18,53,1,1,1,13,78,65,73,61
2568,99,Fuad,Reveiz,Tennessee,28,6,71,225,17,11,37,2,1985,True,False,,,250000,1,K,K,CHC,0,False,None,,18,35,13,41,12,68,1,1,1,15,82,69,76,71
2570,3,Rick,Donnelly,Wyoming,29,6,72,195,9,2,25,13,1985,True,False,,,1200000,1,P,P,LON,0,False,None,1988 AFC Pro Bowl Team,22,34,9,45,9,54,1,1,1,4,83,85,82,77
2571,83,Pat,Beach,Washington State,32,6,76,247,0,6,35,15,1985,True,False,,,0,0,TE,TE,N/A,0,False,None,,59,57,1,74,71,56,1,42,43,41,72,1,1,75
2573,30,Tiger,Greene,Western Carolina,29,6,72,194,3,3,27,17,1985,False,False,,,250000,2,FS,FS,GB,0,False,None,,58,65,1,71,64,61,1,1,1,69,82,1,1,80
2574,48,Jack,Del Rio,USC,28,6,76,246,4,4,30,7,1985,False,False,,,2550000,1,LB,LB,OAK,0,False,None,,75,73,1,69,45,62,1,1,1,78,75,1,1,82
2586,42,Hokie,Gajan,LSU,32,6,71,220,0,18,36,14,1985,True,False,,,0,0,FB,FB,N/A,0,False,None,,49,46,1,60,48,46,1,63,30,26,71,1,1,73
2587,87,Earnest,Gray,Memphis,33,5,75,195,0,8,44,10,1985,True,False,,,0,0,WR,WR,N/A,1990,False,None,,12,66,1,61,63,48,1,9,7,11,68,1,1,61
2589,80,Kenny,Duckett,Wake Forest,30,4,72,184,0,10,44,1,1985,True,False,,,0,0,WR,WR,N/A,1989,False,None,,26,70,1,59,69,39,1,17,5,12,71,1,1,64
2591,89,Lindsay,Scott,Georgia,29,4,73,195,0,7,42,18,1985,True,False,,,0,0,WR,WR,N/A,1989,False,None,,25,65,1,63,66,51,1,21,1,21,64,1,1,66
2593,87,Ed,West,Auburn,30,6,73,250,8,1,36,3,1985,True,False,,,250000,1,TE,TE,SEA,0,False,None,,53,67,1,79,66,52,1,48,36,43,63,1,1,77
2598,71,Ron,Solt,Maryland,29,6,75,279,0,1,48,3,1985,True,False,,,0,0,G,G,N/A,0,False,None,,70,48,1,45,18,71,1,71,63,41,72,1,1,76
2599,72,Steve,Courson,South Carolina,33,3,73,274,0,8,49,9,1985,True,False,,,0,0,G,G,N/A,1988,False,None,,77,37,1,32,1,41,1,61,52,27,43,1,1,62
2600,61,John,Scully,Notre Dame,30,3,78,262,0,11,38,17,1985,True,False,,,0,0,G,G,N/A,1988,False,None,,67,49,1,37,5,65,1,64,64,40,63,1,1,68
2601,62,Glen,Titensor,BYU,31,4,76,263,0,15,37,3,1985,True,False,,,0,0,G,G,N/A,1989,False,None,,62,42,1,43,1,53,1,63,56,33,62,1,1,64
2604,90,Reggie,Camp,California,30,6,76,274,0,10,48,1,1985,False,False,,,0,0,DE,DE,N/A,0,False,None,,73,66,1,57,26,54,1,1,1,57,67,1,1,78
2605,94,Elvis,Franks,Morgan State,32,4,76,252,0,7,49,1,1985,False,False,,,0,0,DE,DE,N/A,1989,False,None,,63,44,1,56,15,33,1,1,1,43,45,1,1,63
2606,54,John,Anderson,Michigan,33,4,75,226,0,4,17,12,1985,False,False,,,0,0,LB,LB,N/A,1989,False,None,,39,49,1,71,34,43,1,1,1,76,57,1,1,65
2607,58,Riki,Ellison,USC,31,6,74,225,0,5,46,13,1985,False,False,,,0,0,LB,LB,N/A,0,False,None,,49,49,1,57,37,50,1,1,1,74,74,1,1,67
2608,59,Joel,Williams,Peru State,32,3,73,222,0,10,49,18,1985,False,False,,,0,0,LB,LB,N/A,1988,False,None,,55,44,1,54,17,44,1,1,1,70,62,1,1,65
2611,57,Jeff,Davis,Clemson,31,6,72,230,0,12,48,8,1985,False,False,,,0,0,LB,LB,N/A,0,False,None,,54,67,1,68,41,58,1,1,1,68,72,1,1,73
2613,54,Greg,Gaines,Tennessee,32,5,75,220,0,4,49,12,1985,False,False,,,0,0,LB,LB,N/A,1990,False,None,,53,53,1,53,30,59,1,1,1,52,70,1,1,64
2614,54,Reggie,McKenzie,Tennessee,28,6,73,240,16,15,45,3,1985,False,False,,,2950000,1,LB,LB,TB,0,False,None,,80,62,1,75,38,59,1,1,1,69,73,1,1,83
2616,51,Tom,Dinkel,Kansas,31,2,75,240,0,6,50,4,1985,False,False,,,0,0,LB,LB,N/A,1987,False,None,,50,50,1,72,36,47,1,1,1,61,68,1,1,69
2619,54,Tony,Caldwell,Washington,29,5,73,225,0,1,45,16,1985,False,False,,,0,0,LB,LB,N/A,1990,False,None,,42,51,1,55,15,43,1,1,1,66,57,1,1,61
2620,42,Cedric,Mack,Baylor,31,6,72,193,0,3,32,2,1985,False,False,,,0,0,CB,CB,N/A,0,False,None,,45,71,1,73,56,57,1,1,1,47,78,1,1,81
2621,25,Wendell,Cason,Oregon,28,6,71,191,8,18,26,14,1985,False,False,,,1850000,2,CB,CB,SEA,0,False,None,,47,83,1,81,47,62,1,1,1,44,81,1,1,84
2622,24,John,Hendy,Long Beach State,29,6,71,196,0,17,22,15,1985,False,False,,,0,0,CB,CB,N/A,0,False,None,1985 NFC Pro Bowl Team,48,67,1,81,48,59,1,1,1,41,83,1,1,80
2623,24,Ray,Ellis,Ohio State,30,4,73,192,0,1,41,16,1985,False,False,,,0,0,SS,SS,N/A,1989,False,None,,50,68,1,70,43,48,1,1,1,42,76,1,1,64
2624,26,Raphel,Cherry,Hawaii,30,6,72,194,0,4,34,7,1985,False,False,,,0,0,FS,FS,N/A,0,False,None,,40,64,1,69,54,43,1,1,1,52,70,1,1,68
2625,39,Michael,Downs,Rice,29,3,75,205,0,8,50,10,1985,False,False,,,0,0,FS,FS,N/A,1988,False,None,,48,69,1,56,53,63,1,1,1,54,79,1,1,68
2627,43,Bud,Brown,Southern Miss,28,4,72,194,0,16,50,5,1985,False,False,,,0,0,FS,FS,N/A,1989,False,None,1985 NFC Pro Bowl Team,37,56,1,71,54,57,1,1,1,46,71,1,1,66
2629,45,Rick,Sanford,South Carolina,30,2,73,192,0,9,52,12,1985,False,False,,,0,0,FS,FS,N/A,1987,False,None,,40,70,1,70,42,61,1,1,1,55,78,1,1,71
2630,48,Randy,Robbins,Arizona,29,6,74,189,0,6,49,15,1985,False,False,,,0,0,FS,FS,N/A,0,False,None,,50,75,1,75,58,55,1,1,1,49,81,1,1,77
2631,49,Don,Bessillieu,Georgia Tech,31,2,73,200,0,5,52,13,1985,False,False,,,0,0,FS,FS,N/A,1987,False,None,,43,67,1,62,58,51,1,1,1,62,78,1,1,69
2632,42,Dana,McLemore,Hawaii,31,6,70,183,0,15,36,16,1985,False,False,,,0,0,FS,FS,N/A,0,False,None,,38,72,1,76,44,53,1,1,1,46,62,1,1,69
2634,5,Tony,Franklin,Texas A&M,35,6,68,182,0,9,27,7,1985,True,False,,,0,0,K,K,N/A,1991,False,None,,26,33,17,26,26,72,1,1,1,20,80,86,73,75
2636,74,William,Perry,Clemson,29,6,74,325,9,12,16,8,1985,False,False,,,1600000,1,DT,DT,LON,0,False,None,1985 NFC Pro Bowl Team|1986 NFC Pro Bowl Team,71,54,1,60,43,65,1,1,1,68,68,1,1,80
2637,67,David,Galloway,Florida,31,5,75,277,0,7,24,18,1985,False,False,,,0,0,DT,DT,N/A,1990,False,None,,64,54,1,59,18,46,1,1,1,55,59,1,1,66
2639,69,Greg,Meisner,Pittsburgh,32,6,75,257,0,14,31,10,1985,False,False,,,0,0,DT,DT,N/A,0,False,None,,73,56,1,51,18,40,1,1,1,46,64,1,1,66
2640,58,Freddie Joe,Nunn,Mississippi,29,6,77,262,15,15,23,3,1985,False,False,,,3850000,1,LB,LB,SF,0,False,None,1986 NFC Pro Bowl Team,71,73,1,67,49,70,1,1,1,73,82,1,1,82
2641,81,Stephen,Starring,McNeese State,30,6,70,172,0,13,45,8,1985,True,False,,,0,0,WR,WR,N/A,0,False,None,,37,68,1,69,69,47,1,31,15,25,66,1,1,72
2647,20,Thomas,Sanders,Texas A&M,24,1,71,203,0,0,0,0,0,True,False,,,0,0,RB,RB,N/A,1986,False,None,,55,73,3,75,40,40,9,11,13,26,71,1,1,67
2649,23,Joe,Carter,Alabama,24,1,71,198,0,0,0,0,0,True,False,,,0,0,RB,RB,N/A,1986,False,None,,46,77,4,72,41,51,6,22,20,17,67,1,1,68
2652,39,Major,Everett,Mississippi College,25,0,70,215,0,0,0,0,0,True,False,,,0,0,RB,RB,N/A,1985,False,None,,53,62,3,77,55,46,6,16,17,21,72,1,1,70
2656,39,Earl,Ferrell,East Tennessee State,33,6,72,225,0,10,46,1,1985,True,False,,,0,0,FB,FB,N/A,0,False,None,,43,40,1,57,48,36,1,41,28,20,59,1,1,59
2659,88,Freddie,Solomon,Tampa,34,2,71,185,0,1,51,16,1985,True,False,,,0,0,WR,WR,N/A,1987,False,None,,20,62,1,64,74,66,1,11,1,16,66,1,1,68
2669,85,Tim,Wrightman,UCLA,31,6,75,237,0,11,41,2,1985,True,False,,,0,0,TE,TE,N/A,0,False,None,,53,60,1,75,83,51,1,50,41,31,81,1,1,76
2671,66,Jim,Cooper,Temple,33,3,77,262,0,2,52,6,1985,True,False,,,0,0,T,T,N/A,1988,False,None,,66,29,1,31,19,58,1,63,64,36,67,1,1,65
2672,76,Phil,Pozderac,Notre Dame,29,3,81,277,0,18,50,14,1985,True,False,,,0,0,T,T,N/A,1988,False,None,,71,47,1,48,14,46,1,69,51,38,55,1,1,65
2678,66,Terry,Tausch,Texas,28,2,77,275,0,10,55,18,1985,True,False,,,0,0,G,G,N/A,1987,False,None,,81,47,1,34,3,55,1,64,68,31,65,1,1,69
2682,69,Reggie,Doss,Hampton,31,2,76,265,0,16,52,5,1985,False,False,,,0,0,DE,DE,N/A,1987,False,None,,62,61,1,53,25,39,1,1,1,46,51,1,1,67
2683,74,Eric,Williams,Washington State,29,6,76,282,0,1,49,16,1985,False,False,,,0,0,DE,DE,N/A,0,False,None,,73,43,1,59,39,54,1,1,1,69,76,1,1,77
2684,67,Doug,Reed,San Diego State,31,6,75,254,0,11,44,17,1985,False,False,,,0,0,DT,DT,N/A,0,False,None,,73,59,1,39,21,61,1,1,1,65,52,1,1,74
2690,52,Eugene,Marve,Saginaw Valley State,29,4,74,237,0,3,49,17,1985,False,False,,,0,0,LB,LB,N/A,1989,False,None,,52,71,1,54,25,60,1,1,1,66,67,1,1,65
2692,54,Jim,Morrissey,Michigan State,29,6,75,223,0,11,45,2,1985,False,False,,,0,0,LB,LB,N/A,0,False,None,,50,68,1,65,42,45,1,1,1,75,72,1,1,70
2693,52,Randy,Scott,Alabama,28,2,73,223,0,17,52,15,1985,False,False,,,0,0,LB,LB,N/A,1987,False,None,,50,57,1,59,35,57,1,1,1,67,69,1,1,69
2698,59,Byron,Hunt,SMU,30,3,77,238,0,11,52,17,1985,False,False,,,0,0,LB,LB,N/A,1988,False,None,,50,63,1,70,39,53,1,1,1,61,64,1,1,69
2703,44,Wayne,Smith,Purdue,32,4,72,171,0,9,23,7,1985,False,False,,,0,0,CB,CB,N/A,1989,False,None,,28,78,1,77,52,53,1,1,1,37,81,1,1,75
2704,36,Bruce,McNorton,Georgetown (KY),32,6,71,175,0,13,32,11,1985,False,False,,,0,0,CB,CB,N/A,0,False,None,,36,81,1,71,64,59,1,1,1,37,70,1,1,78
2706,29,Patrick,Allen,Utah State,30,6,70,180,0,16,29,14,1985,False,False,,,0,0,CB,CB,N/A,0,False,None,,38,78,1,79,43,55,1,1,1,40,77,1,1,79
2707,44,Paul,Lankford,Penn State,32,5,73,185,0,12,35,11,1985,False,False,,,0,0,CB,CB,N/A,1990,False,None,,27,64,1,71,51,47,1,1,1,33,64,1,1,70
2708,44,Rufus,Bess,South Carolina State,32,3,69,184,0,17,41,4,1985,False,False,,,0,0,CB,CB,N/A,1988,False,None,,23,75,1,53,45,57,1,1,1,35,75,1,1,68
2710,26,Bobby,Kemp,Cal State-Fullerton,30,4,72,189,0,9,44,12,1985,False,False,,,0,0,SS,SS,N/A,1989,False,None,,53,71,1,63,39,37,1,1,1,50,74,1,1,65
2712,35,Lonnie,Young,Michigan State,28,6,73,205,4,4,52,7,1985,False,False,,,900000,1,FS,FS,OAK,0,False,None,,47,77,1,86,52,65,1,1,1,57,75,1,1,80
2715,41,Jeff,Griffin,Utah,33,6,72,185,0,13,36,11,1985,False,False,,,0,0,CB,CB,N/A,0,False,None,,29,77,1,59,50,44,1,1,1,31,71,1,1,67
2716,47,Lester,Lyles,Virginia,29,6,75,209,12,17,50,15,1985,False,False,,,1750000,2,FS,FS,DET,0,False,None,,48,71,1,85,51,62,1,1,1,73,87,1,1,81
2718,71,Greg,Kragen,Utah State,29,6,75,263,8,2,17,13,1985,False,False,,,250000,1,DT,DT,SEA,0,False,None,,79,62,1,54,34,65,1,1,1,58,78,1,1,75
2719,76,Tim,Krumrie,Wisconsin,31,6,74,270,3,15,24,16,1985,False,False,,,250000,1,DT,DT,GB,0,False,None,,65,61,1,49,40,59,1,1,1,72,78,1,3,75
2720,78,Jim,Burt,Miami (FL),32,6,73,260,0,17,29,4,1985,False,False,,,0,0,DT,DT,N/A,0,False,None,1988 AFC Pro Bowl Team,61,51,1,42,18,57,1,1,1,57,60,1,1,66
2724,44,Owen,Gill,Iowa,24,1,73,230,0,0,0,0,0,True,False,,,0,0,RB,RB,N/A,1986,False,None,,57,57,6,73,48,42,10,15,19,11,62,1,1,66
2726,29,Robert,Lavette,Georgia Tech,24,2,71,190,0,0,0,0,0,True,False,,,0,0,RB,RB,N/A,1987,False,None,,46,69,4,68,52,47,16,8,13,27,73,1,1,64
2729,83,Jim,Smith,Michigan,34,4,74,205,0,1,54,3,1985,True,False,,,0,0,WR,WR,N/A,1989,False,None,,23,54,1,49,57,39,1,9,1,23,59,1,1,53
2730,89,Phil,McConkey,Navy,31,3,70,170,0,11,40,17,1985,True,False,,,0,0,WR,WR,N/A,1988,False,None,,26,56,1,76,65,47,1,16,8,27,71,1,1,66
2731,83,Trumaine,Johnson,Grambling State,31,6,73,196,0,2,53,13,1985,True,False,,,0,0,WR,WR,N/A,1991,False,None,,29,56,1,69,70,46,1,23,13,17,69,1,1,67
2732,86,Jesse,Bendross,Alabama,26,3,72,196,0,14,53,10,1985,True,False,,,0,0,WR,WR,N/A,1988,False,None,,18,71,1,62,69,54,1,19,4,10,65,1,1,67
2739,74,Reggie,McElroy,West Texas A&M,28,3,78,290,0,11,54,17,1985,True,False,,,0,0,T,T,N/A,1988,False,None,,75,41,1,50,15,50,1,69,53,30,68,1,1,65
2740,69,Scott,Bergold,Wisconsin,27,3,79,263,0,9,54,12,1985,True,False,,,0,0,T,T,N/A,1988,False,None,,66,33,1,37,4,59,1,66,57,16,57,1,1,67
2749,77,Mark,Mullaney,Colorado State,34,2,78,242,0,7,54,18,1985,False,False,,,0,0,DE,DE,N/A,1987,False,None,,63,55,1,48,23,48,1,1,1,48,69,1,1,65
2750,78,John,Cannon,William & Mary,28,3,77,260,0,4,54,7,1985,False,False,,,0,0,DE,DE,N/A,1988,False,None,,63,61,1,59,27,38,1,1,1,54,61,1,1,69
2753,61,Stafford,Mays,Washington,30,3,74,252,0,18,54,14,1985,False,False,,,0,0,DE,DE,N/A,1988,False,None,,68,46,1,64,28,50,1,1,1,51,51,1,1,71
2755,53,John,Grimsley,Kentucky,29,6,74,235,0,15,54,16,1985,False,False,,,0,0,LB,LB,N/A,0,False,None,,49,55,1,66,35,52,1,1,1,79,58,1,1,68
2756,54,Rich,Milot,Penn State,33,5,76,234,0,9,56,12,1985,False,False,,,0,0,LB,LB,N/A,1990,False,None,,58,56,1,71,18,54,1,1,1,52,72,1,1,64
2757,55,Gary,Reasons,Northwest State (LA),29,6,76,235,5,15,26,16,1985,False,False,,,250000,1,LB,LB,BUF,0,False,None,,59,66,1,62,51,78,1,1,1,83,74,1,1,80
2762,51,Bob,Harris,Auburn,28,3,74,219,0,15,55,3,1985,False,False,,,0,0,LB,LB,N/A,1988,False,None,,58,60,1,63,29,51,1,1,1,62,67,1,1,65
2765,52,Vince,Osby,Illinois,27,3,71,220,0,5,54,13,1985,False,False,,,0,0,LB,LB,N/A,1988,False,None,,55,63,1,52,36,36,1,1,1,68,54,1,1,67
2766,52,Mark,Fellows,Montana State,24,2,73,233,0,16,54,5,1985,False,False,,,0,0,LB,LB,N/A,1987,False,None,,63,50,1,63,31,54,1,1,1,71,68,1,1,70
2767,22,Mike,Harden,Michigan,33,6,73,192,0,15,28,16,1985,False,False,,,0,0,CB,CB,N/A,1991,False,None,,36,60,1,66,41,38,1,1,1,47,77,1,1,67
2769,31,Leslie,Frazier,Alcorn State,32,6,72,189,4,4,29,12,1985,False,False,,,2800000,1,CB,CB,OAK,0,False,None,,46,70,1,78,45,45,1,1,1,56,68,1,1,79
2770,29,Johnny,Lynn,UCLA,32,3,72,196,0,7,43,1,1985,False,False,,,0,0,CB,CB,N/A,1988,False,None,,32,67,1,58,42,48,1,1,1,45,73,1,1,69
2771,27,Al,Gross,Arizona,27,3,75,191,0,2,54,6,1985,False,False,,,0,0,SS,SS,N/A,1988,False,None,,48,57,1,66,56,36,1,1,1,51,59,1,1,62
2774,40,Liffort,Hobley,LSU,25,2,72,207,0,1,56,3,1985,False,False,,,0,0,FS,FS,N/A,1987,False,None,,53,64,1,67,57,47,1,1,1,58,79,1,1,70
2781,2,Raul,Allegre,Montana,32,6,69,165,19,12,30,8,1985,True,False,,,950000,5,K,K,WAS,0,False,None,1987 AFC Pro Bowl Team,15,29,14,45,23,60,1,1,1,25,77,79,83,75
2783,60,Ken,Clarke,Syracuse,35,6,74,268,0,16,27,14,1985,False,False,,,0,0,DT,DT,N/A,1991,False,None,1988 NFC Pro Bowl Team,66,54,1,49,22,52,1,1,1,47,60,1,1,65
2784,76,Barry,Bennett,Concordia (MN),35,5,76,257,0,1,28,3,1985,False,False,,,0,0,DT,DT,N/A,1990,False,None,,67,44,1,58,30,55,1,1,1,60,56,1,1,71
2785,76,Mark,Duda,Maryland,30,6,75,273,1,18,22,14,1985,False,False,,,1500000,1,DT,DT,NYT,0,False,None,,77,46,1,51,32,53,1,1,1,63,59,1,1,76
2787,93,Greg,Townsend,TCU,30,6,75,264,19,15,38,16,1985,False,False,,,2150000,1,DE,DE,WAS,0,False,None,,64,62,1,60,42,44,1,1,1,73,71,1,1,80
2790,81,Leon,Gonzalez,Bethune-Cookman,23,1,70,162,0,17,55,4,1985,True,False,,,0,0,WR,WR,N/A,1986,False,None,,31,66,1,63,71,56,1,20,18,29,82,1,1,70
2803,86,Calvin,Muhammad,Texas Southern,29,2,71,190,0,9,57,7,1985,True,False,,,0,0,WR,WR,N/A,1987,False,None,,25,77,1,64,70,54,1,21,4,15,68,1,1,69
2804,84,Weegie,Thompson,Florida State,30,6,78,212,0,6,55,15,1985,True,False,,,0,0,WR,WR,N/A,0,False,None,,37,72,1,73,61,49,1,12,1,23,80,1,1,67
2806,81,Byron,Walker,The Citadel,27,2,76,190,0,11,56,17,1985,True,False,,,0,0,WR,WR,N/A,1987,False,None,,35,78,1,64,70,51,1,11,1,16,77,1,1,69
2807,87,Clay,Pickering,Maine,27,3,77,215,0,16,55,14,1985,True,False,,,0,0,WR,WR,N/A,1988,False,None,,21,61,1,62,62,49,1,11,1,17,66,1,1,64
2817,64,Bruce,Collie,Texas-Arlington,27,4,78,275,0,15,46,16,1985,True,False,,,0,0,T,T,N/A,1989,False,None,,83,53,1,38,18,58,1,62,56,34,63,1,1,66
2831,92,Keith,Gary,Ferrum,28,2,75,263,0,14,55,10,1985,False,False,,,0,0,DE,DE,N/A,1987,False,None,,61,61,1,56,21,40,1,1,1,58,62,1,1,70
2834,97,Tony,Simmons,Tennessee,28,5,76,270,0,11,55,2,1985,False,False,,,0,0,DE,DE,N/A,1990,False,None,,61,49,1,50,23,43,1,1,1,49,52,1,1,66
2842,52,Alvin,Toles,Tennessee,27,5,73,211,0,10,58,1,1985,False,False,,,0,0,LB,LB,N/A,1990,False,None,,59,47,1,62,29,53,1,1,1,63,68,1,1,64
2846,40,Bobby,Jackson,Florida State,32,3,69,178,0,10,45,18,1985,False,False,,,0,0,CB,CB,N/A,1988,False,None,,48,76,1,66,42,57,1,1,1,35,67,1,1,70
2847,32,Vernon,Dean,San Diego State,30,4,71,178,0,8,45,9,1985,False,False,,,0,0,CB,CB,N/A,1989,False,None,,28,64,1,61,50,54,1,1,1,38,62,1,1,68
2848,30,Tom,Flynn,Pittsburgh,28,5,72,195,0,14,43,10,1985,False,False,,,0,0,FS,FS,N/A,1990,False,None,,35,75,1,65,44,57,1,1,1,43,76,1,1,65
2849,49,John,Turner,Miami (FL),33,4,72,197,0,1,46,3,1985,False,False,,,0,0,CB,CB,N/A,1989,False,None,,29,70,1,58,41,47,1,1,1,40,52,1,1,64
2851,38,Don,McNeal,Alabama,33,6,71,190,0,12,45,11,1985,False,False,,,0,0,CB,CB,N/A,1991,False,None,,34,57,1,59,40,46,1,1,1,39,59,1,1,62
2853,30,Mark,Robinson,Penn State,29,6,71,206,12,2,19,13,1985,False,False,,,1600000,1,CB,CB,DET,0,False,None,1986 AFC Pro Bowl Team|1987 AFC Pro Bowl Team,50,76,1,74,55,61,1,1,1,59,72,1,1,86
2854,27,Evan,Cooper,Michigan,29,6,71,185,5,6,43,15,1985,False,False,,,250000,1,CB,CB,BUF,0,False,None,,50,76,1,85,53,59,1,1,1,41,84,1,1,82
2857,31,Allen,Lyday,Nebraska,27,2,70,190,0,4,56,7,1985,False,False,,,0,0,SS,SS,N/A,1987,False,None,,42,73,1,75,51,46,1,1,1,50,81,1,1,66
2859,26,D.D.,Hoggard,North Carolina State,26,2,72,188,0,6,56,4,1985,False,False,,,0,0,SS,SS,N/A,1987,False,None,,50,72,1,60,40,36,1,1,1,43,75,1,1,63
2861,30,Sean,Landeta,Towson State,29,6,72,215,20,13,31,8,1985,True,False,,,350000,6,P,P,LOU,0,False,None,1989 AFC Pro Bowl Team,26,48,17,45,21,63,1,1,1,21,81,75,71,73
2862,3,Mike,Black,Arizona State,30,6,73,197,16,17,35,4,1985,True,False,,,450000,2,P,P,TB,0,False,None,,10,38,6,48,10,56,1,1,1,12,89,78,72,70
2863,8,Jeff,West,Cincinnati,34,2,75,212,0,18,37,5,1985,True,False,,,0,0,P,P,N/A,1987,False,None,,23,38,19,32,12,43,1,1,1,9,73,83,67,69
2865,69,Mike,Charles,Syracuse,29,6,76,292,17,18,27,5,1985,False,False,,,250000,2,DT,DT,CHC,0,False,None,,79,52,1,66,30,53,1,1,1,57,65,1,1,74
2866,96,Tim,Newton,Florida,28,6,72,280,18,2,30,6,1985,False,False,,,250000,3,DT,DT,BAL,0,False,None,,71,72,1,69,47,43,1,1,1,67,67,1,1,76
2867,77,Mike,Stensrud,Iowa State,34,5,77,280,0,13,35,8,1985,False,False,,,0,0,DT,DT,N/A,1990,False,None,,69,56,1,59,36,42,1,1,1,58,51,1,1,68
2868,75,Donnie,Humphrey,Auburn,30,6,75,282,0,10,29,18,1985,False,False,,,0,0,DT,DT,N/A,0,False,None,,79,66,1,61,28,57,1,1,1,53,58,1,1,74
2869,76,Jerome,Sally,Missouri,32,6,75,267,0,11,29,2,1985,False,False,,,0,0,DT,DT,N/A,1991,False,None,,65,42,1,41,26,52,1,1,1,53,50,1,1,63
2870,73,Don,Fielder,Kentucky,32,6,75,260,1,1,34,3,1985,False,False,,,250000,1,DT,DT,NYT,0,False,None,,80,51,1,50,16,47,1,1,1,59,56,1,1,74
2873,24,Ron,Wolfley,West Virginia,24,1,72,225,0,0,0,0,0,True,False,,,0,0,RB,RB,N/A,1986,False,None,,58,61,15,60,57,37,5,13,13,13,72,1,1,65
2876,28,Jessie,Clark,Arkansas,30,5,72,231,0,2,23,13,1985,True,False,,,0,0,FB,FB,N/A,1990,False,None,,51,56,1,54,47,40,1,47,29,21,59,1,1,62
2881,87,Willie,Drewrey,West Virginia,24,2,67,184,0,0,0,0,0,True,False,,,0,0,WR,WR,N/A,1987,False,None,,25,71,1,73,65,39,1,17,4,26,61,1,1,68
2909,57,Niko,Noga,Hawaii,24,1,73,234,0,0,0,0,0,False,False,,,0,0,LB,LB,N/A,1986,False,None,,55,59,1,58,30,54,1,1,1,75,68,1,1,70
2914,91,Gregg,Carr,Auburn,24,1,74,219,0,0,0,0,0,False,False,,,0,0,LB,LB,N/A,1986,False,None,,55,63,1,68,24,56,1,1,1,59,63,1,1,69
2917,54,John,Kaiser,Arizona,24,1,75,227,0,0,0,0,0,False,False,,,0,0,LB,LB,N/A,1986,False,None,,49,58,1,66,28,55,1,1,1,66,58,1,1,69
2918,53,Tim,Meamber,Washington,24,1,75,231,0,0,0,0,0,False,False,,,0,0,LB,LB,N/A,1986,False,None,,56,53,1,62,24,51,1,1,1,69,64,1,1,69
2919,38,Roynell,Young,Alcorn State,33,5,73,181,0,18,57,5,1985,False,False,,,0,0,CB,CB,N/A,1990,False,None,,23,70,1,68,34,40,1,1,1,33,72,1,1,63
2920,25,Johnnie,Poe,Missouri,28,2,73,190,0,17,57,4,1985,False,False,,,0,0,CB,CB,N/A,1987,False,None,,42,66,1,65,42,55,1,1,1,39,68,1,1,67
2921,20,Terry,Taylor,Southern Illinois,29,5,70,188,0,14,56,9,1985,False,False,,,0,0,CB,CB,N/A,1990,False,None,,32,66,1,58,37,55,1,1,1,38,56,1,1,66
2923,21,Elvis,Patterson,Kansas,31,6,71,193,0,11,39,2,1985,False,False,,,0,0,CB,CB,N/A,0,False,None,,34,68,1,72,48,44,1,1,1,24,67,1,1,65
2924,42,Craig,Curry,Texas,26,2,72,187,0,17,56,15,1985,False,False,,,0,0,SS,SS,N/A,1987,False,None,,42,75,1,67,54,37,1,1,1,47,63,1,1,64
2927,45,Barry,Wilburn,Mississippi,28,6,74,196,0,2,29,13,1985,False,False,,,0,0,CB,CB,N/A,0,False,None,,29,71,1,67,56,43,1,1,1,39,77,1,1,68
2928,41,Fulton,Walker,West Virginia,33,6,70,193,0,15,43,3,1985,False,False,,,0,0,CB,CB,N/A,1991,False,None,,33,67,1,77,46,62,1,1,1,47,67,1,1,77
2930,31,Carl,Howard,Rutgers,28,4,74,188,0,7,57,1,1985,False,False,,,0,0,CB,CB,N/A,1989,False,None,,30,68,1,56,40,52,1,1,1,35,68,1,1,66
2933,2,Mike,Lansford,Washington,33,6,72,183,0,13,26,11,1985,True,False,,,0,0,K,K,N/A,0,False,None,,7,22,1,23,1,31,1,1,1,1,74,66,63,51
2934,3,Eric,Schubert,Pittsburgh,28,5,68,185,0,0,0,0,0,True,False,,,0,0,K,K,N/A,1990,False,None,,14,30,1,31,1,55,1,1,1,4,86,67,60,57
2936,6,Jim,Arnold,Vanderbilt,30,6,74,215,8,9,28,12,1985,True,False,,,250000,1,P,P,SEA,0,False,None,1990 NFC Pro Bowl Team,18,40,17,50,9,51,1,1,1,15,90,77,77,72
2937,61,Bill,Pickel,Rutgers,32,6,77,265,0,15,39,3,1985,False,False,,,0,0,DT,DT,N/A,0,False,None,,57,42,1,50,24,59,1,1,1,48,55,1,1,59
2967,70,Andre,Townsend,Mississippi,26,3,75,265,0,15,48,16,1985,False,False,,,0,0,DE,DE,N/A,1988,False,None,,73,54,1,53,31,44,1,1,1,50,60,1,1,67
2971,60,Ron,Faurot,Arkansas,25,2,79,262,0,0,0,0,0,False,False,,,0,0,DE,DE,N/A,1987,False,None,,63,56,1,61,22,49,1,1,1,54,48,1,1,70
2973,91,Carl,Zander,Tennessee,24,2,74,235,0,0,0,0,0,False,False,,,0,0,LB,LB,N/A,1987,False,None,,59,61,1,66,25,50,1,1,1,58,73,1,1,66
2980,23,Perry,Williams,North Carolina State,27,3,74,203,0,14,57,10,1985,False,False,,,0,0,CB,CB,N/A,1988,False,None,,49,63,1,61,46,45,1,1,1,48,70,1,1,67
2981,42,John,Holt,West Texas A&M,28,2,71,180,0,6,57,15,1985,False,False,,,0,0,CB,CB,N/A,1987,False,None,,30,78,1,68,43,48,1,1,1,40,77,1,1,70
2982,45,Russell,Carter,SMU,29,6,74,195,0,8,57,9,1985,False,False,,,0,0,CB,CB,N/A,0,False,None,,34,64,1,76,52,45,1,1,1,31,66,1,1,72
2994,4,Brian,Hansen,Sioux Falls,31,6,76,215,0,10,40,1,1985,True,False,,,0,0,P,P,N/A,0,False,None,1985 NFC Pro Bowl Team,14,42,1,40,5,62,1,1,1,1,76,72,58,64
2995,1,Don,Bracken,Michigan,29,6,73,214,0,16,39,14,1985,True,False,,,0,0,P,P,N/A,1991,False,None,,6,23,6,33,2,50,1,1,1,2,78,72,64,59
2996,17,Maury,Buford,Texas Tech,31,6,73,191,0,5,41,6,1985,True,False,,,0,0,P,P,N/A,1991,False,None,,18,36,1,32,1,44,1,1,1,10,72,57,65,58
2997,8,Greg,Coleman,Florida A&M,32,1,72,185,0,15,42,16,1985,True,False,,,0,0,P,P,N/A,1986,False,None,,16,39,17,47,12,50,1,1,1,14,77,78,74,69
2998,1,Joe,Prokop,Cal Poly-Pomona,31,6,74,230,6,12,49,11,1985,True,False,,,250000,1,P,P,NYG,0,False,None,1986 AFC Pro Bowl Team,20,36,15,53,20,48,1,1,1,19,90,71,80,72
2999,61,Brian,Sochia,Northwest Oklahoma State,29,5,75,270,0,6,44,4,1985,False,False,,,0,0,DT,DT,N/A,1990,False,None,,69,39,1,41,19,50,1,1,1,51,58,1,1,63
3000,92,Scott,Garnett,Washington,29,6,74,271,0,4,43,12,1985,False,False,,,0,0,DT,DT,N/A,0,False,None,,73,37,1,44,20,53,1,1,1,55,55,1,1,65
3022,97,Jumpy,Geathers,Wichita State,27,2,79,290,0,3,50,2,1985,False,False,,,0,0,DE,DE,N/A,1987,False,None,,60,52,1,61,28,53,1,1,1,53,54,1,1,71
3028,58,Monte,Coleman,Central Arkansas,31,3,74,242,0,0,0,0,0,False,False,,,0,0,LB,LB,N/A,1988,False,None,,52,57,1,69,44,43,1,1,1,63,63,1,1,67
3039,53,Mike,Guendling,Northwestern,24,1,75,238,0,0,0,0,0,False,False,,,0,0,LB,LB,N/A,1986,False,None,,58,63,1,59,26,47,1,1,1,55,73,1,1,67
3047,37,Donnie,Elder,Memphis,25,2,69,175,0,16,58,5,1985,False,False,,,0,0,CB,CB,N/A,1987,False,None,,36,62,1,67,50,45,1,1,1,33,65,1,1,69
3051,6,Kevin,Butler,Georgia,28,5,72,215,0,0,0,0,0,True,False,,,0,0,K,K,N/A,1990,False,None,1986 NFC Pro Bowl Team,5,26,4,24,1,44,1,1,1,1,79,71,56,55
3053,18,Pat,McInally,Harvard,34,2,78,210,0,3,42,2,1985,True,False,,,0,0,P,P,N/A,1987,False,None,,16,31,11,43,3,53,1,1,1,11,89,70,72,64
3054,5,Jeff,Hayes,North Carolina,32,6,71,175,0,11,48,17,1985,True,False,,,0,0,P,P,N/A,0,False,None,,1,14,12,35,1,42,1,1,1,2,73,70,56,53
3055,2,Ralf,Mojsiejenko,Michigan State,28,6,75,209,0,14,26,9,1985,True,False,,,0,0,P,P,N/A,0,False,None,,25,43,19,38,4,46,1,1,1,8,79,80,73,67
3058,8,Steve,Cox,Arkansas,33,6,76,195,0,4,26,7,1985,True,False,,,0,0,P,P,N/A,0,False,None,1985 AFC Pro Bowl Team,11,26,12,39,14,51,1,1,1,5,82,81,78,69
3073,80,Frank,Pokorny,Youngstown State,24,2,72,198,0,0,0,0,0,True,False,,,0,0,WR,WR,N/A,1987,False,None,,29,68,1,73,59,40,1,16,1,20,66,1,1,65
3092,51,Norwood,Vann,East Carolina,24,1,73,228,0,0,0,0,0,False,False,,,0,0,LB,LB,N/A,1986,False,None,,57,55,1,64,21,44,1,1,1,69,71,1,1,67
3094,54,Fred,Small,Washington,23,1,71,227,0,0,0,0,0,False,False,,,0,0,LB,LB,N/A,1986,False,None,,53,54,1,66,38,47,1,1,1,66,70,1,1,67
3095,20,Derrick,Burroughs,Memphis,29,6,73,180,0,3,48,2,1985,False,False,,,0,0,CB,CB,N/A,0,False,None,,42,66,1,78,41,44,1,1,1,29,67,1,1,68
3113,71,Richard,Byrd,Southern Miss,29,6,75,264,4,4,44,7,1985,False,False,,,400000,1,DT,DT,OAK,0,False,None,,75,55,1,54,31,56,1,1,1,54,57,1,1,71
3122,87,Travis,Tucker,Southern Connecticut State,24,2,75,234,0,0,0,0,0,True,False,,,0,0,TE,TE,N/A,1987,False,None,,52,54,1,61,64,45,1,29,30,22,56,1,1,64
3148,92,Brad,White,Tennessee,30,3,74,256,0,17,44,15,1985,False,False,,,0,0,DT,DT,N/A,1988,False,None,,62,37,1,54,28,46,1,1,1,54,47,1,1,63
3149,60,Don,Smerek,Nevada-Reno,31,3,79,255,0,7,44,18,1985,False,False,,,0,0,DT,DT,N/A,1988,False,None,,59,32,1,52,22,39,1,1,1,52,45,1,1,60
3155,87,Gordon,Banks,Stanford,27,0,70,175,0,0,0,0,0,True,False,,,0,0,WR,WR,N/A,1985,False,None,,35,63,1,69,71,44,1,12,11,15,74,1,1,67
3208,75,Dean,Hamel,Tulsa,26,2,75,279,0,8,47,9,1985,False,False,,,0,0,DT,DT,N/A,1987,False,None,,69,46,1,50,29,46,1,1,1,47,51,1,1,62
3209,94,Charles,Martin,West Alabama,29,3,76,280,0,3,47,17,1985,False,False,,,0,0,DT,DT,N/A,1988,False,None,,65,41,1,56,22,43,1,1,1,46,62,1,1,60
3210,99,George,Little,Iowa,24,2,76,278,0,8,46,10,1985,False,False,,,0,0,DT,DT,N/A,1987,False,None,,60,49,1,61,21,40,1,1,1,49,52,1,1,62
3213,69,Dwaine,Morris,La-Lafayette,26,4,74,260,0,6,45,15,1985,False,False,,,0,0,DT,DT,N/A,1989,False,None,,65,32,1,44,21,40,1,1,1,43,51,1,1,60
3214,95,Tony,Degrate,Texas,25,2,76,280,0,9,47,7,1985,False,False,,,0,0,DT,DT,N/A,1987,False,None,,71,35,1,44,34,43,1,1,1,46,54,1,1,62
3215,83,Tim,Moffett,Mississippi,24,1,74,180,0,0,0,0,0,True,False,,,0,0,WR,WR,N/A,1986,False,None,,24,59,1,62,71,52,1,8,14,28,71,1,1,62
3220,80,K.D.,Dunn,Clemson,24,2,75,235,0,0,0,0,0,True,False,,,0,0,TE,TE,N/A,1987,False,None,,46,51,1,60,52,52,1,37,29,33,68,1,1,62
3228,36,Don,Anderson,Purdue,24,2,70,196,0,0,0,0,0,False,False,,,0,0,SS,SS,N/A,1987,False,None,,46,55,1,60,43,40,1,1,1,46,75,1,1,54
3232,75,George,Achica,USC,28,3,77,260,0,15,51,3,1985,False,False,,,0,0,DT,DT,N/A,1988,False,None,,65,49,1,54,19,49,1,1,1,45,49,1,1,60
3243,20,Wayne,Davis,Indiana State,24,2,71,175,0,0,0,0,0,False,False,,,0,0,CB,CB,N/A,1987,False,None,,30,57,1,61,34,39,1,1,1,29,66,1,1,60
3249,66,Manu,Tuiasosopo,UCLA,30,2,75,255,0,10,51,18,1985,False,False,,,0,0,DT,DT,N/A,1987,False,None,,60,42,1,47,24,47,1,1,1,52,55,1,1,59
3250,95,Tom,Baldwin,Tulsa,26,2,76,274,0,10,52,1,1985,False,False,,,0,0,DT,DT,N/A,1987,False,None,,68,41,1,41,25,41,1,1,1,42,52,1,1,61
3253,89,Keli,McGregor,Colorado State,24,2,78,250,0,0,0,0,0,True,False,,,0,0,TE,TE,N/A,1987,False,None,,49,45,1,62,52,57,1,27,32,24,67,1,1,58
3262,37,Rod,Kush,Nebraska-Omaha,29,0,72,188,0,0,0,0,0,False,False,,,0,0,CB,CB,N/A,1985,False,None,,31,69,1,64,40,46,1,1,1,43,73,1,1,66
3264,99,Joe,Drake,Arizona,24,2,74,290,0,12,52,8,1985,False,False,,,0,0,DT,DT,N/A,1987,False,None,,67,42,1,53,20,36,1,1,1,45,60,1,1,60
3269,92,Ronnie,Washington,La-Monroe,24,2,73,245,0,0,0,0,0,False,False,,,0,0,DT,DT,N/A,1987,False,None,,50,61,1,49,32,41,1,1,1,59,62,1,1,56
3272,97,David,Ponder,Florida State,25,2,75,248,0,13,52,11,1985,False,False,,,0,0,DT,DT,N/A,1987,False,None,,63,43,1,45,21,37,1,1,1,51,52,1,1,60
3279,39,Ronnie,Burgess,Wake Forest,24,2,71,174,0,0,0,0,0,False,False,,,0,0,CB,CB,N/A,1987,False,None,,33,59,1,57,48,38,1,1,1,24,63,1,1,58
3284,43,Eddie,George,Ohio State,28,5,75,235,11,11,1,11,1986,True,False,,,6550000,1,RB,RB,CHI,0,False,None,1987 NFC Pro Bowl Team|1988 NFC Pro Bowl Team|1989 NFC Pro Bowl Team,69,79,30,95,64,71,24,27,26,42,92,1,4,91
3285,88,Terry,Glenn,Ohio State,27,5,71,195,19,5,2,18,1986,True,False,,,2500000,2,WR,WR,WAS,0,False,None,,36,81,1,86,87,61,1,31,16,18,74,1,1,87
3286,66,La'Roi,Glover,San Diego State,27,5,74,285,10,10,2,1,1986,False,False,,,13500000,4,DT,DT,IND,0,False,None,1988 NFC Pro Bowl Team,95,72,1,68,50,54,9,10,1,80,77,5,8,94
3287,54,Randall,Godfrey,Georgia,28,5,74,245,12,12,2,15,1986,False,False,,,2950000,1,LB,LB,DET,0,False,None,,81,74,1,86,47,53,1,1,1,85,76,1,1,92
3288,52,Jeff,Gooch,Austin Peay State,27,5,71,226,0,17,6,17,1986,False,False,,,0,0,LB,LB,N/A,1991,False,None,,62,62,1,64,33,54,1,1,1,60,71,1,1,67
3290,58,Aaron,Graham,Nebraska,28,5,76,301,3,6,4,1,1986,True,False,,,2500000,1,C,C,GB,0,False,None,,86,54,1,48,19,70,1,83,67,28,67,1,1,79
3292,69,Paul,Grasmanis,Notre Dame,27,5,75,298,0,8,6,8,1986,False,False,,,0,0,DT,DT,N/A,0,False,None,,78,46,1,51,25,50,1,1,1,52,63,1,1,72
3296,78,Mike,Gruttadauria,Central Florida,29,5,75,280,20,4,5,18,1986,True,False,,,1650000,3,C,C,LOU,0,False,None,,79,39,1,52,16,71,1,82,76,45,81,1,1,83
3297,85,Terry,Guess,Gardner-Webb,27,5,72,200,0,0,0,0,0,True,False,,,0,0,WR,WR,N/A,0,False,None,,29,57,1,63,59,51,1,21,10,12,71,1,1,64
3299,72,Mike,Halapin,Pittsburgh,27,4,76,294,0,0,0,0,0,False,False,,,0,0,DT,DT,N/A,1990,False,None,,72,41,1,55,30,45,1,1,1,45,63,1,1,64
3301,77,Bobby,Hamilton,Southern Miss,30,5,77,280,2,8,5,8,1986,False,False,,,3750000,2,DE,DE,MIA,0,False,None,,78,61,1,77,37,69,1,1,1,62,72,1,1,89
3302,49,Conrad,Hamilton,Eastern New Mexico,27,5,70,195,16,0,0,0,0,False,False,,,250000,1,SS,SS,TB,0,False,None,,51,73,1,78,41,47,1,1,1,65,85,1,1,75
3303,73,Norman,Hand,Mississippi,29,5,75,310,14,6,2,9,1986,False,False,,,800000,1,DT,DT,ATL,0,False,None,,75,53,1,51,37,50,1,1,1,63,66,1,1,76
3307,54,Kevin,Hardy,Illinois,28,5,76,259,8,8,3,8,1986,False,False,,,2050000,4,LB,LB,SEA,0,False,None,1987 AFC Pro Bowl Team|1988 AFC Pro Bowl Team,79,76,1,83,60,59,1,1,1,84,82,1,5,93
3311,38,Walt,Harris,Mississippi State,27,5,71,192,15,15,4,7,1986,False,False,,,2100000,1,CB,CB,SF,0,False,None,,50,80,1,75,68,53,1,1,1,55,72,1,1,86
3313,88,Marvin,Harrison,Syracuse,29,5,72,175,7,18,1,2,1986,True,False,,,14550000,3,WR,WR,CIN,0,False,None,1986 Offensive Rookie of the Year|1986 NFC Pro Bowl Team|1988 NFC Pro Bowl Team,48,91,1,92,95,79,1,40,33,40,92,1,1,97
3314,53,Jeff,Hartings,Penn State,29,5,75,301,6,1,3,14,1986,True,False,,,2750000,2,C,C,NYG,0,False,None,1990 NFC Pro Bowl Team,78,54,1,59,19,68,1,81,70,48,73,1,1,83
3318,83,Mercury,Hayes,Michigan,28,5,71,195,4,9,5,16,1986,True,False,,,1300000,1,WR,WR,OAK,0,False,None,,29,75,1,83,70,44,1,6,6,24,74,1,1,77
3319,47,Chris,Hetherington,Yale,29,5,75,245,1,0,0,0,0,True,False,Dislocated Shoulder,Probable,250000,1,FB,FB,NYT,0,False,None,,71,59,1,64,56,54,1,51,30,25,61,1,1,76
3323,31,Marcus,Holliday,Memphis,24,1,71,222,0,0,0,0,0,True,False,,,0,0,RB,RB,N/A,1987,False,None,,55,60,7,78,43,51,13,18,27,12,60,1,1,70
3324,59,Earl,Holmes,Florida A&M,28,5,74,242,6,13,6,6,1986,False,False,,,250000,2,LB,LB,NYG,0,False,None,,74,82,1,64,41,55,1,1,1,74,84,1,1,81
3325,78,Bernard,Holsey,Duke,28,5,74,286,0,7,7,12,1986,False,False,,,0,0,DT,DT,N/A,0,False,None,,72,47,1,57,30,46,1,1,1,52,63,1,1,68
3326,88,Joe,Horn,Itawamba Junior College,29,5,73,206,9,3,2,5,1986,True,False,,,2350000,2,WR,WR,LON,0,False,None,1990 AFC Pro Bowl Team,50,82,1,90,87,63,1,36,9,19,81,1,1,90
3330,26,Richard,Huntley,Winston-Salem State,29,5,71,224,0,4,6,18,1986,True,False,,,0,0,RB,RB,N/A,1991,False,None,,48,74,1,75,44,27,1,17,12,22,60,1,1,66
3334,59,Larry,Izzo,Rice,27,5,70,228,2,5,4,3,1986,False,False,,,250000,2,LB,LB,MIA,0,False,None,,72,69,1,77,42,55,1,1,1,77,85,1,1,84
3337,23,Tory,James,LSU,28,5,74,186,4,4,3,18,1986,False,False,,,1650000,1,SS,SS,OAK,0,False,None,,56,88,1,81,48,55,1,1,1,68,91,1,1,82
3338,19,Patrick,Jeffers,Virginia,27,4,75,217,0,14,7,5,1986,True,False,,,0,0,WR,WR,N/A,1990,False,None,,34,64,1,74,62,58,1,13,16,13,79,1,1,70
3340,34,DeRon,Jenkins,Tennessee,28,5,71,190,0,7,5,12,1986,False,False,,,0,0,FS,FS,N/A,0,False,None,,36,67,1,74,51,58,1,1,1,51,70,1,1,72
3342,61,Tom,Barndt,Pittsburgh,29,5,75,301,19,5,7,3,1986,False,False,,,1000000,2,DT,DT,WAS,0,False,None,,79,51,1,56,32,54,1,1,1,63,67,1,1,77
3345,89,Keyshawn,Johnson,USC,29,5,76,212,16,14,1,10,1986,True,False,,,15750000,2,WR,WR,TB,0,False,None,1988 NFC Pro Bowl Team,38,94,1,87,83,73,1,26,15,33,88,1,3,90
3347,62,Lance,Johnstone,Temple,24,1,76,250,0,0,0,0,0,False,False,,,0,0,DE,DE,N/A,1987,False,None,,76,66,1,53,37,58,1,1,1,51,64,1,1,72
3350,53,LaCurtis,Jones,Baylor,28,4,72,200,0,17,5,17,1986,False,False,,,0,0,LB,LB,N/A,1990,False,None,,45,59,1,57,24,54,1,1,1,71,64,1,1,67
3351,50,Lenoy,Jones,TCU,23,1,73,228,0,0,0,0,0,False,False,,,0,0,LB,LB,N/A,1987,False,None,,45,51,1,52,28,48,1,1,1,63,63,1,1,59
3354,75,Rod,Jones,Kansas,23,1,76,325,0,0,0,0,0,True,False,,,0,0,T,T,N/A,1987,False,None,,75,45,1,54,15,63,1,65,62,43,68,1,1,69
3357,70,Brad,Keeney,The Citadel,28,5,75,294,0,0,0,0,0,False,False,,,0,0,DT,DT,N/A,0,False,None,,76,41,1,40,21,39,1,1,1,57,55,1,1,70
3358,65,Pete,Kendall,Boston College,28,5,77,279,17,5,3,12,1986,True,False,,,250000,1,G,G,CHC,0,False,None,,90,58,1,56,8,73,1,84,60,38,75,1,1,81
3359,13,Eddie,Kennison,LSU,28,5,73,201,11,12,3,15,1986,True,False,,,250000,1,WR,WR,CHI,0,False,None,,32,86,1,79,88,55,1,33,27,40,94,1,1,81
3360,61,Marcus,Keyes,North Alabama,28,5,75,303,0,0,0,0,0,False,False,,,0,0,DT,DT,N/A,0,False,None,,75,53,1,59,27,51,1,1,1,52,62,1,1,70
3361,55,Terry,Killens,Penn State,23,1,73,235,0,0,0,0,0,False,False,,,0,0,LB,LB,N/A,1987,False,None,,61,60,1,53,38,53,1,1,1,62,72,1,1,67
3362,62,Jon,Kirksey,Sacramento State,30,4,76,350,0,0,0,0,0,False,False,,,0,0,DT,DT,N/A,1990,False,None,,63,38,1,45,27,31,1,1,1,42,42,1,1,54
3365,85,Marco,Battaglia,Rutgers,24,1,75,250,0,0,0,0,0,True,False,,,0,0,TE,TE,N/A,1987,False,None,,56,60,1,69,57,44,1,35,38,25,71,1,1,70
3368,86,Jermaine,Lewis,Maryland,27,5,67,183,3,11,2,11,1986,True,False,,,2750000,1,WR,WR,GB,0,False,None,1989 NFC Pro Bowl Team,45,84,1,94,75,63,1,17,10,26,84,1,1,88
3369,57,Ray,Lewis,Miami (FL),26,5,73,245,18,7,1,3,1986,False,False,Sprained Wrist,Doubtful,13100000,5,LB,LB,BAL,0,False,None,1988 AFC Pro Bowl Team|1989 AFC Pro Bowl Team|1990 AFC Pro Bowl Team,86,88,1,91,61,82,1,10,8,89,92,4,1,100
3371,51,Michael,Lowery,Mississippi,23,1,72,232,0,0,0,0,0,False,False,,,0,0,LB,LB,N/A,1987,False,None,,57,52,1,51,24,42,1,1,1,56,56,1,1,58
3374,41,Aaron,Beasley,West Virginia,28,5,72,205,11,2,5,4,1986,False,False,,,2000000,1,FS,FS,CHI,0,False,None,,54,83,1,68,71,69,1,1,1,76,82,1,1,86
3375,39,Lamar,Lyons,Washington,24,1,75,210,0,0,0,0,0,False,False,,,0,0,CB,CB,N/A,1987,False,None,,35,76,1,76,40,55,1,1,1,28,57,1,1,70
3377,71,James,Manley,Vanderbilt,23,1,74,316,0,0,0,0,0,False,False,,,0,0,DT,DT,N/A,1987,False,None,,70,50,1,41,32,40,1,1,1,45,46,1,1,59
3378,81,Sean,Manuel,New Mexico State,27,4,74,245,0,1,7,14,1986,True,False,,,0,0,TE,TE,N/A,1990,False,None,,43,59,1,66,65,54,1,40,30,20,56,1,1,68
3381,38,Chris,Martin CB,Northwestern,23,1,69,181,0,0,0,0,0,False,False,,,0,0,CB,CB,N/A,1987,False,None,,28,74,1,62,46,46,1,1,1,42,62,1,1,67
3383,66,Steve,Martin,Missouri,27,5,76,320,0,2,4,4,1986,False,False,,,0,0,DT,DT,N/A,0,False,None,,70,57,1,46,26,55,1,1,1,43,63,1,1,66
3386,63,Frank,Beede,California,28,5,76,296,9,4,4,18,1986,True,False,,,250000,2,G,G,LON,0,False,None,,82,49,1,37,18,60,1,78,70,34,70,1,1,80
3387,62,Jermane,Mayberry,Texas A&M-Kingsville,28,5,76,325,13,13,3,6,1986,True,False,,,1750000,1,G,G,MIN,0,False,None,1988 NFC Pro Bowl Team|1989 NFC Pro Bowl Team|1990 NFC Pro Bowl Team,91,61,1,48,21,61,1,86,72,48,76,1,1,87
3391,85,James,McKeehan,Texas A&M,24,1,75,251,0,0,0,0,0,True,False,,,0,0,TE,TE,N/A,1987,False,None,,47,56,1,67,59,41,1,29,39,19,68,1,1,66
3393,1,Kerwin,Bell,Florida,33,2,75,207,0,3,5,11,1986,True,False,,,0,0,QB,QB,N/A,1988,False,None,,34,56,69,56,10,71,74,1,1,16,73,1,1,75
3396,47,Ricky,Bell,North Carolina State,27,5,70,194,14,10,4,9,1986,False,False,,,2350000,3,CB,CB,ATL,0,False,None,,39,75,1,80,55,52,1,1,1,52,68,1,1,84
3398,66,John,Michels,USC,28,5,79,300,14,14,5,5,1986,True,False,Hyper Extended Knee,Doubtful,3150000,4,T,T,ATL,0,False,None,,83,54,1,52,18,56,1,82,80,31,64,1,1,85
3405,21,Lawyer,Milloy,Washington,28,5,72,210,12,12,1,15,1986,False,False,,,8700000,4,SS,SS,DET,0,False,None,1986 NFC Pro Bowl Team|1989 NFC Pro Bowl Team|1990 NFC Pro Bowl Team,68,92,3,96,54,61,1,3,1,80,94,1,1,93
3407,76,Jim,Mills,Idaho,24,1,76,290,0,0,0,0,0,True,False,,,0,0,G,G,N/A,1987,False,None,,69,36,1,42,11,62,1,63,68,19,45,1,1,71
3410,45,John,Mobley,Kutztown Pennsylvania,28,5,73,236,14,11,6,11,1986,False,False,,,1500000,3,LB,LB,ATL,0,False,None,,72,78,1,77,38,54,1,1,1,71,86,1,1,82
3411,41,Alex,Molden,Oregon,28,5,70,190,0,18,6,2,1986,False,False,,,0,0,FS,FS,N/A,0,False,None,,35,81,1,61,58,68,1,1,1,58,85,1,1,74
3412,44,Jerald,Moore,Oklahoma,23,1,69,225,0,0,0,0,0,True,False,,,0,0,RB,RB,N/A,1987,False,None,,47,74,10,70,45,50,14,24,27,16,74,1,1,69
3413,62,Tim,Morabito,Boston College,24,1,75,296,0,0,0,0,0,False,False,,,0,0,DT,DT,N/A,1987,False,None,,65,55,1,58,24,41,1,1,1,46,54,1,1,59
3414,54,Sean,Moran,Colorado State,24,1,76,275,0,0,0,0,0,False,False,,,0,0,LB,LB,N/A,1987,False,None,,48,56,1,51,27,54,1,1,1,61,70,1,1,62
3417,86,Eric,Moulds,Mississippi State,28,5,74,210,5,15,2,7,1986,True,False,,,3850000,5,WR,WR,BUF,0,False,None,,48,80,1,83,85,68,1,33,14,40,90,1,1,85
3418,81,Muhsin,Muhammad,Michigan State,28,5,74,217,6,1,2,14,1986,True,False,,,250000,5,WR,WR,NYG,0,False,None,,35,95,1,76,78,76,1,30,20,36,92,1,1,85
3419,40,Greg,Myers,Colorado State,29,5,73,202,20,1,4,14,1986,False,False,,,3100000,2,SS,SS,LOU,0,False,None,,61,78,1,80,61,60,1,1,1,60,84,1,1,80
3422,53,Quentin,Neujahr,Kansas State,30,5,76,297,3,17,3,17,1986,True,False,,,2800000,1,C,C,GB,0,False,None,,77,37,1,44,8,67,1,76,70,36,53,1,1,79
3424,2,Doug,Nussmeier,Idaho,30,4,75,211,0,0,0,0,0,True,False,,,0,0,QB,QB,N/A,1990,False,None,,41,61,72,54,1,74,73,1,1,17,76,1,1,73
3428,63,Jonathan,Ogden,UCLA,27,5,81,340,10,10,1,9,1986,True,False,,,10300000,5,T,T,IND,0,False,None,1986 NFC Pro Bowl Team|1987 NFC Pro Bowl Team|1988 NFC Pro Bowl Team|1989 NFC Pro Bowl Team|1990 NFC Pro Bowl Team,95,70,8,60,28,88,7,95,85,54,89,1,1,98
3429,46,Winslow,Oliver,New Mexico,24,1,67,180,0,0,0,0,0,True,False,,,0,0,RB,RB,N/A,1987,False,None,,51,75,7,67,55,51,2,28,17,16,67,1,1,68
3431,82,Terrell,Owens,Tennessee-Chattanooga,28,5,75,226,18,6,1,1,1986,True,False,,,13700000,4,WR,WR,BAL,0,False,None,1987 NFC Pro Bowl Team|1989 AFC Pro Bowl Team,54,90,9,91,98,71,10,42,26,34,87,1,1,97
3434,28,Lawrence,Phillips,Nebraska,26,5,72,212,0,16,5,13,1986,True,False,,,0,0,RB,RB,N/A,0,False,None,,48,78,3,72,57,36,13,23,16,18,73,1,1,73
3435,65,Evan,Pilgrim,BYU,29,5,76,304,6,12,6,15,1986,True,False,,,250000,2,G,G,NYG,0,False,None,,76,50,1,46,12,65,1,75,76,23,56,1,1,79
3436,53,Kavika,Pittman,McNeese State,27,5,78,273,9,10,5,9,1986,False,False,,,2800000,1,DE,DE,LON,0,False,None,,71,68,1,71,33,59,1,1,1,64,64,1,1,85
3439,82,Derek,Price,Iowa,26,2,75,240,0,0,0,0,0,True,False,,,0,0,TE,TE,N/A,1988,False,None,,53,57,1,68,55,40,1,30,39,26,58,1,1,68
3447,30,Ron,Rice,Eastern Michigan,29,5,73,216,2,0,0,0,0,False,False,,,250000,2,SS,SS,MIA,0,False,None,,64,71,1,72,55,62,1,1,1,65,76,1,1,77
3448,72,Simeon,Rice,Illinois,27,5,77,268,9,17,1,17,1986,False,False,,,12450000,3,DE,DE,LON,0,False,None,1989 AFC Pro Bowl Team|1990 AFC Pro Bowl Team,84,73,1,82,33,64,1,4,1,79,86,1,7,97
3452,42,Mike,Robinson,Hampton,24,1,73,192,0,0,0,0,0,False,False,,,0,0,FS,FS,N/A,1987,False,None,,46,67,1,63,51,58,1,1,1,52,73,1,1,66
3453,89,Brian,Roche,Cal Poly-San Luis Obispo,24,1,76,255,0,0,0,0,0,True,False,,,0,0,TE,TE,N/A,1987,False,None,,53,46,1,70,54,47,1,33,38,19,68,1,1,61
3455,15,Scott,Blanton,Oklahoma,28,5,74,221,11,3,7,10,1986,True,False,,,250000,1,K,K,CHI,0,False,None,,20,27,7,38,19,61,1,1,1,8,92,79,88,75
3456,66,Orpheus,Roye,Florida State,28,5,76,320,20,18,2,2,1986,False,False,,,1000000,1,DT,DT,LOU,0,False,None,,87,50,1,64,26,65,1,1,1,62,71,1,1,83
3457,70,Jon,Runyan,Michigan,28,5,79,330,2,18,3,2,1986,True,False,,,3700000,3,T,T,MIA,0,False,None,,93,54,1,57,23,72,1,78,74,43,79,1,5,85
3460,66,Michael,Samson,Grambling State,24,1,75,294,0,0,0,0,0,False,False,,,0,0,DT,DT,N/A,1987,False,None,,58,43,1,55,21,37,1,1,1,52,46,1,1,58
3465,25,Juran,Bolden,Mississippi Delta Community College,27,5,74,207,17,3,2,10,1986,False,False,,,2100000,1,CB,CB,CHC,0,False,None,,52,75,1,76,67,61,1,1,1,49,81,1,1,86
3472,52,Clay,Shiver,Florida State,29,5,74,283,9,8,2,8,1986,True,False,,,2700000,2,C,C,LON,0,False,None,,80,55,1,46,8,59,1,76,83,42,73,1,1,83
3474,84,Nilo,Silvan,Tennessee,24,1,69,176,0,0,0,0,0,True,False,,,0,0,WR,WR,N/A,1987,False,None,,26,75,1,70,61,39,1,23,3,14,68,1,1,65
3476,27,Eric,Smedley,Indiana,26,3,71,199,0,0,0,0,0,False,False,,,0,0,CB,CB,N/A,1989,False,None,,30,59,1,73,51,39,1,1,1,39,53,1,1,65
3477,68,Brady,Smith,Colorado State,28,5,77,274,16,16,2,13,1986,False,False,,,3900000,1,DE,DE,TB,0,False,None,,76,54,1,72,39,56,1,1,1,71,71,1,1,88
3487,89,Bryan,Still,Virginia Tech,23,1,71,174,0,0,0,0,0,True,False,,,0,0,WR,WR,N/A,1987,False,None,,31,61,1,60,65,52,1,22,1,14,65,1,1,65
3496,36,Fred,Thomas,Mississippi,28,5,69,184,0,15,7,7,1986,False,False,,,0,0,CB,CB,N/A,0,False,None,,32,70,1,75,62,62,1,1,1,46,70,1,1,81
3497,76,Hollis,Thomas,Northern Illinois,27,5,72,306,12,3,5,10,1986,False,False,,,1950000,3,DT,DT,DET,0,False,None,,86,67,1,50,43,65,1,1,1,62,68,1,1,81
3498,52,Zach,Thomas,Texas Tech,28,5,71,230,6,1,1,14,1986,False,False,Migraine,Questionable,11750000,1,LB,LB,NYG,0,False,None,1990 NFC Pro Bowl Team,71,83,1,88,55,81,1,5,5,82,91,8,1,93
3499,68,Tony,Brackens,Texas,27,5,76,267,3,3,4,10,1986,False,False,,,1000000,1,DE,DE,GB,0,False,None,,73,69,1,70,29,57,1,1,1,70,86,1,1,85
3501,81,Amani,Toomer,Michigan,27,5,75,208,3,4,3,3,1986,True,False,,,2250000,2,WR,WR,GB,0,False,None,,49,87,1,83,74,65,1,37,6,22,89,1,1,86
3503,58,Tom,Tumulty,Pittsburgh,24,1,75,247,0,0,0,0,0,False,False,,,0,0,LB,LB,N/A,1987,False,None,,57,54,1,59,37,43,1,1,1,64,73,1,1,69
3504,67,Rich,Tylski,Utah State,30,5,76,305,3,17,7,17,1986,True,False,,,250000,1,G,G,GB,0,False,None,,86,44,1,42,7,63,1,78,65,43,69,1,1,80
3508,65,Regan,Upshaw,California,26,5,76,265,14,16,3,13,1986,False,False,,,8600000,2,DE,DE,ATL,0,False,None,,75,68,1,71,27,49,1,1,1,68,86,1,1,86
3509,82,Iheanyi,Uwaezuoke,California,24,1,74,198,0,0,0,0,0,True,False,,,0,0,WR,WR,N/A,1987,False,None,,25,59,1,71,69,47,1,7,5,25,64,1,1,65
3512,72,Chris,Villarrial,Indiana (PA),28,5,75,318,11,8,4,8,1986,True,False,,,1400000,1,G,G,CHI,0,False,None,,75,42,1,64,25,71,1,69,71,42,64,1,1,80
3513,16,Adam,Vinatieri,South Dakota State,29,5,72,202,7,4,2,3,1986,True,False,,,1730000,2,K,K,CIN,0,False,None,1986 AFC Pro Bowl Team,23,48,14,49,24,60,1,1,1,11,96,73,88,77
3515,27,Brian,Walker,Washington State,29,5,73,205,0,0,0,0,0,False,False,,,0,0,CB,CB,N/A,1991,False,None,,38,69,1,59,51,52,1,1,1,45,62,1,1,71
3521,34,Dorian,Brew,Kansas,23,1,70,182,0,0,0,0,0,False,False,,,0,0,CB,CB,N/A,1987,False,None,,25,60,1,74,52,37,1,1,1,41,61,1,1,66
3525,67,Grant,Williams,Louisiana Tech,27,5,79,320,19,0,0,0,0,True,False,,,2550000,1,T,T,WAS,0,False,None,,78,46,1,49,19,54,1,73,69,34,70,1,1,77
3528,46,Moe,Williams,Kentucky,27,5,73,205,0,13,4,6,1986,True,False,,,0,0,RB,RB,N/A,0,False,None,,62,74,18,71,61,49,3,12,19,18,59,1,1,70
3529,85,Stepfret,Williams,La-Monroe,28,5,72,170,3,3,4,5,1986,True,False,,,250000,4,WR,WR,GB,0,False,None,,31,78,1,79,78,64,1,11,12,15,80,1,1,80
3530,38,Tyrone,Williams,Nebraska,28,5,71,193,0,1,5,14,1986,False,False,,,0,0,CB,CB,N/A,0,False,None,,36,63,1,71,55,48,1,1,1,46,78,1,1,74
3532,43,Jerry,Wilson,Southern,24,1,71,190,0,0,0,0,0,False,False,,,0,0,CB,CB,N/A,1987,False,None,,42,75,1,68,51,51,1,1,1,31,63,1,1,70
3535,28,Shawn,Wooden,Notre Dame,26,5,71,205,13,13,5,6,1986,False,False,,,1150000,1,FS,FS,MIN,0,False,None,1989 NFC Pro Bowl Team,55,80,1,83,61,75,1,1,1,72,85,1,1,87
3537,43,Jerome,Woods,Memphis,28,5,75,205,2,6,3,1,1986,False,False,,,250000,2,CB,CB,MIA,0,False,None,,49,75,1,81,48,53,1,1,1,49,76,1,1,83
3538,59,Patrise,Alexander,La-Lafayette,24,0,73,244,0,0,0,0,0,False,False,,,0,0,LB,LB,N/A,1986,False,None,,55,54,1,55,36,51,1,1,1,69,68,1,1,66
3540,35,Donnie,Abraham,East Tennessee State,28,5,70,190,8,16,4,13,1986,False,False,,,250000,1,FS,FS,SEA,0,False,None,1988 NFC Pro Bowl Team,52,77,1,81,53,52,1,1,1,60,82,1,1,81
3542,51,Dusty,Zeigler,Notre Dame,28,5,77,298,13,6,6,1,1986,True,False,,,500000,4,C,C,MIN,0,False,None,,89,54,1,52,11,68,1,76,61,41,70,1,1,79
3543,11,Jeff,Brohm,Louisville,29,4,73,205,0,2,6,4,1986,True,False,,,0,0,QB,QB,N/A,1990,False,None,,29,38,62,45,5,68,72,1,1,1,68,1,1,69
3544,75,Ethan,Brooks,Williams,29,5,78,330,10,9,4,16,1986,True,False,,,490000,1,T,T,IND,0,False,None,,74,58,1,47,18,62,1,73,74,38,74,1,1,78
3546,57,Reggie,Brown,Texas A&M,23,1,74,241,0,0,0,0,0,False,False,,,0,0,LB,LB,N/A,1987,False,None,,55,68,1,64,41,52,1,1,1,65,62,1,1,70
3547,21,Reggie,Brown,Fresno State,24,1,72,244,0,0,0,0,0,True,False,,,0,0,RB,RB,N/A,1987,False,None,,47,67,6,72,51,47,6,13,21,21,60,1,1,70
3548,72,John,Browning,West Virginia,28,5,77,297,8,10,3,9,1986,False,False,,,1450000,4,DT,DT,SEA,0,False,None,,84,61,1,55,33,60,1,1,1,58,70,1,1,79
3549,57,Tedy,Bruschi,Arizona,28,5,73,247,2,2,3,4,1986,False,False,,,2650000,4,LB,LB,MIA,0,False,None,,71,68,1,74,50,72,1,1,1,96,73,1,1,91
3550,79,Jeff,Buckey,Stanford,23,1,77,305,0,0,0,0,0,True,False,,,0,0,G,G,N/A,1987,False,None,,69,37,1,33,9,61,1,70,57,26,49,1,1,66
3552,52,Sammie,Burroughs,Portland State,24,1,72,227,0,0,0,0,0,False,False,,,0,0,LB,LB,N/A,1987,False,None,,53,52,1,53,25,48,1,1,1,56,65,1,1,61
3554,61,Shane,Burton,Tennessee,27,5,78,305,14,13,2,6,1986,False,False,,,6000000,1,DE,DE,ATL,0,False,None,,77,61,1,72,25,52,1,1,1,74,71,1,1,87
3556,34,Ki-Jana,Carter,Penn State,28,5,70,222,0,7,4,12,1986,True,False,,,0,0,RB,RB,N/A,0,False,None,,53,77,1,71,48,55,1,27,10,6,76,1,1,71
3557,21,Mike,Alstott,Purdue,28,5,73,248,2,2,2,4,1986,True,False,,,2850000,4,FB,FB,MIA,0,False,None,1990 AFC Pro Bowl Team,89,68,8,75,60,71,9,51,48,36,90,1,1,92
3559,49,Je'Rod,Cherry,California,24,1,73,210,0,0,0,0,0,False,False,,,0,0,FS,FS,N/A,1987,False,None,,54,61,1,71,41,56,1,1,1,60,77,1,1,71
3563,75,Duane,Clemons,California,27,5,77,275,11,12,5,15,1986,False,False,,,4000000,1,DE,DE,CHI,0,False,None,,73,65,1,70,35,59,1,1,1,70,66,1,1,87
3564,20,Lee,Cole,Arizona State,23,1,71,188,0,0,0,0,0,False,False,,,0,0,CB,CB,N/A,1987,False,None,,41,64,1,61,53,52,1,1,1,35,64,1,1,68
3565,39,Marcus,Coleman,Texas Tech,27,5,74,210,11,11,4,11,1986,False,False,,,2200000,2,SS,SS,CHI,0,False,None,1986 NFC Pro Bowl Team,56,81,1,85,69,65,1,1,1,67,72,1,1,81
3566,52,Doug,Colman,Nebraska,24,1,74,250,0,0,0,0,0,False,False,,,0,0,LB,LB,N/A,1987,False,None,,54,62,1,58,27,48,1,1,1,70,72,1,1,68
3569,83,Ernie,Conwell,Washington,29,5,74,255,14,15,6,7,1986,True,False,,,1750000,1,TE,TE,ATL,0,False,None,,70,73,1,75,76,65,1,46,50,36,83,1,1,85
3570,66,Tom,Ackerman,Eastern Washington,29,5,75,290,0,9,3,16,1986,True,False,,,0,0,G,G,N/A,0,False,None,,56,38,1,41,1,46,1,71,64,31,46,1,1,70
3572,57,Joe,Cummings,Wyoming,23,1,74,242,0,0,0,0,0,False,False,,,0,0,LB,LB,N/A,1987,False,None,,58,55,1,52,33,57,1,1,1,57,72,1,1,63
3574,75,Willie,Anderson,Auburn,26,5,77,340,15,15,1,7,1986,True,False,,,10300000,4,T,T,SF,0,False,None,1986 NFC Pro Bowl Team|1987 NFC Pro Bowl Team,99,69,2,70,20,67,7,90,89,53,77,1,1,97
3575,40,Lou,D'Agostino,Hofstra,28,5,72,235,5,0,0,0,0,True,False,,,250000,1,FB,FB,BUF,0,False,None,,75,67,1,67,43,51,1,45,41,22,65,1,1,78
3577,72,Phillip,Daniels,Georgia,28,5,75,290,17,15,5,7,1986,False,False,,,4800000,1,DE,DE,CHC,0,False,None,,78,74,1,70,33,67,1,1,1,65,75,1,1,88
3578,78,Norbert,Davidds-Garrido,USC,29,5,78,315,3,17,4,17,1986,True,False,,,2800000,2,T,T,GB,0,False,None,,81,47,1,54,25,53,1,78,73,42,69,1,1,80
3580,90,Don,Davis,Kansas,29,5,73,235,19,3,3,10,1986,False,False,,,2900000,2,LB,LB,WAS,0,False,None,,71,63,1,72,41,61,1,1,1,83,79,1,1,84
3582,37,Stephen,Davis,Auburn,27,5,72,230,11,17,2,17,1986,True,False,,,2250000,2,RB,RB,CHI,0,False,None,,77,84,23,82,64,68,12,31,29,34,89,1,1,87
3585,27,Brian,Dawkins,Clemson,28,5,72,210,2,2,1,4,1986,False,False,,,8700000,5,SS,SS,MIA,0,False,None,1986 Defensive Rookie of the Year|1986 AFC Pro Bowl Team|1987 Playoff MVP|1987 Playoff MVP|1988 AFC Pro Bowl Team|1989 AFC Pro Bowl Team|1990 AFC Pro Bowl Team,75,92,2,96,64,73,8,1,7,75,92,1,1,95
3587,75,Jorge,Diaz,Texas A&M-Kingsville,24,1,76,308,0,0,0,0,0,True,False,,,0,0,G,G,N/A,1987,False,None,,72,44,1,37,9,58,1,67,64,33,69,1,1,71
3591,69,Kevin,Dogins,Texas A&M-Kingsville,29,5,73,295,0,11,6,12,1986,True,False,,,0,0,G,G,N/A,1991,False,None,,73,44,1,43,6,52,1,62,57,25,57,1,1,67
3592,42,Anthony,Dorsett,Pittsburgh,28,5,71,205,0,1,6,14,1986,False,False,,,0,0,FS,FS,N/A,0,False,None,,34,66,1,73,48,51,1,1,1,54,71,1,1,71
3593,81,Rickey,Dudley,Ohio State,29,5,78,255,10,7,2,12,1986,True,False,,,1650000,4,TE,TE,IND,0,False,None,1986 AFC Pro Bowl Team|1988 AFC Pro Bowl Team|1989 NFC Pro Bowl Team,58,67,1,77,86,66,1,52,33,29,82,1,1,85
3595,80,Jason,Dunn,Eastern Kentucky,24,1,78,276,0,0,0,0,0,True,False,,,0,0,TE,TE,N/A,1987,False,None,,51,52,1,60,56,41,1,31,22,26,64,1,1,63
3597,65,Chad,Eaton,Washington State,29,5,77,303,11,11,3,11,1986,False,False,,,4650000,1,DT,DT,CHI,0,False,None,1987 NFC Pro Bowl Team|1988 NFC Pro Bowl Team|1989 NFC Pro Bowl Team|1990 NFC Pro Bowl Team,91,54,1,65,47,63,1,1,1,58,80,1,1,84
3598,87,Jahine,Arnold,Fresno State,24,1,72,187,0,0,0,0,0,True,False,,,0,0,WR,WR,N/A,1987,False,None,,37,63,1,68,73,52,1,10,11,21,61,1,1,69
3599,15,Shayne,Edge,Florida,30,5,71,174,0,0,0,0,0,True,False,,,0,0,P,P,N/A,0,False,None,,12,26,9,37,12,32,1,1,1,1,73,65,69,57
3600,49,Donnie,Edwards,UCLA,28,5,74,227,15,15,3,7,1986,False,False,,,4700000,2,LB,LB,SF,0,False,None,,82,63,1,74,50,68,4,1,1,82,77,1,1,89
3603,37,Percy,Ellsworth,Virginia,27,5,74,225,13,18,4,2,1986,False,False,,,2100000,1,CB,CB,MIN,0,False,None,,44,79,1,85,51,52,1,1,1,54,72,1,1,86
3604,59,Carlos,Emmons,Arkansas State,28,5,77,250,0,12,4,15,1986,False,False,,,0,0,LB,LB,N/A,0,False,None,,59,52,1,65,25,46,1,1,1,67,76,1,1,69
3605,88,Bobby,Engram,Penn State,28,5,70,188,18,16,6,13,1986,True,False,,,2200000,2,WR,WR,BAL,0,False,None,,47,87,1,77,78,71,1,18,19,32,77,1,1,84
3608,54,Ray,Farmer,Duke,27,5,75,225,0,5,5,3,1986,False,False,,,0,0,LB,LB,N/A,0,False,None,,51,71,1,52,35,53,1,1,1,64,59,1,1,67
3611,39,Brad,Ford,Alabama,23,1,70,170,0,0,0,0,0,False,False,,,0,0,SS,SS,N/A,1987,False,None,,50,72,1,72,51,42,1,1,1,53,67,1,1,66
3612,69,Elliott,Fortune,Georgia Tech,23,1,76,275,0,0,0,0,0,False,False,,,0,0,DE,DE,N/A,1987,False,None,,54,50,1,50,19,53,1,1,1,46,50,1,1,63
3615,63,Daryl,Gardener,Baylor,28,5,78,295,2,2,7,4,1986,False,False,,,850000,2,DT,DT,MIA,0,False,None,,86,57,1,63,37,47,1,1,1,55,70,1,1,75
3617,40,Rashid,Gayle,Boise State,23,1,68,174,0,0,0,0,0,False,False,,,0,0,CB,CB,N/A,1987,False,None,,30,63,1,61,45,51,1,1,1,40,61,1,1,69
3618,43,Knute,Rockne,Notre Dame,27,5,68,165,14,14,2,16,1986,False,False,,,2500000,4,DE,DE,ATL,0,False,None,,61,71,5,72,71,89,1,25,25,71,95,1,1,92
3619,82,George,Halas,Illinois,29,5,72,182,6,14,3,5,1986,True,False,,,250000,1,TE,TE,NYG,0,False,None,,62,60,1,65,84,80,1,55,40,71,93,1,1,79
3620,46,Curly,Lambeau,Notre Dame,28,5,70,187,3,3,1,18,1986,False,False,,,11800000,2,CB,CB,GB,0,False,None,,52,75,70,84,60,83,70,30,30,64,99,60,70,95
3621,20,Jim,Brown,Syracuse,26,5,74,232,3,8,1,8,1986,True,False,,,6850000,5,RB,RB,GB,0,False,None,1988 AFC Pro Bowl Team|1990 NFC Pro Bowl Team,85,79,1,79,77,73,1,67,47,36,98,4,4,91
3622,36,O.J.,Simpson,USC,27,5,74,212,14,16,1,13,1986,True,False,,,2050000,3,RB,RB,ATL,0,False,None,1987 NFC Pro Bowl Team|1988 NFC Pro Bowl Team,65,81,28,91,60,61,29,30,25,49,94,3,1,88
3623,66,Alan,Page,Notre Dame,27,5,76,245,13,13,1,6,1986,False,False,,,10650000,5,LB,LB,MIN,0,False,None,1986 NFC Pro Bowl Team|1989 NFC Pro Bowl Team,83,84,9,83,56,74,1,10,1,90,87,5,8,97
3624,7,Mike,Ngo,San Jose State,25,5,68,173,5,5,1,12,1986,True,False,,,4000000,5,QB,QB,BUF,0,False,None,,54,61,76,86,25,91,87,1,1,10,87,1,1,90
3625,70,Bronko,Nagurski,Minnesota,27,5,74,226,10,3,1,16,1986,False,False,,,3100000,4,DT,DT,IND,0,False,None,1986 AFC Pro Bowl Team|1987 NFC Pro Bowl Team|1989 NFC Pro Bowl Team|1990 NFC Pro Bowl Team,87,65,10,67,45,60,10,55,48,78,93,10,10,90
3626,19,Johnny,Unitas,Louisville,27,5,73,194,14,14,1,5,1986,True,False,Broken Nose,Doubtful,11650000,5,QB,QB,ATL,0,False,None,1987 NFC Pro Bowl Team|1988 NFC Pro Bowl Team,60,64,79,62,32,82,98,8,1,28,100,6,1,90
5334,7,Stephen,Gostkowski,Memphis,26,4,74,200,10,10,4,18,1987,True,False,,,1200000,5,K,K,IND,0,False,None,1987 NFC Pro Bowl Team|1988 NFC Pro Bowl Team,28,39,12,39,15,50,1,1,1,16,80,85,97,79
5337,86,Skyler,Green,LSU,23,1,69,195,0,0,0,0,0,True,False,,,0,0,WR,WR,N/A,1988,False,None,,31,64,1,71,67,44,1,13,12,21,64,1,1,66
5338,50,Chad,Greenway,Iowa,27,4,74,240,11,11,3,18,1987,False,False,,,2300000,3,LB,LB,CHI,0,False,None,1989 NFC Pro Bowl Team,62,73,1,82,36,68,1,1,1,82,67,1,1,84
5339,41,Steve,Gregory,Syracuse,27,4,71,185,0,17,6,8,1987,False,False,,,0,0,SS,SS,N/A,0,False,None,,41,69,1,58,40,51,1,1,1,59,80,1,1,65
5340,43,Cedric,Griffin,Texas,28,4,72,190,1,9,5,13,1987,False,False,,,2500000,2,CB,CB,NYT,0,False,None,,43,70,1,84,60,60,1,1,1,47,69,1,1,84
5342,56,Tyjuan,Hagler,Cincinnati,29,4,72,236,0,1,7,10,1987,False,False,,,0,0,LB,LB,N/A,0,False,None,,53,55,1,61,32,40,1,1,1,66,66,1,1,68
5343,53,Tamba,Hali,Penn State,27,4,74,265,8,8,3,14,1987,False,False,,,2300000,5,LB,LB,SEA,0,False,None,1989 AFC Pro Bowl Team,71,76,1,69,55,58,1,1,1,73,79,1,4,84
5346,69,Parys,Haralson,Tennessee,26,4,73,253,0,0,0,0,0,False,False,,,0,0,DE,DE,N/A,0,False,None,,63,49,1,56,20,54,1,1,1,52,52,1,1,70
5347,35,Roman,Harper,Alabama,28,4,72,195,9,17,4,7,1987,False,False,,,1900000,2,SS,SS,LON,0,False,None,,49,75,1,85,62,44,1,1,1,73,88,1,1,79
5353,50,A.J.,Hawk,Ohio State,26,4,73,245,7,19,2,5,1987,False,False,,,2500000,5,LB,LB,CIN,0,False,None,1987 AFC Pro Bowl Team|1990 AFC Pro Bowl Team,70,65,1,87,57,68,1,1,1,86,90,1,1,91
5354,63,Brent,Hawkins,Illinois State,24,1,74,241,0,0,0,0,0,False,False,,,0,0,DE,DE,N/A,1988,False,None,,68,47,1,50,20,49,1,1,1,43,51,1,1,60
5356,86,Devin,Hester,Miami (FL),28,4,70,185,13,13,1,9,1987,True,False,,,15000000,3,WR,WR,MIN,0,False,None,1987 NFC Pro Bowl Team|1988 NFC Pro Bowl Team,47,94,8,96,77,77,1,35,24,38,90,6,1,94
5360,86,Santonio,Holmes,Ohio State,26,4,70,185,1,11,4,3,1987,True,False,,,14730000,2,WR,WR,NYT,0,False,None,,33,96,1,80,79,75,1,27,34,28,94,1,1,87
5363,50,Oliver,Hoyte,North Carolina State,23,1,75,247,0,0,0,0,0,False,False,,,0,0,LB,LB,N/A,1988,False,None,,53,65,1,57,33,49,1,1,1,56,57,1,1,61
5365,44,Michael,Huff,Texas,24,1,72,200,0,0,0,0,0,False,False,,,0,0,FS,FS,N/A,1988,False,None,,44,63,1,74,50,58,1,1,1,49,76,1,1,69
5366,5,Connor,Hughes,Virginia,26,4,70,162,0,1,5,10,1987,True,False,,,0,0,K,K,N/A,0,False,None,,20,41,14,41,11,64,1,1,1,17,76,70,73,66
5372,42,James,Ihedigbo,Massachusetts,27,4,73,217,9,5,2,20,1987,False,False,,,2500000,2,SS,SS,LON,0,False,None,1987 AFC Pro Bowl Team,59,77,1,83,74,54,1,1,1,70,94,1,1,83
5373,52,Clint,Ingram,Oklahoma,27,4,73,240,18,18,6,12,1987,False,False,,,2100000,2,LB,LB,BAL,0,False,None,,72,71,1,64,38,52,1,1,1,83,79,1,1,83
5377,35,Fred,Jackson,Coe College,29,4,73,216,1,11,5,3,1987,True,False,,,2350000,1,RB,RB,NYT,0,False,None,,63,73,25,72,79,60,25,28,45,34,79,1,1,79
5380,63,Tommy,Jackson,Auburn,24,1,73,311,0,0,0,0,0,False,False,,,0,0,DT,DT,N/A,1988,False,None,,59,48,1,53,18,46,1,1,1,42,61,1,1,57
5381,56,Rashad,Jeanty,Central Florida,27,4,74,235,0,16,5,15,1987,False,False,,,0,0,LB,LB,N/A,0,False,None,,62,62,1,62,36,54,1,1,1,67,76,1,1,69
5384,86,Greg,Jennings,Western Michigan,27,4,71,195,12,9,1,13,1987,True,False,,,7300000,5,WR,WR,DET,0,False,None,1987 Offensive Rookie of the Year|1987 Offensive Player of the Year|1987 Offensive MVP|1987 Offensive ROY|1987 AFC Pro Bowl Team|1990 NFC Pro Bowl Team,53,90,1,94,77,72,1,35,27,28,96,1,1,93
5385,24,Kelly,Jennings,Miami (FL),28,4,71,175,0,11,7,3,1987,False,False,,,0,0,CB,CB,N/A,0,False,None,,29,76,1,73,47,53,1,1,1,38,70,1,1,72
5387,47,Tim,Jennings,Georgia,27,4,68,186,0,0,0,0,0,False,False,,,0,0,CB,CB,N/A,1991,False,None,,35,75,1,74,38,41,1,1,1,30,63,1,1,67
5388,51,Brandon,Johnson,Louisville,24,1,77,220,0,0,0,0,0,False,False,,,0,0,LB,LB,N/A,1988,False,None,,52,65,1,55,27,55,1,1,1,63,55,1,1,65
5389,78,Charlie,Johnson,Oklahoma State,26,4,75,302,0,3,4,4,1987,True,False,,,0,0,T,T,N/A,0,False,None,,69,42,1,42,9,60,1,76,74,42,69,1,1,78
5390,87,Darcy,Johnson,Central Florida,27,4,77,252,0,16,7,15,1987,True,False,,,0,0,TE,TE,N/A,0,False,None,,52,60,1,63,53,44,1,31,22,21,66,1,1,65
5391,49,Joseph,Addai,LSU,27,4,71,210,5,7,2,4,1987,True,False,,,8200000,3,RB,RB,BUF,0,False,None,1990 AFC Pro Bowl Team,66,91,22,95,62,72,26,37,37,50,94,9,1,93
5393,62,Johnny,Jolly,Texas A&M,27,4,75,310,7,6,3,7,1987,False,False,,,4000000,1,DT,DT,CIN,0,False,None,,85,59,1,58,32,52,1,1,1,70,65,1,1,84
5395,32,Maurice,Jones-Drew,UCLA,25,4,66,197,19,19,1,5,1987,True,False,,,7290000,2,RB,RB,WAS,0,False,None,1987 AFC Pro Bowl Team|1988 Offensive Player of the Year|1988 Offensive MVP|1988 AFC Pro Bowl Team|1989 Offensive Player of the Year|1989 Offensive MVP|1989 AFC Pro Bowl Team|1990 NFC Pro Bowl Team,81,83,36,93,78,63,26,41,47,32,95,1,7,95
5396,65,Davin,Joseph,Oklahoma,24,1,74,305,0,0,0,0,0,True,False,,,0,0,G,G,N/A,1988,False,None,,71,45,1,39,2,61,1,60,56,27,49,1,1,62
5397,23,Johnathan,Joseph,South Carolina,26,4,71,185,14,5,6,4,1987,False,False,,,2600000,3,CB,CB,ATL,0,False,None,,47,86,1,81,55,53,1,1,1,44,86,1,1,83
5399,65,Winston,Justice,USC,26,4,78,317,5,9,4,2,1987,True,False,,,10300000,1,T,T,BUF,0,False,None,,87,51,1,60,32,65,1,74,83,43,66,1,1,87
5400,55,Norm,Katnik,USC,29,4,76,280,4,13,7,9,1987,True,False,,,490000,1,C,C,OAK,0,False,None,,83,47,1,39,13,57,1,77,64,23,57,1,1,76
5402,78,Chris,Kemoeatu,Utah,27,4,75,344,9,0,0,0,0,True,False,,,2000000,3,G,G,LON,0,False,None,1990 AFC Pro Bowl Team,76,54,1,47,18,68,1,70,78,29,58,1,1,80
5405,81,Ethan,Kilmer,Penn State,24,1,72,205,0,0,0,0,0,True,False,,,0,0,WR,WR,N/A,1988,False,None,,24,62,1,64,64,55,1,7,11,21,70,1,1,61
5407,81,Derek,Kinder,Pittsburgh,21,1,73,200,0,0,0,0,0,True,False,,,0,0,WR,WR,N/A,1988,False,None,,28,70,1,63,66,46,1,17,19,16,76,1,1,66
5409,77,Mathias,Kiwanuka,Boston College,27,4,77,260,15,15,4,16,1987,False,False,,,400000,1,DE,DE,SF,0,False,None,,60,56,1,70,24,50,1,1,1,61,71,1,1,77
5410,84,Joe,Klopfenstein,Colorado,24,1,77,250,0,0,0,0,0,True,False,,,0,0,TE,TE,N/A,1988,False,None,,42,56,1,62,68,44,1,29,29,33,58,1,1,61
5412,19,Brett,Basanez,Northwestern,27,5,74,215,9,0,0,0,0,True,False,,,250000,2,QB,QB,LON,0,False,None,,51,52,86,49,11,66,86,1,1,18,77,1,1,81
5414,16,Hank,Baskett,New Mexico,28,4,74,220,6,15,7,16,1987,True,False,,,250000,1,WR,WR,NYG,0,False,None,,35,81,1,77,83,59,1,25,7,24,67,1,1,81
5415,35,John,Kuhn,Shippensburg,28,4,72,255,18,18,2,12,1987,True,False,,,6600000,3,FB,FB,BAL,0,False,None,,80,48,1,67,49,54,1,65,51,23,86,1,1,92
5416,74,Trevor,Canfield,Cincinnati,24,4,77,285,0,5,5,4,1987,True,False,,,0,0,G,G,N/A,0,False,None,,77,53,1,47,17,65,1,62,59,24,53,1,1,67
5418,44,Dawan,Landry,Georgia Tech,28,4,73,215,15,15,3,16,1987,False,False,,,2200000,1,SS,SS,SF,0,False,None,,58,71,1,82,53,48,1,1,1,58,81,1,1,77
5420,50,Manny,Lawson,North Carolina State,26,4,77,240,0,0,0,0,0,False,False,,,0,0,LB,LB,N/A,0,False,None,,62,57,1,58,34,50,1,1,1,76,65,1,1,72
5422,13,Matt,Leinart,USC,27,4,77,225,18,20,4,6,1987,True,False,,,4500000,2,QB,QB,BAL,0,False,None,,35,53,79,65,14,76,79,1,1,7,81,1,1,81
5423,79,Jon,Lewis,Virginia Tech,23,1,73,305,0,0,0,0,0,False,False,,,0,0,DT,DT,N/A,1988,False,None,,63,49,1,42,16,51,1,1,1,51,49,1,1,61
5424,72,Jonathan,Lewis,Virginia Tech,26,4,72,295,15,16,6,15,1987,False,False,,,300000,1,DT,DT,SF,0,False,None,,76,60,1,63,35,61,1,1,1,66,59,1,1,80
5425,86,Marcedes,Lewis,UCLA,26,4,78,255,2,2,2,11,1987,True,False,,,5600000,5,TE,TE,MIA,0,False,None,1987 AFC Pro Bowl Team|1989 AFC Pro Bowl Team,84,75,1,78,81,49,1,57,57,41,75,1,1,93
5430,39,Wali,Lundy,Virginia,24,1,70,215,0,0,0,0,0,True,False,,,0,0,RB,RB,N/A,1988,False,None,,54,64,7,71,44,38,5,29,18,22,63,1,1,68
5431,64,Ikechuku,Ndukwe,Northwestern,28,4,76,338,0,0,0,0,0,True,False,,,0,0,G,G,N/A,1991,False,None,1987 AFC Pro Bowl Team,64,48,1,50,9,63,1,63,65,25,64,1,1,69
5435,52,Nick,Mangold,Ohio State,26,4,75,295,5,5,1,17,1987,True,False,,,7100000,6,C,C,BUF,0,False,None,1987 AFC Pro Bowl Team|1988 AFC Pro Bowl Team|1989 AFC Pro Bowl Team,85,73,1,55,24,81,6,88,81,52,73,1,1,91
5437,37,Danieal,Manning,Abilene Christian,28,4,72,205,9,9,4,13,1987,False,False,,,250000,1,SS,SS,LON,0,False,None,,50,76,1,82,49,62,1,1,1,56,85,1,1,75
5438,37,Laurence,Maroney,Minnesota,25,4,71,210,18,18,4,12,1987,True,False,,,2500000,3,RB,RB,BAL,0,False,None,,66,81,18,84,62,61,22,40,36,26,84,1,1,84
5439,56,Jordan,Beck,Cal Poly-San Luis Obispo,24,1,74,233,0,0,0,0,0,False,False,,,0,0,LB,LB,N/A,1988,False,None,,53,51,1,56,31,54,1,1,1,59,62,1,1,63
5440,15,Brandon,Marshall,Central Florida,26,4,76,229,15,15,1,16,1987,True,False,,,3300000,4,WR,WR,SF,0,False,None,,42,82,1,80,96,56,1,38,13,28,89,1,5,88
5442,45,Derrick,Martin,Wyoming,25,4,70,180,0,10,7,1,1987,False,False,,,0,0,SS,SS,N/A,0,False,None,,47,70,1,71,53,44,1,1,1,50,78,1,1,67
5445,53,Corey,Mays,Notre Dame,27,4,73,245,0,7,7,19,1987,False,False,,,0,0,LB,LB,N/A,0,False,None,,53,60,1,61,31,52,1,1,1,64,71,1,1,69
5446,69,John,McCargo,North Carolina State,27,4,74,295,15,0,0,0,0,False,False,,,950000,1,DT,DT,SF,0,False,None,,76,58,1,57,30,45,1,1,1,62,52,1,1,75
5447,62,Nevin,McCaskill,Hampton,26,4,76,305,3,2,5,11,1987,True,False,,,250000,1,T,T,GB,0,False,None,,77,46,1,44,17,57,1,83,74,31,62,1,1,80
5448,67,Stanley,McClover,Auburn,23,1,75,260,0,0,0,0,0,False,False,,,0,0,DE,DE,N/A,1988,False,None,,61,54,1,49,30,39,1,1,1,54,52,1,1,66
5451,66,Brandon,McKinney,Michigan State,27,4,74,324,12,12,5,1,1987,False,False,,,1550000,4,DT,DT,DET,0,False,None,,74,57,1,66,35,52,1,1,1,73,68,1,1,79
5454,68,Marcus,McNeill,Auburn,27,4,80,335,9,5,1,19,1987,True,False,,,13800000,6,T,T,LON,0,False,None,1987 AFC Pro Bowl Team|1988 AFC Pro Bowl Team|1989 AFC Pro Bowl Team|1990 AFC Pro Bowl Team,96,65,1,69,28,70,10,88,81,55,82,1,1,94
5457,71,Aaron,Merz,California,24,1,75,346,0,0,0,0,0,True,False,,,0,0,G,G,N/A,1988,False,None,,74,41,1,39,3,51,1,60,51,36,52,1,1,61
5462,93,Anthony,Montgomery,Minnesota,26,4,77,301,20,16,4,15,1987,False,False,,,400000,2,DT,DT,LOU,0,False,None,,78,57,1,60,30,51,1,1,1,67,71,1,1,79
5465,59,Chris,Morris,Michigan State,27,4,75,299,0,0,0,0,0,True,False,,,0,0,C,C,N/A,0,False,None,,78,49,1,39,7,54,1,76,66,38,67,1,1,73
5470,53,Terna,Nande,Miami (OH),24,1,72,232,0,0,0,0,0,False,False,,,0,0,LB,LB,N/A,1988,False,None,,55,52,1,63,24,54,1,1,1,52,64,1,1,61
5471,63,Deuce,Lutui,USC,27,4,75,340,4,16,3,15,1987,True,False,,,2500000,2,G,G,OAK,0,False,None,,75,45,1,44,14,61,1,86,67,34,60,1,1,82
5472,74,Haloti,Ngata,Oregon,26,4,76,335,2,2,1,11,1987,False,False,,,8614380,2,DT,DT,MIA,0,False,None,1987 Defensive Rookie of the Year|1987 Defensive ROY|1987 AFC Pro Bowl Team|1988 AFC Pro Bowl Team|1989 AFC Pro Bowl Team|1990 AFC Pro Bowl Team,84,72,1,81,43,65,2,2,1,70,74,1,1,88
5475,58,Rudy,Niswanger,LSU,28,4,77,301,0,14,5,20,1987,True,False,,,0,0,C,C,N/A,0,False,None,,74,45,1,56,3,63,1,66,73,31,64,1,1,74
5476,45,Jerious,Norwood,Mississippi State,27,4,72,205,0,1,6,10,1987,True,False,,,0,0,RB,RB,N/A,0,False,None,,64,79,15,71,57,63,14,22,16,28,78,1,1,76
5477,13,Nick,Novak,Maryland,29,4,72,191,5,13,5,9,1987,True,False,,,2750000,1,K,K,BUF,0,False,None,,12,31,16,37,19,49,1,1,1,7,81,87,89,75
5478,53,Ryan,O'Callaghan,California,27,4,78,345,20,12,5,18,1987,True,False,,,400000,2,T,T,LOU,0,False,None,,79,43,1,55,16,68,1,73,73,43,70,1,1,80
5479,77,Quinn,Ojinnaka,Syracuse,23,1,77,309,0,0,0,0,0,True,False,,,0,0,G,G,N/A,1988,False,None,,78,35,1,47,11,55,1,65,50,24,48,1,1,68
5480,66,Melvin,Oliver,LSU,27,4,75,279,2,2,3,11,1987,False,False,,,4950000,1,DE,DE,MIA,0,False,None,,66,65,1,67,34,45,1,1,1,69,67,1,1,82
5483,42,Montell,Owens,Maine,23,1,70,219,0,0,0,0,0,True,False,,,0,0,RB,RB,N/A,1988,False,None,,60,58,11,70,49,44,16,15,12,13,72,1,1,68
5485,74,Tony,Palmer,Missouri,24,1,73,344,0,0,0,0,0,True,False,,,0,0,G,G,N/A,1988,False,None,,73,43,1,42,12,58,1,64,56,25,55,1,1,64
5486,40,Antoine,Bethea,Howard,26,4,71,203,16,18,3,12,1987,False,False,,,4550000,4,CB,CB,TB,0,False,None,,64,74,3,81,54,59,1,1,1,72,91,1,1,89
5487,58,Dave,Pearson,Michigan,29,4,75,297,0,18,7,12,1987,True,False,,,0,0,C,C,N/A,0,False,None,,69,45,1,31,5,51,1,73,65,19,49,1,1,71
5488,72,Domata,Peko,Michigan State,26,4,75,307,10,13,4,9,1987,False,False,,,1750000,1,DT,DT,IND,0,False,None,,76,61,1,62,30,57,1,1,1,71,72,1,1,81
5489,72,Donald,Penn,Utah State,27,4,76,340,20,20,1,6,1987,True,False,,,11500000,2,T,T,LOU,0,False,None,,90,73,1,52,36,79,1,93,71,60,84,9,1,90
5490,69,Terrance,Pennington,New Mexico,27,4,79,325,0,0,0,0,0,True,False,,,0,0,T,T,N/A,1991,False,None,,59,48,1,42,1,56,1,64,55,33,60,1,1,66
5491,33,Charlie,Peprah,Alabama,24,1,71,202,0,0,0,0,0,False,False,,,0,0,SS,SS,N/A,1988,False,None,,43,74,1,67,39,45,1,1,1,52,78,1,1,64
5492,88,Taye,Biddle,Mississippi,24,1,74,185,0,0,0,0,0,True,False,,,0,0,WR,WR,N/A,1988,False,None,,27,59,1,62,72,49,1,15,6,25,64,1,1,62
5496,47,Bernard,Pollard,Purdue,26,4,74,225,0,14,6,20,1987,False,False,,,0,0,SS,SS,N/A,0,False,None,,53,69,1,69,53,51,1,1,1,58,80,1,1,67
5500,41,Ronnie,Prude,LSU,28,4,71,178,0,15,6,16,1987,False,False,,,0,0,FS,FS,N/A,0,False,None,,45,59,1,68,41,54,1,1,1,53,62,1,1,68
5501,78,Chris,Chester,Oklahoma,27,4,75,300,15,3,2,15,1987,True,False,,,7700000,1,G,G,SF,0,False,None,,75,53,1,65,23,71,1,85,78,33,69,1,1,88
5502,84,Jason,Rader,Georgia,29,4,76,274,0,0,0,0,0,True,False,,,0,0,TE,TE,N/A,0,False,None,,53,41,1,70,59,48,1,18,23,24,57,1,1,61
5504,86,Jamaica,Rector,Northwest Missouri State,28,3,70,186,0,9,7,13,1987,True,False,,,0,0,WR,WR,N/A,1990,False,None,,21,66,1,68,72,47,1,1,6,24,68,1,1,66
5506,31,Will,Blackmon,Boston College,26,4,72,200,9,9,3,13,1987,False,False,,,1500000,2,CB,CB,LON,0,False,None,,31,80,1,90,42,40,1,1,1,42,67,1,1,79
5507,27,Michael,Robinson,Penn State,27,4,73,225,0,19,6,5,1987,True,False,,,0,0,FB,FB,N/A,0,False,None,,60,57,73,71,43,71,67,47,33,23,86,1,1,71
5508,70,Dennis,Roland,Georgia,27,4,81,322,0,9,6,13,1987,True,False,,,0,0,T,T,N/A,0,False,None,,76,46,1,47,1,55,1,68,55,21,65,1,1,67
5511,35,Derrick,Ross,Tarleton State,24,1,70,226,0,0,0,0,0,True,False,,,0,0,RB,RB,N/A,1988,False,None,,56,60,15,65,57,41,4,24,22,23,66,1,1,67
5513,92,Frostee,Rucker,USC,27,4,75,280,5,9,2,13,1987,False,False,,,2000000,2,DE,DE,BUF,0,False,None,,67,74,1,70,32,67,1,1,1,75,63,1,1,87
5515,24,T.J.,Rushing,Stanford,24,1,70,175,0,0,0,0,0,False,False,,,0,0,CB,CB,N/A,1988,False,None,,42,75,1,71,36,49,1,1,1,34,72,1,1,68
5516,6,Jon,Ryan,Regina (Canada),29,4,72,202,15,12,6,18,1987,True,False,,,250000,2,P,P,SF,0,False,None,1987 NFC Pro Bowl Team,27,43,5,37,14,46,1,1,1,18,77,83,78,73
5518,56,DeMeco,Ryans,Alabama,26,4,73,235,6,6,2,7,1987,False,False,,,5350000,3,LB,LB,NYG,0,False,None,,65,90,3,82,58,59,1,1,4,87,77,3,2,91
5520,76,A.J.,Schable,South Dakota,23,1,76,285,0,0,0,0,0,False,False,,,0,0,DE,DE,N/A,1988,False,None,,55,50,1,62,33,36,1,1,1,44,54,1,1,63
5521,84,Tony,Scheffler,Western Michigan,27,4,77,255,6,0,0,0,0,True,False,,,250000,1,TE,TE,NYG,0,False,None,,54,72,1,61,81,66,1,42,46,39,82,1,1,78
5526,74,Mark,Setterstrom,Minnesota,27,4,75,315,0,0,0,0,0,True,False,,,0,0,G,G,N/A,0,False,None,,74,45,1,37,11,46,1,67,65,21,52,1,1,71
5530,51,Ernie,Sims,Florida State,26,4,72,225,20,10,3,1,1987,False,False,,,3500000,6,LB,LB,LOU,0,False,None,,73,73,1,71,32,58,1,1,1,81,78,1,1,85
5532,67,Rob,Sims,Ohio State,27,4,75,320,20,8,5,14,1987,True,False,,,2450000,2,G,G,LOU,0,False,None,,71,54,1,49,12,67,1,68,76,30,62,1,1,79
5533,66,Kevin,Boothe,Cornell,24,1,77,300,0,0,0,0,0,True,False,,,0,0,G,G,N/A,1988,False,None,,68,41,1,30,1,49,1,61,53,34,55,1,1,60
5534,20,Anthony,Smith,Syracuse,27,4,71,190,0,8,6,14,1987,False,False,,,0,0,FS,FS,N/A,0,False,None,,47,73,1,68,46,50,1,1,1,58,75,1,1,69
5536,33,Eric,Smith,Michigan State,27,4,73,209,20,16,5,2,1987,False,False,,,1850000,6,SS,SS,LOU,0,False,None,,67,75,1,78,57,60,1,1,1,55,80,1,1,78
5539,77,Rob,Smith,Tennessee,23,1,76,306,0,0,0,0,0,True,False,,,0,0,T,T,N/A,1988,False,None,,72,39,1,35,11,60,1,63,59,23,56,1,1,67
5542,47,Antwain,Spann,La-Lafayette,24,1,72,190,0,0,0,0,0,False,False,,,0,0,FS,FS,N/A,1988,False,None,,49,64,1,69,44,54,1,1,1,58,70,1,1,69
5544,76,Jason,Spitz,Louisville,28,4,76,310,0,10,6,1,1987,True,False,,,0,0,G,G,N/A,0,False,None,,77,50,1,49,1,66,1,70,68,28,68,1,1,76
5545,84,Micheal,Spurlock,Mississippi,27,4,70,214,0,0,0,0,0,True,False,,,0,0,WR,WR,N/A,1991,False,None,,26,55,1,63,65,44,1,2,8,17,54,1,1,61
5548,79,Adam,Stenavich,Michigan,27,4,76,298,19,19,4,5,1987,True,False,,,3200000,2,T,T,WAS,0,False,None,,82,44,1,39,19,62,1,74,73,44,65,1,1,80
5549,72,Stephen,Bowen,Hofstra,23,1,77,300,0,0,0,0,0,False,False,,,0,0,DE,DE,N/A,1988,False,None,,54,59,1,47,14,49,1,1,1,42,47,1,1,62
5551,86,Maurice,Stovall,Notre Dame,22,1,76,215,0,0,0,0,0,True,False,,,0,0,WR,WR,N/A,1988,False,None,,27,59,1,70,59,42,1,16,1,20,66,1,1,66
5552,75,Zach,Strief,Northwestern,27,4,79,349,1,5,4,19,1987,True,False,,,3150000,5,T,T,NYT,0,False,None,,80,42,1,50,3,69,1,79,73,37,57,1,1,82
5556,74,Darryl,Tapp,Virginia Tech,26,4,73,255,20,20,6,6,1987,False,False,,,2600000,1,DE,DE,LOU,0,False,None,,78,68,1,68,27,58,1,1,1,55,65,1,1,82
5559,39,Jamie,Thompson,Oklahoma State,24,1,72,190,0,0,0,0,0,False,False,,,0,0,CB,CB,N/A,1988,False,None,,41,69,1,57,46,52,1,1,1,36,70,1,1,68
5564,51,Stephen,Tulloch,North Carolina State,25,4,71,230,0,19,7,5,1987,False,False,,,0,0,LB,LB,N/A,0,False,None,,66,56,1,74,43,64,1,1,1,69,68,1,1,76
5566,40,Michael,Bragg,Texas A&M-Kingsville,29,4,73,190,0,17,7,8,1987,False,False,,,0,0,CB,CB,N/A,0,False,None,,26,67,1,71,41,47,1,1,1,23,66,1,1,67
5567,10,Marcus,Vick,Virginia Tech,26,4,72,216,4,4,5,17,1987,True,False,,,1250000,2,WR,WR,OAK,0,False,None,,25,82,66,86,65,62,72,29,7,20,80,1,1,77
5570,82,Delanie,Walker,Central Missouri State,23,1,73,241,0,0,0,0,0,True,False,,,0,0,TE,TE,N/A,1988,False,None,,52,59,1,54,67,53,1,38,28,33,69,1,1,63
5571,85,Cooper,Wallace,Auburn,28,4,75,258,0,0,0,0,0,True,False,,,0,0,TE,TE,N/A,0,False,None,,54,62,1,70,60,52,1,42,43,24,62,1,1,74
5575,38,Pat,Watkins,Florida State,28,4,76,200,0,7,6,19,1987,False,False,,,0,0,SS,SS,N/A,0,False,None,,38,76,1,70,43,52,1,1,1,48,64,1,1,67
5576,79,Gabe,Watson,Michigan,27,4,75,340,0,0,0,0,0,False,False,,,0,0,DT,DT,N/A,0,False,None,,74,57,1,52,37,46,1,1,1,50,46,1,1,69
5578,39,Dee,Webb,Florida,23,1,71,185,0,0,0,0,0,False,False,,,0,0,SS,SS,N/A,1988,False,None,,52,60,1,58,43,43,1,1,1,59,76,1,1,60
5582,23,LenDale,White,USC,26,4,74,240,17,5,7,4,1987,True,False,,,1850000,2,RB,RB,CHC,0,False,None,,67,80,6,77,65,56,5,19,21,16,81,1,1,82
5584,30,Donte,Whitner,Ohio State,25,4,71,205,8,20,3,6,1987,False,False,,,3850000,5,SS,SS,SEA,0,False,None,,74,89,1,69,61,59,1,1,1,79,83,1,1,86
5585,71,Andrew,Whitworth,LSU,29,4,79,325,11,11,2,3,1987,True,False,,,10550000,1,T,T,CHI,0,False,None,1990 NFC Pro Bowl Team,98,53,1,58,26,67,1,85,84,30,70,1,1,92
5587,54,Gerris,Wilkinson,Georgia Tech,24,1,75,240,0,0,0,0,0,False,False,,,0,0,LB,LB,N/A,1988,False,None,,48,55,1,64,30,56,1,1,1,65,64,1,1,65
5590,46,DeAngelo,Williams,Memphis,27,4,68,210,20,3,3,20,1987,True,False,,,3000000,2,RB,RB,LOU,0,False,None,,74,70,21,84,51,47,22,35,18,39,72,1,1,80
5593,34,Jimmy,Williams,Virginia Tech,22,0,74,205,0,0,0,0,0,False,False,,,0,0,CB,CB,N/A,1987,False,None,,30,61,1,67,41,55,1,1,1,34,60,1,1,64
5594,99,Kyle,Williams,LSU,27,4,73,300,11,11,1,3,1987,False,False,,,4300000,3,DT,DT,CHI,0,False,None,1988 NFC Pro Bowl Team|1989 NFC Pro Bowl Team|1990 NFC Pro Bowl Team,91,66,1,69,36,69,1,1,3,85,74,1,1,95
5596,77,Mario,Williams,North Carolina State,25,4,78,290,8,8,1,14,1987,False,False,,,13900000,4,DE,DE,SEA,0,False,None,1988 AFC Pro Bowl Team|1989 AFC Pro Bowl Team,90,69,10,77,45,65,10,1,1,81,85,10,10,99
5597,17,Mike,Williams,Online Classes?,26,4,77,220,12,12,2,18,1987,True,False,,,14000000,3,WR,WR,DET,0,False,None,1987 NFC Pro Bowl Team|1988 NFC Pro Bowl Team|1989 NFC Pro Bowl Team|1990 NFC Pro Bowl Team,48,78,3,87,96,62,1,38,20,32,92,4,1,91
5599,43,Tramon,Williams,LA. Tech,27,4,72,192,16,3,1,15,1987,False,False,,,2550000,6,CB,CB,TB,0,False,None,1987 NFC Pro Bowl Team|1989 NFC Pro Bowl Team,54,86,1,88,71,65,1,1,1,67,95,5,1,98
5603,74,Kamerion,Wimbley,Florida State,27,4,75,245,3,3,2,2,1987,False,False,,,13700000,1,DE,DE,GB,0,False,None,,75,65,1,85,50,56,1,1,1,74,70,1,1,95
5605,69,Eric,Winston,Miami (FL),27,4,78,305,6,6,3,8,1987,True,False,,,3100000,4,T,T,NYG,0,False,None,,78,59,1,58,21,74,1,74,82,35,56,1,1,86
5606,69,Mike,Brisiel,Colorado St.,27,4,77,300,7,4,2,17,1987,True,False,,,3750000,1,G,G,CIN,0,False,None,,80,59,1,47,14,67,1,80,71,54,74,1,1,83
5608,71,Wesley,Britt,Alabama,25,0,80,314,0,0,0,0,0,True,False,,,0,0,T,T,N/A,1987,False,None,,73,48,1,42,4,53,1,61,62,25,52,1,1,65
5610,78,Claude,Wroten,LSU,27,4,74,300,0,0,0,0,0,False,False,,,0,0,DT,DT,N/A,0,False,None,,76,53,1,57,35,45,1,1,1,54,63,1,1,73
5612,39,Ashton,Youboty,Ohio State,23,1,73,190,0,0,0,0,0,False,False,,,0,0,CB,CB,N/A,1988,False,None,,29,67,1,70,51,50,1,1,1,33,67,1,1,66
5614,12,Vince,Young,Texas,27,4,77,230,5,1,1,10,1987,True,False,,,4000000,1,QB,QB,BUF,0,False,None,,54,80,84,75,13,73,82,1,1,20,84,1,1,86
5616,59,Ahmad,Brooks,Virginia,26,4,76,255,0,0,0,0,0,False,False,,,0,0,LB,LB,N/A,0,False,None,,46,55,1,72,29,56,1,1,1,76,76,1,1,69
5619,30,Daniel,Bullocks,Nebraska,27,4,72,210,0,8,7,14,1987,False,False,,,0,0,SS,SS,N/A,0,False,None,,59,56,1,69,49,47,1,1,1,45,77,1,1,65
5620,70,Brodrick,Bunkley,Florida State,27,4,74,295,12,0,0,0,0,False,False,,,250000,1,DT,DT,DET,0,False,None,,70,58,1,50,38,56,1,1,1,69,72,1,1,77
5622,73,Antwon,Burton,Temple,24,1,75,315,0,0,0,0,0,False,False,,,0,0,DT,DT,N/A,1988,False,None,,72,50,1,44,17,38,1,1,1,41,60,1,1,61
5623,22,Jarrett,Bush,Utah State,26,4,72,194,0,3,7,11,1987,False,False,,,0,0,CB,CB,N/A,1991,False,None,,30,71,1,66,51,47,1,1,1,42,56,1,1,69
5624,28,Reggie,Bush,USC,25,4,72,200,6,6,2,1,1987,True,False,,,2100000,3,RB,RB,NYG,0,False,None,1990 NFC Pro Bowl Team,66,90,16,94,58,55,14,24,44,22,75,1,1,90
5625,27,John,Busing,Miami (OH),24,1,74,221,0,0,0,0,0,False,False,,,0,0,FS,FS,N/A,1988,False,None,,44,65,1,66,50,51,1,1,1,46,67,1,1,66
5626,73,Brad,Butler,Virginia,24,1,79,310,0,0,0,0,0,True,False,,,0,0,T,T,N/A,1988,False,None,,75,45,1,49,10,61,1,71,50,27,53,1,1,65
5629,32,Dion,Byrum,Ohio,24,1,70,192,0,0,0,0,0,False,False,,,0,0,FS,FS,N/A,1988,False,None,,32,57,1,70,39,46,1,1,1,46,67,1,1,59
5630,62,Jeremy,Cain,Massachusetts,30,4,73,245,6,17,7,7,1987,True,False,,,250000,2,C,C,NYG,0,False,None,,78,52,1,56,4,55,1,78,63,38,70,1,1,77
5632,86,Greg,Camarillo,Stanford,28,4,73,190,0,17,4,8,1987,True,False,,,0,0,WR,WR,N/A,0,False,None,,22,79,1,79,75,62,1,22,1,28,80,1,1,79
5633,8,Jason,Campbell,Auburn,29,4,77,223,20,11,3,3,1987,True,False,,,7500000,1,QB,QB,LOU,0,False,None,1990 AFC Pro Bowl Team,56,76,91,63,25,74,92,1,1,28,88,1,1,90
5634,63,Chris,Kuper,North Dakota,28,4,76,302,13,13,2,9,1987,True,False,,,6950000,4,G,G,MIN,0,False,None,1988 NFC Pro Bowl Team,83,63,1,68,24,76,1,93,71,37,85,1,1,92
5635,52,Anthony,Cannon,Tulane,23,1,70,226,0,0,0,0,0,False,False,,,0,0,LB,LB,N/A,1988,False,None,,49,64,1,69,31,58,1,1,1,52,67,1,1,64
5636,60,Jeremy,Trueblood,Boston College,27,4,80,315,4,4,3,17,1987,True,False,,,10400000,1,T,T,OAK,0,False,None,1988 AFC Pro Bowl Team|1990 AFC Pro Bowl Team,91,46,1,58,17,69,1,71,84,34,64,1,1,87
5638,58,Bobby,Carpenter,Ohio State,27,4,75,255,16,4,6,17,1987,False,False,,,4200000,1,LB,LB,TB,0,False,None,,73,61,1,79,35,57,1,1,1,77,82,1,1,81
5641,54,Jon,Alston,Stanford,24,1,72,220,0,0,0,0,0,False,False,,,0,0,LB,LB,N/A,1988,False,None,,50,57,1,55,23,50,1,1,1,61,63,1,1,65
5642,73,Kurt,Quarterman,Louisville,26,4,76,340,20,20,5,6,1987,True,False,,,1950000,1,G,G,LOU,0,False,None,,79,60,1,39,8,71,1,71,68,41,71,1,1,79
5643,89,Brian,Clark,North Carolina State,24,1,74,204,0,0,0,0,0,True,False,,,0,0,WR,WR,N/A,1988,False,None,,26,58,1,65,65,40,1,14,1,22,74,1,1,60
5645,28,Patrick,Cobbs,North Texas,27,4,69,210,0,4,4,17,1987,True,False,,,0,0,RB,RB,N/A,0,False,None,1990 AFC Pro Bowl Team,62,82,5,83,43,51,17,16,28,12,83,1,1,77
5649,71,Barry,Cofield,Northwestern,26,4,75,305,7,7,3,19,1987,False,False,,,2950000,5,DT,DT,CIN,0,False,None,,76,65,1,65,40,57,1,1,1,77,59,1,1,84
5650,91,Colin,Cole,Iowa,30,4,74,325,18,8,4,14,1987,False,False,,,1850000,1,DT,DT,BAL,0,False,None,,77,69,1,59,29,49,1,1,1,65,54,1,1,78
5651,53,Nick,Cole,New Mexico State,26,4,72,350,14,0,0,0,0,True,False,,,2600000,5,C,C,ATL,0,False,None,1988 AFC Pro Bowl Team,82,46,1,36,13,63,1,79,59,28,56,1,1,73
5652,31,Drew,Coleman,TCU,24,1,68,173,0,0,0,0,0,False,False,,,0,0,CB,CB,N/A,1988,False,None,,37,73,1,65,45,43,1,1,1,31,58,1,1,64
5653,64,Daryn,Colledge,Boise State,29,4,76,300,1,1,3,10,1987,True,False,,,2100000,2,G,G,NYT,0,False,None,1988 AFC Pro Bowl Team,88,49,1,62,27,63,1,71,79,42,73,1,1,84
5655,60,Willie,Colon,Hofstra,27,4,75,320,17,3,4,11,1987,True,False,,,250000,3,FB,FB,CHC,0,False,None,,79,44,1,61,18,75,1,76,73,32,73,1,1,95
5656,86,David,Anderson,Colorado State,24,1,70,195,0,0,0,0,0,True,False,,,0,0,WR,WR,N/A,1988,False,None,,35,64,1,70,60,45,1,23,12,13,71,1,1,63
5657,83,Marques,Colston,Hofstra,27,4,76,225,9,20,2,6,1987,True,False,,,14450000,1,WR,WR,LON,0,False,None,1987 AFC Pro Bowl Team|1988 AFC Pro Bowl Team|1989 AFC Pro Bowl Team|1990 AFC Pro Bowl Team,51,74,2,90,92,70,1,36,29,42,84,1,4,91
5659,55,Ryan,Cook,New Mexico,27,4,78,325,12,15,5,16,1987,True,False,,,1800000,2,C,C,DET,0,False,None,,89,43,1,40,12,65,1,84,69,42,65,1,1,80
5662,68,Mark,Anderson,Alabama,24,1,76,255,0,0,0,0,0,False,False,,,0,0,DE,DE,N/A,1988,False,None,,58,57,1,54,25,53,1,1,1,63,64,1,1,68
5663,21,Antonio,Cromartie,Florida State,26,4,74,210,19,19,3,5,1987,False,False,,,11000000,3,CB,CB,WAS,0,False,None,,42,82,1,88,58,54,1,1,1,57,74,1,1,90
5667,26,Markus,Curry,Michigan,29,4,71,181,0,2,6,11,1987,False,False,,,0,0,FS,FS,N/A,0,False,None,,35,60,1,67,50,52,1,1,1,56,57,1,1,69
5669,5,Jay,Cutler,Vanderbilt,27,4,75,225,6,6,1,7,1987,True,False,Bruised Hip,Probable,12050000,6,QB,QB,NYG,0,False,None,1988 NFC Pro Bowl Team|1990 NFC Pro Bowl Team,49,79,95,63,19,90,89,8,1,24,93,6,1,94
5671,89,Owen,Daniels,Wisconsin,28,4,75,245,19,5,3,4,1987,True,False,,,7750000,3,TE,TE,WAS,0,False,None,1990 AFC Pro Bowl Team,79,86,1,69,89,59,1,45,64,53,81,1,1,94
5675,82,Vernon,Davis,Maryland,26,4,75,250,7,10,4,1,1987,True,False,,,8250000,5,TE,TE,CIN,0,False,None,,70,79,1,83,78,70,1,41,44,41,70,1,1,89
5679,31,DeDe,Dorsey,Lindenwood,26,4,71,184,0,20,7,6,1987,True,False,,,0,0,RB,RB,N/A,0,False,None,,53,64,3,76,46,47,17,18,16,18,73,1,1,71
5681,70,Elvis,Dumervil,Louisville,26,4,72,255,8,8,2,14,1987,False,False,,,13700000,1,DE,DE,SEA,0,False,None,,84,63,1,81,41,68,1,1,1,72,78,1,1,94
5683,60,Ray,Edwards,Purdue,25,4,77,270,1,1,4,10,1987,False,False,,,3500000,5,DE,DE,NYT,0,False,None,,71,69,1,57,26,63,1,1,1,64,71,1,1,81
5684,31,Abram,Elam,Kent State,29,4,72,205,0,6,5,7,1987,False,False,,,0,0,SS,SS,N/A,0,False,None,,51,59,1,72,52,55,1,1,1,52,59,1,1,67
5686,56,Keith,Ellison,Oregon State,26,4,73,229,12,12,7,18,1987,False,False,,,2400000,3,DE,DE,DET,0,False,None,,59,60,1,75,41,54,1,1,1,85,76,1,1,87
5688,30,John,Eubanks,Southern Miss,24,1,70,173,0,0,0,0,0,False,False,,,0,0,SS,SS,N/A,1988,False,None,,48,68,1,62,38,42,1,1,1,59,61,1,1,64
5690,71,Jahri,Evans,Bloomsburg,27,4,76,316,5,5,1,4,1987,True,False,,,5400000,6,G,G,BUF,0,False,None,1988 AFC Pro Bowl Team|1990 AFC Pro Bowl Team,96,65,9,66,28,67,8,91,81,45,77,1,7,95
5693,85,Anthony,Fasano,Notre Dame,26,4,76,255,15,4,7,17,1987,True,False,,,300000,2,TE,TE,SF,0,False,None,,57,62,1,76,64,66,1,36,47,31,62,1,1,76
5694,61,Daniel,Federkeil,Calgary,24,1,78,290,0,0,0,0,0,True,False,,,0,0,T,T,N/A,1988,False,None,,70,32,1,36,1,57,1,57,62,37,53,1,1,66
5695,64,D'Brickashaw,Ferguson,Virginia,27,4,77,295,18,18,1,12,1987,True,False,,,7600000,4,T,T,BAL,0,False,None,1989 AFC Pro Bowl Team|1990 AFC Pro Bowl Team,95,57,1,59,34,65,5,86,80,44,86,1,4,90
5696,22,Diamond,Ferri,Syracuse,29,4,70,223,0,13,6,9,1987,False,False,,,0,0,FS,FS,N/A,0,False,None,,41,65,1,68,46,39,1,1,1,56,59,1,1,68
5697,29,Cortland,Finnegan,Samford,26,4,69,177,17,15,2,16,1987,False,False,,,11600000,1,CB,CB,CHC,0,False,None,,53,83,1,83,54,56,2,3,3,50,82,1,1,86
5698,80,J.P.,Foschi,Georgia,28,4,75,255,16,11,6,3,1987,True,False,,,1700000,2,TE,TE,TB,0,False,None,,57,67,1,73,82,62,1,53,65,39,86,1,1,83
5699,39,Dustin,Fox,Ohio State,27,3,71,190,0,0,0,0,0,False,False,,,0,0,CB,CB,N/A,1990,False,None,,31,74,1,68,42,42,1,1,1,31,68,1,1,68
5702,89,Miles,Austin,Monmouth,26,4,75,215,1,1,2,10,1987,True,False,,,2550000,5,WR,WR,NYT,0,False,None,1989 AFC Pro Bowl Team,50,75,1,85,86,58,1,19,11,20,75,1,1,86
5703,54,Omar,Gaither,Tennessee,25,3,74,235,0,0,0,0,0,False,False,,,0,0,LB,LB,N/A,1990,False,None,,60,68,1,58,31,58,1,1,1,58,58,1,1,68
5706,48,Cliff,Battles,Wesleyan,26,4,73,195,3,3,6,2,1987,True,False,,,250000,1,RB,RB,GB,0,False,None,,64,74,1,73,63,57,1,45,49,50,87,1,1,75
5707,4,Tuffy,Leemans,Oregon,28,4,72,195,5,5,2,19,1987,True,False,,,4650000,1,FB,FB,BUF,0,False,None,1987 AFC Pro Bowl Team|1988 AFC Pro Bowl Team,76,62,70,74,65,81,75,59,55,55,91,1,1,96
5708,42,Paul,Warfield,Ohio State,26,4,72,188,10,10,1,1,1987,True,False,Bruised Jaw,Probable,7500000,6,WR,WR,IND,0,False,None,1987 NFC Pro Bowl Team|1988 NFC Pro Bowl Team,56,88,1,92,99,64,1,45,29,30,99,1,1,97
5709,41,Emlen,Tunnell,Iowa,27,4,73,187,10,3,1,2,1987,False,False,,,5900000,5,FS,FS,IND,0,False,None,1987 NFC Pro Bowl Team|1988 NFC Pro Bowl Team|1990 NFC Pro Bowl Team,66,95,55,92,61,65,50,1,1,75,89,1,1,92
5710,79,Dave,Butz II,Purdue,27,4,79,291,6,9,1,20,1987,False,False,,,8614380,2,DT,DT,NYG,0,False,None,,81,58,1,65,58,65,1,1,1,89,79,1,1,93
5711,89,Jo-Jo,Townsell II,UCLA,29,4,69,180,13,5,5,19,1987,True,False,,,250000,2,WR,WR,MIN,0,False,None,,48,78,1,74,78,68,1,17,25,30,79,1,1,79
5712,59,Bobby,Boucher,SC Louisiana State,34,3,70,185,0,17,1,8,1987,False,False,,,0,0,LB,LB,N/A,1990,False,None,,85,80,1,68,38,41,1,45,45,96,72,1,1,90
5713,60,Tommy,Nobis,Texas,27,4,74,240,14,14,1,18,1987,False,False,,,6250000,6,LB,LB,ATL,0,False,None,1987 NFC Pro Bowl Team,72,69,1,79,45,68,1,4,1,98,83,1,1,93
5714,47,James,Brooks II,Auburn,27,4,70,180,9,17,2,8,1987,True,False,,,2050000,3,RB,RB,LON,0,False,None,,66,85,30,81,75,62,30,41,40,45,88,1,1,88
5715,51,Randy,Gradishar,Ohio State,26,4,75,233,17,3,3,2,1987,False,False,,,2700000,3,LB,LB,CHC,0,False,None,,75,72,1,74,35,72,1,1,1,89,66,1,1,89
5716,23,Kirk,Gibson,Michigan State,26,4,75,215,7,13,3,9,1987,True,False,,,4800000,2,WR,WR,CIN,0,False,None,,49,82,1,76,86,69,1,21,17,25,73,1,1,85
5717,17,Jack,Coan,Notre Dame,27,4,75,220,1,3,4,20,1987,True,False,,,5200000,2,QB,QB,NYT,0,False,None,,52,76,89,73,18,77,81,1,1,19,73,1,1,86
5974,90,Mo,Lewis,Georgia,26,4,75,258,20,0,0,0,0,False,False,,,6150000,6,LB,LB,LOU,0,False,None,1987 AFC Pro Bowl Team|1988 AFC Pro Bowl Team|1989 AFC Pro Bowl Team,75,71,1,86,36,73,1,1,1,85,79,1,5,91
5975,30,Kimble,Anders,Houston,29,4,71,225,17,0,0,0,0,True,False,,,2300000,2,RB,RB,CHC,0,False,None,,56,76,12,87,56,61,20,24,26,26,74,1,1,82
5976,64,Antone,Davis,Tennessee,28,4,76,330,17,0,0,0,0,True,False,,,4150000,1,T,T,CHC,0,False,None,,82,55,1,50,7,76,1,74,80,44,56,1,1,85
5977,33,Chris,Samuels,Texas,26,4,70,202,0,0,0,0,0,True,False,,,0,0,RB,RB,N/A,0,False,None,,50,61,3,75,38,36,11,12,16,8,66,1,1,62
5979,43,Todd,Scott,La-Lafayette,27,4,71,200,0,0,0,0,0,False,False,,,0,0,CB,CB,N/A,0,False,None,,49,69,1,81,57,50,1,1,1,40,69,1,1,80
5980,59,Mike,Stonebreaker,Notre Dame,28,4,72,226,0,0,0,0,0,False,False,,,0,0,LB,LB,N/A,0,False,None,,56,57,1,51,23,47,1,1,1,65,69,1,1,66
5981,19,Chris,Gardocki,Clemson,25,4,73,192,2,0,0,0,0,True,False,,,250000,4,P,P,MIA,0,False,None,1990 AFC Pro Bowl Team,13,47,18,56,14,48,1,1,1,11,83,78,76,73
5982,82,Adrian,Cooper,Oklahoma,24,1,77,255,0,0,0,0,0,True,False,,,0,0,TE,TE,N/A,1988,False,None,,57,55,1,55,61,46,1,33,31,34,63,1,1,63
5984,36,Todd,Lyght,Notre Dame,26,4,72,190,10,0,0,0,0,False,False,,,2100000,5,SS,SS,IND,0,False,None,1987 AFC Pro Bowl Team|1988 AFC Pro Bowl Team,71,81,1,89,68,71,1,1,1,74,89,1,1,90
5985,84,Jeff,Graham,Ohio State,26,4,74,200,7,0,0,0,0,True,False,,,8000000,1,WR,WR,CIN,0,False,None,1987 AFC Pro Bowl Team|1990 AFC Pro Bowl Team,46,78,1,91,75,71,1,24,16,21,92,1,1,87
5987,20,Henry,Jones,Illinois,28,4,71,197,19,0,0,0,0,False,False,,,3000000,3,CB,CB,WAS,0,False,None,,41,83,1,73,69,50,1,1,1,50,78,1,1,85
5988,26,Chris,Green,Illinois,27,4,71,192,0,0,0,0,0,False,False,,,0,0,CB,CB,N/A,0,False,None,,30,75,1,78,46,48,1,1,1,45,80,1,1,79
5990,64,Keith,Traylor,Central Oklahoma,26,4,74,340,11,0,0,0,0,False,False,,,2250000,4,DT,DT,CHI,0,False,None,,74,71,1,73,42,70,1,1,1,58,71,1,1,79
5991,10,Bill,Musgrave,Oregon,28,4,74,199,0,0,0,0,0,True,False,,,0,0,QB,QB,N/A,0,False,None,,32,47,55,40,1,62,67,1,1,12,70,1,1,62
5992,35,Glenn,Rogers,Memphis,24,2,72,185,0,0,0,0,0,False,False,,,0,0,CB,CB,N/A,1989,False,None,,28,60,1,66,46,44,1,1,1,33,65,1,1,65
5994,68,Leon,Lett,Emporia State,27,4,78,290,18,0,0,0,0,False,False,,,1850000,4,DT,DT,BAL,0,False,None,,86,57,1,66,38,48,1,1,1,76,64,1,1,86
5995,38,Stanley,Richard,Texas,28,4,74,198,3,0,0,0,0,False,False,,,250000,1,SS,SS,GB,0,False,None,,72,84,1,76,61,47,1,1,1,63,93,1,1,78
5996,78,Mike,Flores,Louisville,29,4,75,256,8,0,0,0,0,False,False,,,250000,1,DE,DE,SEA,0,False,None,,81,65,1,63,29,56,1,1,1,57,57,1,1,80
5997,39,Bruce,Pickens,Nebraska,27,4,71,190,8,0,0,0,0,False,False,,,1800000,1,CB,CB,SEA,0,False,None,,42,73,1,85,51,54,1,1,1,55,59,1,1,83
5998,65,James,Jones,Northern Iowa,26,4,74,290,0,0,0,0,0,False,False,,,0,0,DT,DT,N/A,0,False,None,,65,49,1,46,33,48,1,1,1,51,54,1,1,65
5999,40,Herbie,Anderson,Texas A&M-Kingsville,27,4,69,183,0,0,0,0,0,False,False,,,0,0,FS,FS,N/A,0,False,None,,37,71,1,66,38,55,1,1,1,58,78,1,1,68
6002,40,Sammy,Walker,Texas Tech,25,3,71,203,0,0,0,0,0,False,False,,,0,0,FS,FS,N/A,1990,False,None,,39,69,1,72,53,51,1,1,1,50,71,1,1,69
6004,74,Eric,Swann,Wake Technical Community College,25,4,77,307,17,0,0,0,0,False,False,,,7700000,1,DT,DT,CHC,0,False,None,,86,66,1,77,35,72,1,1,1,75,59,1,1,90
6005,11,Scott,Mitchell,Utah,27,4,78,240,0,0,0,0,0,True,False,,,0,0,QB,QB,N/A,0,False,None,,48,52,80,52,14,77,80,1,1,9,86,1,1,78
6006,83,Barry,Johnson,Maryland,27,4,74,197,0,0,0,0,0,True,False,,,0,0,WR,WR,N/A,0,False,None,,18,63,1,73,59,38,1,12,1,19,73,1,1,66
6007,76,Chris,Port,Duke,28,4,77,295,0,0,0,0,0,True,False,,,0,0,G,G,N/A,0,False,None,,66,52,1,35,15,54,1,64,68,35,54,1,1,70
6008,12,Kent,Sullivan,California Lutheran,31,4,71,197,0,0,0,0,0,True,False,,,0,0,P,P,N/A,0,False,None,,19,23,10,38,1,48,1,1,1,1,86,75,71,62
6009,86,Duane,Young,Michigan State,27,4,75,270,0,0,0,0,0,True,False,,,0,0,TE,TE,N/A,0,False,None,,50,63,1,65,64,47,1,31,27,34,62,1,1,68
6010,34,Jarrod,Bunch,Michigan,27,4,74,250,0,0,0,0,0,True,False,,,0,0,FB,FB,N/A,0,False,None,,66,47,1,64,41,41,1,49,37,12,70,1,1,71
6011,26,Anthony,Florence,Bethune-Cookman,28,3,72,185,0,0,0,0,0,False,False,,,0,0,FS,FS,N/A,1990,False,None,,43,55,1,66,50,46,1,1,1,43,72,1,1,66
6012,48,Tony,Covington,Virginia,28,4,71,192,0,0,0,0,0,False,False,,,0,0,CB,CB,N/A,0,False,None,,28,61,1,72,39,50,1,1,1,35,66,1,1,68
6014,65,Jon,Melander,Minnesota,29,4,79,280,0,0,0,0,0,True,False,,,0,0,G,G,N/A,0,False,None,,81,43,1,39,5,57,1,73,63,38,65,1,1,76
6015,50,Chris,Thome,Minnesota,26,4,76,278,19,0,0,0,0,True,False,,,950000,3,C,C,WAS,0,False,None,,75,46,1,34,7,48,1,71,65,37,56,1,1,72
6016,30,Jon,Vaughn,Michigan,25,4,69,203,0,0,0,0,0,True,False,,,0,0,RB,RB,N/A,0,False,None,,63,66,6,75,54,54,17,34,16,17,83,1,1,73
6024,79,John,Jurkovic,Eastern Illinois,28,4,74,301,15,0,0,0,0,False,False,,,2000000,4,DT,DT,SF,0,False,None,1987 NFC Pro Bowl Team|1989 NFC Pro Bowl Team,92,62,1,65,37,48,1,1,1,71,69,1,1,87
6025,78,James,Williams,Cheyney,27,4,79,329,15,0,0,0,0,True,False,,,2950000,1,T,T,SF,0,False,None,,85,55,1,56,16,61,1,73,79,75,61,1,1,84
6026,63,Gene,Williams,Iowa State,27,4,74,310,17,0,0,0,0,True,False,,,2800000,2,G,G,CHC,0,False,None,,72,49,1,57,11,61,1,83,68,45,58,1,1,82
6027,57,Roman,Fortin,Oregon State,28,4,77,297,13,0,0,0,0,True,False,,,490000,1,C,C,MIN,0,False,None,,82,44,1,48,16,57,1,77,67,40,69,1,1,77
6030,72,Shane,Curry,Georgia Tech,24,1,77,270,0,0,0,0,0,False,False,,,0,0,DE,DE,N/A,1988,False,None,,65,43,1,51,29,39,1,1,1,50,54,1,1,67
6032,86,Kerry,Cash,Texas,23,1,76,245,0,0,0,0,0,True,False,,,0,0,TE,TE,N/A,1988,False,None,,44,59,1,58,57,47,1,42,25,30,70,1,1,62
6034,68,Ted,Washington,Louisville,27,4,77,365,8,0,0,0,0,False,False,,,2400000,5,DT,DT,SEA,0,False,None,1987 NFC Pro Bowl Team,78,51,1,64,42,55,1,1,1,73,73,1,1,83
6035,71,Alfred,Williams,Colorado,27,4,78,260,14,0,0,0,0,False,False,,,3500000,4,DE,DE,ATL,0,False,None,,80,52,1,79,29,59,1,1,1,70,78,1,1,89
6036,10,Shawn,Jefferson,Central Florida,26,4,71,185,8,0,0,0,0,True,False,,,250000,1,WR,WR,SEA,0,False,None,,35,83,1,81,88,61,1,28,15,35,85,1,1,83
6037,56,Roman,Phifer,UCLA,27,4,74,248,13,0,0,0,0,False,False,,,2750000,4,LB,LB,MIN,0,False,None,,58,82,1,68,47,66,1,1,1,70,71,1,1,80
6038,62,Charles,McRae,Tennessee,27,4,79,305,0,0,0,0,0,True,False,,,0,0,T,T,N/A,0,False,None,,83,45,1,53,23,69,1,68,70,36,65,1,1,77
6039,64,Joe,Sims,Nebraska,26,4,75,310,2,0,0,0,0,True,False,,,250000,2,T,T,MIA,0,False,None,,70,41,1,54,8,67,1,71,76,40,72,1,1,78
6041,35,Charles,Mincy,Washington,26,4,72,195,0,0,0,0,0,False,False,,,0,0,FS,FS,N/A,0,False,None,,48,72,1,79,46,62,1,1,1,63,71,1,1,77
6042,37,Dexter,Davis,Clemson,25,4,70,190,0,0,0,0,0,False,False,,,0,0,CB,CB,N/A,0,False,None,,37,69,1,73,49,40,1,1,1,34,67,1,1,72
6044,22,Eric,Turner,UCLA,27,4,73,208,19,0,0,0,0,False,False,,,1600000,5,FS,FS,WAS,0,False,None,,61,82,1,71,65,58,1,1,1,69,89,1,1,84
6045,54,Dixon,Edwards,Michigan State,27,4,73,230,3,0,0,0,0,False,False,,,250000,1,LB,LB,GB,0,False,None,,66,66,1,64,44,51,1,1,1,87,85,1,1,82
6046,40,Gary,Brown,Penn State,26,4,71,230,0,0,0,0,0,True,False,,,0,0,RB,RB,N/A,0,False,None,,66,80,9,68,50,43,7,22,28,24,79,1,1,73
6047,73,Joe,Staysniak,Ohio State,29,4,76,292,11,0,0,0,0,True,False,,,2350000,1,G,G,CHI,0,False,None,,70,56,1,52,22,62,1,68,77,41,64,1,1,78
6048,78,Don,Davey,Wisconsin,27,4,76,273,0,0,0,0,0,False,False,,,0,0,DT,DT,N/A,0,False,None,,73,57,1,58,29,61,1,1,1,57,64,1,1,74
6049,74,Scott,Conover,Purdue,27,4,76,276,0,0,0,0,0,True,False,,,0,0,T,T,N/A,0,False,None,,69,36,1,32,14,58,1,64,53,20,56,1,1,65
6050,42,Fernandus,Vinson,North Carolina State,27,4,70,197,0,0,0,0,0,False,False,,,0,0,SS,SS,N/A,0,False,None,,47,64,1,59,42,46,1,1,1,41,72,1,1,59
6051,49,Roger,Jones,Tennessee State,26,4,69,175,0,0,0,0,0,False,False,,,0,0,CB,CB,N/A,0,False,None,,37,58,1,63,55,41,1,1,1,30,60,1,1,67
6052,66,Mike,Teeter,Michigan,28,4,74,267,0,0,0,0,0,False,False,,,0,0,DE,DE,N/A,0,False,None,,49,51,1,49,23,37,1,1,1,52,44,1,1,61
6053,86,Reggie,Johnson,Florida State,27,4,74,256,0,0,0,0,0,True,False,,,0,0,TE,TE,N/A,0,False,None,,46,45,1,57,64,40,1,27,24,32,63,1,1,59
6054,19,Ed,McCaffrey,Stanford,27,4,77,215,8,0,0,0,0,True,False,,,3700000,4,WR,WR,SEA,0,False,None,,37,80,1,75,93,76,1,33,28,38,87,1,1,86
6055,2,Matt,Stover,Louisiana Tech,27,4,71,180,12,0,0,0,0,True,False,,,1050000,5,K,K,DET,0,False,None,1989 NFC Pro Bowl Team,23,29,14,31,7,58,1,1,1,12,93,78,85,75
6056,26,Erric,Pegram,North Texas,23,1,70,195,0,0,0,0,0,True,False,,,0,0,RB,RB,N/A,1988,False,None,,51,68,3,67,55,44,10,12,13,20,68,1,1,64
6057,21,Marty,Carter,Middle Tenn. State,26,4,73,209,6,0,0,0,0,False,False,,,250000,1,CB,CB,NYG,0,False,None,,50,89,1,69,66,59,1,1,1,41,65,1,1,84
6059,69,Shawn,Bouwens,Nebraska Wesleyan,26,3,77,293,0,0,0,0,0,True,False,,,0,0,G,G,N/A,1990,False,None,,75,46,1,43,7,58,1,61,55,44,65,1,1,69
6061,33,Reggie,Jones,Arkansas,26,4,73,202,0,0,0,0,0,False,False,,,0,0,CB,CB,N/A,0,False,None,,36,72,1,74,52,44,1,1,1,36,87,1,1,72
6064,51,Erik,Williams,Central State (OH),27,4,78,324,11,0,0,0,0,True,False,,,10660000,2,T,T,CHI,0,False,None,,93,66,1,48,10,75,5,75,89,54,83,1,3,91
6065,82,Alvin,Harper,Tennessee,27,4,75,210,8,0,0,0,0,True,False,,,3250000,2,WR,WR,SEA,0,False,None,,43,85,1,90,77,61,1,16,15,30,81,1,1,84
6066,63,Nolan,Harrison,Indiana,26,4,77,280,0,0,0,0,0,False,False,,,0,0,DE,DE,N/A,0,False,None,,67,63,1,56,20,49,1,1,1,59,66,1,1,75
6067,35,Mike,Pritchard,Colorado,26,4,70,188,20,0,0,0,0,True,False,,,550000,1,WR,WR,LOU,0,False,None,,46,81,1,85,80,65,1,20,20,21,83,1,1,82
6068,74,John,Hudson,Auburn,27,4,74,270,0,0,0,0,0,True,False,,,0,0,G,G,N/A,0,False,None,,72,45,1,44,1,54,1,58,71,19,49,1,1,70
6073,67,Mel,Agee,Illinois,26,3,77,300,0,0,0,0,0,False,False,,,0,0,DE,DE,N/A,1990,False,None,,58,45,1,51,21,55,1,1,1,51,60,1,1,64
6074,30,Marcus,Robertson,Iowa State,26,4,71,198,18,0,0,0,0,False,False,,,1900000,5,FS,FS,BAL,0,False,None,1989 AFC Pro Bowl Team,57,77,1,88,69,61,1,1,1,64,85,1,1,88
6075,87,Yancey,Thigpen,Winston-Salem State,26,4,73,208,9,0,0,0,0,True,False,,,1500000,3,WR,WR,LON,0,False,None,,42,77,1,80,88,53,1,26,12,19,80,1,1,84
6076,76,Eric,Moten,Michigan State,27,4,75,306,10,0,0,0,0,True,False,,,5500000,5,G,G,IND,0,False,None,,78,45,1,53,20,71,1,78,76,42,70,1,1,84
6077,39,Harvey,Williams,LSU,28,4,74,226,0,0,0,0,0,True,False,,,0,0,RB,RB,N/A,0,False,None,,63,81,15,69,47,39,9,29,29,16,72,1,1,71
6078,69,Pio,Sagapolutele,San Diego State,26,4,78,297,11,0,0,0,0,False,False,,,1950000,1,DT,DT,CHI,0,False,None,,85,51,1,68,40,54,1,1,1,64,75,1,1,80
6080,55,Terry,Crews,Western Michigan,26,3,74,245,0,0,0,0,0,False,False,,,0,0,LB,LB,N/A,1990,False,None,,67,57,1,63,21,44,1,1,1,66,72,1,1,69
6084,39,Terry,Allen,Clemson,27,4,70,204,17,0,0,0,0,True,False,,,1850000,2,RB,RB,CHC,0,False,None,,66,69,27,91,63,48,20,29,25,18,76,1,1,85
6085,83,Ben,Coates,Livingstone,26,4,77,245,16,0,0,0,0,True,False,,,7750000,4,TE,TE,TB,0,False,None,,72,75,1,77,81,69,1,62,50,40,71,1,1,91
6086,16,Jake,Reed,Grambling State,28,4,75,216,14,0,0,0,0,True,False,,,250000,1,WR,WR,ATL,0,False,None,,40,73,1,70,81,58,1,28,22,25,81,1,1,78
6090,23,Joe,Fishback,Carson-Newman,28,4,72,205,3,0,0,0,0,False,False,,,300000,4,CB,CB,GB,0,False,None,,55,71,1,84,40,45,1,1,1,51,76,1,1,80
6093,10,John,Kasay,Georgia,26,4,70,198,0,0,0,0,0,True,False,,,0,0,K,K,N/A,0,False,None,,25,34,10,41,18,58,1,1,1,14,79,73,77,71
6094,75,Mike,Jones,North Carolina State,26,4,76,290,7,0,0,0,0,False,False,,,3600000,1,DE,DE,CIN,0,False,None,,80,67,1,73,46,44,1,1,1,61,74,1,1,87
6095,82,Willie,Davis,Central Arkansas,28,4,72,180,17,0,0,0,0,True,False,,,2600000,2,WR,WR,CHC,0,False,None,,29,82,1,83,87,68,1,21,13,33,82,1,1,85
6096,50,Bryan,Cox,Western Illinois,27,4,76,250,8,0,0,0,0,False,False,,,2750000,3,LB,LB,SEA,0,False,None,,76,70,1,76,52,63,4,1,1,71,79,1,1,85
6097,87,Andrew,Glover,Grambling State,28,4,78,250,7,0,0,0,0,True,False,,,2400000,3,TE,TE,CIN,0,False,None,,62,68,1,81,69,58,1,53,46,42,72,1,1,82
6098,76,Kelvin,Pritchett,Mississippi,26,4,75,322,0,0,0,0,0,False,False,,,0,0,DT,DT,N/A,0,False,None,,77,53,1,56,27,54,1,1,1,55,72,1,1,72
6100,20,Antoine,Bennett,Florida A&M,28,4,71,185,0,0,0,0,0,False,False,,,0,0,SS,SS,N/A,0,False,None,,47,76,1,63,41,37,1,1,1,55,64,1,1,63
6101,54,Jeff,Mills,Nebraska,27,4,75,244,0,0,0,0,0,False,False,,,0,0,LB,LB,N/A,0,False,None,,57,61,1,59,26,43,1,1,1,57,62,1,1,66
6104,55,Mike,Croel,Nebraska,26,4,75,238,7,0,0,0,0,False,False,,,2500000,6,LB,LB,CIN,0,False,None,,75,70,1,74,32,65,1,1,1,90,80,1,1,89
6105,28,Leonard,Russell,Arizona State,26,4,74,240,0,0,0,0,0,True,False,,,0,0,RB,RB,N/A,0,False,None,,60,74,19,80,51,53,7,17,19,30,74,1,1,75
6106,85,Shane,Garrett,Texas A&M,28,4,71,185,0,0,0,0,0,True,False,,,0,0,WR,WR,N/A,0,False,None,,27,70,1,67,55,37,1,11,1,7,68,1,1,65
6107,55,Robert,Young,Mississippi State,26,4,78,273,15,0,0,0,0,False,False,,,250000,1,DE,DE,SF,0,False,None,,77,55,1,75,24,59,1,1,1,65,59,1,1,84
6108,74,Mark,Gunn,Pittsburgh,27,4,77,288,0,0,0,0,0,False,False,,,0,0,DT,DT,N/A,0,False,None,,74,54,1,48,24,51,1,1,1,57,68,1,1,69
6109,66,Bill,Hitchcock,Purdue,30,4,78,296,0,0,0,0,0,True,False,,,0,0,T,T,N/A,1991,False,None,,73,42,1,31,1,52,1,66,59,20,46,1,1,66
6110,10,Dan,McGwire,Iowa,28,4,80,240,0,0,0,0,0,True,False,,,0,0,QB,QB,N/A,0,False,None,,39,44,70,59,1,58,57,1,1,13,73,1,1,66
6111,54,Mitch,Donahue,Wyoming,27,4,74,254,0,0,0,0,0,False,False,,,0,0,LB,LB,N/A,0,False,None,,56,65,1,67,33,48,1,1,1,65,71,1,1,71
6112,28,Floyd,Fields,Arizona State,25,3,72,208,0,0,0,0,0,False,False,,,0,0,FS,FS,N/A,1990,False,None,,39,67,1,62,40,57,1,1,1,59,72,1,1,69
6114,27,Larry,Brown,TCU,26,4,71,186,6,0,0,0,0,False,False,,,6500000,4,CB,CB,NYG,0,False,None,,51,84,1,81,64,75,1,1,1,66,81,1,1,96
6115,85,Reggie,Rembert,West Virginia,29,4,77,200,0,0,0,0,0,True,False,,,0,0,WR,WR,N/A,0,False,None,,34,76,1,71,74,43,1,16,5,7,72,1,1,75
6116,65,Mike,Arthur,Texas A&M,27,4,75,280,12,0,0,0,0,True,False,,,500000,1,C,C,DET,0,False,None,,69,54,1,47,5,64,1,75,76,36,70,1,1,78
6117,65,Willie,Williams,LSU,28,4,78,300,0,0,0,0,0,True,False,,,0,0,T,T,N/A,0,False,None,,61,31,1,32,11,56,1,66,59,15,60,1,1,66
6118,22,Steve,Jackson,Purdue,26,4,68,188,9,0,0,0,0,False,False,,,1200000,2,CB,CB,LON,0,False,None,,52,75,1,81,48,47,1,1,1,52,71,1,1,79
6122,72,Tony,Hill,Tennessee-Chattanooga,25,2,78,250,0,0,0,0,0,False,False,,,0,0,DE,DE,N/A,1989,False,None,,63,51,1,46,26,46,1,1,1,58,53,1,1,66
6124,73,Russell,Maryland,Miami (FL),26,4,73,300,5,0,0,0,0,False,False,,,7600000,4,DT,DT,BUF,0,False,None,1987 AFC Pro Bowl Team|1988 AFC Pro Bowl Team|1989 AFC Pro Bowl Team|1990 AFC Pro Bowl Team,89,67,1,79,37,72,1,1,1,73,82,1,1,91
6125,32,Eddie,Fuller,LSU,27,4,69,201,0,0,0,0,0,True,False,,,0,0,RB,RB,N/A,1991,False,None,,59,63,4,76,50,42,2,26,19,27,80,1,1,71
6128,59,Lonnie,Marts,Tulane,27,4,74,246,0,0,0,0,0,False,False,,,0,0,LB,LB,N/A,0,False,None,,58,65,1,61,26,53,1,1,1,78,65,1,1,71
6129,60,Moe,Gardner,Illinois,27,4,74,265,0,0,0,0,0,False,False,,,0,0,DT,DT,N/A,0,False,None,,69,49,1,67,21,44,1,1,1,56,59,1,1,65
6132,35,John,Hardy,California,24,1,70,166,0,0,0,0,0,False,False,,,0,0,CB,CB,N/A,1988,False,None,,42,65,1,71,51,39,1,1,1,35,62,1,1,68
6134,84,Michael,Jackson,Southern Miss,26,4,76,195,4,0,0,0,0,True,False,,,3050000,2,WR,WR,OAK,0,False,None,,34,78,1,85,81,52,1,21,15,30,85,1,1,83
6135,13,Neil,O'Donnell,Maryland,29,4,75,228,6,0,0,0,0,True,False,,,490000,1,QB,QB,NYG,0,False,None,,45,62,87,61,17,70,85,1,1,21,90,1,1,81
6137,74,Pat,Harlow,USC,26,4,78,295,16,0,0,0,0,True,False,,,490000,1,T,T,TB,0,False,None,,85,52,1,54,7,69,1,77,65,33,56,1,1,78
6138,47,Vinnie,Clark,Ohio State,26,4,72,202,2,0,0,0,0,False,False,,,250000,2,SS,SS,MIA,0,False,None,,55,82,1,81,54,58,1,1,1,61,84,1,1,76
6139,76,Esera,Tuaolo,Oregon State,27,4,74,277,8,0,0,0,0,False,False,,,250000,2,DT,DT,SEA,0,False,None,,79,43,1,49,30,52,1,1,1,69,76,1,1,77
6140,61,Darin,Shoulders,Tulane,27,4,75,288,0,0,0,0,0,True,False,,,0,0,T,T,N/A,0,False,None,,73,42,1,34,1,46,1,56,60,30,41,1,1,65
6143,57,Jeff,Brady,Kentucky,26,3,73,235,0,0,0,0,0,False,False,,,0,0,LB,LB,N/A,1990,False,None,,63,57,1,65,36,63,1,1,1,62,68,1,1,71
6144,80,Herman,Moore,Virginia,26,4,76,210,6,0,0,0,0,True,False,,,5200000,3,WR,WR,NYG,0,False,None,,33,82,1,86,85,66,1,34,29,25,91,5,1,87
6145,46,Ricky,Ervins,USC,27,4,67,195,9,0,0,0,0,True,False,,,250000,2,RB,RB,LON,0,False,None,,67,74,16,85,62,54,10,32,27,20,84,1,1,81
6148,72,John,Flannery,Syracuse,26,4,76,303,0,0,0,0,0,True,False,,,0,0,G,G,N/A,0,False,None,,69,53,1,41,1,48,1,79,65,32,68,1,1,74
6149,48,Darryll,Lewis,Arizona,27,4,69,188,0,0,0,0,0,False,False,,,0,0,CB,CB,N/A,0,False,None,,50,84,1,64,44,59,1,1,1,38,83,1,1,76
6150,68,Chris,Zorich,Notre Dame,26,4,73,278,0,0,0,0,0,False,False,,,0,0,DT,DT,N/A,0,False,None,,76,52,1,74,30,51,1,1,1,62,69,1,1,74
6154,23,Merton,Hanks,Iowa,27,4,74,185,2,0,0,0,0,False,False,,,19100000,3,CB,CB,MIA,0,False,None,,48,87,1,88,67,59,1,1,2,65,83,1,1,97
6155,20,Lamar,McGriggs,Oklahoma State,27,4,75,213,14,0,0,0,0,False,False,,,1600000,1,FS,FS,ATL,0,False,None,,42,74,1,76,63,64,1,1,1,59,89,1,1,80
6156,69,Kevin,Donnalley,Davidson,27,4,77,310,0,0,0,0,0,True,False,,,0,0,G,G,N/A,0,False,None,,66,59,1,55,5,67,1,64,63,35,55,1,1,73
6157,71,Phil,Hansen,North Dakota State,27,4,77,278,19,0,0,0,0,False,False,,,1750000,2,DE,DE,WAS,0,False,None,,78,65,1,67,38,54,1,1,1,53,70,1,1,79
6164,59,William,Thomas,Texas A&M,27,4,74,223,1,0,0,0,0,False,False,,,2500000,4,LB,LB,NYT,0,False,None,,75,76,1,84,47,65,1,1,1,76,87,1,5,89
6165,1,Brad,Goebel,Baylor,28,4,75,202,0,0,0,0,0,True,False,,,0,0,QB,QB,N/A,0,False,None,,40,38,67,50,1,54,66,1,1,8,73,1,1,66
6166,20,Mike,Dumas,Indiana,26,4,72,198,11,0,0,0,0,False,False,,,250000,2,SS,SS,CHI,0,False,None,,52,67,1,77,61,63,1,1,1,68,86,1,1,75
6167,68,Ed,King,Auburn,26,4,76,300,0,0,0,0,0,True,False,,,0,0,G,G,N/A,0,False,None,,61,53,1,41,14,62,1,68,65,38,59,1,1,68
6170,82,Bruce,McGonnigal,Virginia,27,4,76,229,0,0,0,0,0,True,False,,,0,0,TE,TE,N/A,0,False,None,,52,47,1,59,71,37,1,40,27,19,67,1,1,65
6171,67,Ernie,Logan,East Carolina,27,4,75,290,0,0,0,0,0,False,False,,,0,0,DT,DT,N/A,0,False,None,,61,37,1,49,26,38,1,1,1,50,62,1,1,58
6172,36,Kevin,Smith,Rhode Island,28,4,71,204,0,0,0,0,0,False,False,,,0,0,FS,FS,N/A,1991,False,None,,47,57,1,61,44,49,1,1,1,52,56,1,1,63
6173,66,Scott,Evans,Oklahoma,27,4,75,261,0,0,0,0,0,False,False,,,0,0,DE,DE,N/A,0,False,None,,52,38,1,52,19,33,1,1,1,40,63,1,1,55
6175,37,Greg,Lewis,Washington,24,2,70,214,0,0,0,0,0,True,False,,,0,0,RB,RB,N/A,1989,False,None,,50,60,17,74,53,36,3,22,20,12,69,1,1,68
6179,32,Aaron,Craver,Fresno State,24,1,72,218,0,0,0,0,0,True,False,,,0,0,RB,RB,N/A,1988,False,None,,56,69,16,76,47,38,1,18,15,14,76,1,1,69
6181,27,Ernie,Thompson,Indiana,23,1,71,244,0,0,0,0,0,True,False,,,0,0,RB,RB,N/A,1988,False,None,,50,62,17,74,46,38,2,10,25,14,62,1,1,68
6182,47,Mike,Dingle,South Carolina,24,2,74,240,0,0,0,0,0,True,False,,,0,0,RB,RB,N/A,1989,False,None,,63,66,13,61,57,52,8,18,17,22,68,1,1,68
6183,26,Marcus,Wilson,Virginia,24,1,73,215,0,0,0,0,0,True,False,,,0,0,RB,RB,N/A,1988,False,None,,53,68,6,68,49,45,18,26,18,11,76,1,1,66
6184,31,Curvin,Richards,Pittsburgh,24,1,69,195,0,0,0,0,0,True,False,,,0,0,RB,RB,N/A,1988,False,None,,46,59,11,63,55,52,14,13,25,16,49,1,1,66
6187,26,Reggie,Rivers,Texas State,24,1,73,206,0,0,0,0,0,True,False,,,0,0,RB,RB,N/A,1988,False,None,,46,73,11,72,44,53,6,13,16,21,73,1,1,66
6188,33,Derrick,Douglas,Louisiana Tech,24,1,70,222,0,0,0,0,0,True,False,,,0,0,RB,RB,N/A,1988,False,None,,54,68,19,66,48,54,13,21,18,27,65,1,1,68
6196,80,Joey,Smith,Louisville,24,2,70,177,0,0,0,0,0,True,False,,,0,0,WR,WR,N/A,1989,False,None,,29,68,1,58,65,36,1,19,10,24,73,1,1,65
6197,84,Doug,Thomas,Clemson,23,1,70,178,0,0,0,0,0,True,False,,,0,0,WR,WR,N/A,1988,False,None,,39,61,1,64,59,47,1,24,1,24,78,1,1,61
6200,85,Reggie,Barrett,Texas-El Paso,24,2,75,214,0,0,0,0,0,True,False,,,0,0,WR,WR,N/A,1989,False,None,,34,69,1,69,62,42,1,18,1,23,68,1,1,66
6207,57,Richard,Newbill,Miami (FL),27,4,73,240,0,0,0,0,0,False,False,,,0,0,LB,LB,N/A,0,False,None,,60,59,1,54,17,60,1,1,1,66,75,1,1,65
6209,87,Eric,Wright,Stephen F. Austin,23,1,72,196,0,0,0,0,0,True,False,,,0,0,WR,WR,N/A,1988,False,None,,23,61,1,70,63,44,1,16,10,28,66,1,1,66
6210,85,David,Daniels,Penn State,23,1,73,190,0,0,0,0,0,True,False,,,0,0,WR,WR,N/A,1988,False,None,,27,61,1,69,63,54,1,16,11,22,74,1,1,65
6212,73,John,Thornton,Cincinnati,26,4,75,303,0,0,0,0,0,False,False,,,0,0,DT,DT,N/A,0,False,None,,70,41,1,46,22,47,1,1,1,52,58,1,1,63
6214,45,Robert,Wilson,Texas A&M,23,1,72,255,0,0,0,0,0,True,False,,,0,0,RB,RB,N/A,1988,False,None,,60,59,12,63,53,43,17,16,14,16,64,1,1,62
6215,69,Mark,Vander Poel,Colorado,24,1,79,303,0,0,0,0,0,True,False,,,0,0,T,T,N/A,1988,False,None,,65,39,1,46,1,57,1,58,51,23,56,1,1,64
6218,56,John,Johnson,Clemson,24,1,75,240,0,0,0,0,0,False,False,,,0,0,LB,LB,N/A,1988,False,None,,58,52,1,51,28,42,1,1,1,71,67,1,1,64
6222,56,Darrick,Brownlow,Illinois,24,1,70,237,0,0,0,0,0,False,False,,,0,0,LB,LB,N/A,1988,False,None,,54,53,1,54,30,52,1,1,1,66,73,1,1,63
6225,50,Brian,Jones,Texas,24,1,73,250,0,0,0,0,0,False,False,,,0,0,LB,LB,N/A,1988,False,None,,46,53,1,69,24,51,1,1,1,64,68,1,1,64
6227,80,Derek,Russell,Arkansas,23,1,72,195,0,0,0,0,0,True,False,,,0,0,WR,WR,N/A,1988,False,None,,36,61,1,59,66,50,1,14,3,16,69,1,1,63
6229,61,George,Thornton,Alabama,24,1,75,300,0,0,0,0,0,False,False,,,0,0,DT,DT,N/A,1988,False,None,,65,54,1,51,27,56,1,1,1,47,51,1,1,63
6231,52,Huey,Richardson,Florida,24,1,77,238,0,0,0,0,0,False,False,,,0,0,LB,LB,N/A,1988,False,None,,48,63,1,58,28,44,1,1,1,62,64,1,1,64
6232,57,Al,Chamblee,Virginia Tech,24,1,73,240,0,0,0,0,0,False,False,,,0,0,LB,LB,N/A,1988,False,None,,54,57,1,55,22,52,1,1,1,58,73,1,1,60
6235,52,Calvin,Tiggle,Georgia Tech,24,1,73,235,0,0,0,0,0,False,False,,,0,0,LB,LB,N/A,1988,False,None,,47,50,1,54,35,50,1,1,1,67,67,1,1,60
6241,70,Chris,Williams,American International College,24,1,75,304,0,0,0,0,0,False,False,,,0,0,DT,DT,N/A,1988,False,None,,60,45,1,51,30,51,1,1,1,42,49,1,1,56
6246,4,Mike,Saxon II,San Diego State,28,4,75,205,4,0,0,0,0,True,False,,,250000,4,P,P,OAK,0,False,None,,17,28,12,41,20,48,1,1,1,9,79,78,79,69
7040,24,Aaron,Rouse,Virginia Tech,25,3,76,223,18,18,4,2,1988,False,False,,,1050000,2,FS,FS,BAL,0,False,None,,44,78,1,76,60,56,1,1,1,57,72,1,1,79
7045,28,Adrian,Peterson,Oklahoma,24,3,74,217,18,18,1,3,1988,True,False,,,3000000,6,RB,RB,BAL,0,False,None,1988 Offensive Rookie of the Year|1988 Offensive ROY|1989 AFC Pro Bowl Team|1990 Offensive Player of the Year|1990 Most Valuable Player|1990 League MVP|1990 Offensive MVP|1990 AFC Pro Bowl Team,75,95,25,87,73,72,40,49,46,35,98,1,3,94
7046,30,Ahmad,Bradshaw,Marshall,23,3,71,195,15,2,3,20,1988,True,False,,,350000,3,RB,RB,SF,0,False,None,,57,77,12,77,60,45,8,28,24,14,76,1,1,78
7047,56,Akeem,Jordan,James Madison,24,3,73,226,0,13,5,3,1988,False,False,,,0,0,LB,LB,N/A,0,False,None,,60,64,1,62,36,63,1,1,1,68,79,1,1,73
7049,99,Alan,Branch,Michigan,23,1,78,324,0,0,0,0,0,False,False,,,0,0,DT,DT,N/A,1989,False,None,,65,52,1,45,27,50,1,1,1,50,55,1,1,60
7051,61,Allen,Barbre,Missouri Southern,25,3,76,303,9,1,4,9,1988,True,False,,,800000,2,G,G,LON,0,False,None,,83,48,1,54,16,58,1,64,72,29,66,1,1,74
7052,77,Amobi,Okoye,Louisville,22,3,74,302,0,11,5,5,1988,False,False,,,0,0,DT,DT,N/A,0,False,None,,67,58,1,56,29,54,1,1,1,61,52,1,1,68
7056,94,Anthony,Spencer,Purdue,25,3,75,261,8,2,2,20,1988,False,False,,,490000,1,DE,DE,SEA,0,False,None,,78,51,1,65,26,58,1,1,1,64,60,1,1,78
7057,32,Antoine,Harris,Louisville,23,1,70,240,0,0,0,0,0,False,False,,,0,0,FS,FS,N/A,1989,False,None,,37,75,1,64,54,51,1,1,1,53,61,1,1,68
7058,98,Antonio,Johnson,Mississippi St.,25,3,75,328,19,19,5,1,1988,False,False,,,1550000,3,DT,DT,WAS,0,False,None,,72,52,1,61,26,45,1,1,1,68,73,1,1,73
7059,29,Antonio,Pittman,Ohio State,24,3,71,207,0,5,6,15,1988,True,False,,,0,0,RB,RB,N/A,0,False,None,,54,74,10,76,42,40,15,23,27,22,78,1,1,73
7060,57,Antwan,Barnes,Florida International,23,1,73,240,0,0,0,0,0,False,False,,,0,0,LB,LB,N/A,1989,False,None,,61,58,1,64,33,45,1,1,1,56,66,1,1,67
7061,73,Arron,Sears,Tennessee,25,3,75,319,0,19,7,1,1988,True,False,,,0,0,G,G,N/A,0,False,None,,72,42,1,38,11,68,1,66,63,40,66,1,1,71
7062,70,Art,Donovan,Boston College,26,3,74,263,16,16,1,4,1988,False,False,,,3000000,1,DT,DT,TB,0,False,None,1990 NFC Pro Bowl Team,92,56,1,61,48,93,1,1,1,80,70,1,1,96
7065,67,Ben,Grubbs,Auburn,25,3,75,311,15,4,4,12,1988,True,False,,,250000,2,G,G,SF,0,False,None,,89,57,1,54,18,54,1,84,60,44,58,1,1,80
7067,84,Ben,Patrick,Delaware,23,1,75,252,0,0,0,0,0,True,False,,,0,0,TE,TE,N/A,1989,False,None,,46,54,1,67,63,46,1,29,36,27,61,1,1,64
7069,89,Biren,Ealy,Houston,23,1,75,207,0,0,0,0,0,True,False,,,0,0,WR,WR,N/A,1989,False,None,,29,71,1,69,59,56,1,9,6,28,76,1,1,64
7072,5,Brady,Quinn,Notre Dame,25,3,75,204,20,13,3,2,1988,True,False,,,1650000,6,QB,QB,LOU,0,False,None,,52,52,75,62,20,75,77,1,1,8,74,1,1,79
7077,40,Brandon,McDonald,Memphis,24,3,71,181,0,1,5,9,1988,False,False,,,0,0,CB,CB,N/A,0,False,None,,38,71,1,65,46,42,1,1,1,32,80,1,1,70
7079,30,Brandon,Meriweather,Miami (FL),25,3,71,195,0,0,0,0,0,False,False,,,0,0,SS,SS,N/A,0,False,None,,45,70,1,60,55,37,1,1,1,48,72,1,1,62
7083,81,Brent,Celek,Cincinnati,24,3,76,261,1,1,2,9,1988,True,False,,,1300000,4,TE,TE,NYT,0,False,None,,61,61,1,78,72,63,1,46,41,34,79,1,1,80
7084,37,Brent,Grimes,Shippensburg,26,3,70,180,0,20,4,6,1988,False,False,,,0,0,CB,CB,N/A,0,False,None,,48,72,1,76,40,58,1,1,1,42,72,1,1,76
7085,68,Brett,Goode,Arkansas,25,3,73,255,11,20,3,6,1988,True,False,,,250000,2,C,C,CHI,0,False,None,,77,45,1,55,11,66,1,74,72,32,72,1,1,77
7086,5,Brett,Ratliff,Utah,25,3,75,243,0,0,0,0,0,True,False,,,0,0,QB,QB,N/A,0,False,None,,36,49,67,58,16,57,78,1,1,9,64,1,1,68
7088,64,Brian,Robison,Texas,25,2,74,258,0,0,0,0,0,False,False,,,0,0,DE,DE,N/A,1990,False,None,,52,53,1,55,15,48,1,1,1,49,57,1,1,65
7090,52,Buster,Davis,Florida State,26,3,70,239,0,0,0,0,0,False,False,,,0,0,LB,LB,N/A,1991,False,None,,54,51,1,56,35,42,1,1,1,54,67,1,1,59
7093,22,C.J.,Wallace,Washington,24,3,72,218,0,14,7,17,1988,False,False,,,0,0,FS,FS,N/A,0,False,None,,51,61,1,71,56,57,1,1,1,49,75,1,1,71
7094,62,C.J.,Wilson,Baylor,24,3,73,195,0,7,5,15,1988,False,False,,,0,0,DE,DE,N/A,0,False,None,,55,59,1,62,26,48,1,1,1,57,44,1,1,72
7095,81,Calvin,Johnson,Georgia Tech,24,3,77,239,19,19,1,1,1988,True,False,,,3000000,1,WR,WR,WAS,0,False,None,1988 AFC Pro Bowl Team,54,97,1,92,97,74,4,31,27,35,86,1,1,98
7099,62,Charles,Johnson,Georgia,23,3,74,270,10,10,3,13,1988,False,False,,,250000,2,DE,DE,IND,0,False,None,,65,67,1,68,30,46,1,1,1,69,68,1,1,81
7101,72,Chase,Page,North Carolina,24,1,76,285,0,0,0,0,0,False,False,,,0,0,DT,DT,N/A,1989,False,None,,66,44,1,45,32,44,1,1,1,44,56,1,1,58
7102,41,Chinedum,Ndukwe,Notre Dame,24,3,74,208,7,9,2,1,1988,False,False,,,2550000,3,SS,SS,CIN,0,False,None,,68,79,1,79,62,62,1,1,3,61,79,1,1,82
7103,82,Chris,Davis,Florida State,25,3,70,181,0,9,7,10,1988,True,False,,,0,0,WR,WR,N/A,0,False,None,,24,60,1,76,68,44,1,9,10,17,76,1,1,70
7104,68,Chris,Denman,Fresno State,25,3,79,305,0,20,6,6,1988,True,False,,,0,0,G,G,N/A,0,False,None,,85,41,1,48,4,60,1,75,60,32,72,1,1,78
7105,50,Chris,Gocong,Cal Poly-San Luis Obispo,26,3,74,260,9,9,2,14,1988,False,False,,,3100000,4,LB,LB,LON,0,False,None,1988 AFC Pro Bowl Team,70,69,1,72,35,64,1,1,1,75,75,1,1,81
7106,43,Chris,Henry,Arizona,22,1,74,230,0,0,0,0,0,True,False,,,0,0,RB,RB,N/A,1989,False,None,,49,73,2,62,55,49,5,13,24,15,70,1,1,67
7107,38,Chris,Houston,Arkansas,25,3,70,185,0,16,5,4,1988,False,False,,,0,0,CB,CB,N/A,0,False,None,,46,69,1,76,59,43,1,1,1,32,76,1,1,73
7112,63,Clifton,Ryan,Michigan State,23,1,74,290,0,0,0,0,0,False,False,,,0,0,DT,DT,N/A,1989,False,None,,65,40,1,62,39,49,1,1,1,47,58,1,1,61
7113,75,Clint,Oldenburg,Colorado State,24,1,77,299,0,0,0,0,0,True,False,,,0,0,T,T,N/A,1989,False,None,,78,46,1,39,3,45,1,66,51,30,49,1,1,60
7114,45,Clint,Session,Pittsburgh,25,3,70,222,5,6,4,7,1988,False,False,,,250000,1,LB,LB,BUF,0,False,None,,64,64,1,67,42,62,1,1,1,80,83,1,1,80
7115,50,Colin,Allred,Baylor,24,1,73,238,0,0,0,0,0,False,False,,,0,0,LB,LB,N/A,1989,False,None,,51,66,1,64,32,48,1,1,1,63,65,1,1,67
7120,31,Courtney,Brown,Cal Poly-San Luis Obispo,23,1,73,205,0,0,0,0,0,False,False,,,0,0,FS,FS,N/A,1989,False,None,,44,63,1,60,36,56,1,1,1,48,77,1,1,61
7122,87,Courtney,Taylor,Auburn,25,3,75,204,0,2,4,20,1988,True,False,,,0,0,WR,WR,N/A,0,False,None,,39,62,1,79,79,54,1,15,9,24,68,1,1,77
7123,37,Craig,Dahl,North Dakota State,24,3,73,207,0,13,6,3,1988,False,False,,,0,0,FS,FS,N/A,0,False,None,,49,75,1,65,50,58,1,1,1,64,71,1,1,71
7125,80,Craphonso,Thorpe,Florida State,26,3,72,187,0,11,7,5,1988,True,False,,,0,0,WR,WR,N/A,0,False,None,,35,61,1,69,75,54,1,20,8,16,73,1,1,70
7126,73,Dan,Santucci,Notre Dame,26,3,75,299,16,6,6,7,1988,True,False,,,2400000,2,G,G,TB,0,False,None,,73,45,1,44,10,68,1,72,68,24,67,1,1,78
7135,42,Darius,Walker,Notre Dame,22,1,70,206,0,0,0,0,0,True,False,,,0,0,RB,RB,N/A,1989,False,None,,56,59,18,71,45,49,3,24,20,16,58,1,1,67
7136,32,Darrelle,Revis,Pittsburgh,24,3,72,205,18,18,1,2,1988,False,False,,,3000000,1,CB,CB,BAL,0,False,None,1988 AFC Pro Bowl Team|1989 AFC Pro Bowl Team|1990 AFC Pro Bowl Team,62,97,1,89,86,80,1,2,1,67,93,1,5,100
7137,43,Dashon,Goldson,Washington,23,1,74,205,0,0,0,0,0,False,False,,,0,0,FS,FS,N/A,1989,False,None,,44,63,1,62,59,48,1,1,1,49,77,1,1,67
7139,51,David,Harris,Michigan,25,3,74,243,12,12,1,13,1988,False,False,,,2000000,1,LB,LB,DET,0,False,None,1989 NFC Pro Bowl Team,85,81,1,82,52,73,10,6,1,82,94,1,1,95
7140,52,David,Herron,Michigan State,23,1,73,248,0,0,0,0,0,False,False,,,0,0,LB,LB,N/A,1989,False,None,,50,55,1,59,36,50,1,1,1,61,59,1,1,60
7142,48,David,Jones,Wingate,24,3,72,196,0,8,6,10,1988,False,False,,,0,0,CB,CB,N/A,0,False,None,,26,77,1,71,40,47,1,1,1,41,71,1,1,72
7143,36,David,Kirtman,USC,26,3,72,232,0,12,7,13,1988,True,False,,,0,0,RB,RB,N/A,0,False,None,,47,70,14,76,57,41,10,15,16,22,62,1,1,72
7145,36,Deon,Anderson,Connecticut,26,3,70,248,0,0,0,0,0,True,False,,,0,0,FB,FB,N/A,0,False,None,,56,46,1,59,42,40,1,37,22,20,68,1,1,59
7146,70,Derek,Landri,Notre Dame,26,3,75,281,0,5,7,8,1988,False,False,,,0,0,DT,DT,N/A,0,False,None,,69,54,1,48,37,49,1,1,1,59,62,1,1,68
7147,82,Derek,Schouman,Boise State,22,1,74,247,0,0,0,0,0,True,False,,,0,0,TE,TE,N/A,1989,False,None,,49,49,1,70,57,50,1,41,29,25,57,1,1,63
7149,61,Derrick,Jones,Grand Valley State,22,2,76,282,0,0,0,0,0,False,False,,,0,0,DT,DT,N/A,1990,False,None,,61,40,1,42,29,39,1,1,1,47,47,1,1,57
7150,25,DeShawn,Wynn,Florida,26,3,71,232,0,7,6,18,1988,True,False,,,0,0,RB,RB,N/A,0,False,None,,54,80,16,71,57,45,27,16,26,27,64,1,1,73
7152,87,Devin,Aromashodu,Auburn,25,3,74,202,0,17,5,11,1988,True,False,,,0,0,WR,WR,N/A,0,False,None,,37,66,1,74,74,56,1,14,6,15,75,1,1,70
7153,49,DJ,Ware,Georgia,22,1,73,225,0,0,0,0,0,True,False,,,0,0,RB,RB,N/A,1989,False,None,,48,62,6,62,54,50,5,20,27,27,71,1,1,66
7154,75,Doug,Free,Northern Illinois,23,1,78,324,0,0,0,0,0,True,False,,,0,0,T,T,N/A,1989,False,None,,72,42,1,41,3,54,1,70,58,41,63,1,1,66
7156,3,Drew,Willy,Buffalo,25,3,76,232,0,0,0,0,0,True,False,,,0,0,QB,QB,N/A,0,False,None,,32,42,58,49,3,53,60,1,1,5,65,1,1,59
7157,59,Dustin,Fry,Clemson,26,3,75,315,0,0,0,0,0,True,False,,,0,0,C,C,N/A,0,False,None,,60,41,1,33,1,47,1,58,66,27,48,1,1,61
7159,87,Dwayne,Bowe,LSU,25,3,74,221,13,13,2,3,1988,True,False,,,3050000,6,WR,WR,MIN,0,False,None,,44,85,1,86,86,68,1,28,19,34,77,1,1,89
7160,89,Dwayne,Jarrett,USC,21,1,76,219,0,0,0,0,0,True,False,,,0,0,WR,WR,N/A,1989,False,None,,36,66,1,58,65,49,1,14,6,24,74,1,1,62
7162,92,Edgar,Jones,Southeast Missouri State,25,3,75,263,8,0,0,0,0,False,False,,,250000,2,DE,DE,SEA,0,False,None,,61,58,1,66,40,56,1,1,1,74,76,1,1,81
7164,96,Edward,Johnson,Penn State,26,3,74,296,20,4,6,12,1988,False,False,,,400000,6,DT,DT,LOU,0,False,None,,75,63,1,58,35,58,1,1,1,64,65,1,1,78
7165,32,Eric,Bassey,Oklahoma,24,1,73,203,0,0,0,0,0,False,False,,,0,0,CB,CB,N/A,1989,False,None,,35,62,1,73,39,42,1,1,1,35,71,1,1,67
7166,7,Eric,Crouch,Nebraska,26,3,72,210,8,8,3,10,1988,True,False,,,250000,3,QB,QB,SEA,0,False,None,,60,76,77,75,70,78,74,34,35,3,75,1,1,81
7168,36,Eric,Weddle,Utah,24,3,71,203,3,15,2,16,1988,False,False,,,2550000,1,FS,FS,GB,0,False,None,,50,75,1,80,60,61,1,1,1,66,76,1,1,83
7169,82,Eric,Weems,Bethune-Cookman,24,3,68,182,0,0,0,0,0,True,False,,,0,0,WR,WR,N/A,0,False,None,,26,70,1,69,75,39,1,6,7,22,73,1,1,70
7170,49,Eric,Wright CB,UNLV,24,3,71,192,0,7,4,17,1988,False,False,,,0,0,CB,CB,N/A,0,False,None,,44,75,1,72,58,61,1,1,1,36,72,1,1,78
7171,69,Eric,Young,Tennessee,26,3,75,295,5,5,1,15,1988,True,False,,,2000000,1,T,T,BUF,0,False,None,1989 AFC Pro Bowl Team,88,51,1,59,26,72,1,77,74,31,73,1,1,86
7172,47,Fred,Bennett,South Carolina,25,2,73,196,0,0,0,0,0,False,False,,,0,0,CB,CB,N/A,1990,False,None,,35,66,1,59,45,49,1,1,1,43,72,1,1,68
7173,59,Gaines,Adams,Clemson,26,3,77,258,3,9,2,8,1988,False,False,,,250000,2,DE,DE,GB,0,False,None,,79,58,1,75,28,61,1,1,1,66,70,1,1,85
7174,26,Garrett,Mills,Tulsa,26,3,73,230,0,7,5,18,1988,True,False,,,0,0,FB,FB,N/A,0,False,None,,70,46,1,57,57,35,1,42,37,23,58,1,1,70
7175,33,Garrett,Wolfe,Northern Illinois,23,1,67,171,0,0,0,0,0,True,False,,,0,0,RB,RB,N/A,1989,False,None,,63,61,12,62,52,53,4,28,28,15,71,1,1,68
7178,46,Geoffrey,Pope,Howard,25,3,71,181,0,12,5,19,1988,False,False,,,0,0,CB,CB,N/A,0,False,None,,55,65,1,79,51,46,1,1,1,62,83,1,1,81
7179,13,George,Trafton,Notre Dame,26,3,74,230,13,13,2,2,1988,False,False,,,1800000,3,DT,DT,MIN,0,False,None,,78,41,1,71,44,72,1,77,70,72,85,1,1,85
7180,30,Gerald,Alexander,Boise State,25,3,72,210,6,16,4,4,1988,False,False,,,250000,5,SS,SS,NYG,0,False,None,,59,71,1,79,62,44,1,1,1,61,83,1,1,77
7184,86,Greg,Olsen,Miami (FL),24,3,78,254,17,6,2,7,1988,True,False,,,5000000,1,TE,TE,CHC,0,False,None,,70,64,1,79,72,58,1,54,51,36,81,1,1,86
7186,53,H.B.,Blades,Pittsburgh,23,1,71,236,0,0,0,0,0,False,False,,,0,0,LB,LB,N/A,1989,False,None,,54,51,1,65,30,41,1,1,1,66,59,1,1,67
7187,61,Herbert,Taylor,TCU,23,1,76,282,0,0,0,0,0,True,False,,,0,0,T,T,N/A,1989,False,None,,74,36,1,32,2,46,1,66,53,32,53,1,1,65
7188,45,Hiram,Eugene,Louisiana Tech,29,3,74,200,0,13,3,3,1988,False,False,,,0,0,FS,FS,N/A,0,False,None,,44,67,1,76,55,62,1,1,1,59,72,1,1,76
7189,75,Ikaika,Alama-Francis,Hawaii,23,1,77,280,0,0,0,0,0,False,False,,,0,0,DE,DE,N/A,1989,False,None,,64,43,1,65,20,41,1,1,1,39,52,1,1,63
7194,73,Jacob,Bender,Nicholls State,24,3,78,316,0,0,0,0,0,True,False,,,0,0,T,T,N/A,0,False,None,,62,33,1,44,1,61,1,68,62,28,56,1,1,65
7195,89,Jacoby,Jones,Lane,25,3,75,192,0,18,5,2,1988,True,False,,,0,0,WR,WR,N/A,0,False,None,,32,74,1,69,70,46,1,10,1,20,66,1,1,71
7197,64,Jamaal,Anderson,Arkansas,23,3,77,288,0,15,3,14,1988,False,False,,,0,0,DE,DE,N/A,0,False,None,,62,56,1,62,32,43,1,1,1,60,61,1,1,75
7199,17,James,Jones WR,San Jose State,25,3,73,208,17,16,2,4,1988,True,False,,,4150000,1,WR,WR,CHC,0,False,None,,44,83,1,85,72,63,1,29,19,28,77,1,1,85
7200,77,Jared,Gaither,Maryland,21,1,81,350,0,0,0,0,0,True,False,,,0,0,T,T,N/A,1989,False,None,,60,37,1,42,2,56,1,62,62,35,63,1,1,62
7201,63,Jarvis,Moss,Florida,23,1,79,250,0,0,0,0,0,False,False,,,0,0,DE,DE,N/A,1989,False,None,,56,47,1,60,18,37,1,1,1,43,50,1,1,60
7203,50,Jason,Murphy,Virginia Tech,27,3,74,294,4,4,2,12,1988,True,False,,,2250000,2,C,C,OAK,0,False,None,1990 AFC Pro Bowl Team,73,47,1,58,14,61,1,80,76,50,63,1,1,83
7207,71,Jay,Alford,Penn State,24,1,74,280,0,0,0,0,0,False,False,,,0,0,DT,DT,N/A,1989,False,None,,59,44,1,40,34,44,1,1,1,42,54,1,1,57
7208,79,Jay,Richardson,Ohio State,25,3,77,276,2,2,6,20,1988,False,False,,,250000,2,DE,DE,MIA,0,False,None,,68,58,1,63,35,59,1,1,1,57,61,1,1,75
7209,97,Jeff,Charleston,Idaho State,26,3,76,265,0,4,5,12,1988,False,False,,,0,0,DE,DE,N/A,0,False,None,,68,49,1,56,34,48,1,1,1,57,68,1,1,74
7211,10,Jeremy,Kapinos,Penn State,25,3,73,235,0,0,0,0,0,True,False,,,0,0,P,P,N/A,0,False,None,,21,43,10,54,1,50,1,1,1,8,83,63,65,64
7213,66,Jermon,Bushrod,Towson State,25,3,76,315,0,17,7,11,1988,True,False,,,0,0,T,T,N/A,0,False,None,,72,33,1,36,12,54,1,60,70,31,62,1,1,71
7214,63,Jeromey,Clary,Kansas State,26,3,78,304,6,6,3,7,1988,True,False,,,300000,2,T,T,NYG,0,False,None,,73,56,1,51,14,65,1,73,83,47,70,1,1,81
7215,1,Jim,Zorn II,Cal Poly-San Luis Obispo,29,3,74,200,0,12,4,14,1988,True,False,,,0,0,QB,QB,N/A,0,False,None,,42,48,79,57,8,66,74,1,1,11,71,1,1,76
7217,62,Joe,Staley,Central Michigan,25,3,78,306,15,8,4,10,1988,True,False,,,350000,3,T,T,SF,0,False,None,,74,41,1,50,14,69,1,71,71,38,60,1,1,79
7218,76,Joe,Thomas,Wisconsin,25,3,79,311,20,20,1,6,1988,True,False,Hyper Extended Knee,,2500000,1,T,T,LOU,0,False,None,,91,57,1,73,30,73,1,85,92,46,73,1,1,96
7223,35,John,Wendling,Wyoming,24,1,73,222,0,0,0,0,0,False,False,,,0,0,SS,SS,N/A,1989,False,None,,39,62,1,67,46,42,1,1,1,48,62,1,1,61
7226,53,Jon,Beason,Miami (FL),24,3,72,237,1,1,1,9,1988,False,False,,,2500000,1,LB,LB,NYT,0,False,None,1988 AFC Pro Bowl Team|1990 AFC Pro Bowl Team,67,88,6,83,45,66,3,1,1,84,88,8,1,90
7230,29,Josh,Gattis,Wake Forest,25,3,73,206,15,10,4,13,1988,False,False,,,9000000,6,CB,CB,SF,0,False,None,,55,90,1,79,57,62,1,1,1,46,79,1,1,89
7231,24,Josh,Wilson,Maryland,24,3,69,189,2,2,1,20,1988,False,False,,,1750000,1,CB,CB,MIA,0,False,None,,52,93,1,81,56,62,1,1,1,46,78,1,1,89
7232,65,Justin,Blalock,Texas,26,3,75,320,16,7,2,18,1988,True,False,Jammed Finger,,2350000,5,G,G,TB,0,False,None,,72,49,1,38,15,55,1,84,75,30,70,1,1,81
7234,73,Justin,Harrell,Tennessee,23,1,77,300,0,0,0,0,0,False,False,,,0,0,DT,DT,N/A,1989,False,None,,58,51,1,57,28,42,1,1,1,42,56,1,1,60
7237,51,Justin,Rogers,SMU,24,1,75,252,0,0,0,0,0,False,False,,,0,0,LB,LB,N/A,1989,False,None,,57,48,1,62,31,50,1,1,1,60,62,1,1,67
7238,54,Jyles,Tucker,Wake Forest,24,1,75,258,0,0,0,0,0,False,False,,,0,0,LB,LB,N/A,1989,False,None,,52,56,1,58,34,46,1,1,1,69,73,1,1,64
7240,65,Kasey,Studdard,Texas,23,1,72,299,0,0,0,0,0,True,False,,,0,0,G,G,N/A,1989,False,None,,60,32,1,42,12,61,1,63,58,33,50,1,1,66
7242,12,Ken,Stabler,Alabama,26,3,75,215,10,10,1,11,1988,True,False,,,2000000,1,QB,QB,IND,0,False,None,,62,64,89,63,47,77,84,1,1,3,79,1,1,87
7246,82,Kevin,Boss,Western Oregon,25,3,79,255,2,2,7,20,1988,True,False,,,2150000,1,TE,TE,MIA,0,False,None,,63,71,1,65,71,58,1,56,39,29,70,1,1,77
7249,1,Kevin,Kolb,Houston,25,3,74,204,16,16,7,4,1988,True,False,,,2650000,3,QB,QB,TB,0,False,None,,55,61,65,49,9,74,73,1,1,14,76,1,1,75
7251,57,Keyunta,Dawson,Texas Tech,24,3,72,268,20,20,2,6,1988,False,False,,,3400000,4,DE,DE,LOU,0,False,None,,75,69,1,72,29,57,1,1,1,63,74,1,1,85
7254,77,Kyle,Cook,Michigan St.,26,3,75,316,9,11,2,5,1988,True,False,Migraine,,1950000,4,C,C,LON,0,False,None,1989 NFC Pro Bowl Team,71,60,1,67,21,65,1,81,75,41,83,1,1,84
7255,32,Kyle,Eckel,Navy,28,3,71,237,0,20,7,6,1988,True,False,,,0,0,RB,RB,N/A,0,False,None,,64,64,12,73,49,54,11,22,9,17,59,1,1,73
7256,42,LaMarcus,Hicks,Iowa State,23,0,72,189,0,0,0,0,0,False,False,,,0,0,FS,FS,N/A,1988,False,None,,36,65,1,69,44,47,1,1,1,59,70,1,1,68
7257,59,LaMarr,Woodley,Michigan,25,3,74,266,16,16,1,8,1988,False,False,,,2500000,1,LB,LB,TB,0,False,None,1988 NFC Pro Bowl Team|1990 NFC Pro Bowl Team,85,80,4,83,42,65,1,1,1,83,80,1,5,94
7258,40,LaRon,Landry,LSU,25,3,73,214,6,8,2,10,1988,False,False,,,250000,5,FS,FS,NYG,0,False,None,,47,72,1,82,63,60,1,1,1,58,77,1,1,82
7259,12,Laurent,Robinson,Illinois State,24,3,74,192,17,20,5,6,1988,True,False,,,250000,1,WR,WR,CHC,0,False,None,,31,83,1,74,73,50,1,20,15,25,75,1,1,78
7263,20,Lemar,Parrish,Lincoln,26,3,71,185,6,6,1,7,1988,False,False,,,2500000,1,CB,CB,NYG,0,False,None,1988 Defensive Rookie of the Year|1988 Defensive ROY|1988 NFC Pro Bowl Team,67,70,1,78,63,75,1,1,1,71,69,1,1,95
7264,40,Leon,Hall,Michigan,25,3,71,193,11,11,1,19,1988,False,False,,,1750000,1,CB,CB,CHI,0,False,None,,42,76,1,84,57,62,1,1,1,48,87,1,1,86
7266,71,Leroy,Harris,North Carolina State,23,1,74,298,0,0,0,0,0,True,False,,,0,0,G,G,N/A,1989,False,None,,70,34,1,31,4,51,1,57,55,23,50,1,1,63
7267,75,Levi,Brown,Penn State,25,3,78,323,9,10,2,13,1988,True,False,,,600000,5,T,T,LON,0,False,None,,85,46,1,49,9,68,1,70,71,34,55,1,1,80
7269,20,Lorenzo,Booker,Florida State,25,3,71,191,0,9,2,11,1988,True,False,,,0,0,RB,RB,N/A,0,False,None,,70,81,18,77,54,47,14,33,23,19,80,1,1,77
7272,62,Manuel,Ramirez,Texas Tech,25,2,75,326,0,19,6,1,1988,True,False,,,0,0,G,G,N/A,1990,False,None,,75,35,1,51,13,58,1,64,63,36,59,1,1,69
7273,33,Marcus,McCauley,Fresno State,24,1,73,203,0,0,0,0,0,False,False,,,0,0,CB,CB,N/A,1989,False,None,,36,63,1,73,39,35,1,1,1,37,59,1,1,66
7276,69,Mario,Henderson,Florida State,23,1,78,302,0,0,0,0,0,True,False,,,0,0,T,T,N/A,1989,False,None,,65,46,1,36,14,48,1,75,56,28,45,1,1,66
7280,73,Marshal,Yanda,Iowa,24,3,76,297,8,8,1,10,1988,True,False,,,2500000,1,G,G,SEA,0,False,None,,81,56,1,69,15,69,5,94,76,43,80,1,5,92
7281,27,Marshawn,Lynch,California,23,3,71,215,4,4,1,12,1988,True,False,,,2000000,1,RB,RB,OAK,0,False,None,1989 AFC Pro Bowl Team|1990 AFC Pro Bowl Team,87,85,9,88,63,61,12,31,29,38,83,1,1,91
7282,83,Martrez,Milner,Georgia,23,1,76,256,0,0,0,0,0,True,False,,,0,0,TE,TE,N/A,1989,False,None,,54,48,1,59,65,53,1,33,28,26,57,1,1,65
7284,41,Marvin,White,TCU,24,1,73,199,0,0,0,0,0,False,False,,,0,0,FS,FS,N/A,1989,False,None,,42,67,1,65,39,54,1,1,1,58,67,1,1,64
7285,6,Mason,Crosby,Colorado,25,3,73,212,3,3,3,8,1988,True,False,,,1730000,2,K,K,GB,0,False,None,,24,42,4,34,19,56,1,1,1,6,89,79,82,75
7286,59,Matt,Blair II,Iowa State,30,3,77,232,0,19,3,1,1988,False,False,,,0,0,LB,LB,N/A,0,False,None,,64,55,1,66,32,52,1,1,1,78,70,1,1,77
7288,15,Matt,Moore,Oregon State,25,3,75,192,0,0,0,0,0,True,False,,,0,0,QB,QB,N/A,0,False,None,,42,45,26,39,32,66,1,1,1,17,87,88,72,31
7289,5,Matt,Prater,UCF,25,3,70,211,16,16,3,4,1988,True,False,,,1000000,6,K,K,TB,0,False,None,,44,47,27,44,32,67,1,1,1,18,88,89,73,81
7292,70,Matt,Toeaina,Oregon,24,2,74,301,0,0,0,0,0,False,False,,,0,0,DT,DT,N/A,1990,False,None,,58,46,1,41,21,42,1,1,1,43,53,1,1,56
7293,88,Matt,Willis,UCLA,23,1,71,185,0,0,0,0,0,True,False,,,0,0,WR,WR,N/A,1989,False,None,,19,61,1,63,66,53,1,17,1,11,64,1,1,65
7294,70,Max,Jean-Gilles,Georgia,26,3,76,355,0,0,0,0,0,True,False,,,0,0,G,G,N/A,0,False,None,,74,40,1,40,10,46,1,57,57,26,47,1,1,65
7295,66,McKinley,Boykin,Mississippi,25,2,73,290,0,0,0,0,0,False,False,,,0,0,DT,DT,N/A,1990,False,None,,65,37,1,50,18,45,1,1,1,46,56,1,1,59
7301,47,Michael,Griffin,Texas,24,3,72,202,0,3,5,20,1988,False,False,,,0,0,FS,FS,N/A,0,False,None,,41,62,1,76,48,42,1,1,1,50,84,1,1,69
7303,84,Michael,Matthews,Georgia Tech,24,1,76,270,0,0,0,0,0,True,False,,,0,0,TE,TE,N/A,1989,False,None,,48,63,1,70,63,51,1,34,39,31,64,1,1,68
7304,76,Michael,Otto,Purdue,26,3,77,310,9,7,3,18,1988,True,False,,,750000,3,T,T,LON,0,False,None,,75,46,1,61,25,76,1,68,75,34,63,1,1,82
7308,83,Mike,Hass,Oregon State,26,3,73,210,0,18,6,2,1988,True,False,,,0,0,WR,WR,N/A,0,False,None,,26,59,1,76,71,42,1,5,2,25,71,1,1,71
7309,21,Mike,Mickens,Cincinnati,22,3,72,160,7,5,1,14,1988,False,False,,,2000000,1,CB,CB,CIN,0,False,None,,35,81,1,88,76,49,1,23,19,37,82,1,1,82
7310,10,Mike,Sims-Walker,Central Florida,24,3,74,199,1,5,2,15,1988,True,False,,,3200000,3,WR,WR,NYT,0,False,None,,35,84,1,88,76,49,1,23,19,37,82,1,1,84
7313,41,Nick,Folk,Arizona,25,3,74,211,8,5,4,15,1988,True,False,,,400000,5,K,K,SEA,0,False,None,,25,30,16,36,4,63,1,1,1,9,85,76,81,74
7314,43,Nick,Graham,Tulsa,23,1,70,191,0,0,0,0,0,False,False,,,0,0,FS,FS,N/A,1989,False,None,,44,74,1,60,45,56,1,1,1,45,60,1,1,67
7315,52,Nick,Roach,Northwestern,22,1,73,246,0,0,0,0,0,False,False,,,0,0,LB,LB,N/A,1989,False,None,,51,59,1,54,27,56,1,1,1,67,61,1,1,65
7319,52,Patrick,Willis,Mississippi,24,3,73,242,11,11,1,5,1988,False,False,,,3000000,1,LB,LB,CHI,0,False,None,1988 NFC Pro Bowl Team|1989 NFC Pro Bowl Team|1990 NFC Pro Bowl Team,83,93,1,71,55,82,10,7,7,85,95,1,10,95
7320,34,Paul,Jefferson,Penn State,24,3,72,250,16,16,5,7,1988,True,False,,,2000000,2,FB,FB,TB,0,False,None,,60,60,1,65,53,49,1,53,39,35,76,1,1,75
7322,76,Paul,Soliai,Utah,26,3,76,344,0,9,4,19,1988,False,False,,,0,0,DT,DT,N/A,0,False,None,1990 AFC Pro Bowl Team,64,66,1,64,32,49,1,1,1,60,58,1,1,64
7325,63,Quentin,Moses,Georgia,26,3,77,261,0,0,0,0,0,False,False,,,0,0,DE,DE,N/A,0,False,None,,57,55,1,46,23,32,1,1,1,44,56,1,1,60
7326,51,Quincy,Black,New Mexico,25,3,74,226,0,12,6,19,1988,False,False,,,0,0,DE,DE,N/A,0,False,None,,60,53,1,66,28,60,1,1,1,70,65,1,1,77
7327,66,Quinn,Pitcock,Ohio State,24,1,75,299,0,0,0,0,0,False,False,,,0,0,DT,DT,N/A,1989,False,None,,67,55,1,52,22,37,1,1,1,44,48,1,1,60
7328,52,Quinton,Culberson,Mississippi State,22,1,73,240,0,0,0,0,0,False,False,,,0,0,LB,LB,N/A,1989,False,None,,51,60,1,52,23,52,1,1,1,63,69,1,1,61
7331,29,Ramzee,Robinson,Alabama,23,1,69,183,0,0,0,0,0,False,False,,,0,0,SS,SS,N/A,1989,False,None,,48,69,1,69,38,51,1,1,1,56,67,1,1,66
7332,24,Rashad,Barksdale,Albany (NY),25,3,74,210,0,0,0,0,0,False,False,,,0,0,CB,CB,N/A,0,False,None,,42,57,1,69,43,39,1,1,1,30,55,1,1,65
7333,76,Rashad,Butler,Miami (FL),24,1,77,286,0,0,0,0,0,True,False,,,0,0,T,T,N/A,1989,False,None,,59,44,1,33,7,62,1,65,56,37,58,1,1,62
7335,41,Ray,Ventrone,Villanova,21,1,70,200,0,0,0,0,0,False,False,,,0,0,SS,SS,N/A,1989,False,None,,46,59,1,65,42,42,1,1,1,50,69,1,1,64
7336,25,Reagan,Mauia,Hawaii,25,3,72,348,0,0,0,0,0,True,False,,,0,0,RB,RB,N/A,0,False,None,,42,60,10,67,51,45,4,17,17,17,58,1,1,65
7337,25,Reggie,Nelson,Florida,26,3,72,198,2,1,3,9,1988,False,False,,,250000,1,FS,FS,MIA,0,False,None,,53,77,1,73,47,61,1,1,1,71,76,1,1,79
7338,67,Remi,Ayodele,Oklahoma,26,3,74,250,0,15,4,16,1988,False,False,,,0,0,DT,DT,N/A,0,False,None,,80,58,1,63,37,46,1,1,1,51,58,1,1,74
7340,8,Richmond,McGee,Texas,26,3,76,193,1,13,7,3,1988,True,False,,,400000,1,P,P,NYT,0,False,None,,35,36,28,49,32,70,1,1,1,10,83,68,68,74
7341,82,Rico,Dynamite,Idaho State,26,3,70,210,4,4,3,12,1988,True,False,,,490000,1,QB,QB,OAK,0,False,None,,42,43,95,44,31,43,84,1,1,1,64,1,1,74
7343,19,Robert,Meachem,Tennessee,25,3,74,215,15,12,2,19,1988,True,False,,,350000,3,WR,WR,SF,0,False,None,,35,85,1,89,67,49,1,31,15,20,87,1,1,82
7346,61,Rodrique,Wright,Texas,25,3,77,310,0,1,7,9,1988,False,False,,,0,0,DT,DT,N/A,0,False,None,,68,46,1,50,19,40,1,1,1,59,47,1,1,69
7349,82,Roy,Hall,Ohio State,24,1,74,229,0,0,0,0,0,True,False,,,0,0,WR,WR,N/A,1989,False,None,,32,73,1,62,65,56,1,18,1,19,63,1,1,64
7351,43,Ryan,Grant,Notre Dame,27,3,73,218,10,10,1,18,1988,True,False,,,1750000,1,RB,RB,IND,0,False,None,,73,85,21,88,57,58,23,35,22,25,88,1,1,85
7352,64,Ryan,Harris,Notre Dame,24,3,77,299,0,14,5,17,1988,True,False,,,0,0,T,T,N/A,0,False,None,,68,47,1,38,4,59,1,70,71,27,68,1,1,70
7353,62,Ryan,Kalil,USC,24,3,75,299,5,8,5,10,1988,True,False,,,250000,1,C,C,BUF,0,False,None,,75,50,1,53,10,65,1,78,61,29,71,1,1,76
7354,64,Ryan,McBean,Oklahoma State,23,1,77,277,0,0,0,0,0,False,False,,,0,0,DT,DT,N/A,1989,False,None,,59,50,1,53,33,51,1,1,1,44,55,1,1,60
7359,54,Samson,Satele,Hawaii,25,3,75,300,20,7,4,18,1988,True,False,,,850000,6,C,C,LOU,0,False,None,,75,51,1,59,15,63,1,77,62,32,73,1,1,78
7361,10,Saverio,Rocca,none,36,3,77,265,0,0,0,0,0,True,False,,,0,0,P,P,N/A,0,False,None,,4,22,1,19,1,38,1,1,1,1,68,56,49,45
7363,32,Selvin,Young,Texas,26,3,71,215,0,7,7,18,1988,True,False,,,0,0,RB,RB,N/A,0,False,None,,43,63,18,74,54,47,5,22,19,24,65,1,1,71
7365,87,Sidney,Rice,South Carolina,23,3,76,200,5,5,1,17,1988,True,False,,,1750000,1,WR,WR,BUF,0,False,None,,32,91,1,90,74,58,1,13,15,30,89,1,1,86
7367,66,Stephon,Heyer,Maryland,25,3,78,319,19,19,2,17,1988,True,False,,,2450000,4,T,T,WAS,0,False,None,,80,45,1,47,13,58,1,82,75,33,60,1,1,82
7368,82,Steve,Breaston,Michigan,26,3,73,175,0,16,6,4,1988,True,False,,,0,0,WR,WR,N/A,0,False,None,,36,74,1,81,69,52,1,20,12,25,87,1,1,74
7370,15,Steve,Van Buren,LSU,26,3,72,200,0,12,4,11,1988,True,False,,,0,0,RB,RB,N/A,0,False,None,1988 NFC Pro Bowl Team,65,80,8,80,33,65,2,24,29,5,73,1,1,78
7372,55,Stewart,Bradley,Nebraska,26,3,76,254,19,19,3,17,1988,False,False,,,1250000,3,LB,LB,WAS,0,False,None,,62,73,1,76,41,59,1,1,1,70,81,1,1,79
7373,64,Stylez G,White,Minnesota,30,3,75,268,0,3,4,8,1988,False,False,,,0,0,DE,DE,N/A,0,False,None,,64,48,1,57,21,43,1,1,1,54,64,1,1,67
7374,44,Tanard,Jackson,Syracuse,24,3,72,200,0,1,6,9,1988,False,False,,,0,0,FS,FS,N/A,0,False,None,,55,72,1,64,53,51,1,1,1,53,77,1,1,72
7375,79,Tank,Tyler,North Carolina State,24,3,74,306,9,13,4,3,1988,False,False,,,1100000,2,DT,DT,LON,0,False,None,,79,58,1,65,28,48,1,1,1,68,63,1,1,78
7377,81,Ted,Ginn Jr.,Ohio State,24,3,71,178,15,15,1,16,1988,True,False,,,1750000,1,WR,WR,SF,0,False,None,,40,70,1,93,82,51,1,19,7,16,74,1,1,85
7379,63,Thomas,Gafford,Houston,24,1,74,252,0,0,0,0,0,True,False,,,0,0,G,G,N/A,1989,False,None,,65,34,1,46,1,53,1,58,53,36,54,1,1,63
7385,69,Tony,Ugoh,Arkansas,24,1,77,301,0,0,0,0,0,True,False,,,0,0,T,T,N/A,1989,False,None,,74,40,1,41,10,54,1,63,59,27,62,1,1,64
7386,51,Travis,Williams,Auburn,24,1,73,213,0,0,0,0,0,False,False,,,0,0,LB,LB,N/A,1989,False,None,,55,59,1,51,22,53,1,1,1,58,60,1,1,64
7387,69,Tre,Stallings,Mississippi State,24,1,75,315,0,0,0,0,0,True,False,,,0,0,G,G,N/A,1989,False,None,,74,46,1,35,1,52,1,58,58,29,62,1,1,63
7388,8,Trent,Edwards,Stanford,25,3,75,235,0,0,0,0,0,True,False,,,0,0,QB,QB,N/A,0,False,None,,37,37,66,45,7,67,72,1,1,1,66,1,1,68
7391,3,Troy,Smith,Ohio State,28,3,73,215,0,19,6,14,1988,True,False,,,0,0,QB,QB,N/A,0,False,None,,39,53,57,45,1,69,72,1,1,2,69,1,1,69
7392,37,Trumaine,McBride,Mississippi,22,1,69,185,0,0,0,0,0,False,False,,,0,0,CB,CB,N/A,1989,False,None,,43,59,1,69,40,40,1,1,1,38,55,1,1,65
7394,61,Turk,McBride,Tennessee,24,3,76,285,0,10,6,13,1988,False,False,,,0,0,DE,DE,N/A,0,False,None,,75,64,1,58,39,49,1,1,1,50,58,1,1,76
7395,7,Tyler,Thigpen,Coastal Carolina,26,3,76,231,0,9,5,14,1988,True,False,,,0,0,QB,QB,N/A,0,False,None,,45,54,82,63,1,62,71,1,1,23,68,1,1,73
7396,27,Tyron,Brackenridge,Washington State,25,3,71,189,8,10,5,13,1988,False,False,,,2250000,2,FS,FS,SEA,0,False,None,,39,75,1,80,48,60,1,1,1,63,86,1,1,79
7397,66,Uche,Nwaneri,Purdue,25,3,75,303,0,15,3,16,1988,True,False,,,0,0,G,G,N/A,0,False,None,,77,38,1,38,2,64,1,71,62,32,55,1,1,74
7398,36,Usama,Young,Kent State,22,1,71,186,0,0,0,0,0,False,False,,,0,0,FS,FS,N/A,1989,False,None,,38,65,1,59,46,50,1,1,1,53,68,1,1,65
7400,57,Victor,Worsley,North Carolina,23,1,73,234,0,0,0,0,0,False,False,,,0,0,LB,LB,N/A,1989,False,None,,64,60,1,60,33,47,1,1,1,58,66,1,1,65
7401,40,Wayne,Milner,Notre Dame,26,3,73,189,3,11,3,5,1988,False,False,,,2250000,1,CB,CB,GB,0,False,None,,64,61,1,72,76,69,1,44,35,60,80,3,1,87
7403,27,William,Gay,Louisville,24,3,70,183,0,15,3,15,1988,False,False,,,0,0,CB,CB,N/A,0,False,None,,40,73,1,77,50,56,1,1,1,45,75,1,1,77
7407,89,Zach,Miller,Arizona State,24,3,77,256,12,9,3,11,1988,True,False,,,700000,5,TE,TE,DET,0,False,None,,52,69,1,79,69,50,1,46,41,41,81,1,1,79
8358,52,Luke,Fortner,Kentucky,25,2,78,307,10,10,4,15,1989,True,False,,,550000,1,C,C,IND,0,False,None,,80,49,1,51,9,68,2,78,75,32,70,1,1,82
8361,51,Tyler,Linderbaum,Iowa,23,2,74,305,18,18,2,4,1989,True,False,,,1750000,1,G,G,BAL,0,False,None,,82,62,4,62,15,75,2,89,75,44,72,9,7,90
8366,47,Christian,Benford,Villanova,22,2,73,205,5,0,0,0,0,False,False,,,300000,6,CB,CB,BUF,0,False,None,,46,76,6,77,70,51,1,7,8,53,78,3,1,83
8368,26,DaRon,Bland,Fresno State,24,2,72,197,19,11,6,5,1989,False,False,,,3000000,2,CB,CB,WAS,0,False,None,,44,74,1,76,76,64,1,7,8,48,79,3,5,86
8369,23,Andrew,Booth Jr,Clemson,22,2,72,194,1,1,5,3,1989,False,False,,,5500000,6,CB,CB,NYT,0,False,None,,45,80,7,75,69,48,18,7,8,44,75,1,4,84
8371,8,Coby,Bryant,Cincinnati,24,2,73,193,0,3,7,3,1989,False,False,,,0,0,CB,CB,N/A,0,False,None,,41,71,3,71,66,54,1,1,1,40,73,1,5,76
8372,24,Cobie,Durant,S.C. State,25,2,71,180,11,0,0,0,0,False,False,,,250000,2,CB,CB,CHI,0,False,None,,37,77,18,85,69,57,33,2,1,33,75,5,8,84
8373,38,Herman,Edwards II,California,23,2,72,194,9,8,5,11,1989,False,False,,,2000000,5,CB,CB,LON,0,False,None,,40,73,1,83,55,66,1,1,1,50,77,1,1,83
8374,24,Kaiir,Elam,Florida,22,2,73,191,5,5,3,17,1989,False,False,,,850000,1,CB,CB,BUF,0,False,None,,46,84,3,89,72,59,14,7,8,45,78,2,3,88
8375,32,Martin,Emerson Jr,Mississippi St.,22,2,74,201,10,16,7,12,1989,False,False,,,2550000,1,CB,CB,IND,0,False,None,,51,78,2,76,57,65,7,7,8,54,84,4,1,84
8376,21,Akayleb,Evans,Missouri,24,2,74,198,0,0,0,0,0,False,False,,,0,0,CB,CB,N/A,0,False,None,,48,78,1,74,54,55,2,7,5,52,73,1,1,79
8377,43,Cordale,Flott,LSU,22,2,73,175,6,0,0,0,0,False,False,,,250000,1,CB,CB,NYG,0,False,None,,33,76,1,78,59,61,4,1,1,51,83,3,1,84
8379,1,Sauce,Gardner,Cincinnati,23,2,75,200,5,7,1,1,1989,False,False,,,3150000,2,CB,CB,BUF,0,False,None,1989 AFC Pro Bowl Team,44,86,13,91,80,76,2,19,20,62,93,9,8,100
8380,31,Mario,Goodrich,N/A,22,1,72,191,0,0,0,0,0,False,False,,,0,0,CB,CB,N/A,1990,False,None,,30,65,1,70,59,40,1,1,1,41,68,1,1,69
8381,6,Kyler,Gordon,Washington,23,2,72,200,12,8,7,6,1989,False,False,,,1500000,5,SS,SS,DET,0,False,None,,49,83,1,78,64,62,9,7,8,49,77,2,6,73
8382,34,Christian,Holmes,N/A,24,1,73,205,0,0,0,0,0,False,False,,,0,0,CB,CB,N/A,1990,False,None,,39,65,1,72,52,42,3,1,1,44,65,1,1,70
8383,28,Josh,Jobe,N/A,24,1,71,190,0,0,0,0,0,False,False,,,0,0,CB,CB,N/A,1990,False,None,,40,68,1,73,51,40,1,1,1,46,65,1,1,70
8384,41,Jack,Jones,Arizona St.,25,2,71,175,20,20,3,13,1989,False,False,,,850000,1,CB,CB,LOU,0,False,None,,36,78,2,80,71,60,4,1,1,36,78,22,19,85
8386,25,Marcus,Jones CB,N/A,24,2,68,175,5,5,2,3,1989,False,False,,,1750000,1,CB,CB,BUF,0,False,None,,32,83,1,84,73,55,6,3,3,50,84,1,1,89
8388,46,Derion,Kendrick,Georgia,23,2,72,190,6,0,0,0,0,False,False,,,350000,4,CB,CB,NYG,0,False,None,,39,79,12,72,76,51,30,1,2,49,75,1,1,85
8389,4,Kader,Kohou,Texas AM-Commerce,24,2,70,195,7,7,2,20,1989,False,False,,,850000,1,CB,CB,CIN,0,False,None,,49,74,1,82,71,61,1,7,8,46,75,19,16,86
8390,44,Dick,LeBeau,Ohio State,23,2,73,185,10,10,1,4,1989,False,False,,,3150000,2,CB,CB,IND,0,False,None,1990 NFC Pro Bowl Team,51,82,1,86,83,76,9,1,5,50,93,1,1,97
8393,27,Damarri,Mathis,Pittsburgh,24,2,71,195,0,0,0,0,0,False,False,,,0,0,CB,CB,N/A,0,False,None,,43,70,3,75,62,48,1,4,1,38,73,1,1,75
8395,47,Zyon,McCollum,Sam Houston,24,2,74,199,6,18,5,20,1989,False,False,,,300000,5,CB,CB,NYG,0,False,None,,39,86,1,77,74,39,2,1,1,44,73,1,4,85
8396,21,Roger,McCreary,Auburn,23,2,71,190,10,10,1,15,1989,False,False,,,2100000,2,CB,CB,IND,0,False,None,,48,77,15,84,67,62,22,7,8,55,79,27,22,91
8397,22,Trent,McDuffie,Washington,22,2,71,193,8,8,1,6,1989,False,False,,,2600000,2,CB,CB,SEA,0,False,None,,47,86,7,85,64,70,1,11,11,61,78,9,10,95
8398,24,Derek,Stingley Jr,LSU,22,2,72,190,9,9,1,11,1989,False,False,,,2100000,2,CB,CB,LON,0,False,None,1990 AFC Pro Bowl Team,41,83,12,89,76,57,15,1,1,54,73,5,5,94
8399,27,Alontae,Taylor,Tennessee,24,2,73,199,9,13,5,8,1989,False,False,,,300000,4,CB,CB,LON,0,False,None,,48,72,20,82,67,57,29,7,8,37,77,6,7,82
8401,29,Cam,Taylor-Britt,Nebraska,23,2,71,202,12,12,1,16,1989,False,False,,,1850000,2,CB,CB,DET,0,False,None,,51,76,24,87,75,56,38,6,6,54,79,3,1,91
8402,35,Jaylen,Watson,Wash. St.,24,2,74,197,6,0,0,0,0,False,False,,,250000,3,CB,CB,NYG,0,False,None,,52,73,1,77,64,63,8,6,2,42,78,1,3,84
8404,2,Joshua,Williams,Fayetteville State,23,2,75,193,18,18,3,4,1989,False,False,,,850000,1,CB,CB,BAL,0,False,None,1990 AFC Pro Bowl Team,43,76,6,79,71,54,1,7,7,54,75,1,1,88
8407,27,Tariq,Woolen,UTSA,24,2,76,210,11,11,1,5,1989,False,False,,,3150000,2,CB,CB,CHI,0,False,None,1989 NFC Pro Bowl Team,46,79,7,93,78,63,5,12,13,57,80,11,7,97
8411,90,Logan,Hall,Houston,23,2,78,283,4,4,3,7,1989,False,False,,,850000,1,DE,DE,OAK,0,False,None,,77,63,9,65,29,53,2,6,6,64,69,1,1,83
8413,72,James,Houston IV,Jackson St.,24,2,73,225,18,18,7,4,1989,False,False,,,250000,3,DE,DE,BAL,0,False,None,,63,57,2,73,26,57,13,6,6,61,67,2,1,80
8414,97,Aidan,Hutchinson,Michigan,23,2,78,265,16,16,1,2,1989,False,False,,,3150000,2,DE,DE,TB,0,False,None,,78,71,8,72,54,77,4,13,13,71,79,1,1,93
8415,64,Drake,Jackson,USC,22,2,75,273,9,0,0,0,0,False,False,,,250000,1,DE,DE,LON,0,False,None,,66,68,5,72,46,54,2,6,5,64,75,1,1,80
8416,11,Jermaine,Johnson II,Florida State,24,2,77,262,19,19,3,20,1989,False,False,Blurred Vision,,850000,1,DE,DE,WAS,0,False,None,,73,72,2,74,36,51,2,6,6,65,68,2,1,85
8418,78,George,Karlaftis,Purdue,22,2,76,263,12,12,2,15,1989,False,False,,,1150000,1,DE,DE,DET,0,False,None,,74,74,1,71,40,63,2,6,6,67,73,3,1,86
8423,90,Dominique,Robinson,Miami Univ.,25,2,77,253,6,0,0,0,0,False,False,,,250000,1,DE,DE,NYG,0,False,None,,69,66,39,74,56,48,44,1,1,56,64,1,1,82
8425,97,Eyioma,Uwazurike,Iowa State,24,1,78,320,0,0,0,0,0,False,False,,,0,0,DE,DE,N/A,1990,False,None,,68,49,1,44,19,50,1,1,1,58,52,4,1,66
8426,54,Sam,Williams,Ole Miss,24,2,76,261,0,20,5,13,1989,False,False,,,0,0,LB,LB,N/A,0,False,None,,65,70,1,75,32,52,1,6,5,59,61,1,1,73
8428,95,Devonte,Wyatt,Georgia,25,2,75,304,5,5,5,19,1989,False,False,,,3600000,4,DE,DE,BUF,0,False,None,,79,56,6,69,38,53,1,6,6,68,74,11,7,86
8431,98,D.J.,Davidson,Arizona St.,25,2,75,327,0,9,7,18,1989,False,False,,,0,0,DT,DT,N/A,0,False,None,,76,52,1,51,32,47,10,3,1,56,62,1,1,73
8432,90,Jordan,Davis,Georgia,23,2,78,336,9,2,1,14,1989,False,False,,,2100000,2,DT,DT,LON,0,False,None,1989 AFC Pro Bowl Team|1990 AFC Pro Bowl Team,93,51,1,70,34,62,2,7,7,74,66,1,1,90
8437,96,Christopher,Hinton,N/A,22,2,76,310,17,0,0,0,0,False,False,,,250000,1,DT,DT,CHC,0,False,None,,81,41,1,53,26,32,1,1,1,63,66,1,1,75
8439,72,Travis,Jones,Connecticut,23,2,76,334,19,19,3,1,1989,False,False,,,850000,1,DT,DT,WAS,0,False,None,,89,62,2,67,30,53,2,7,7,66,60,1,1,84
8440,98,Phidarian,Mathis,Alabama,25,2,76,312,14,0,0,0,0,False,False,,,600000,3,DT,DT,ATL,0,False,None,,83,44,1,50,24,50,1,1,1,67,66,1,1,79
8443,96,Jim,Stillwagon,Ohio State,23,2,72,239,5,4,5,7,1989,False,False,,,2450000,6,DT,DT,BUF,0,False,None,,95,63,1,69,49,48,4,1,4,56,62,2,1,83
8444,47,Troy,Hairston,N/A,24,2,71,245,17,0,0,0,0,True,False,,,250000,2,FB,FB,CHC,0,False,None,,78,64,1,68,49,35,1,56,32,46,67,2,1,79
8445,34,Joe,Perry,Compton CC,22,2,72,200,15,3,1,17,1989,True,False,,,1850000,2,RB,RB,SF,0,False,None,,60,85,10,90,66,62,10,66,55,20,89,1,1,88
8446,40,Tycen,Anderson,Toledo,24,2,74,209,0,0,0,0,0,False,False,,,0,0,FS,FS,N/A,0,False,None,,42,78,1,76,49,53,1,1,1,55,75,1,1,75
8448,32,Reed,Blankenship,Mid Tenn St.,24,2,73,203,15,15,2,9,1989,False,False,,,1500000,6,FS,FS,SF,0,False,None,1989 NFC Pro Bowl Team,51,74,3,86,68,76,9,8,7,77,84,13,9,90
8449,35,Percy,Butler,UL Lafayette,22,1,72,191,0,0,0,0,0,False,False,,,0,0,FS,FS,N/A,1990,False,None,,43,69,1,71,49,61,5,1,1,55,73,1,1,69
8450,6,Lewis,Cine,N/A,23,2,74,202,7,9,3,15,1989,False,False,,,850000,1,FS,FS,CIN,0,False,None,,44,75,1,82,53,54,1,1,1,75,77,15,19,83
8451,6,Bryan,Cook,Cincinnati,23,2,73,206,10,10,4,8,1989,False,False,,,550000,1,FS,FS,IND,0,False,None,,56,73,2,78,59,68,1,8,8,70,78,4,3,82
8453,22,Elijah,Hicks,California,23,2,71,200,17,5,6,10,1989,False,False,,,1000000,6,FS,FS,CHC,0,False,None,,54,70,2,82,62,56,1,2,2,68,78,3,8,83
8455,5,Jalen,Pitre,Baylor,24,2,71,198,11,11,2,13,1989,False,False,,,1150000,1,FS,FS,CHI,0,False,None,,52,86,1,85,72,75,6,8,8,65,92,19,18,90
8457,35,Rodney,Thomas II,Yale,24,2,73,196,5,0,0,0,0,False,False,,,300000,6,FS,FS,BUF,0,False,None,,48,78,1,82,64,60,7,2,2,65,81,1,1,83
8458,32,Delarrin,Turner-Yell,Oklahoma,23,2,71,200,16,0,0,0,0,False,False,,,250000,4,FS,FS,TB,0,False,None,,39,75,1,84,62,60,2,1,1,59,79,1,1,82
8459,22,JT,Woods,N/A,23,2,74,193,20,20,4,13,1989,False,False,,,550000,1,FS,FS,LOU,0,False,None,,48,74,1,87,67,59,2,2,2,56,80,1,1,81
8460,2,Russ,Yeast,Kansas State,24,2,70,195,14,14,6,12,1989,False,False,,,2300000,1,FS,FS,ATL,0,False,None,,48,77,1,77,63,66,2,1,1,65,82,1,1,83
8462,74,Spencer,Burford,UTSA,23,2,76,300,0,0,0,0,0,True,False,,,0,0,G,G,N/A,0,False,None,,75,47,1,45,11,63,1,71,67,24,65,2,1,72
8463,77,Brandon,Burlsworth,Arkansas,22,2,76,310,10,10,2,12,1989,True,False,,,1150000,1,G,G,IND,0,False,None,1990 NFC Pro Bowl Team,85,67,1,68,34,79,1,79,72,38,67,1,1,88
8466,75,Joshua,Ezeudu,North Carolina,23,2,76,308,14,0,0,0,0,True,False,Broken Nose,Probable,4850000,1,FB,FB,ATL,0,False,None,,76,43,1,49,7,66,1,76,74,22,71,5,5,93
8467,62,Kenyon,Green,Texas AM,22,2,76,323,9,9,4,17,1989,True,False,,,550000,1,G,G,LON,0,False,None,,78,45,2,52,12,63,1,79,70,35,67,1,1,82
8468,67,Ed,Ingram,LSU,24,2,75,307,6,6,4,18,1989,True,False,,,550000,1,G,G,NYG,0,False,None,,80,45,1,58,13,65,2,83,65,31,72,1,1,81
8469,63,Zion,Johnson,Boston College,23,2,75,316,11,11,2,5,1989,True,False,,,1750000,1,G,G,CHI,0,False,None,,83,58,10,57,14,72,2,82,72,35,72,8,4,86
8470,79,Cam,Jurgens,Nebraska,24,2,75,303,5,5,3,11,1989,True,False,,,850000,1,G,G,BUF,0,False,None,,80,61,2,64,32,64,2,81,76,27,68,4,1,86
8471,60,Marcus,McKethan,N/A,24,2,79,335,0,9,6,11,1989,True,False,,,0,0,G,G,N/A,0,False,None,,74,43,1,41,4,56,1,69,64,31,49,1,1,71
8473,75,Dylan,Parham,Memphis,24,2,75,311,3,15,3,9,1989,True,False,,,850000,1,G,G,GB,0,False,None,,76,51,4,64,30,73,2,84,74,37,73,7,7,86
8475,60,Sean,Rhyan,UCLA,24,2,77,321,16,16,6,2,1989,True,False,,,2450000,6,G,G,TB,0,False,None,,77,56,6,48,18,62,9,79,73,44,60,7,4,82
8476,71,Jamaree,Salyer,Georgia,23,2,76,325,12,12,5,16,1989,True,False,,,2400000,6,G,G,DET,0,False,None,,83,58,1,57,17,66,2,79,78,34,68,1,1,83
8478,73,Tyler,Smith,Tulsa,22,2,78,332,4,4,1,7,1989,True,False,,,2600000,2,G,G,OAK,0,False,None,1989 AFC Pro Bowl Team|1990 AFC Pro Bowl Team,88,48,6,58,21,69,2,86,81,31,73,5,4,90
8479,69,Cole,Strange,Tenn-Chat,25,2,77,305,19,19,2,1,1989,True,False,,,1750000,1,G,G,WAS,0,False,None,,81,55,3,57,29,67,2,81,78,43,69,5,6,86
8481,74,Cordell,Volson,North Dakota St.,25,2,78,315,0,0,0,0,0,True,False,,,0,0,G,G,N/A,0,False,None,,74,38,1,41,14,62,1,77,62,40,63,16,15,74
8484,17,Brandon,Aubrey,Notre Dame,28,2,75,200,4,4,4,7,1989,True,False,,,550000,1,K,K,OAK,0,False,None,,37,59,27,61,20,67,9,4,7,21,91,79,87,83
8486,7,Ray,Finkle,Stetson,23,2,66,155,6,13,7,8,1989,True,False,,,500000,5,K,K,NYG,0,False,None,,16,41,16,41,24,67,1,1,1,25,82,76,86,78
8487,53,Troy,Andersen,Montana State,24,2,76,235,10,10,4,11,1989,False,False,,,550000,1,LB,LB,IND,0,False,None,,57,73,27,81,52,63,37,10,7,76,71,4,3,83
8488,33,Brian,Asamoah II,Oklahoma,23,2,72,226,10,10,4,2,1989,False,False,,,550000,1,LB,LB,IND,0,False,None,,62,73,1,80,45,68,1,7,7,82,77,1,1,85
8489,58,Amare,Barno,Virginia Tech,24,2,78,245,9,4,7,7,1989,False,False,,,1400000,3,LB,LB,LON,0,False,None,,63,63,1,84,23,49,1,1,1,76,58,1,1,77
8490,43,Terrel,Bernard,Baylor,24,2,73,224,17,0,0,0,0,False,False,,,3550000,3,LB,LB,CHC,0,False,None,,64,72,1,78,56,67,10,7,7,80,83,1,1,82
8491,51,Nik,Bonitto,Oklahoma,23,2,75,240,15,15,4,9,1989,False,False,,,550000,1,LB,LB,SF,0,False,None,,68,73,13,80,52,67,21,1,1,78,64,1,1,84
8492,58,Darien,Butler,N/A,22,1,70,221,0,0,0,0,0,False,False,,,0,0,LB,LB,N/A,1990,False,None,,53,58,1,69,49,48,1,1,1,74,69,1,1,73
8494,56,Leo,Chenal,Wisconsin,22,2,75,250,16,16,2,10,1989,False,False,,,1500000,1,LB,LB,TB,0,False,None,1989 Defensive Rookie of the Year|1989 Defensive ROY,75,73,3,83,48,62,11,7,7,86,76,8,7,91
8495,33,Damone,Clark,LSU,23,2,75,240,9,9,1,18,1989,False,False,,,1850000,2,LB,LB,LON,0,False,None,,61,73,2,81,45,64,6,7,7,88,76,1,1,86
8497,17,Nakobe,Dean,Georgia,22,2,71,231,2,2,3,2,1989,False,False,,,850000,1,LB,LB,MIA,0,False,None,,67,74,3,78,53,66,1,7,7,85,85,6,6,85
8498,17,Arnold,Ebiketie,Penn State,24,2,75,256,19,19,4,1,1989,False,False,Sprained Wrist,Out (1-2 weeks),550000,1,LB,LB,WAS,0,False,None,,68,75,1,75,33,63,1,7,7,80,69,1,2,85
8499,52,Kingsley,Enagbare,South Carolina,23,2,76,258,3,0,0,0,0,False,False,,,1100000,6,LB,LB,GB,0,False,None,,76,54,1,69,14,57,1,1,1,81,67,1,3,79
8500,56,Jack,Gibbens,Minnesota,24,2,75,242,20,18,5,15,1989,False,False,,,3700000,6,LB,LB,LOU,0,False,None,,57,68,1,72,48,67,1,7,2,86,74,1,1,83
8502,48,Christian,Harris,Alabama,22,2,73,226,20,20,6,13,1989,False,False,,,3050000,6,LB,LB,LOU,0,False,None,,59,70,1,81,47,61,1,1,1,71,75,2,6,81
8503,45,Jake,Hummel,Iowa State,24,2,73,235,17,0,0,0,0,False,False,,,490000,1,LB,LB,CHC,0,False,None,,58,72,1,79,49,54,1,1,1,74,73,1,1,77
8504,95,D'Marco,Jackson,Appalach. St.,25,2,73,233,9,10,7,19,1989,False,False,,,350000,3,LB,LB,LON,0,False,None,,59,63,1,76,41,54,1,1,1,79,78,1,1,81
8505,54,Nate,Landman,Colorado,24,2,75,235,6,0,0,0,0,False,False,,,250000,3,LB,LB,NYG,0,False,None,,63,68,16,68,35,54,31,1,1,86,73,1,1,81
8506,59,Devin,Lloyd,Utah,24,2,75,235,12,12,4,12,1989,False,False,,,550000,1,LB,LB,DET,0,False,None,,70,68,6,75,62,65,5,7,7,81,81,25,24,85
8508,53,Boye,Mafe,Minnesota,24,2,76,261,12,5,6,17,1989,False,False,,,3350000,5,LB,LB,DET,0,False,None,,67,69,1,80,26,54,5,7,7,81,65,12,12,82
8510,52,Luke,Masterson,Wake Forest,25,2,73,234,1,0,0,0,0,False,False,,,2600000,2,LB,LB,NYT,0,False,None,,54,72,6,73,55,50,12,2,1,83,76,1,1,81
8511,55,Micah,McFadden,Indiana,23,2,74,232,20,0,0,0,0,False,False,,,3350000,6,LB,LB,LOU,0,False,None,,61,70,1,77,50,62,1,1,1,83,83,1,1,82
8513,57,Chad,Muma,Wyoming,24,2,75,239,16,12,6,16,1989,False,False,,,250000,2,LB,LB,TB,0,False,None,,68,75,1,74,50,56,1,1,1,83,79,2,1,82
8514,90,David,Ojabo,Michigan,23,2,76,255,11,11,4,5,1989,False,False,,,550000,1,LB,LB,CHI,0,False,None,,69,75,1,83,23,58,1,7,7,84,67,1,3,87
8516,10,Bumper,Pool,N/A,21,1,72,230,0,0,0,0,0,False,False,,,0,0,LB,LB,N/A,1990,False,None,,57,66,15,63,42,50,5,35,28,68,78,20,7,71
8517,93,Mark,Robinson LB,N/A,24,2,71,235,16,16,5,2,1989,False,False,,,3700000,6,DE,DE,TB,0,False,None,,71,60,1,75,45,46,1,1,1,80,74,1,1,88
8518,50,Malcolm,Rodriguez,Oklahoma St.,24,2,71,225,2,2,4,14,1989,False,False,,,550000,1,LB,LB,MIA,0,False,None,,71,69,23,77,45,65,37,7,7,80,76,4,5,85
8519,36,Andy,Russell,Missouri,22,2,74,225,19,19,2,19,1989,False,False,,,850000,1,LB,LB,WAS,0,False,None,,67,83,1,77,52,55,1,1,1,82,84,1,1,87
8520,57,Jack,Sanborn,Wisconsin,23,2,74,234,10,10,3,12,1989,False,False,,,850000,1,LB,LB,IND,0,False,None,,65,67,3,72,59,65,1,2,1,86,78,6,7,86
8522,45,Nephi,Sewell,Utah,24,2,72,228,0,0,0,0,0,False,False,,,0,0,LB,LB,N/A,0,False,None,,58,70,1,73,37,46,1,1,1,77,74,7,7,78
8524,55,Kayvon,Thibodeaux,Oregon,22,2,77,258,13,13,1,10,1989,False,False,Bruised Jaw,,2600000,2,LB,LB,MIN,0,False,None,1990 NFC Pro Bowl Team,73,73,1,80,34,67,1,7,7,85,74,1,3,88
8525,97,Cameron,Thomas,San Diego St.,23,2,76,267,3,2,5,14,1989,False,False,,,1950000,1,LB,LB,GB,0,False,None,,69,70,1,72,25,61,1,7,7,83,66,1,1,83
8526,98,Channing,Tindall,Georgia,23,2,74,232,20,3,7,10,1989,False,False,,,2900000,4,DE,DE,LOU,0,False,None,,60,62,3,80,33,53,1,1,1,81,66,1,1,86
8528,7,Quay,Walker,Georgia,23,2,76,241,3,3,4,10,1989,False,False,,,550000,1,LB,LB,GB,0,False,None,,68,77,1,76,43,68,1,7,7,80,76,3,2,85
8529,58,Travon,Walker,Georgia,22,2,77,272,13,13,1,8,1989,False,False,,,2600000,2,DE,DE,MIN,0,False,None,,79,72,1,83,47,77,1,7,7,78,73,1,1,99
8531,5,Jake,Camarda,Georgia,24,2,73,193,5,5,7,17,1989,True,False,,,250000,6,P,P,BUF,0,False,None,,28,56,9,71,15,65,10,10,4,17,89,78,79,77
8534,4,Ryan,Stonehouse,Colorado St.,24,2,70,193,11,11,7,5,1989,True,False,,,500000,3,P,P,CHI,0,False,None,,31,46,11,76,13,69,9,6,2,12,89,89,74,80
8535,11,Jordan,Stout,Penn State,25,2,75,214,12,12,7,16,1989,True,False,,,250000,4,P,P,DET,0,False,None,1989 NFC Pro Bowl Team,27,53,13,69,14,60,2,1,5,14,94,79,81,79
8536,3,Ryan,Wright,Tulane,23,2,75,245,18,18,6,4,1989,True,False,,,450000,4,P,P,BAL,0,False,None,,43,51,27,66,19,61,19,1,4,26,87,77,84,81
8538,1,Jimmy,Conzelman,Washington (MO),22,2,72,175,17,9,2,11,1989,True,False,,,1150000,1,QB,QB,CHC,0,False,None,,60,68,82,73,60,84,84,40,40,55,93,65,80,87
8539,0,Matt,Corral,N/A,25,2,73,205,0,5,6,20,1989,True,False,,,0,0,QB,QB,N/A,0,False,None,,52,75,80,71,28,64,77,14,17,29,79,12,6,79
8542,14,Sam,Howell,North Carolina,22,2,73,220,11,11,5,12,1989,True,False,,,2050000,2,QB,QB,CHI,0,False,None,,54,66,86,70,40,73,83,8,2,20,91,15,20,83
8545,8,Kenny,Pickett,Pittsburgh,25,2,75,225,0,2,7,14,1989,True,False,,,0,0,QB,QB,N/A,0,False,None,,54,67,79,64,24,65,79,5,2,20,77,28,21,80
8546,13,Brock,Purdy,Iowa State,23,2,73,220,15,15,1,9,1989,True,False,,,2600000,2,QB,QB,SF,0,False,None,,50,68,80,66,3,89,88,4,1,16,85,1,4,89
8547,9,Desmond,Ridder,Cincinnati,24,2,75,207,6,6,6,18,1989,True,False,,,3500000,4,QB,QB,NYG,0,False,None,1990 Playoff MVP|1990 Playoff MVP,46,61,86,73,26,75,77,1,1,16,89,1,1,83
8549,0,Carson,Strong,N/A,25,2,75,215,2,0,0,0,0,True,False,,,250000,6,QB,QB,MIA,0,False,None,,48,61,84,74,12,57,79,19,18,26,83,23,8,78
8550,6,Skylar,Thompson,Kansas State,26,2,74,219,0,0,0,0,0,True,False,,,0,0,QB,QB,N/A,0,False,None,,45,66,76,58,9,66,77,1,1,13,77,1,1,74
8551,11,Danny,White II,Arizona St.,23,2,74,193,3,0,0,0,0,True,False,,,250000,2,QB,QB,GB,0,False,None,,39,64,83,55,18,77,82,1,1,22,74,4,1,81
8552,16,Malik,Willis,Liberty,24,2,73,219,17,8,4,6,1989,True,False,,,550000,1,QB,QB,CHC,0,False,None,,58,77,88,72,34,75,74,7,5,24,86,1,1,80
8553,6,Bailey,Zappe,Western Kentucky,24,2,73,220,0,0,0,0,0,True,False,,,0,0,QB,QB,N/A,0,False,None,,38,56,74,55,3,66,78,1,1,12,85,11,11,72
8554,28,Tyler,Allgeier,BYU,23,2,71,220,9,15,5,9,1989,True,False,,,1900000,2,RB,RB,LON,0,False,None,,71,77,16,83,61,60,10,31,42,33,78,3,1,82
8559,4,James,Cook,Georgia,23,2,71,190,16,9,3,6,1989,True,False,,,850000,1,RB,RB,TB,0,False,None,,73,85,13,86,68,53,9,31,25,33,81,4,1,88
8560,36,Tyrion,Davis-Price,N/A,22,2,73,219,17,0,0,0,0,True,False,,,800000,6,RB,RB,CHC,0,False,None,,69,80,12,81,56,37,8,37,29,26,75,1,1,81
8561,34,Jerome,Ford,Cincinnati,23,2,70,210,0,0,0,0,0,True,False,,,0,0,RB,RB,N/A,0,False,None,,62,70,8,79,61,51,17,28,26,30,75,1,1,75
8562,44,Forrest,Gump,Alabama,24,2,72,195,8,8,2,6,1989,True,False,,,1500000,1,RB,RB,SEA,0,False,None,1989 AFC Pro Bowl Team|1990 AFC Pro Bowl Team,51,98,25,90,37,53,25,50,50,10,99,1,1,85
8563,20,Breece,Hall,Iowa State,22,2,73,220,16,16,2,14,1989,True,False,,,1150000,1,RB,RB,TB,0,False,None,,72,90,21,86,67,61,11,37,36,23,89,5,4,90
8568,48,Isiah,Pacheco,Rutgers,23,2,70,216,6,7,1,20,1989,True,False,,,1850000,2,RB,RB,NYG,0,False,None,,76,77,27,87,67,68,23,28,33,31,85,9,3,88
8569,31,Dameon,Pierce,Florida,23,2,70,218,19,6,5,18,1989,True,False,,,2100000,4,RB,RB,WAS,0,False,None,,80,82,12,81,62,53,10,37,31,34,88,1,1,83
8571,8,Brian,Robinson Jr,Alabama,24,2,73,228,12,12,3,3,1989,True,False,,,850000,1,RB,RB,DET,0,False,None,,75,75,18,83,65,61,16,31,36,33,85,6,6,84
8572,40,Isaiah,Spiller,N/A,22,2,73,215,9,0,0,0,0,True,False,,,1700000,3,RB,RB,LON,0,False,None,,67,85,16,85,64,52,12,29,26,26,80,2,1,84
8573,29,Pierre,Strong Jr,S. Dakota St.,24,2,71,205,10,0,0,0,0,True,False,,,250000,2,RB,RB,IND,0,False,None,,56,77,25,84,58,36,31,29,18,29,82,3,1,79
8574,42,Kenneth,Walker III,Michigan St.,22,2,69,211,13,13,2,8,1989,True,False,,,1500000,1,RB,RB,MIN,0,False,None,1989 Offensive Rookie of the Year|1989 Offensive ROY,76,87,16,87,66,68,11,27,34,30,84,2,1,90
8575,30,Jaylen,Warren,Oklahoma St.,24,2,68,215,14,0,0,0,0,True,False,,,250000,1,RB,RB,ATL,0,False,None,,67,70,13,81,63,55,16,40,35,27,83,6,6,79
8576,1,Rachaad,White,Arizona St.,24,2,72,214,10,10,4,20,1989,True,False,,,550000,1,RB,RB,IND,0,False,None,,64,76,12,83,71,55,10,27,35,23,76,6,4,84
8578,43,Kyren,Williams,Notre Dame,23,2,69,194,5,5,4,3,1989,True,False,,,550000,1,RB,RB,BUF,0,False,None,,66,82,30,83,67,55,28,37,35,35,82,4,1,85
8581,27,Dane,Belton,Iowa,22,2,73,205,3,8,6,15,1989,False,False,,,1650000,1,SS,SS,GB,0,False,None,,55,83,1,79,55,51,1,3,3,58,81,21,19,78
8582,9,Jaquan,Brisker,Penn State,24,2,73,200,13,13,1,19,1989,False,False,,,1850000,2,SS,SS,MIN,0,False,None,,66,92,7,84,61,65,1,9,9,70,84,2,3,88
8584,20,Nick,Cross,Maryland,21,2,72,212,5,5,7,1,1989,False,False,,,1500000,5,SS,SS,BUF,0,False,None,,64,82,4,84,60,50,7,9,9,62,84,8,9,79
8585,14,Kyle,Hamilton,Notre Dame,22,2,76,221,12,12,1,3,1989,False,False,,,3150000,2,FS,FS,DET,0,False,None,,75,92,18,93,69,75,18,13,13,80,89,8,9,98
8586,31,Daxton,Hill,N/A,22,2,72,191,16,16,7,2,1989,False,False,,,2700000,6,CB,CB,TB,0,False,None,,49,90,1,83,57,57,3,9,9,55,82,1,1,87
8588,27,Kerby,Joseph,Illinois,22,2,73,200,1,12,3,19,1989,False,False,Sprained Ankle,Doubtful,850000,1,SS,SS,NYT,0,False,None,,60,79,3,87,63,62,1,1,1,63,84,4,6,83
8596,61,Charles,Cross,Mississippi St.,22,2,77,311,18,18,4,4,1989,True,False,,,550000,1,T,T,BAL,0,False,None,,78,55,5,62,5,73,2,78,86,24,68,4,1,85
8597,77,Ikem,Ekwonu,N.C. State,22,2,76,320,1,3,5,17,1989,True,False,Migraine,,2000000,5,C,C,NYT,0,False,None,,86,48,5,49,15,66,2,74,78,44,74,12,9,81
8598,77,Daniel,Faalele,Minnesota,23,2,80,380,0,9,5,6,1989,True,False,,,0,0,T,T,N/A,0,False,None,,79,16,4,49,13,39,4,75,69,41,52,1,1,74
8599,75,Luke,Goedeke,Central Michigan,24,2,77,312,12,15,6,9,1989,True,False,,,3550000,6,T,T,DET,0,False,None,,79,46,8,57,30,65,1,80,75,34,61,4,7,80
8601,70,Braxton,Jones,Southern Utah,24,2,78,310,13,13,3,8,1989,True,False,,,850000,1,T,T,MIN,0,False,None,,78,52,4,60,12,73,2,79,78,39,65,15,12,85
8603,61,Abraham,Lucas,Wash. St.,24,2,78,322,2,2,3,10,1989,True,False,,,850000,1,T,T,MIA,0,False,None,,79,61,1,53,22,70,1,75,79,31,65,1,1,83
8604,67,Max,Mitchell,UL Lafayette,23,2,78,299,0,0,0,0,0,True,False,,,0,0,T,T,N/A,0,False,None,,71,35,1,39,1,60,1,69,66,26,58,1,1,73
8606,16,George,Musso,Millikin,24,2,74,262,4,4,2,7,1989,True,False,,,1500000,1,T,T,OAK,0,False,None,,84,43,1,69,51,71,1,75,78,73,91,1,1,86
8607,68,Evan,Neal,Alabama,22,2,79,350,10,10,5,4,1989,True,False,,,3050000,6,T,T,IND,0,False,None,,90,51,8,61,13,57,2,82,71,34,68,3,3,83
8608,79,Trevor,Penning,Northern Iowa,24,2,79,325,0,8,7,15,1989,True,False,,,0,0,T,T,N/A,0,False,None,,81,58,4,58,24,49,5,78,67,25,65,1,1,75
8609,78,Nicholas,Petit-Frere,Ohio State,23,2,77,316,11,0,0,0,0,True,False,,,950000,1,T,T,CHI,0,False,None,,79,43,1,50,4,63,1,75,73,28,68,1,1,77
8610,62,Bernhard,Raimann,Central Michigan,25,2,78,303,16,16,2,2,1989,True,False,,,1750000,1,T,T,TB,0,False,None,,90,61,4,70,29,73,6,76,75,32,71,18,17,87
8613,76,Zach,Tom,Wake Forest,24,2,76,304,17,11,5,5,1989,True,False,,,4150000,1,T,T,CHC,0,False,None,,75,60,1,58,9,68,2,72,79,27,62,1,1,83
8616,63,Rasheed,Walker,Penn State,23,2,78,324,0,20,7,13,1989,True,False,,,0,0,T,T,N/A,0,False,None,,75,43,1,60,8,48,1,69,65,42,61,1,1,75
8619,45,Daniel,Bellinger,San Diego St.,22,2,77,253,10,13,6,8,1989,True,False,,,2450000,1,TE,TE,IND,0,False,None,,61,56,1,79,78,66,1,49,46,38,83,1,1,83
8620,81,Grant,Calcaterra,SMU,24,2,76,240,2,0,0,0,0,True,False,,,250000,6,TE,TE,MIA,0,False,None,,53,61,1,79,75,58,1,43,39,12,76,1,1,79
8621,49,Greg,Dulcich,UCLA,23,2,76,245,9,10,6,19,1989,True,False,,,3000000,4,TE,TE,LON,0,False,None,,49,65,1,77,83,71,1,45,40,28,81,7,7,82
8622,87,Jake,Ferguson,Wisconsin,24,2,77,244,4,4,6,7,1989,True,False,,,2300000,4,TE,TE,OAK,0,False,None,,53,65,2,74,78,69,6,51,49,33,78,4,4,82
8623,88,John,FitzPatrick,N/A,23,2,79,250,0,0,0,0,0,True,False,,,0,0,TE,TE,N/A,0,False,None,,58,44,1,67,67,59,1,48,43,31,70,12,10,74
8624,89,Peyton,Hendershot,N/A,22,0,76,254,0,0,0,0,0,True,False,,,0,0,TE,TE,N/A,1989,False,None,,52,66,1,72,75,51,1,40,32,33,71,1,1,74
8626,83,Ko,Kieft,Minnesota,25,2,77,265,0,0,0,0,0,True,False,,,0,0,TE,TE,N/A,0,False,None,,49,60,1,58,67,53,1,46,41,25,65,1,1,67
8628,80,Isaiah,Likely,Coastal Carolina,23,2,76,241,12,12,4,16,1989,True,False,,,550000,1,TE,TE,DET,0,False,None,1989 NFC Pro Bowl Team|1990 NFC Pro Bowl Team,58,64,1,85,80,64,1,50,39,32,80,1,1,83
8629,85,Trey,McBride,Colorado St.,23,2,76,246,16,16,2,18,1989,True,False,,,850000,1,TE,TE,TB,0,False,None,,62,68,5,84,81,69,1,44,45,34,81,5,5,86
8631,34,Nick,Muse,South Carolina,24,2,77,252,5,0,0,0,0,True,False,,,500000,4,TE,TE,BUF,0,False,None,,60,64,1,73,72,52,4,45,40,32,75,1,1,79
8633,85,Chigoziem,Okonkwo,Maryland,23,2,75,238,17,19,5,1,1989,True,False,,,5000000,1,TE,TE,CHC,0,False,None,,62,64,1,82,77,64,1,49,43,26,76,4,3,85
8634,88,Cade,Otton,Washington,24,2,77,247,11,11,3,5,1989,True,False,,,850000,1,TE,TE,CHI,0,False,None,,62,59,2,76,86,73,6,51,52,35,80,4,4,85
8636,88,Armani,Rogers,N/A,24,1,77,225,0,0,0,0,0,True,False,,,0,0,TE,TE,N/A,1990,False,None,,41,58,28,73,72,47,30,37,29,26,62,1,1,69
8637,89,Jeremy,Ruckert,Ohio State,23,2,77,250,6,0,0,0,0,True,False,,,250000,5,TE,TE,NYG,0,False,None,,60,54,1,74,79,59,4,53,44,31,75,7,5,78
8640,49,Jelani,Woods,Virginia,24,2,79,253,20,9,7,11,1989,True,False,,,2550000,6,TE,TE,LOU,0,False,None,,60,68,45,76,77,52,45,41,43,32,76,1,1,81
8642,86,Calvin,Austin III,N/A,24,2,69,162,20,5,6,1,1989,True,False,,,550000,6,WR,WR,LOU,0,False,None,,31,86,5,85,76,43,12,16,10,26,80,3,3,82
8644,16,Treylon,Burks,Arkansas,23,2,74,225,9,9,5,10,1989,True,False,,,500000,5,TE,TE,LON,0,False,None,,53,81,23,78,87,65,17,29,17,40,76,2,2,78
8646,1,Jahan,Dotson,Penn State,23,2,71,182,9,15,7,9,1989,True,False,,,950000,4,WR,WR,LON,0,False,None,,39,75,18,80,83,65,18,20,10,19,81,1,1,79
8647,82,Romeo,Doubs,Nevada,23,2,74,204,3,10,4,19,1989,True,False,,,550000,1,WR,WR,GB,0,False,None,,38,74,1,80,78,67,1,16,8,29,82,5,3,81
8648,18,Erik,Ezukanma,N/A,22,1,74,206,0,0,0,0,0,True,False,,,0,0,WR,WR,N/A,1990,False,None,,40,68,1,70,72,42,1,20,14,9,73,1,1,69
8649,6,Danny,Gray,N/A,24,2,72,200,9,0,0,0,0,True,False,,,250000,1,WR,WR,LON,0,False,None,,30,79,1,85,74,44,1,14,7,14,72,1,1,80
8652,89,Drake,London,USC,22,2,76,213,14,9,2,17,1989,True,False,,,850000,1,WR,WR,ATL,0,False,None,,54,81,1,81,85,68,1,26,15,22,80,1,3,86
8653,83,John,Metchie III,Alabama,23,2,71,187,0,0,0,0,0,True,False,,,0,0,WR,WR,N/A,0,False,None,,42,75,1,72,74,56,1,22,10,15,70,1,1,72
8654,15,Skyy,Moore,W. Michigan,22,2,70,195,17,8,6,6,1989,True,False,,,3100000,2,WR,WR,CHC,0,False,None,,50,80,25,78,83,58,19,25,16,24,84,3,4,84
8655,83,Jalen,Nailor,Michigan St.,24,2,72,190,1,0,0,0,0,True,False,,,1600000,2,WR,WR,NYT,0,False,None,,33,78,1,78,76,51,1,24,8,26,73,1,1,79
8656,83,Chris,Olave,Ohio State,23,2,72,187,11,11,1,12,1989,True,False,,,2100000,2,WR,WR,CHI,0,False,None,,42,83,1,83,87,76,1,21,14,12,87,5,7,88
8657,18,Kyle,Philips,N/A,24,2,71,189,0,0,0,0,0,True,False,,,0,0,WR,WR,N/A,0,False,None,,39,84,1,75,79,54,1,26,13,25,81,2,1,79
8658,14,George,Pickens,Georgia,22,2,75,200,6,6,3,18,1989,True,False,,,850000,1,WR,WR,NYG,0,False,None,,43,83,3,80,90,72,1,35,18,19,82,5,4,84
8659,14,Alec,Pierce,Cincinnati,23,2,75,211,20,2,6,14,1989,True,False,,,500000,2,WR,WR,LOU,0,False,None,,41,77,1,85,82,65,1,20,18,23,80,2,2,82
8660,84,Wan'Dale,Robinson,Kentucky,22,2,68,185,12,12,3,16,1989,True,False,,,850000,1,WR,WR,DET,0,False,None,,39,83,1,80,82,55,1,23,14,28,75,4,3,84
8662,80,Rashid,Shaheed,Weber State,25,2,72,180,5,3,6,3,1989,True,False,,,250000,1,WR,WR,BUF,0,False,None,,39,81,1,82,84,62,1,16,15,19,75,2,3,81
8663,10,Khalil,Shakir,Boise State,23,2,72,190,2,0,0,0,0,True,False,,,900000,4,WR,WR,MIA,0,False,None,,38,76,3,80,75,58,7,12,9,17,80,1,1,79
8664,83,Deven,Thompkins,N/A,22,1,68,160,0,0,0,0,0,True,False,,,0,0,WR,WR,N/A,1990,False,None,,17,74,1,77,68,33,1,1,6,9,70,1,1,70
8665,11,Tyquan,Thornton,Baylor,23,2,74,182,0,0,0,0,0,True,False,,,0,0,WR,WR,N/A,0,False,None,,26,69,5,76,70,49,4,12,1,5,75,1,1,68
8666,18,Jalen,Tolbert,South Alabama,24,2,73,195,11,0,0,0,0,True,False,,,250000,1,WR,WR,CHI,0,False,None,,39,81,1,79,76,52,4,23,11,17,86,3,1,80
8668,15,Jalen,Virgil,N/A,24,1,73,210,0,0,0,0,0,True,False,,,0,0,WR,WR,N/A,1990,False,None,,37,68,1,77,65,27,1,16,14,21,69,1,1,69
8669,12,Montrell,Washington,N/A,23,1,70,170,0,0,0,0,0,True,False,,,0,0,WR,WR,N/A,1990,False,None,,24,77,1,75,72,39,6,8,1,16,66,1,1,69
8670,84,Christian,Watson,North Dakota St.,24,2,76,208,9,9,2,16,1989,True,False,,,850000,1,WR,WR,LON,0,False,None,,44,82,1,88,76,56,1,24,12,21,67,1,3,85
8671,9,Jameson,Williams,Alabama,22,2,74,189,2,2,3,14,1989,True,False,,,850000,1,WR,WR,MIA,0,False,None,,41,85,1,86,76,55,1,18,11,20,74,1,3,84
8672,17,Garrett,Wilson,Ohio State,23,2,72,192,20,20,1,13,1989,True,False,,,2100000,2,WR,WR,LOU,0,False,None,,39,85,1,86,88,74,1,25,13,17,78,3,1,89
8678,57,TJAJRJ,Backslashinfourth V,Albion College,22,2,78,240,17,0,0,0,0,False,False,,,490000,1,DT,DT,CHC,0,False,None,,77,47,1,61,30,49,1,1,1,60,72,1,1,73
8681,27,Fazoli,Duaneson,Ball St,22,2,66,247,0,0,0,0,0,True,False,,,0,0,FB,FB,N/A,0,False,None,,57,54,1,56,46,39,1,37,50,27,68,1,1,68
8683,0,Wing,Dings,Online Classes,20,0,72,255,0,0,0,0,0,True,False,,,0,0,FB,FB,N/A,1989,False,None,,60,57,1,62,52,47,1,40,53,35,77,1,1,74
8686,55,Tyroil,Smoochie-Wallace,Miami (FL),21,1,75,235,0,0,0,0,0,True,False,,,0,0,G,G,N/A,1990,False,None,,57,52,1,49,8,49,1,58,69,43,52,1,1,65
8690,6,MattPatt,BrownJohns-Juggson,Notre Dame St,22,2,75,248,0,0,0,0,0,True,False,,,0,0,K,K,N/A,0,False,None,,15,26,2,30,1,41,1,1,1,4,82,72,73,61
8692,13,D'Pez,Poopsie,Mississippi,22,2,71,233,17,0,0,0,0,True,False,,,490000,1,P,P,CHC,0,False,None,,25,48,2,40,4,52,1,1,1,17,83,68,66,64
8696,40,James,Jones FB II,Florida,29,5,74,229,12,0,0,0,0,True,False,,,1750000,1,FB,FB,DET,0,False,None,,83,50,1,66,58,51,1,53,50,30,70,1,1,87
9599,10,Peyton,Manning,Tennessee,23,1,77,230,7,7,1,1,1990,True,False,,,3000000,3,QB,QB,CIN,0,False,None,,55,66,87,57,25,96,98,8,1,32,95,10,1,93
9600,2,Jim,Everett,Purdue,24,1,77,212,17,17,6,4,1990,True,False,,,250000,1,QB,QB,CHC,0,False,None,,64,56,87,57,11,80,82,1,1,29,81,3,1,83
9601,19,Jim,Kelly,Miami (FL),27,1,75,217,10,3,1,6,1990,True,False,,,2500000,3,QB,QB,IND,0,False,None,,69,70,89,57,22,82,87,5,1,20,96,7,10,87
9602,15,Kurt,Warner,Northern Iowa,28,1,74,220,13,13,1,17,1990,True,False,,,1750000,3,QB,QB,MIN,0,False,None,,51,53,88,55,23,81,94,1,1,34,76,1,3,87
9603,12,Joe,Namath,Alabama,24,1,74,200,19,19,3,6,1990,True,False,,,750000,2,QB,QB,WAS,0,False,None,,50,63,79,59,13,90,78,1,1,15,84,1,1,82
9604,4,Brian,Griese,Michigan,24,1,75,215,8,8,6,13,1990,True,False,,,250000,1,QB,QB,SEA,0,False,None,,51,56,82,50,19,80,80,1,1,22,74,1,1,80
9605,14,Jason,White,Oklahoma,26,1,75,220,15,3,5,13,1990,True,False,,,250000,1,QB,QB,SF,0,False,None,,58,46,72,35,16,87,88,1,1,1,50,1,1,79
9606,9,Bubby,Brister,La-Monroe,25,1,75,205,7,0,0,0,0,True,False,,,250000,1,QB,QB,CIN,0,False,None,,46,64,80,62,13,78,72,1,1,15,69,1,1,78
9607,12,Lynn,Dickey II,Kansas St,26,1,75,214,18,18,6,16,1990,True,False,,,250000,1,QB,QB,BAL,0,False,None,,42,57,84,57,24,80,76,1,1,8,72,1,1,79
9608,8,Charlie,Batch,Eastern Michigan,25,1,74,220,10,0,0,0,0,True,False,,,250000,1,QB,QB,IND,0,False,None,,38,55,85,52,19,75,74,1,1,9,74,1,1,77
9609,2,Doug,Flutie,Boston College,25,1,70,180,5,5,6,2,1990,True,False,,,250000,1,QB,QB,BUF,0,False,None,,53,76,78,66,6,80,75,1,1,10,79,1,1,80
9610,8,Jonathan,Quinn,Middle Tenn. State,24,1,78,243,0,0,0,0,0,True,False,,,0,0,QB,QB,N/A,0,False,None,,44,50,70,51,7,75,74,1,1,7,75,1,1,73
9611,11,Doug,Gaynor,Long Beach State,24,1,74,205,0,0,0,0,0,True,False,,,0,0,QB,QB,N/A,0,False,None,,47,55,60,42,4,61,61,1,1,11,65,1,1,62
9612,12,Ryan,Leaf,Washington State,23,1,77,245,16,16,7,11,1990,True,False,,,250000,1,QB,QB,TB,0,False,None,,49,54,87,52,6,67,81,1,1,10,82,1,1,78
9613,12,Moses,Moreno,Colorado State,24,1,73,205,0,0,0,0,0,True,False,,,0,0,QB,QB,N/A,0,False,None,,48,50,64,51,5,80,78,1,1,3,80,1,1,74
9615,17,Chuck,Long,Iowa,24,1,76,217,8,0,0,0,0,True,False,,,1450000,4,QB,QB,SEA,0,False,None,,52,58,76,49,15,80,84,1,1,5,78,1,1,80
9617,13,Kent,Austin,Mississippi,24,1,73,195,0,0,0,0,0,True,False,,,0,0,QB,QB,N/A,0,False,None,,45,47,69,44,11,66,66,1,1,5,72,1,1,67
9619,13,Damon,Huard,Washington,26,1,75,215,19,0,0,0,0,True,False,,,250000,1,QB,QB,WAS,0,False,None,,51,61,73,49,14,75,81,1,1,5,72,1,1,77
9626,22,Ahman,Green,Nebraska,22,1,72,217,2,2,2,19,1990,True,False,,,750000,2,RB,RB,MIA,0,False,None,,71,96,27,80,75,74,30,40,32,36,83,1,1,88
9627,47,Fred,Taylor,Florida,23,1,73,234,8,8,2,17,1990,True,False,Jammed Finger,,750000,2,RB,RB,SEA,0,False,None,,67,80,30,94,61,60,21,41,37,27,84,5,1,87
9628,24,Herschel,Walker,Georgia,25,1,73,225,1,1,2,7,1990,True,False,,,1250000,2,RB,RB,NYT,0,False,None,,62,86,13,85,60,58,22,38,22,23,84,1,1,84
9629,39,Ronnie,Harmon,Iowa,23,1,71,200,20,20,4,3,1990,True,False,,,500000,2,RB,RB,LOU,0,False,None,,53,82,17,83,56,55,21,27,25,23,81,1,1,78
9630,29,Rueben,Mayes,Washington State,24,1,71,201,19,0,0,0,0,True,False,,,250000,1,RB,RB,WAS,0,False,None,,54,70,9,79,65,59,18,27,31,35,77,1,1,76
9633,22,Curtis,Enis,Penn State,23,1,72,242,0,0,0,0,0,True,False,,,0,0,RB,RB,N/A,0,False,None,,51,75,18,75,54,44,14,19,26,19,64,1,1,71
9635,39,Carl,Byrum,Miss. Valley State,24,1,72,232,0,0,0,0,0,True,False,,,0,0,RB,RB,N/A,0,False,None,,59,72,5,72,52,44,17,17,27,23,73,1,1,70
9636,48,Kenneth,Davis,TCU,25,1,70,208,5,18,7,16,1990,True,False,,,250000,1,RB,RB,BUF,0,False,None,,58,77,25,84,63,45,14,20,31,19,81,1,1,79
9637,44,Allen,Pinkett,Notre Dame,23,1,69,190,11,11,6,5,1990,True,False,,,250000,1,RB,RB,CHI,0,False,None,,70,80,14,81,67,55,14,20,26,33,69,1,1,81
9639,26,Neal,Anderson,Florida,23,1,71,210,3,3,5,17,1990,True,False,,,250000,2,RB,RB,GB,0,False,None,,61,78,12,85,60,46,21,31,40,23,83,1,1,79
9640,38,Tony,Cherry,Oregon,24,1,67,187,0,0,0,0,0,True,False,,,0,0,RB,RB,N/A,0,False,None,,60,75,16,71,53,37,16,11,19,13,73,1,1,70
9641,24,Robert,Edwards,Georgia,25,1,71,218,7,7,7,1,1990,True,False,,,250000,1,RB,RB,CIN,0,False,None,,69,75,13,87,56,47,8,28,21,21,64,1,1,80
9642,38,Robert,Holcombe,Illinois,24,1,71,208,0,0,0,0,0,True,False,,,0,0,RB,RB,N/A,0,False,None,,60,66,11,74,47,51,19,23,24,15,75,1,1,70
9644,2,Ken,Strong,NYU,24,1,72,206,10,10,4,6,1990,False,False,,,500000,2,CB,CB,IND,0,False,None,,60,72,25,82,71,66,15,35,35,63,80,65,65,90
9645,38,Junior,Tautalatasi,Washington State,24,1,70,207,0,0,0,0,0,True,False,,,0,0,RB,RB,N/A,0,False,None,,54,69,2,75,50,43,10,20,20,10,68,1,1,70
9646,27,Nathan,Wonsley,Mississippi,24,1,70,190,0,0,0,0,0,True,False,,,0,0,RB,RB,N/A,0,False,None,,48,66,2,76,56,45,8,23,14,22,63,1,1,69
9647,23,Chuck,Banks,Ferrum,23,1,74,225,0,0,0,0,0,True,False,,,0,0,RB,RB,N/A,0,False,None,,59,71,18,70,52,35,9,13,27,23,60,1,1,68
9648,46,Bobby Joe,Edmonds,Arkansas,23,1,71,186,0,0,0,0,0,True,False,,,0,0,RB,RB,N/A,0,False,None,,58,67,11,72,55,45,7,20,14,18,71,1,1,69
9649,32,Bobby,Howard,Indiana,23,1,72,213,0,0,0,0,0,True,False,,,0,0,RB,RB,N/A,0,False,None,,59,69,10,75,43,37,1,15,22,15,72,1,1,69
9650,38,Garry,James,LSU,24,1,70,214,0,0,0,0,0,True,False,,,0,0,RB,RB,N/A,0,False,None,,61,63,5,68,63,47,4,26,24,16,74,1,1,69
9651,43,Vance,Mueller,Occidental,23,1,72,210,0,0,0,0,0,True,False,,,0,0,RB,RB,N/A,1991,False,None,,51,69,4,77,44,48,14,22,12,21,70,1,1,69
9652,36,Pooh Bear,Williams,Florida State,24,1,73,265,0,0,0,0,0,True,False,,,0,0,RB,RB,N/A,0,False,None,,57,68,7,72,57,49,17,18,20,14,66,1,1,70
9656,27,Charles,Crawford,Oklahoma State,23,1,74,235,0,0,0,0,0,True,False,,,0,0,RB,RB,N/A,0,False,None,,51,73,6,68,47,46,14,24,25,19,60,1,1,67
9657,34,Wilmont,Perry,Livingstone,24,1,73,230,0,0,0,0,0,True,False,,,0,0,RB,RB,N/A,0,False,None,,62,62,13,75,41,48,1,25,11,29,69,1,1,69
9658,41,Travis,Reece,Michigan State,24,1,75,252,0,0,0,0,0,True,False,,,0,0,RB,RB,N/A,0,False,None,,44,71,18,74,46,43,5,12,12,14,64,1,1,66
9659,24,Vai,Sikahema,BYU,25,1,69,181,16,16,5,10,1990,True,False,,,250000,1,RB,RB,TB,0,False,None,1990 NFC Pro Bowl Team,50,70,7,90,53,48,3,23,21,16,69,1,1,76
9660,37,Oscar,Smith,Nicholls State,24,1,69,203,0,0,0,0,0,True,False,,,0,0,RB,RB,N/A,0,False,None,,51,68,17,74,46,46,13,18,9,26,72,1,1,67
9661,22,James,Allen,Oklahoma,24,1,70,212,0,0,0,0,0,True,False,,,0,0,RB,RB,N/A,0,False,None,,46,71,4,68,55,40,8,22,11,10,67,1,1,66
9662,25,Ken,Bell,Boston College,23,1,70,190,0,0,0,0,0,True,False,,,0,0,RB,RB,N/A,0,False,None,,51,61,16,70,52,49,6,13,23,12,72,1,1,66
9664,46,Reggie,Dupard,SMU,24,1,71,206,0,0,0,0,0,True,False,,,0,0,RB,RB,N/A,0,False,None,,59,58,1,78,44,42,11,14,13,22,61,1,1,68
9666,35,Chris,Smith,Notre Dame,24,1,73,232,0,0,0,0,0,True,False,,,0,0,RB,RB,N/A,1991,False,None,,53,71,13,73,41,40,10,12,20,14,65,1,1,67
9667,20,Ray,Wallace,Purdue,24,1,72,224,0,0,0,0,0,True,False,,,0,0,RB,RB,N/A,0,False,None,,51,63,5,70,53,42,5,15,26,22,61,1,1,66
9669,42,Ricky,Moore,Alabama,24,1,71,234,0,0,0,0,0,True,False,,,0,0,RB,RB,N/A,1991,False,None,,58,74,11,64,49,48,10,20,16,13,74,1,1,67
9671,39,John,Avery,Mississippi,23,1,69,188,0,0,0,0,0,True,False,,,0,0,RB,RB,N/A,0,False,None,,59,65,7,75,42,43,10,11,23,26,77,1,1,68
9673,21,Darryl,Clack,Arizona State,24,1,70,219,0,0,0,0,0,True,False,,,0,0,RB,RB,N/A,1991,False,None,,51,69,13,65,52,43,18,26,18,19,68,1,1,65
9674,42,Pat,Franklin,Houston,24,1,73,232,0,0,0,0,0,True,False,,,0,0,RB,RB,N/A,0,False,None,,55,71,1,62,55,47,13,21,19,24,75,1,1,66
9677,31,Ken,Oxendine,Virginia Tech,24,1,72,228,0,0,0,0,0,True,False,,,0,0,RB,RB,N/A,1991,False,None,,51,65,9,70,43,50,5,22,27,12,67,1,1,66
9678,25,Tremayne,Stephens,North Carolina State,23,1,71,206,0,0,0,0,0,True,False,,,0,0,RB,RB,N/A,1991,False,None,,59,66,12,64,52,43,5,27,19,23,68,1,1,66
9681,45,Dwight,Garner,California,23,1,68,183,0,0,0,0,0,True,False,,,0,0,RB,RB,N/A,0,False,None,,51,67,4,62,50,48,15,20,21,27,70,1,1,64
9682,32,Mel,Gray,Purdue,26,1,69,167,4,4,5,9,1990,True,False,,,250000,1,RB,RB,OAK,0,False,None,,56,65,15,94,57,39,14,17,31,28,67,1,1,78
9684,42,Rashaan,Shehee,Washington,24,1,70,205,0,0,0,0,0,True,False,,,0,0,RB,RB,N/A,1991,False,None,,50,70,3,69,41,45,11,15,21,27,63,1,1,65
9686,38,June,Henley,Kansas,24,1,70,226,0,0,0,0,0,True,False,,,0,0,RB,RB,N/A,1991,False,None,,57,62,15,62,48,50,4,28,26,14,61,1,1,64
9687,36,Chris,Howard,Michigan,24,1,70,223,0,0,0,0,0,True,False,,,0,0,RB,RB,N/A,0,False,None,,46,59,3,65,57,38,8,10,12,14,63,1,1,62
9689,41,Chuck,Sanders,Slippery Rock,23,1,73,233,0,0,0,0,0,True,False,,,0,0,RB,RB,N/A,0,False,None,,50,73,8,60,46,40,7,20,15,24,63,1,1,63
9692,22,Mike,Reed,Washington,23,0,72,215,0,0,0,0,0,True,False,,,0,0,RB,RB,N/A,1990,False,None,,53,63,7,66,45,52,13,19,18,24,75,1,1,65
9694,41,Nuu,Faaola,Hawaii,23,1,71,215,0,0,0,0,0,True,False,,,0,0,RB,RB,N/A,0,False,None,,48,57,7,61,40,37,12,11,27,19,70,1,1,59
9695,30,John L,Williams,Florida,23,1,71,231,11,11,3,1,1990,True,False,,,750000,2,FB,FB,CHI,0,False,None,,76,55,1,85,51,54,1,60,51,24,81,1,1,88
9696,38,Tom,Rathman,Nebraska,25,1,73,230,10,10,5,2,1990,True,False,,,250000,1,FB,FB,IND,0,False,None,,66,86,10,74,59,55,14,46,42,26,69,1,1,80
9697,38,Keith,Byars,Ohio State,24,1,73,245,11,11,5,5,1990,True,False,,,250000,1,TE,TE,CHI,0,False,None,,68,71,17,80,71,65,25,40,37,23,80,1,1,79
9698,33,Al,Bundy,Polk High,21,1,73,210,3,3,5,4,1990,True,False,,,250000,1,FB,FB,GB,0,False,None,,70,70,20,80,55,45,1,52,42,25,83,1,1,80
9700,37,Fred,Beasley,Auburn,25,1,72,246,7,2,4,19,1990,True,False,,,500000,2,FB,FB,CIN,0,False,None,,66,57,1,77,52,53,1,55,46,33,65,1,1,82
9702,40,Chris,Fuamatu-Ma'afala,Utah,22,1,72,252,18,0,0,0,0,True,False,,,250000,1,RB,RB,BAL,0,False,None,,69,75,7,77,52,50,6,42,39,22,69,1,1,75
9703,43,Greg,Comella,Stanford,24,1,73,248,0,0,0,0,0,True,False,,,0,0,FB,FB,N/A,0,False,None,,56,54,1,61,49,44,1,39,33,12,58,1,1,64
9704,36,Chris,Floyd,Michigan,23,0,74,231,0,0,0,0,0,True,False,,,0,0,FB,FB,N/A,1990,False,None,,68,76,18,64,49,40,16,33,29,27,78,1,1,64
9705,44,Brock,Olivo,Missouri,23,1,72,226,0,0,0,0,0,True,False,,,0,0,FB,FB,N/A,0,False,None,,64,72,6,62,43,37,6,25,26,30,74,1,1,57
9706,33,Obafemi,Ayanbadejo,San Diego State,24,1,74,235,0,0,0,0,0,True,False,,,0,0,FB,FB,N/A,0,False,None,,64,60,10,61,53,41,18,27,18,31,70,1,1,56
9708,81,Randy,Moss,Marshall,22,1,76,215,11,11,1,2,1990,True,False,,,3000000,3,WR,WR,CHI,0,False,None,1990 Offensive Rookie of the Year|1990 Offensive ROY|1990 NFC Pro Bowl Team,45,94,1,92,100,83,1,43,34,39,93,6,1,98
9709,82,Boyd,Dowler,Colorado,23,1,77,224,11,11,3,5,1990,True,False,,,750000,2,WR,WR,CHI,0,False,None,,49,89,1,87,80,51,1,27,28,26,79,1,1,85
9710,84,Hines,Ward,Georgia,23,1,72,205,10,10,1,20,1990,True,False,,,1750000,3,WR,WR,IND,0,False,None,,38,90,70,87,83,66,65,39,10,26,85,1,1,87
9711,88,Joe,Jurevicius,Penn State,25,1,77,230,6,6,5,7,1990,True,False,,,250000,1,WR,WR,NYG,0,False,None,,31,83,1,80,81,59,1,23,14,18,76,1,1,80
9712,84,Webster,Slaughter,San Diego State,23,1,73,175,1,1,4,18,1990,True,False,,,500000,2,WR,WR,NYT,0,False,None,,50,71,1,86,71,65,1,24,28,38,72,1,1,80
9713,80,Bill,Brooks,Boston University,23,1,72,188,19,19,7,10,1990,True,False,,,250000,1,WR,WR,WAS,0,False,None,,40,73,1,77,88,50,1,26,27,31,74,1,1,79
9714,81,Ricky,Sanders,Texas State,25,1,71,182,3,3,4,12,1990,True,False,,,500000,2,WR,WR,GB,0,False,None,,41,74,1,84,83,61,1,14,12,26,77,1,1,81
9715,89,Corey,Bradford,Jackson State,24,1,73,201,18,0,0,0,0,True,False,,,250000,1,WR,WR,BAL,0,False,None,,43,73,1,83,73,60,1,28,21,21,96,1,1,79
9716,87,Oronde,Gadsden,Winston-Salem State,28,1,74,215,10,0,0,0,0,True,False,,,250000,1,WR,WR,IND,0,False,None,,33,81,1,77,79,52,1,14,19,35,70,1,1,77
9717,86,Tim,McGee,Tennessee,23,1,70,183,19,0,0,0,0,True,False,,,250000,1,WR,WR,WAS,0,False,None,,32,84,1,75,85,62,1,21,16,18,84,1,1,79
9718,86,Ernest,Givins,Louisville,23,1,69,178,10,3,5,15,1990,True,False,,,250000,1,WR,WR,IND,0,False,None,,40,88,1,81,73,65,1,34,25,29,71,1,1,81
9719,84,Az-Zahir,Hakim,San Diego State,22,1,70,189,13,13,3,16,1990,True,False,,,750000,2,WR,WR,MIN,0,False,None,,35,89,1,88,72,58,1,26,11,33,77,1,1,82
9720,85,Hassan,Jones,Florida State,23,1,72,198,0,0,0,0,0,True,False,,,0,0,WR,WR,N/A,0,False,None,,32,70,1,76,73,47,1,22,4,31,73,1,1,72
9721,88,Marcus,Robinson,South Carolina,24,1,75,215,12,12,7,15,1990,True,False,,,250000,1,WR,WR,DET,0,False,None,,31,79,1,83,78,47,1,20,8,29,84,1,1,78
9723,82,Jeff,Ogden,Eastern Washington,24,1,72,190,0,0,0,0,0,True,False,,,0,0,WR,WR,N/A,0,False,None,,34,73,1,77,78,45,1,20,12,26,75,1,1,75
9724,87,Jerome,Pathon,Acadia (Canada),24,1,72,195,0,0,0,0,0,True,False,,,0,0,WR,WR,N/A,0,False,None,,35,69,1,66,77,60,1,21,12,20,81,1,1,71
9726,80,Damon,Gibson,Iowa,24,1,69,180,0,0,0,0,0,True,False,,,0,0,WR,WR,N/A,0,False,None,,29,68,1,76,72,40,1,21,1,17,69,1,1,70
9729,81,Vince,Warren,San Diego State,24,1,72,180,0,0,0,0,0,True,False,,,0,0,WR,WR,N/A,0,False,None,,24,66,1,71,73,51,1,23,9,19,63,1,1,69
9730,85,David,Williams,Illinois,24,1,75,190,0,0,0,0,0,True,False,,,0,0,WR,WR,N/A,0,False,None,,25,72,1,75,65,49,1,22,9,11,63,1,1,70
9731,84,Germane,Crowell,Virginia,23,1,75,213,19,19,6,6,1990,True,False,,,250000,1,WR,WR,WAS,0,False,None,,35,76,1,83,78,58,1,21,11,20,73,1,1,79
9732,89,Todd,Doxzon,Iowa State,24,1,73,186,0,0,0,0,0,True,False,,,0,0,WR,WR,N/A,0,False,None,,33,73,1,70,68,41,1,24,3,26,75,1,1,69
9733,82,Chas,Fox,Furman,24,1,71,180,0,0,0,0,0,True,False,,,0,0,WR,WR,N/A,0,False,None,,37,55,1,74,70,50,1,6,5,24,74,1,1,68
9736,82,Mark,Jackson,Purdue,24,1,69,180,0,0,0,0,0,True,False,,,0,0,WR,WR,N/A,0,False,None,,34,69,1,69,67,48,1,25,16,15,66,1,1,68
9737,87,Marcus,Nash,Tennessee,23,1,75,195,0,0,0,0,0,True,False,,,0,0,WR,WR,N/A,0,False,None,,39,74,1,71,59,49,1,13,10,22,75,1,1,68
9738,89,James,Noble,Stephen F. Austin,24,1,72,193,0,0,0,0,0,True,False,,,0,0,WR,WR,N/A,0,False,None,,24,74,1,69,69,41,1,8,3,20,60,1,1,68
9739,82,Mike,Sherrard,UCLA,24,1,73,185,20,0,0,0,0,True,False,,,250000,1,WR,WR,LOU,0,False,None,,42,80,1,79,75,53,1,13,20,32,84,1,1,78
9740,85,Floyd,Dixon,Stephen F. Austin,23,1,69,170,0,0,0,0,0,True,False,,,0,0,WR,WR,N/A,0,False,None,,24,77,1,75,78,44,1,20,2,30,70,1,1,74
9741,81,Tim,Dwight,Iowa,24,1,68,180,14,14,6,10,1990,True,False,,,250000,1,WR,WR,ATL,0,False,None,,30,76,1,85,76,57,1,20,11,25,69,1,1,78
9745,84,Corey,Thomas,Duke,24,1,72,174,0,0,0,0,0,True,False,,,0,0,WR,WR,N/A,0,False,None,,21,65,1,72,74,46,1,16,7,19,79,1,1,68
9746,81,Clarence,Verdin,La-Lafayette,24,1,68,160,12,0,0,0,0,True,False,,,250000,1,WR,WR,DET,0,False,None,,40,71,1,86,68,60,1,19,14,17,80,1,1,78
9751,80,Kamil,Loud,Cal Poly-San Luis Obispo,23,1,72,190,0,0,0,0,0,True,False,,,0,0,WR,WR,N/A,1991,False,None,,25,58,1,67,77,54,1,19,6,13,68,1,1,67
9754,89,Elijah,Williams,Florida,24,1,70,181,0,0,0,0,0,True,False,,,0,0,WR,WR,N/A,0,False,None,,38,75,1,68,63,44,1,17,8,12,64,1,1,67
9755,82,Brian,Alford,Purdue,24,1,73,190,0,0,0,0,0,True,False,,,0,0,WR,WR,N/A,0,False,None,,28,69,1,67,68,51,1,11,3,17,75,1,1,67
9756,81,Kelvin,Edwards,Liberty,23,1,74,202,0,0,0,0,0,True,False,,,0,0,WR,WR,N/A,0,False,None,,33,62,1,72,66,49,1,15,1,18,72,1,1,67
9758,85,E.G.,Green,Florida State,24,1,71,188,0,0,0,0,0,True,False,,,0,0,WR,WR,N/A,1991,False,None,,23,61,1,71,70,43,1,19,15,27,78,1,1,66
9759,84,Anthony,Ladd,Cincinnati,25,0,73,188,0,0,0,0,0,True,False,,,0,0,WR,WR,N/A,1990,False,None,,30,74,1,65,78,46,1,20,9,15,65,1,1,69
9761,80,Jessie,Britt,North Carolina A&T,24,1,76,198,0,0,0,0,0,True,False,,,0,0,WR,WR,N/A,1991,False,None,,21,59,1,73,66,50,1,18,13,24,73,1,1,66
9765,81,Donald,Hayes,Wisconsin,24,1,76,220,0,0,0,0,0,True,False,,,0,0,WR,WR,N/A,1991,False,None,,32,65,1,58,73,54,1,7,1,17,77,1,1,64
9767,84,Eric,Swanson,Tennessee,24,1,71,186,0,0,0,0,0,True,False,,,0,0,WR,WR,N/A,1991,False,None,,28,66,1,69,66,46,1,15,3,12,65,1,1,66
9768,83,Eric,Yarber,Idaho,24,1,68,156,0,0,0,0,0,True,False,,,0,0,WR,WR,N/A,0,False,None,,35,70,1,63,59,43,1,22,3,17,67,1,1,63
9771,87,Patrick,Johnson,Oregon,23,1,70,186,0,0,0,0,0,True,False,,,0,0,WR,WR,N/A,1991,False,None,,33,73,1,62,61,55,1,7,1,19,78,1,1,65
9773,82,Solomon,Miller,Utah State,23,1,73,185,0,0,0,0,0,True,False,,,0,0,WR,WR,N/A,1991,False,None,,33,66,1,59,71,47,1,19,9,18,67,1,1,65
9774,89,James,Pruitt,Cal State-Fullerton,23,1,75,199,0,0,0,0,0,True,False,,,0,0,WR,WR,N/A,0,False,None,,35,63,1,64,64,44,1,12,1,24,70,1,1,64
9778,89,Tony,Horne,Clemson,23,1,69,173,0,0,0,0,0,True,False,,,0,0,WR,WR,N/A,1991,False,None,,25,72,1,65,62,58,1,13,12,22,69,1,1,65
9779,83,Chuck,Scott,Vanderbilt,24,1,74,198,0,0,0,0,0,True,False,,,0,0,WR,WR,N/A,1991,False,None,,31,68,1,63,63,47,1,6,12,14,71,1,1,64
9781,89,Kevin,Dyson,Utah,24,1,73,208,4,9,7,7,1990,True,False,,,250000,1,WR,WR,OAK,0,False,None,,28,72,1,86,78,58,1,14,7,21,75,1,1,78
9782,84,Keith,Williams,Southwest Missouri State,23,1,70,173,0,0,0,0,0,True,False,,,0,0,WR,WR,N/A,0,False,None,,19,58,1,58,74,46,1,10,12,11,71,1,1,62
9786,83,Emile,Harry,Stanford,24,1,71,175,0,0,0,0,0,True,False,,,0,0,WR,WR,N/A,1991,False,None,,24,65,1,60,74,49,1,22,7,18,70,1,1,64
9787,87,LeBron,James,Akron,20,1,81,250,14,14,2,12,1990,True,False,,,1000000,2,TE,TE,ATL,0,False,None,,73,79,1,79,67,77,1,34,31,35,82,1,1,82
9788,80,Rod,Rutledge,Alabama,24,1,77,262,10,0,0,0,0,True,False,,,250000,1,TE,TE,IND,0,False,None,,57,59,1,71,71,58,1,40,38,38,71,1,1,74
9790,82,Stephen,Alexander,Oklahoma,24,1,76,246,10,0,0,0,0,True,False,,,250000,1,TE,TE,IND,0,False,None,,57,62,1,77,68,52,1,44,44,29,79,1,1,75
9791,81,Jeremy,Brigham,Washington,24,1,78,255,4,0,0,0,0,True,False,,,250000,1,TE,TE,OAK,0,False,None,,58,61,1,68,68,53,1,47,33,28,68,1,1,73
9793,87,Terry,Hardy,Southern Miss,23,1,76,266,0,0,0,0,0,True,False,,,0,0,TE,TE,N/A,0,False,None,,50,61,1,53,69,51,1,37,32,24,69,1,1,66
9795,85,Ron,Middleton,Auburn,22,1,74,262,0,0,0,0,0,True,False,,,0,0,TE,TE,N/A,0,False,None,,50,54,1,56,67,48,1,41,27,19,69,1,1,65
9797,87,Mike,Moffitt,Fresno State,24,1,76,215,0,0,0,0,0,True,False,,,0,0,TE,TE,N/A,0,False,None,,58,57,1,68,58,40,1,38,22,27,56,1,1,65
9798,89,Jeff,Parks,Auburn,23,1,76,238,0,0,0,0,0,True,False,,,0,0,TE,TE,N/A,0,False,None,,55,50,1,62,64,42,1,41,27,32,63,1,1,65
9799,85,Carl,Hilton,Houston,23,1,75,232,0,0,0,0,0,True,False,,,0,0,TE,TE,N/A,1991,False,None,,59,55,1,57,55,50,1,33,39,20,71,1,1,65
9800,88,Orson,Mobley,Florida State,24,1,77,256,0,0,0,0,0,True,False,,,0,0,TE,TE,N/A,0,False,None,,41,52,1,68,69,47,1,33,36,29,61,1,1,65
9802,85,Butch,Rolle,Michigan State,23,1,75,242,0,0,0,0,0,True,False,,,0,0,TE,TE,N/A,0,False,None,,46,58,1,70,60,41,1,26,33,36,61,1,1,63
9803,85,Greg,Baty,Stanford,23,1,77,241,0,0,0,0,0,True,False,,,0,0,TE,TE,N/A,0,False,None,,43,55,1,60,59,55,1,41,30,22,67,1,1,63
9809,82,Alonzo,Mayes,Oklahoma State,24,1,76,259,0,0,0,0,0,True,False,,,0,0,TE,TE,N/A,1991,False,None,,47,64,1,53,65,41,1,32,36,24,59,1,1,64
9813,88,Cap,Boso,Illinois,24,1,76,232,4,0,0,0,0,True,False,,,250000,1,TE,TE,OAK,0,False,None,,65,54,1,68,73,45,1,43,32,40,70,1,1,73
9814,87,Wendell,Davis,Temple,24,1,74,246,0,0,0,0,0,True,False,,,0,0,TE,TE,N/A,0,False,None,,44,46,1,64,70,41,1,30,23,30,60,1,1,61
9815,82,Kaseem,Sinceno,Syracuse,23,1,76,259,0,0,0,0,0,True,False,,,0,0,TE,TE,N/A,1991,False,None,,46,46,1,57,67,42,1,38,37,32,55,1,1,63
9816,81,Robert,Stallings,Southern Miss,23,1,78,250,0,0,0,0,0,True,False,,,0,0,TE,TE,N/A,1991,False,None,,50,50,1,60,56,54,1,35,36,28,71,1,1,63
9818,80,Roland,Williams,Syracuse,24,1,77,265,0,0,0,0,0,True,False,,,0,0,TE,TE,N/A,0,False,None,,51,49,1,66,53,43,1,42,25,29,55,1,1,62
9819,82,Thornton,Chandler,Alabama,24,1,77,243,0,0,0,0,0,True,False,,,0,0,TE,TE,N/A,0,False,None,,40,47,1,67,57,49,1,30,38,25,62,1,1,61
9821,87,Blake,Spence,Oregon,24,1,76,249,0,0,0,0,0,True,False,,,0,0,TE,TE,N/A,1991,False,None,,50,49,1,66,57,46,1,31,28,37,66,1,1,62
9823,82,Eric,Kattus,Michigan,24,1,77,240,0,0,0,0,0,True,False,,,0,0,TE,TE,N/A,0,False,None,,38,60,1,67,55,41,1,38,26,23,59,1,1,61
9825,87,Gary,Wilkins,Georgia Tech,24,1,73,235,0,0,0,0,0,True,False,,,0,0,TE,TE,N/A,0,False,None,,46,50,1,60,60,40,1,35,24,22,68,1,1,60
9827,67,Alan,Faneca,LSU,23,1,77,312,1,1,1,8,1990,True,False,,,2500000,3,G,G,NYT,0,False,None,,86,70,7,63,31,69,1,94,74,51,75,10,5,91
9828,79,Tom,Newberry,Wisconsin-LaCrosse,25,1,74,285,11,11,2,1,1990,True,False,Pulled Hamstring,Probable,1500000,2,G,G,CHI,0,False,None,,94,62,1,63,16,79,4,72,83,36,74,5,5,87
9829,64,Nate,Newton,Florida A&M,26,1,75,318,19,19,2,6,1990,True,False,,,1250000,2,G,G,WAS,0,False,None,,88,55,1,51,17,61,1,86,77,43,68,1,4,86
9830,73,Mike,Wahle,Navy,22,1,78,307,6,6,4,1,1990,True,False,,,500000,2,G,G,NYG,0,False,None,,75,51,1,46,20,56,1,83,79,39,79,1,1,82
9831,66,Gene,Hickerson,Mississippi,24,1,75,248,4,4,4,9,1990,True,False,Jammed Toe,Doubtful,500000,2,G,G,OAK,0,False,None,,80,48,1,51,21,70,1,85,74,44,76,1,1,85
9832,64,Mark,Dixon,Virginia,29,1,76,295,20,20,7,3,1990,True,False,,,250000,1,G,G,LOU,0,False,None,,80,43,1,39,7,64,1,79,70,44,58,1,1,77
9833,71,Raleigh,Roundtree,South Carolina State,24,1,76,295,2,2,6,19,1990,True,False,,,250000,1,G,G,MIA,0,False,None,,86,54,1,54,16,66,1,68,73,33,61,1,1,78
9834,74,Tom,Toth,Western Michigan,25,1,77,279,10,0,0,0,0,True,False,,,250000,1,G,G,IND,0,False,None,,81,49,1,50,6,71,1,68,75,43,57,1,1,78
9835,65,Ray,Brown,Arkansas State,25,1,77,318,10,10,5,20,1990,True,False,,,250000,1,G,G,IND,0,False,None,,85,49,1,58,4,64,1,74,64,33,57,1,1,77
9836,77,Mike,Michalske,Penn State,25,1,72,210,5,5,3,18,1990,True,False,,,750000,2,G,G,BUF,0,False,None,,86,60,1,62,20,63,1,83,65,75,82,1,1,82
9837,67,Mike,Goff,Iowa,23,1,77,306,14,14,4,10,1990,True,False,,,500000,2,G,G,ATL,0,False,None,,81,45,1,56,11,59,1,78,81,48,59,1,1,82
9838,76,Derek,Kennard,Nevada-Reno,25,1,75,285,4,0,0,0,0,True,False,,,250000,1,G,G,OAK,0,False,None,,78,57,1,49,16,56,1,77,74,34,60,1,1,78
9839,68,Jim,Dombrowski,Virginia,24,1,77,300,0,0,0,0,0,True,False,,,0,0,G,G,N/A,0,False,None,,65,35,1,36,12,53,1,76,64,45,61,1,1,70
9840,75,Benji,Olson,Washington,24,1,76,320,0,0,0,0,0,True,False,,,0,0,G,G,N/A,0,False,None,,70,46,1,43,10,59,1,76,60,36,73,1,1,72
9841,71,John,Rienstra,Temple,24,1,77,273,0,0,0,0,0,True,False,,,0,0,G,G,N/A,0,False,None,,68,37,1,45,16,55,1,73,66,27,60,1,1,71
9843,78,Larry,Williams,Notre Dame,24,1,77,292,0,0,0,0,0,True,False,,,0,0,G,G,N/A,0,False,None,,80,48,1,38,14,57,1,77,54,29,69,1,1,72
9845,73,Joe,Andruzzi,Southern Connecticut State,24,1,75,312,19,19,5,6,1990,True,False,,,250000,1,G,G,WAS,0,False,None,,82,41,1,40,19,66,1,82,78,32,58,1,1,81
9846,74,Chris,Liwienski,Indiana,24,1,77,325,13,13,7,17,1990,True,False,,,250000,1,G,G,MIN,0,False,None,,75,42,1,40,9,64,1,73,77,32,70,1,1,77
9847,77,Reggie,Singletary,North Carolina State,23,1,75,279,0,0,0,0,0,True,False,,,0,0,G,G,N/A,0,False,None,,84,39,1,37,4,57,1,65,64,39,54,1,1,69
9849,60,Bob,Hallen,Kent State,24,1,75,305,0,0,0,0,0,True,False,,,0,0,G,G,N/A,0,False,None,,72,48,1,50,11,62,1,62,60,24,55,1,1,68
9852,66,Scott,Barrows,West Virginia,24,1,74,278,0,0,0,0,0,True,False,,,0,0,G,G,N/A,0,False,None,,66,37,1,29,1,59,1,71,58,20,61,1,1,67
9853,69,Mo,Collins,Florida,23,1,76,325,0,0,0,0,0,True,False,,,0,0,G,G,N/A,0,False,None,,70,37,1,34,15,64,1,66,64,34,63,1,1,68
9855,68,Kendyl,Jacox,Kansas State,24,1,74,330,0,0,0,0,0,True,False,,,0,0,G,G,N/A,0,False,None,,69,45,1,47,14,61,1,66,58,38,65,1,1,68
9857,74,Todd,Washington,Virginia Tech,23,1,75,310,0,0,0,0,0,True,False,,,0,0,G,G,N/A,0,False,None,,75,38,1,34,8,61,1,65,57,34,49,1,1,67
9858,62,Jason,Whittle,Southwest Missouri State,24,1,76,305,0,0,0,0,0,True,False,,,0,0,G,G,N/A,0,False,None,,70,41,1,51,11,53,1,62,59,38,59,1,1,66
9865,63,Curt,DiGiacomo,Arizona,24,1,76,270,0,0,0,0,0,True,False,,,0,0,G,G,N/A,0,False,None,,61,32,1,32,1,62,1,58,64,25,57,1,1,63
9869,63,Brian,Jozwiak,West Virginia,24,1,77,304,0,0,0,0,0,True,False,,,0,0,G,G,N/A,0,False,None,,67,35,1,44,9,58,1,57,49,30,48,1,1,61
9870,68,Ruben,Mendoza,Wayne State (NE),24,1,76,290,0,0,0,0,0,True,False,,,0,0,G,G,N/A,0,False,None,,63,36,1,38,3,52,1,58,60,27,57,1,1,62
9872,60,Ron,Tilton,Florida,24,1,76,250,0,0,0,0,0,True,False,,,0,0,G,G,N/A,1991,False,None,,75,46,1,33,6,47,1,62,54,31,51,1,1,63
9873,61,Gary,Zimmerman,Oregon,26,1,78,294,3,3,1,13,1990,True,False,,,2000000,3,G,G,GB,0,False,None,,83,57,1,62,29,81,4,86,85,46,79,1,2,91
9874,68,Flozell,Adams,Michigan State,24,1,79,335,12,1,2,8,1990,True,False,,,1250000,2,G,G,DET,0,False,None,,81,67,3,58,23,77,1,82,80,38,73,3,1,86
9875,75,Tra,Thomas,Florida State,25,1,79,349,9,9,4,11,1990,True,False,Scratched Cornea,Questionable,500000,2,T,T,LON,0,False,None,,95,56,1,65,20,78,1,72,73,36,81,1,1,85
9876,66,Kyle,Turley,San Diego State,24,1,77,309,3,6,3,7,1990,True,False,,,750000,2,T,T,GB,0,False,None,,91,59,1,60,3,59,1,81,75,29,72,1,1,84
9877,69,Will,Wolford,Vanderbilt,23,1,77,294,13,13,3,17,1990,True,False,,,750000,2,T,T,MIN,0,False,None,,84,48,1,61,21,73,2,90,65,48,74,1,1,82
9878,66,Jason,Fabini,Cincinnati,25,1,79,304,16,16,6,11,1990,True,False,,,250000,1,FB,FB,TB,0,False,None,,81,48,1,61,7,56,1,75,76,35,67,1,1,95
9879,60,Ron,Mattes,Virginia,24,1,78,309,12,12,6,15,1990,True,False,,,250000,1,T,T,DET,0,False,None,,83,55,1,47,18,61,1,80,74,39,65,1,1,79
9880,68,Todd,Weiner,Kansas State,24,1,76,297,19,19,7,6,1990,True,False,,,250000,1,T,T,WAS,0,False,None,,71,56,1,53,11,73,1,68,83,35,78,1,1,80
9881,67,Steve,Wallace,Auburn,23,1,76,285,10,10,6,20,1990,True,False,,,250000,1,T,T,IND,0,False,None,,89,43,1,54,22,71,1,71,68,43,75,1,1,78
9882,68,Oliver,Ross,Iowa State,25,1,77,317,1,0,0,0,0,True,False,,,250000,1,T,T,NYT,0,False,None,,84,50,1,45,14,71,1,73,66,41,65,1,1,76
9883,70,Irv,Eatman,UCLA,26,1,79,293,9,9,3,9,1990,True,False,,,750000,2,T,T,LON,0,False,None,,83,48,1,41,24,56,1,84,74,34,74,1,1,79
9884,64,Alan,Veingrad,Texas A&M-Commerce,24,1,77,277,4,0,0,0,0,True,False,,,250000,1,T,T,OAK,0,False,None,,72,46,1,55,15,60,1,81,67,40,55,1,1,76
9886,65,Ephraim,Salaam,San Diego State,23,1,79,295,15,15,5,14,1990,True,False,,,250000,1,T,T,SF,0,False,None,,78,58,1,54,24,60,1,76,76,44,53,1,1,79
9888,66,Victor,Riley,Auburn,25,1,77,328,0,0,0,0,0,True,False,,,0,0,T,T,N/A,0,False,None,,70,49,1,41,8,60,1,76,71,48,67,1,1,74
9889,75,Chris,Ruhman,Texas A&M,25,1,77,321,18,0,0,0,0,True,False,,,250000,1,T,T,BAL,0,False,None,,72,45,1,41,8,65,1,67,71,34,51,1,1,73
9890,65,Bob,Brotzki,Syracuse,25,1,77,281,4,0,0,0,0,True,False,,,250000,1,T,T,OAK,0,False,None,,75,46,1,37,9,68,1,70,68,28,51,1,1,73
9892,69,Matt,Darwin,Texas A&M,24,1,76,268,0,0,0,0,0,True,False,,,0,0,T,T,N/A,0,False,None,,68,36,1,49,9,54,1,68,58,26,58,1,1,66
9893,65,Robert,Hicks,Mississippi State,24,0,79,338,0,0,0,0,0,True,False,,,0,0,T,T,N/A,1990,False,None,,69,50,1,40,4,63,1,70,67,43,70,1,1,71
9894,68,Paul,Blair,Oklahoma State,24,1,76,295,0,0,0,0,0,True,False,,,0,0,T,T,N/A,0,False,None,,75,35,1,42,9,50,1,60,68,25,60,1,1,67
9895,79,Anthony,Clement,La-Lafayette,23,1,80,333,0,0,0,0,0,True,False,,,0,0,T,T,N/A,0,False,None,,71,47,1,44,5,59,1,65,59,31,53,1,1,67
9900,62,Mike,Black,Sacramento State,23,1,76,285,0,0,0,0,0,True,False,,,0,0,T,T,N/A,0,False,None,,60,46,1,34,9,57,1,60,66,29,47,1,1,65
9902,79,Paul,Janus,Northwestern,24,1,76,294,0,0,0,0,0,True,False,,,0,0,T,T,N/A,0,False,None,,70,29,1,41,1,55,1,61,66,39,55,1,1,67
9903,60,Patrick,Mannelly,Duke,24,1,77,265,0,0,0,0,0,True,False,,,0,0,T,T,N/A,0,False,None,,65,36,1,45,11,58,1,69,62,38,54,1,1,68
9908,70,Chris,Conrad,Fresno State,24,1,78,301,0,0,0,0,0,True,False,,,0,0,T,T,N/A,0,False,None,,64,30,1,37,1,58,1,55,60,36,61,1,1,62
9909,60,James,FitzPatrick,USC,23,1,80,305,0,0,0,0,0,True,False,,,0,0,T,T,N/A,0,False,None,,70,36,1,32,11,55,1,65,57,22,51,1,1,64
9912,70,Rob,Bohlinger,Wyoming,24,1,80,310,0,0,0,0,0,True,False,,,0,0,T,T,N/A,0,False,None,,61,39,1,38,10,57,1,69,51,35,48,1,1,62
9913,67,Jeff,Walker,Memphis,24,1,76,295,0,0,0,0,0,True,False,,,0,0,T,T,N/A,0,False,None,,72,34,1,29,1,53,1,57,56,25,46,1,1,61
9916,52,Jim,Ringo,Syracuse,23,1,73,232,16,16,1,10,1990,True,False,,,2500000,3,C,C,TB,0,False,None,1990 NFC Pro Bowl Team,85,63,1,61,19,80,1,88,81,52,82,1,1,91
9917,56,Olin,Kreutz,Washington,22,1,74,292,7,7,1,16,1990,True,False,,,1750000,3,C,C,CIN,0,False,None,,90,46,1,61,31,75,1,87,80,42,69,1,1,89
9918,56,Matt,Birk,Harvard,23,1,76,300,2,2,1,19,1990,True,False,,,1750000,3,C,C,MIA,0,False,None,,92,66,5,49,19,90,4,85,71,45,80,1,1,88
9919,58,Kent,Hull,Mississippi State,26,1,77,284,20,20,3,3,1990,True,False,,,750000,2,C,C,LOU,0,False,None,,82,50,1,68,8,72,1,81,82,50,74,1,1,87
9920,59,Steve,McKinney,Texas A&M,24,1,76,300,15,15,3,14,1990,True,False,,,750000,2,C,C,SF,0,False,None,,79,49,1,43,10,69,1,78,80,29,58,1,1,82
9921,54,Gene,Chilton,Texas,23,1,75,281,12,12,4,4,1990,True,False,,,500000,2,C,C,DET,0,False,None,,79,55,1,38,20,57,1,80,75,39,68,1,1,77
9922,53,Mike,Flynn,Maine,25,1,75,305,18,0,0,0,0,True,False,,,250000,1,C,C,BAL,0,False,None,,84,46,1,45,4,62,1,77,75,34,63,1,1,79
9923,53,Casey,Wiegmann,Iowa,26,1,74,285,15,15,7,14,1990,True,False,,,250000,1,C,C,SF,0,False,None,,84,52,1,60,12,62,1,65,72,43,59,1,1,76
9924,74,Larry,Moore,BYU,24,1,75,300,7,0,0,0,0,True,False,,,250000,1,C,C,CIN,0,False,None,,72,54,1,54,8,60,1,81,68,40,55,1,1,77
9925,58,John,Wade,Marshall,24,1,77,299,0,8,7,12,1990,True,False,,,0,0,C,C,N/A,0,False,None,,69,50,1,45,16,67,1,78,54,37,53,1,1,71
9926,58,Jamie,Dukes,Florida State,23,1,73,285,1,1,5,8,1990,True,False,,,250000,1,C,C,NYT,0,False,None,,80,50,1,56,14,64,1,77,75,40,56,1,1,80
9927,50,Mike,Flanagan,UCLA,26,1,77,297,18,0,0,0,0,True,False,,,250000,1,C,C,BAL,0,False,None,,71,52,1,55,8,55,1,76,63,37,70,1,1,73
9928,54,Bill,Lewis,Nebraska,24,1,78,285,0,0,0,0,0,True,False,,,0,0,C,C,N/A,0,False,None,,68,52,1,40,11,59,1,72,70,38,71,1,1,73
9937,53,Tom,Baugh,Southern Illinois,24,1,75,274,0,0,0,0,0,True,False,,,0,0,C,C,N/A,0,False,None,,71,41,1,34,6,50,1,59,61,25,49,1,1,63
9939,51,Jason,McEndoo,Washington State,24,1,77,307,0,0,0,0,0,True,False,,,0,0,C,C,N/A,0,False,None,,70,31,1,46,1,52,1,59,57,30,59,1,1,63
9941,59,David,Douglas,Tennessee,24,1,76,280,0,0,0,0,0,True,False,,,0,0,C,C,N/A,0,False,None,,69,34,1,33,1,52,1,60,55,28,57,1,1,61
9943,57,Bob,Landsee,Wisconsin,23,1,76,273,0,0,0,0,0,True,False,,,0,0,C,C,N/A,0,False,None,,64,35,1,48,3,58,1,61,51,32,50,1,1,62
9944,55,Leonard,Burton,South Carolina,23,1,75,275,0,0,0,0,0,True,False,,,0,0,C,C,N/A,0,False,None,,61,44,1,39,1,61,1,55,50,23,56,1,1,59
9945,61,Leslie,O'Neal,Oklahoma State,23,1,76,275,7,7,1,9,1990,False,False,,,2500000,3,DE,DE,CIN,0,False,None,,82,74,1,79,37,55,1,1,8,68,80,1,1,90
9946,61,Kenny,Mixon,LSU,24,1,76,271,11,11,2,2,1990,False,False,,,1500000,2,DE,DE,CHI,0,False,None,,72,59,1,75,41,65,1,1,1,70,67,1,1,86
9947,78,William,Fuller,North Carolina,25,1,75,271,18,18,3,2,1990,False,False,,,750000,2,DE,DE,BAL,0,False,None,,72,65,1,75,28,54,1,1,1,72,75,1,1,86
9948,68,Vonnie,Holliday,North Carolina,24,1,77,290,6,6,3,20,1990,False,False,,,750000,2,DE,DE,NYG,0,False,None,,77,62,1,73,42,53,1,1,1,63,61,1,1,84
9949,75,Clyde,Simmons,Western Carolina,23,1,77,292,12,12,1,15,1990,False,False,,,2000000,3,DE,DE,DET,0,False,None,,85,64,1,77,28,68,1,4,1,70,66,2,1,90
9950,61,Brent,Williams,Toledo,23,1,76,283,1,1,3,8,1990,False,False,,,750000,2,DE,DE,NYT,0,False,None,,78,71,1,73,33,59,1,1,1,66,66,1,1,85
9951,61,Gerald,Robinson,Auburn,24,1,75,262,10,10,6,1,1990,False,False,,,250000,1,DE,DE,IND,0,False,None,,79,58,1,71,34,60,1,1,1,62,58,1,1,82
9952,96,Greg,Spires,Florida State,25,1,73,265,13,20,5,12,1990,False,False,,,490000,1,DE,DE,MIN,0,False,None,,78,50,1,67,36,57,1,1,1,63,60,1,1,79
9953,75,Charles,Haley,James Madison,23,1,77,252,20,20,1,3,1990,False,False,,,3000000,3,DE,DE,LOU,0,False,None,,90,68,1,78,37,68,1,4,1,77,71,1,1,96
9954,66,Ross,Browner II,Notre Dame,25,1,75,262,7,1,6,8,1990,False,False,,,250000,1,DT,DT,CIN,0,False,None,,73,67,1,65,29,58,1,1,1,64,65,1,1,73
9955,70,Greg,Ellis,North Carolina,24,1,78,271,4,4,7,9,1990,False,False,,,250000,1,DE,DE,OAK,0,False,None,,66,65,1,69,43,52,1,5,3,64,67,5,1,80
9956,70,Larry,Roberts,Alabama,24,1,75,270,17,17,7,4,1990,False,False,,,250000,1,DE,DE,CHC,0,False,None,,74,67,1,69,30,53,1,1,1,63,64,1,1,80
9958,78,Mike,Wise,California-Davis,23,1,79,271,4,0,0,0,0,False,False,,,250000,1,DE,DE,OAK,0,False,None,,81,62,1,58,39,48,1,1,1,66,65,1,1,81
9959,79,Grant,Wistrom,Nebraska,23,1,76,272,0,0,0,0,0,False,False,,,0,0,DE,DE,N/A,0,False,None,,56,57,1,71,24,61,1,1,1,59,50,1,1,74
9960,79,Eric,Dorsey,Notre Dame,23,1,77,280,0,0,0,0,0,False,False,,,0,0,DE,DE,N/A,0,False,None,,61,59,1,65,35,50,1,1,1,57,62,1,1,73
9961,73,Jon,Hand,Alabama,24,1,79,300,0,0,0,0,0,False,False,,,0,0,DE,DE,N/A,0,False,None,,64,56,1,52,39,47,1,1,1,61,62,1,1,71
9962,63,T.J.,Turner,Houston,24,1,76,276,0,0,0,0,0,False,False,,,0,0,DE,DE,N/A,0,False,None,,65,60,1,63,35,51,1,1,1,50,65,1,1,72
9963,76,Brandon,Whiting,California,23,1,75,285,0,0,0,0,0,False,False,,,0,0,DE,DE,N/A,0,False,None,,66,47,1,60,31,53,1,1,1,61,59,1,1,73
9964,77,Lorenzo,Bromell,Clemson,24,1,78,260,0,0,0,0,0,False,False,,,0,0,DE,DE,N/A,0,False,None,,61,56,1,58,24,53,1,1,1,56,51,1,1,69
9965,68,Markus,Koch,Boise State,24,1,77,270,0,0,0,0,0,False,False,,,0,0,DE,DE,N/A,0,False,None,,68,55,1,51,23,53,1,1,1,61,55,1,1,70
9966,68,Leonard,Little,Tennessee,25,1,75,261,20,20,5,3,1990,False,False,,,250000,1,DE,DE,LOU,0,False,None,,70,67,1,69,26,54,1,1,1,72,72,1,1,83
9967,78,Jim,Skow,Nebraska,24,1,75,253,0,0,0,0,0,False,False,,,0,0,DE,DE,N/A,0,False,None,,74,58,1,60,28,50,1,1,1,48,52,1,1,71
9968,67,Eric,Ogbogu,Maryland,24,1,76,270,0,0,0,0,0,False,False,,,0,0,DE,DE,N/A,0,False,None,,59,56,1,63,30,42,1,1,1,59,53,1,1,70
9971,74,Carl,Hansen,Stanford,23,1,77,282,0,0,0,0,0,False,False,,,0,0,DE,DE,N/A,0,False,None,,68,42,1,52,21,53,1,1,1,57,44,1,1,68
9972,72,Cyron,Brown,Illinois,24,1,77,265,0,0,0,0,0,False,False,,,0,0,DE,DE,N/A,0,False,None,,56,43,1,61,17,54,1,1,1,54,57,1,1,66
9974,65,Andre,Wadsworth,Florida State,25,1,76,278,13,13,6,17,1990,False,False,,,250000,1,DE,DE,MIN,0,False,None,,71,55,1,66,34,50,1,1,1,69,65,1,1,80
9975,79,John,Washington,Oklahoma State,24,1,76,280,0,0,0,0,0,False,False,,,0,0,DE,DE,N/A,0,False,None,,69,61,1,56,22,56,1,1,1,48,64,1,1,69
9976,68,Gary,Baldinger,Wake Forest,24,1,75,264,0,0,0,0,0,False,False,,,0,0,DE,DE,N/A,0,False,None,,54,51,1,59,24,43,1,1,1,56,51,1,1,66
9979,66,Jeremy,Staat,Arizona State,23,1,77,300,0,0,0,0,0,False,False,,,0,0,DE,DE,N/A,0,False,None,,60,54,1,54,28,41,1,1,1,50,50,1,1,65
9980,68,Jonathan,Brown,Tennessee,24,1,75,270,0,0,0,0,0,False,False,,,0,0,DE,DE,N/A,0,False,None,,60,51,1,65,27,43,1,1,1,46,59,1,1,66
9982,63,Alonzo,Mitz,Florida,24,1,75,275,0,0,0,0,0,False,False,,,0,0,DE,DE,N/A,0,False,None,,68,62,1,52,28,42,1,1,1,43,63,1,1,65
9985,76,Reggie,Lowe,Troy,24,1,74,250,0,0,0,0,0,False,False,,,0,0,DE,DE,N/A,1991,False,None,,61,45,1,54,20,50,1,1,1,52,60,1,1,65
9988,76,Ron,Warner,Kansas,24,1,75,270,0,0,0,0,0,False,False,,,0,0,DE,DE,N/A,0,False,None,,62,47,1,57,27,53,1,1,1,45,53,1,1,65
9990,76,Jon,Dumbauld,Kentucky,24,1,76,259,0,0,0,0,0,False,False,,,0,0,DE,DE,N/A,0,False,None,,67,46,1,59,17,42,1,1,1,44,49,1,1,64
9991,79,Matt,Koart,USC,24,1,77,257,0,0,0,0,0,False,False,,,0,0,DE,DE,N/A,0,False,None,,62,48,1,54,30,50,1,1,1,44,50,1,1,64
9993,63,Vincent,Amey,Arizona State,24,1,74,289,0,0,0,0,0,False,False,,,0,0,DE,DE,N/A,0,False,None,,53,49,1,50,17,49,1,1,1,51,55,1,1,61
9995,67,David,Hoelscher,Eastern Kentucky,24,1,78,261,0,0,0,0,0,False,False,,,0,0,DE,DE,N/A,0,False,None,,54,56,1,62,24,41,1,1,1,42,55,1,1,62
9996,71,Mike,Sutton,LSU,24,1,76,272,0,0,0,0,0,False,False,,,0,0,DE,DE,N/A,0,False,None,,60,48,1,46,29,36,1,1,1,51,51,1,1,61
9998,76,Mike,Hammerstein,Michigan,24,1,76,270,0,0,0,0,0,False,False,,,0,0,DE,DE,N/A,1991,False,None,,61,45,1,54,26,40,1,1,1,41,58,1,1,61
9999,76,Ralph,Malone,Georgia Tech,23,1,77,225,0,0,0,0,0,False,False,,,0,0,DE,DE,N/A,1991,False,None,,60,59,1,48,17,44,1,1,1,41,63,1,1,60
10002,61,Julian,Pittman,Florida State,24,1,76,286,0,0,0,0,0,False,False,,,0,0,DE,DE,N/A,0,False,None,,56,55,1,48,25,33,1,1,1,42,59,1,1,58
10003,67,Jamal,Williams,Oklahoma State,23,1,75,348,9,9,2,16,1990,False,False,,,750000,2,DE,DE,LON,0,False,None,,70,61,1,76,50,56,5,3,1,73,67,1,1,85
10004,78,Joe,Phillips,Oregon State,24,1,77,298,5,5,6,12,1990,False,False,,,250000,1,DT,DT,BUF,0,False,None,,84,48,1,52,32,60,1,1,1,68,73,1,1,79
10005,79,Bob,Nelson,Miami (FL),28,1,76,272,3,10,4,20,1990,False,False,,,500000,2,DT,DT,GB,0,False,None,,88,49,1,50,40,50,1,1,1,65,67,1,1,79
10006,76,Larry,Chester,Temple,24,1,74,325,2,2,7,19,1990,False,False,,,250000,1,DT,DT,MIA,0,False,None,,76,48,1,50,34,59,1,1,1,62,59,1,1,74
10007,69,Lional,Dalton,Eastern Michigan,24,1,73,315,1,0,0,0,0,False,False,,,250000,1,DT,DT,NYT,0,False,None,,83,50,1,55,24,53,1,1,1,60,63,1,1,75
10008,76,Derrick,Ransom,Cincinnati,23,1,75,306,15,15,6,14,1990,False,False,,,250000,1,DT,DT,SF,0,False,None,,82,57,1,56,30,46,1,1,1,61,65,1,1,75
10009,73,Joe,Salave'a,Arizona,24,1,75,317,18,0,0,0,0,False,False,,,250000,1,DT,DT,BAL,0,False,None,,82,54,1,62,40,68,1,1,1,55,55,1,1,76
10011,61,Erik,Howard,Washington State,23,1,76,275,0,0,0,0,0,False,False,,,0,0,DT,DT,N/A,0,False,None,,67,55,1,57,18,57,1,1,1,51,71,1,1,65
10012,67,Gerald,Williams,Auburn,24,1,75,290,0,0,0,0,0,False,False,,,0,0,DT,DT,N/A,0,False,None,,67,58,1,64,27,43,1,1,1,53,56,1,1,65
10015,66,Michael,Myers,Alabama,23,1,74,300,0,0,0,0,0,False,False,,,0,0,DT,DT,N/A,0,False,None,,69,55,1,47,24,45,1,1,1,50,59,1,1,64
10016,79,James,Cannida,Nevada-Reno,24,1,74,275,0,0,0,0,0,False,False,,,0,0,DT,DT,N/A,1991,False,None,,71,39,1,48,20,53,1,1,1,50,62,1,1,64
10017,61,Mike,Golic,Notre Dame,25,1,77,274,4,4,6,9,1990,False,False,,,250000,1,DT,DT,OAK,0,False,None,,72,59,1,53,31,61,1,1,1,65,57,1,1,74
10019,68,Tony,Casillas,Oklahoma,24,1,75,278,5,5,3,12,1990,False,False,,,750000,2,DT,DT,BUF,0,False,None,,88,49,1,63,35,66,1,1,1,66,75,1,1,82
10021,70,Henry,Taylor,South Carolina,24,1,74,295,0,0,0,0,0,False,False,,,0,0,DT,DT,N/A,0,False,None,,71,45,1,44,30,43,1,1,1,49,61,1,1,63
10027,72,Leonta,Rheams,Houston,23,1,74,303,0,0,0,0,0,False,False,,,0,0,DT,DT,N/A,0,False,None,,66,53,1,51,19,43,1,1,1,42,57,1,1,59
10028,76,George,Williams,North Carolina State,24,1,75,294,0,0,0,0,0,False,False,,,0,0,DT,DT,N/A,0,False,None,,62,41,1,54,20,40,1,1,1,47,52,1,1,59
10029,63,Mike,Ruth,Boston College,23,1,74,266,0,0,0,0,0,False,False,,,0,0,DT,DT,N/A,0,False,None,,66,52,1,43,24,33,1,1,1,43,46,1,1,57
10030,69,Henry,Slay,West Virginia,24,1,74,290,0,0,0,0,0,False,False,,,0,0,DT,DT,N/A,1991,False,None,,64,51,1,42,32,51,1,1,1,43,55,1,1,60
10031,70,Tony,Colorito,USC,23,1,77,260,0,0,0,0,0,False,False,,,0,0,DT,DT,N/A,0,False,None,,59,53,1,44,30,47,1,1,1,38,51,1,1,55
10032,76,Scott,Kellar,Northern Illinois,24,1,75,282,0,0,0,0,0,False,False,,,0,0,DT,DT,N/A,1991,False,None,,60,44,1,46,24,45,1,1,1,45,51,1,1,58
10034,55,Chuck,Howley,West Virginia,23,1,75,228,6,6,1,7,1990,False,False,,,2500000,3,DE,DE,NYG,0,False,None,,76,87,5,88,56,71,1,1,1,91,96,1,1,100
10035,54,Sam,Mills,Montclair State,28,1,69,229,9,9,2,9,1990,False,False,,,1250000,2,DE,DE,LON,0,False,None,,77,81,7,74,48,70,1,1,1,93,89,8,1,99
10036,51,Pat,Swilling,Georgia Tech,23,1,75,245,5,5,1,18,1990,False,False,,,1750000,3,LB,LB,BUF,0,False,None,1990 Defensive Rookie of the Year|1990 Defensive ROY|1990 AFC Pro Bowl Team,77,77,1,87,47,74,4,1,1,86,83,1,10,91
10037,56,Keith,Brooking,Georgia Tech,24,1,74,245,14,14,2,11,1990,False,False,Broken Foot,Out (1-2 weeks),1000000,2,LB,LB,ATL,0,False,None,1990 NFC Pro Bowl Team,61,76,1,78,54,69,1,1,1,89,90,5,4,85
10038,63,Joshua,Fatu,West Alabama,23,1,74,242,3,13,2,13,1990,False,False,,,1000000,2,DT,DT,GB,0,False,None,,75,70,25,60,70,55,1,1,1,90,75,1,1,86
10039,58,Takeo,Spikes,Auburn,23,1,74,242,3,3,2,4,1990,False,False,,,1500000,2,LB,LB,GB,0,False,None,,74,78,1,87,40,71,1,4,1,82,83,3,1,90
10040,56,Vaughan,Johnson,North Carolina State,25,1,75,235,11,11,4,5,1990,False,False,,,500000,2,LB,LB,CHI,0,False,None,,80,82,2,65,52,70,4,1,1,73,89,1,2,84
10041,59,London,Fletcher,John Carroll,24,1,70,245,5,5,2,18,1990,False,False,,,750000,2,LB,LB,BUF,0,False,None,,67,80,1,75,56,61,1,2,3,83,83,1,3,85
10042,55,Jonathan,Fatu,West Alabama,23,1,75,250,1,1,4,8,1990,False,False,,,500000,2,DE,DE,NYT,0,False,None,,76,69,1,60,67,55,1,1,1,84,71,1,1,88
10043,55,Seth,Joyner,Texas-El Paso,23,1,74,241,16,16,1,12,1990,False,False,,,2000000,3,LB,LB,TB,0,False,None,,69,74,1,83,54,71,1,1,3,81,90,1,1,87
10044,58,Tim,Harris,Memphis,23,1,78,260,12,12,2,15,1990,False,False,,,1000000,2,DE,DE,DET,0,False,None,,85,67,1,75,40,63,1,1,1,82,85,1,1,94
10045,57,Pepper,Johnson,Ohio State,23,1,75,250,8,8,4,17,1990,False,False,,,500000,2,LB,LB,SEA,0,False,None,,77,69,1,70,39,74,1,1,1,75,92,1,1,82
10046,54,Gary,Plummer,California,27,1,74,244,15,15,2,14,1990,False,False,,,1000000,2,LB,LB,SF,0,False,None,,65,79,1,67,51,80,1,1,1,77,78,1,1,81
10047,50,Jesse,Solomon,Florida State,24,1,72,240,5,5,6,18,1990,False,False,,,250000,1,LB,LB,BUF,0,False,None,,65,74,1,73,36,66,1,1,1,86,87,1,1,82
10048,50,John,Offerdahl,Western Michigan,23,1,75,232,10,10,7,20,1990,False,False,,,250000,1,LB,LB,IND,0,False,None,,63,79,1,77,34,64,1,1,1,68,77,1,1,78
10049,52,Jeremiah,Trotter,Stephen F. Austin,22,1,73,262,13,13,4,16,1990,False,False,,,500000,2,LB,LB,MIN,0,False,None,,70,67,1,75,46,73,4,1,1,81,72,1,1,83
10050,56,Mel,Black,Eastern Illinois,25,1,74,228,4,0,0,0,0,False,False,,,250000,1,LB,LB,OAK,0,False,None,,65,72,1,67,37,54,1,1,1,73,69,1,1,76
10051,53,Tim,Cofield,Elizabeth City State,24,1,74,243,0,0,0,0,0,False,False,,,0,0,LB,LB,N/A,0,False,None,,65,69,1,61,28,55,1,1,1,64,76,1,1,71
10052,58,Garth,Jax,Florida State,24,1,74,250,18,0,0,0,0,False,False,,,250000,1,LB,LB,BAL,0,False,None,,56,71,1,75,31,53,1,1,1,84,67,1,1,77
10053,57,Joe,Kelly,Washington,23,1,74,227,1,0,0,0,0,False,False,,,250000,1,LB,LB,NYT,0,False,None,,70,59,1,62,44,65,1,1,1,72,77,1,1,76
10054,55,Shawn,Barber,Richmond,24,1,74,245,0,0,0,0,0,False,False,,,0,0,LB,LB,N/A,0,False,None,,66,67,1,72,39,46,1,1,1,60,75,1,1,72
10055,55,Troy,Benson,Pittsburgh,24,1,74,235,9,0,0,0,0,False,False,,,250000,1,LB,LB,LON,0,False,None,,55,65,1,74,43,60,1,1,1,74,74,1,1,75
10056,57,Chris,Draft,Stanford,23,1,71,232,0,0,0,0,0,False,False,,,0,0,LB,LB,N/A,0,False,None,,60,69,1,56,32,57,1,1,1,70,69,1,1,70
10057,53,Tim,Green,Syracuse,24,1,74,249,16,16,5,11,1990,False,False,,,250000,1,DE,DE,TB,0,False,None,,76,63,1,75,43,58,1,1,1,62,80,1,1,82
10058,58,Dino,Hackett,Appalachian State,23,1,75,228,7,7,5,1,1990,False,False,,,250000,1,LB,LB,CIN,0,False,None,,77,58,1,74,35,61,1,1,1,80,77,1,1,82
10060,58,Steve,Foley,La-Monroe,24,1,76,265,0,0,0,0,0,False,False,,,0,0,LB,LB,N/A,0,False,None,,63,66,1,61,31,49,1,1,1,65,73,1,1,69
10061,56,Kevin,Murphy,Oklahoma,24,1,74,233,0,0,0,0,0,False,False,,,0,0,LB,LB,N/A,0,False,None,,68,64,1,62,29,56,1,1,1,61,69,1,1,70
10062,59,Anthony,Bell,Michigan State,23,1,75,235,0,0,0,0,0,False,False,,,0,0,LB,LB,N/A,0,False,None,,50,59,1,67,31,58,1,1,1,68,72,1,1,67
10063,56,Jamie,Duncan,Vanderbilt,24,1,73,238,0,0,0,0,0,False,False,,,0,0,LB,LB,N/A,0,False,None,,54,68,1,63,42,48,1,1,1,66,76,1,1,69
10066,52,Adrian,Ross,Colorado State,24,1,74,245,0,0,0,0,0,False,False,,,0,0,LB,LB,N/A,0,False,None,,57,71,1,63,41,48,1,1,1,59,70,1,1,68
10067,59,Paul,Butcher,Wayne State (MI),24,1,72,230,0,0,0,0,0,False,False,,,0,0,LB,LB,N/A,0,False,None,,58,65,1,55,29,54,1,1,1,65,58,1,1,67
10068,59,Burnell,Dent,Tulane,24,1,73,236,0,0,0,0,0,False,False,,,0,0,LB,LB,N/A,0,False,None,,61,49,1,64,22,46,1,1,1,67,56,1,1,67
10069,53,Tony,Furjanic,Notre Dame,23,1,73,228,0,0,0,0,0,False,False,,,0,0,LB,LB,N/A,0,False,None,,63,58,1,56,23,40,1,1,1,68,55,1,1,67
10070,50,Jerry,Jensen,Washington,24,1,72,235,0,0,0,0,0,False,False,,,0,0,LB,LB,N/A,0,False,None,,59,48,1,69,27,45,1,1,1,61,66,1,1,67
10071,53,Jeff,Posey,Southern Miss,24,1,76,241,0,0,0,0,0,False,False,,,0,0,LB,LB,N/A,0,False,None,,58,62,1,62,38,53,1,1,1,62,67,1,1,68
10072,57,Anthony,Simmons,Clemson,23,1,72,240,0,0,0,0,0,False,False,,,0,0,LB,LB,N/A,0,False,None,,62,56,1,53,29,47,1,1,1,69,79,1,1,67
10073,57,Brian,Simmons,North Carolina,24,1,75,244,0,0,0,0,0,False,False,,,0,0,LB,LB,N/A,0,False,None,,52,70,1,72,22,49,1,1,1,59,76,1,1,67
10075,52,Kailee,Wong,Stanford,23,1,74,250,0,0,0,0,0,False,False,,,0,0,LB,LB,N/A,0,False,None,,51,57,1,70,31,49,1,1,1,66,61,1,1,67
10077,50,Sam,Cowart,Florida State,24,1,74,245,0,0,0,0,0,False,False,,,0,0,LB,LB,N/A,0,False,None,,55,67,1,56,26,55,1,1,1,70,61,1,1,68
10078,56,Jim,Nelson,Penn State,24,1,73,234,0,0,0,0,0,False,False,,,0,0,LB,LB,N/A,0,False,None,,61,60,1,61,29,53,1,1,1,61,67,1,1,67
10081,57,Shawn,Burks,LSU,24,1,73,230,0,0,0,0,0,False,False,,,0,0,LB,LB,N/A,0,False,None,,49,56,1,67,23,54,1,1,1,66,70,1,1,66
10083,54,Jon,Haskins,Stanford,24,1,74,240,0,0,0,0,0,False,False,,,0,0,LB,LB,N/A,0,False,None,,51,65,1,65,21,51,1,1,1,64,69,1,1,66
10084,53,Alonzo,Johnson,Florida,24,1,75,222,0,0,0,0,0,False,False,,,0,0,LB,LB,N/A,0,False,None,,60,61,1,59,25,54,1,1,1,61,59,1,1,66
10087,59,Byron,Lee,Ohio State,23,1,74,230,0,0,0,0,0,False,False,,,0,0,LB,LB,N/A,0,False,None,,51,57,1,59,32,52,1,1,1,70,62,1,1,66
10089,56,Shawn,Stuckey,Troy,24,1,72,230,0,0,0,0,0,False,False,,,0,0,LB,LB,N/A,0,False,None,,51,51,1,64,32,54,1,1,1,65,71,1,1,66
10091,58,Leon,White,BYU,24,1,75,240,0,0,0,0,0,False,False,,,0,0,LB,LB,N/A,0,False,None,,52,53,1,54,39,55,1,1,1,72,63,1,1,66
10092,56,Darren,Hambrick,Florida,24,1,73,227,0,0,0,0,0,False,False,,,0,0,LB,LB,N/A,1991,False,None,,57,55,1,58,28,53,1,1,1,64,67,1,1,66
10093,55,Anthony,Henton,Troy,24,1,73,218,0,0,0,0,0,False,False,,,0,0,LB,LB,N/A,0,False,None,,57,63,1,52,23,41,1,1,1,67,67,1,1,65
10095,54,Ray,Phillips,North Carolina State,23,1,75,243,0,0,0,0,0,False,False,,,0,0,LB,LB,N/A,1991,False,None,,53,57,1,58,34,50,1,1,1,63,69,1,1,64
10096,52,Nate,Wayne,Mississippi,24,1,72,237,0,0,0,0,0,False,False,,,0,0,LB,LB,N/A,1991,False,None,,51,54,1,71,34,48,1,1,1,63,76,1,1,67
10098,58,Rogers,Alexander,Penn State,23,1,75,222,0,0,0,0,0,False,False,,,0,0,LB,LB,N/A,1991,False,None,,64,55,1,57,27,51,1,1,1,58,75,1,1,66
10100,54,Antwaune,Ponds,Syracuse,24,1,74,252,0,0,0,0,0,False,False,,,0,0,LB,LB,N/A,0,False,None,,47,63,1,64,19,46,1,1,1,64,59,1,1,64
10101,54,Larry,Station,Iowa,24,1,71,227,0,0,0,0,0,False,False,,,0,0,LB,LB,N/A,1991,False,None,,54,52,1,64,34,49,1,1,1,55,56,1,1,64
10102,58,Miles,Turpin,California,23,1,76,230,0,0,0,0,0,False,False,,,0,0,LB,LB,N/A,0,False,None,,58,49,1,51,23,43,1,1,1,67,71,1,1,63
10106,50,Larry,Kolic,Ohio State,24,1,73,242,0,0,0,0,0,False,False,,,0,0,LB,LB,N/A,0,False,None,,53,65,1,53,36,49,1,1,1,50,72,1,1,61
10107,56,Ron,Monaco,South Carolina,23,1,73,225,0,0,0,0,0,False,False,,,0,0,LB,LB,N/A,1991,False,None,,55,55,1,58,29,49,1,1,1,59,68,1,1,63
10109,52,Zack,Walz,Dartmouth,23,1,76,228,0,0,0,0,0,False,False,,,0,0,LB,LB,N/A,1991,False,None,,48,63,1,61,37,52,1,1,1,61,65,1,1,64
10111,51,Chester,Burnett,Arizona,24,1,70,230,0,0,0,0,0,False,False,,,0,0,LB,LB,N/A,0,False,None,,48,46,1,53,23,40,1,1,1,70,67,1,1,61
10113,54,Kevin,O'Neill,Bowling Green,24,1,74,239,0,0,0,0,0,False,False,,,0,0,LB,LB,N/A,1991,False,None,,57,65,1,57,34,48,1,1,1,55,65,1,1,64
10114,59,Aaron,Pearson,Mississippi State,23,1,72,239,0,0,0,0,0,False,False,,,0,0,LB,LB,N/A,1991,False,None,,60,58,1,57,26,48,1,1,1,55,56,1,1,64
10115,57,Spencer,Reid,BYU,23,1,73,247,0,0,0,0,0,False,False,,,0,0,LB,LB,N/A,1991,False,None,,53,48,1,50,33,51,1,1,1,62,70,1,1,61
10116,56,Travian,Smith,Oklahoma,24,1,76,240,0,0,0,0,0,False,False,,,0,0,LB,LB,N/A,0,False,None,,49,60,1,60,27,50,1,1,1,55,65,1,1,61
10117,51,Erik,Storz,Boston College,24,1,74,234,0,0,0,0,0,False,False,,,0,0,LB,LB,N/A,0,False,None,,60,59,1,57,25,41,1,1,1,55,56,1,1,63
10118,59,Ty,Allert,Texas,24,1,74,233,0,0,0,0,0,False,False,,,0,0,LB,LB,N/A,1991,False,None,,53,53,1,53,33,40,1,1,1,61,62,1,1,62
10120,55,Eric,Fairs,Memphis,23,1,75,240,0,0,0,0,0,False,False,,,0,0,LB,LB,N/A,0,False,None,,45,55,1,68,30,41,1,1,1,53,64,1,1,61
10123,53,Rick,DiBernardo,Notre Dame,23,1,75,230,0,0,0,0,0,False,False,,,0,0,LB,LB,N/A,1991,False,None,,49,48,1,54,25,46,1,1,1,64,67,1,1,60
10126,54,Jude,Waddy,William & Mary,24,1,74,220,0,0,0,0,0,False,False,,,0,0,LB,LB,N/A,0,False,None,,47,57,1,55,32,51,1,1,1,63,60,1,1,60
10128,57,Kivuusama,Mays,North Carolina,24,1,75,247,0,0,0,0,0,False,False,,,0,0,LB,LB,N/A,1991,False,None,,47,56,1,55,25,46,1,1,1,58,73,1,1,60
10129,22,Roger,Wehrli,Missouri,23,1,72,190,4,4,1,5,1990,False,False,,,3000000,3,CB,CB,OAK,0,False,None,,59,87,1,92,68,61,1,1,1,53,85,1,1,93
10130,44,Charles,Woodson,Michigan,23,1,73,200,19,19,1,4,1990,False,False,,,3000000,3,CB,CB,WAS,0,False,None,,48,82,3,90,76,58,1,1,1,56,83,1,10,94
10131,30,Samari,Rolle,Florida State,23,1,72,175,16,16,1,11,1990,False,False,,,2000000,3,CB,CB,TB,0,False,None,,43,76,1,88,64,55,1,1,1,56,73,1,1,87
10132,34,Al,Harris,Texas A&M-Kingsville,25,1,73,185,20,20,2,3,1990,False,False,,,1500000,2,CB,CB,LOU,0,False,None,,52,86,1,79,65,46,1,1,1,67,71,1,1,89
10133,34,Eric,Brown,Mississippi State,24,1,73,210,18,18,4,2,1990,False,False,,,500000,2,CB,CB,BAL,0,False,None,,46,78,1,83,55,57,1,1,1,50,68,1,1,84
10134,31,Terry,Fair,Tennessee,23,1,69,185,11,11,2,5,1990,False,False,,,1500000,2,CB,CB,CHI,0,False,None,,49,86,1,88,55,65,1,1,1,54,67,1,1,91
10135,46,Patrick,Surtain,Southern Miss,23,1,71,192,15,15,1,14,1990,False,False,,,2000000,3,CB,CB,SF,0,False,None,,54,85,1,90,53,59,1,1,1,54,85,1,1,89
10136,37,Lewis,Billups,North Alabama,24,1,71,190,0,3,5,18,1990,False,False,,,0,0,CB,CB,N/A,0,False,None,,36,71,1,75,59,53,1,1,1,44,79,1,1,77
10137,31,Perry,Phenix,Southern Miss,25,1,71,210,14,5,7,2,1990,False,False,,,250000,1,CB,CB,ATL,0,False,None,,43,74,1,80,59,44,1,1,1,49,72,1,1,80
10138,23,Damien,Robinson,Iowa,26,1,74,223,9,9,6,7,1990,False,False,,,250000,1,CB,CB,LON,0,False,None,,34,85,1,82,55,44,1,1,1,46,67,1,1,80
10139,29,Barney,Bussey,South Carolina State,25,1,72,215,9,0,0,0,0,False,False,,,250000,1,CB,CB,LON,0,False,None,,49,75,1,79,51,52,1,1,1,47,75,1,1,80
10140,24,Tony,Parrish,Washington,24,1,72,210,20,20,6,3,1990,False,False,,,250000,1,CB,CB,LOU,0,False,None,,47,85,1,73,45,62,1,1,1,43,88,1,1,79
10141,38,Deshea,Townsend,Alabama,24,1,70,191,2,2,5,19,1990,False,False,,,250000,1,CB,CB,MIA,0,False,None,,48,78,1,73,60,66,1,1,1,43,63,1,1,81
10142,20,Alvin,Walton,Kansas,23,1,72,180,1,1,7,8,1990,False,False,,,250000,1,CB,CB,NYT,0,False,None,,50,80,1,79,55,54,1,1,1,40,72,1,1,80
10143,33,Tim,McKyer,Texas-Arlington,24,1,72,174,15,15,4,14,1990,False,False,,,500000,2,CB,CB,SF,0,False,None,,54,74,1,86,62,45,1,1,1,52,82,1,1,84
10144,22,Pat,Ballage,Notre Dame,23,1,73,202,1,0,0,0,0,False,False,,,250000,1,CB,CB,NYT,0,False,None,,44,77,1,78,51,49,1,1,1,44,65,1,1,78
10145,44,Todd,Bowles,Temple,24,1,74,203,7,9,4,13,1990,False,False,,,500000,2,FS,FS,CIN,0,False,None,,50,69,1,84,51,60,1,1,1,42,70,1,1,72
10147,48,Carl,Carter,Texas Tech,23,1,71,180,0,0,0,0,0,False,False,,,0,0,CB,CB,N/A,0,False,None,,38,71,1,69,48,41,1,1,1,36,73,1,1,69
10148,39,Donovin,Darius,Syracuse,24,1,73,225,0,0,0,0,0,False,False,,,0,0,CB,CB,N/A,0,False,None,,37,67,1,76,43,51,1,1,1,28,82,1,1,69
10151,35,Tebucky,Jones,Syracuse,25,1,74,218,11,11,7,5,1990,False,False,,,250000,1,CB,CB,CHI,0,False,None,,41,76,1,84,47,52,1,1,1,41,84,1,1,79
10152,27,Brian,Kelly,USC,23,1,71,193,0,0,0,0,0,False,False,,,0,0,CB,CB,N/A,0,False,None,,33,63,1,75,45,47,1,1,1,39,66,1,1,70
10153,35,Allen,Rossum,Notre Dame,24,1,68,178,14,14,3,11,1990,False,False,,,750000,2,CB,CB,ATL,0,False,None,,46,75,1,94,53,45,1,1,1,44,84,1,1,82
10154,25,Terry,Billups,North Carolina,24,1,69,180,0,0,0,0,0,False,False,,,0,0,CB,CB,N/A,0,False,None,,33,70,1,73,47,38,1,1,1,37,56,1,1,69
10155,25,Robert,Ducksworth,Southern Miss,24,1,71,200,0,0,0,0,0,False,False,,,0,0,CB,CB,N/A,1991,False,None,,41,62,1,76,49,45,1,1,1,36,63,1,1,71
10156,35,Eric,Warfield,Nebraska,23,1,72,200,0,0,0,0,0,False,False,,,0,0,CB,CB,N/A,0,False,None,,29,82,1,64,50,50,1,1,1,30,71,1,1,69
10158,26,Robert,Williams,North Carolina,22,1,70,177,0,0,0,0,0,False,False,,,0,0,CB,CB,N/A,0,False,None,,38,68,1,73,43,39,1,1,1,40,58,1,1,69
10160,36,Chris,Sheffield,Albany State (GA),24,1,73,193,0,0,0,0,0,False,False,,,0,0,CB,CB,N/A,1991,False,None,,28,74,1,69,44,50,1,1,1,26,58,1,1,67
10161,25,Shevin,Smith,Florida State,24,1,71,195,0,0,0,0,0,False,False,,,0,0,CB,CB,N/A,0,False,None,,29,70,1,72,40,51,1,1,1,33,59,1,1,68
10162,45,Kevin,Walker,East Carolina,24,1,71,180,0,0,0,0,0,False,False,,,0,0,CB,CB,N/A,0,False,None,,40,62,1,70,39,40,1,1,1,43,59,1,1,67
10165,28,Clarence,Love,Toledo,23,1,70,180,0,0,0,0,0,False,False,,,0,0,CB,CB,N/A,1991,False,None,,38,78,1,61,47,40,1,1,1,33,66,1,1,67
10167,31,Joey,Eloms,Indiana,23,1,70,181,0,0,0,0,0,False,False,,,0,0,CB,CB,N/A,1991,False,None,,36,72,1,57,36,49,1,1,1,40,59,1,1,65
10168,25,Cornell,Gowdy,Morgan State,24,1,73,196,0,0,0,0,0,False,False,,,0,0,CB,CB,N/A,1991,False,None,,41,66,1,62,49,48,1,1,1,33,61,1,1,66
10169,31,Kywin,Supernaw,Indiana,24,1,73,206,0,0,0,0,0,False,False,,,0,0,CB,CB,N/A,0,False,None,,35,63,1,65,40,36,1,1,1,38,60,1,1,64
10171,46,Jason,Simmons,Arizona State,23,1,69,198,0,0,0,0,0,False,False,,,0,0,CB,CB,N/A,1991,False,None,,31,62,1,74,36,42,1,1,1,27,66,1,1,63
10173,47,Don,Griffin,Middle Tenn. State,23,1,72,176,13,13,3,4,1990,False,False,,,750000,2,FS,FS,MIN,0,False,None,,49,70,1,84,67,53,1,1,1,71,83,1,1,83
10174,36,Mark,Collins,Cal State-Fullerton,23,1,70,196,2,2,3,19,1990,False,False,,,750000,2,FS,FS,MIA,0,False,None,,66,89,1,79,59,61,1,1,1,67,92,1,1,84
10175,28,Lance,Schulters,Hofstra,24,1,74,202,3,3,3,10,1990,False,False,,,750000,2,SS,SS,GB,0,False,None,,65,81,1,87,57,67,1,1,1,72,73,1,1,82
10176,32,Corey,Chavous,Vanderbilt,23,1,73,205,12,12,3,15,1990,False,False,,,750000,2,CB,CB,DET,0,False,None,,62,65,1,90,56,72,1,1,1,64,76,1,1,89
10177,23,Maurice,Douglass,Kentucky,23,1,71,210,18,18,5,16,1990,False,False,,,250000,1,FS,FS,BAL,0,False,None,,54,72,1,81,57,65,1,1,1,69,86,1,1,81
10178,47,David,Fulcher,Arizona State,23,1,75,236,7,7,2,20,1990,False,False,,,750000,2,FS,FS,CIN,0,False,None,,61,74,1,83,62,50,1,1,1,73,72,1,1,83
10179,37,Robert,Moore,Northwest State (LA),23,1,71,190,10,0,0,0,0,False,False,,,250000,1,FS,FS,IND,0,False,None,,56,76,1,81,55,60,1,1,1,66,75,1,1,80
10180,48,Eddie,Anderson,Fort Valley State,24,1,73,210,9,8,7,13,1990,False,False,,,250000,1,FS,FS,LON,0,False,None,,50,85,1,88,48,61,1,1,1,55,84,1,1,80
10182,49,Bobby,Futrell,Elizabeth City State,24,1,71,190,0,0,0,0,0,False,False,,,0,0,FS,FS,N/A,0,False,None,,44,64,1,72,57,52,1,1,1,55,63,1,1,70
10184,26,Neal,Guggemos,St. Thomas,23,1,72,187,0,0,0,0,0,False,False,,,0,0,FS,FS,N/A,0,False,None,,49,72,1,64,48,55,1,1,1,58,64,1,1,69
10186,41,Reyna,Thompson,Baylor,24,1,72,194,0,0,0,0,0,False,False,,,0,0,FS,FS,N/A,0,False,None,,47,73,1,81,45,50,1,1,1,53,70,1,1,73
10187,48,Manny,Hendrix,Utah,23,1,70,180,0,0,0,0,0,False,False,,,0,0,FS,FS,N/A,0,False,None,,42,64,1,66,51,60,1,1,1,55,67,1,1,68
10188,38,Pat,Tillman,Arizona State,23,1,71,204,1,1,7,18,1990,False,False,,,250000,1,FS,FS,NYT,0,False,None,,63,67,1,68,54,73,1,1,1,69,68,1,1,77
10190,23,Kevin,Wyatt,Arkansas,23,1,70,199,0,0,0,0,0,False,False,,,0,0,FS,FS,N/A,0,False,None,,51,64,1,74,38,56,1,1,1,53,75,1,1,68
10193,32,Craig,Swoope,Illinois,23,1,73,205,0,0,0,0,0,False,False,,,0,0,FS,FS,N/A,0,False,None,,44,73,1,62,42,63,1,1,1,60,72,1,1,68
10195,47,Omar,Brown,North Carolina,24,1,70,200,0,0,0,0,0,False,False,,,0,0,FS,FS,N/A,0,False,None,,43,60,1,72,50,39,1,1,1,56,65,1,1,67
10196,36,Buddy,Crutchfield,North Carolina Central,23,1,72,196,0,0,0,0,0,False,False,,,0,0,FS,FS,N/A,0,False,None,,39,69,1,70,40,38,1,1,1,55,70,1,1,66
10197,31,Scott,Frost,Nebraska,24,1,75,218,0,0,0,0,0,False,False,,,0,0,FS,FS,N/A,0,False,None,,36,60,1,71,47,50,1,1,1,48,74,1,1,66
10198,37,Vestee,Jackson,Washington,24,1,72,189,0,0,0,0,0,False,False,,,0,0,FS,FS,N/A,1991,False,None,,40,69,1,66,51,56,1,1,1,47,66,1,1,66
10200,41,Ed,Berry,Utah State,24,1,70,183,0,0,0,0,0,False,False,,,0,0,FS,FS,N/A,0,False,None,,42,60,1,65,51,44,1,1,1,54,71,1,1,65
10201,21,Johnny,Holloway,Kansas,24,1,71,181,0,0,0,0,0,False,False,,,0,0,FS,FS,N/A,0,False,None,,44,58,1,66,49,45,1,1,1,56,63,1,1,66
10205,21,Tawambi,Settles,Duke,23,1,74,194,0,0,0,0,0,False,False,,,0,0,FS,FS,N/A,1991,False,None,,48,57,1,72,40,53,1,1,1,58,68,1,1,66
10206,25,Ricky,Easmon,Florida,24,1,70,158,0,0,0,0,0,False,False,,,0,0,FS,FS,N/A,1991,False,None,,49,58,1,74,41,49,1,1,1,53,78,1,1,66
10207,28,John,Jenkins,Pittsburgh,24,1,72,188,0,0,0,0,0,False,False,,,0,0,FS,FS,N/A,0,False,None,,44,60,1,72,43,53,1,1,1,39,71,1,1,64
10208,32,Greg,Lasker,Arkansas,23,1,72,200,0,0,0,0,0,False,False,,,0,0,FS,FS,N/A,1991,False,None,,38,67,1,70,48,40,1,1,1,44,71,1,1,65
10209,34,Ramos,McDonald,New Mexico,23,1,71,195,0,0,0,0,0,False,False,,,0,0,FS,FS,N/A,0,False,None,,39,64,1,63,48,43,1,1,1,42,75,1,1,63
10210,29,Kelvin,Moore,Iowa State,24,1,72,210,0,0,0,0,0,False,False,,,0,0,FS,FS,N/A,0,False,None,,32,66,1,60,41,53,1,1,1,59,71,1,1,64
10212,37,Eric,Vance,Vanderbilt,24,1,74,215,0,0,0,0,0,False,False,,,0,0,FS,FS,N/A,0,False,None,,40,69,1,63,43,54,1,1,1,44,62,1,1,64
10214,24,Elbert,Watts,Oklahoma,24,1,73,205,0,0,0,0,0,False,False,,,0,0,FS,FS,N/A,1991,False,None,,51,69,1,63,43,50,1,1,1,44,71,1,1,64
10215,42,Kyle,Morrell,BYU,24,1,73,190,0,0,0,0,0,False,False,,,0,0,FS,FS,N/A,1991,False,None,,40,69,1,59,39,49,1,1,1,59,67,1,1,64
10218,33,Tim,Morrison,North Carolina,24,1,73,195,0,0,0,0,0,False,False,,,0,0,FS,FS,N/A,1991,False,None,,49,72,1,60,37,44,1,1,1,55,63,1,1,64
10219,47,Patrick,Hunter,Nevada-Reno,23,1,71,186,19,19,4,7,1990,False,False,,,500000,2,SS,SS,WAS,0,False,None,,71,87,1,66,47,51,1,1,1,72,92,1,1,79
10220,35,Mark,Kelso,William & Mary,24,1,71,181,16,16,3,13,1990,False,False,,,750000,2,SS,SS,TB,0,False,None,,66,79,1,81,47,53,1,1,1,74,84,1,1,81
10221,44,R.W.,McQuarters,Oklahoma State,23,1,70,198,12,12,2,10,1990,False,False,,,1250000,2,CB,CB,DET,0,False,None,,63,78,1,90,63,53,1,1,1,71,85,1,1,94
10222,35,Rod,Jones,SMU,23,1,72,185,0,0,0,0,0,False,False,,,0,0,SS,SS,N/A,0,False,None,,61,70,1,65,48,50,1,1,1,46,68,1,1,66
10223,30,Ric,Mathias,Wisconsin-LaCrosse,24,1,70,180,0,0,0,0,0,False,False,,,0,0,SS,SS,N/A,0,False,None,,58,59,1,68,45,48,1,1,1,59,79,1,1,66
10224,42,J.C.,Pearson,Cal Poly-Pomona,24,1,71,187,0,0,0,0,0,False,False,,,0,0,SS,SS,N/A,0,False,None,,50,71,1,66,41,57,1,1,1,49,69,1,1,65
10226,24,Stefon,Adams,East Carolina,24,1,70,189,0,0,0,0,0,False,False,,,0,0,SS,SS,N/A,0,False,None,,54,60,1,68,37,46,1,1,1,60,74,1,1,65
10228,27,Dainon,Sidney,Alabama-Birmingham,24,1,72,197,0,0,0,0,0,False,False,,,0,0,SS,SS,N/A,0,False,None,,55,61,1,70,41,52,1,1,1,42,66,1,1,63
10229,41,Shaun,Williams,UCLA,23,1,74,218,0,0,0,0,0,False,False,,,0,0,SS,SS,N/A,0,False,None,,46,78,1,63,49,53,1,1,1,47,77,1,1,65
10231,30,Kevin,Williams,Oklahoma State,24,1,72,190,0,0,0,0,0,False,False,,,0,0,SS,SS,N/A,0,False,None,,52,65,1,64,45,44,1,1,1,52,79,1,1,64
10233,39,Lloyd,Lee,Dartmouth,23,1,73,210,0,0,0,0,0,False,False,,,0,0,SS,SS,N/A,0,False,None,,55,67,1,58,49,47,1,1,1,48,69,1,1,62
10234,35,Gene,Profit,Yale,23,1,70,168,0,0,0,0,0,False,False,,,0,0,SS,SS,N/A,0,False,None,,45,69,1,64,43,44,1,1,1,49,64,1,1,62
10235,39,Larry,Griffin,North Carolina,24,1,72,197,0,0,0,0,0,False,False,,,0,0,SS,SS,N/A,0,False,None,,48,72,1,60,38,36,1,1,1,50,72,1,1,61
10236,49,Damien,Richardson,Arizona State,23,1,73,210,0,0,0,0,0,False,False,,,0,0,SS,SS,N/A,0,False,None,,48,58,1,59,38,51,1,1,1,56,73,1,1,61
10238,21,Billy,Austin,New Mexico,24,1,70,195,0,0,0,0,0,False,False,,,0,0,SS,SS,N/A,0,False,None,,45,64,1,61,33,40,1,1,1,56,67,1,1,61
10239,34,Anthony,Bass,Bethune-Cookman,24,1,73,192,0,0,0,0,0,False,False,,,0,0,SS,SS,N/A,0,False,None,,48,71,1,54,37,35,1,1,1,53,62,1,1,60
10240,24,Lamar,Campbell,Wisconsin,23,1,71,182,0,0,0,0,0,False,False,,,0,0,SS,SS,N/A,0,False,None,,45,59,1,61,51,44,1,1,1,49,59,1,1,60
10241,28,Tommy,Sims,Tennessee,23,1,72,190,0,0,0,0,0,False,False,,,0,0,SS,SS,N/A,0,False,None,,43,60,1,67,51,51,1,1,1,43,75,1,1,61
10242,10,David,Akers,Louisville,25,1,70,200,18,18,4,15,1990,True,False,,,500000,2,K,K,BAL,0,False,None,,24,30,12,46,9,65,1,1,1,20,86,76,88,76
10243,16,John,Lee,UCLA,23,1,71,182,0,0,0,0,0,True,False,,,0,0,K,K,N/A,0,False,None,,12,25,12,40,8,64,1,1,1,20,88,73,80,70
10244,19,Mike,Vanderjagt,West Virginia,29,1,77,211,0,0,0,0,0,True,False,,,0,0,K,K,N/A,0,False,None,,10,27,6,42,4,66,1,1,1,18,79,73,91,74
10246,2,Brett,Conway,Penn State,24,1,74,208,0,0,0,0,0,True,False,,,0,0,K,K,N/A,0,False,None,,7,29,15,30,8,44,1,1,1,7,85,68,70,60
10247,11,Wade,Richey,LSU,23,1,75,205,0,0,0,0,0,True,False,,,0,0,K,K,N/A,0,False,None,,12,36,1,24,7,55,1,1,1,11,73,62,68,60
10248,4,Max,Zendejas,Arizona,24,1,71,184,0,0,0,0,0,True,False,,,0,0,K,K,N/A,0,False,None,,21,24,13,42,7,46,1,1,1,2,86,61,68,60
10249,4,John,Teltschik,Texas,23,1,74,212,13,0,0,0,0,True,False,,,250000,1,P,P,MIN,0,False,None,,19,31,11,53,10,59,1,1,1,14,84,80,72,71
10251,10,Evan,Arapostathis,Eastern Illinois,24,1,69,160,0,0,0,0,0,True,False,,,0,0,P,P,N/A,0,False,None,,19,28,10,52,8,48,1,1,1,15,82,71,64,63
10252,5,Lewis,Colbert,Auburn,24,1,71,182,0,0,0,0,0,True,False,,,0,0,P,P,N/A,0,False,None,,27,30,20,47,13,47,1,1,1,5,73,68,64,62
10254,4,Nick,Gallery,Iowa,24,1,76,245,0,0,0,0,0,True,False,,,0,0,P,P,N/A,0,False,None,,24,39,15,47,12,42,1,1,1,14,71,74,61,62
10255,12,Matt,George,Chapman,24,1,71,190,0,0,0,0,0,True,False,,,0,0,P,P,N/A,0,False,None,,10,39,11,40,7,44,1,1,1,10,70,74,65,62
10256,16,Scott,Player,Flager,30,1,73,213,20,0,0,0,0,True,False,,,250000,1,P,P,LOU,0,False,None,,18,26,9,35,13,48,1,1,1,15,89,81,73,68
12391,15,Mark,Brunell,Washington,24,0,73,217,2,2,1,16,1991,True,False,,,1750000,4,QB,QB,MIA,0,False,None,,57,70,85,66,29,84,80,1,1,17,79,1,1,84
12392,18,Bobby,Layne,Texas,22,0,73,201,1,1,1,3,1991,True,False,,,3000000,4,QB,QB,NYT,0,False,None,,55,68,85,62,30,85,88,1,1,20,65,1,1,86
12393,7,Brad,Johnson,Florida State,26,0,77,226,18,18,2,4,1991,True,False,,,1500000,3,QB,QB,BAL,0,False,None,,41,70,81,61,20,82,85,1,1,23,85,1,1,83
12394,17,Tommy,Kramer II,Rice,22,0,74,200,13,13,2,10,1991,True,False,,,1250000,3,QB,QB,MIN,0,False,None,,59,73,82,62,26,72,88,1,1,33,87,1,1,82
12395,4,Clarence,Parker,Duke,25,0,72,178,3,3,2,15,1991,False,False,,,1000000,3,CB,CB,GB,0,False,None,,60,80,72,67,63,88,80,35,40,60,68,65,75,87
12396,9,Tony,Rice,Notre Dame,22,0,73,200,11,11,2,19,1991,True,False,,,750000,3,QB,QB,CHI,0,False,None,,45,70,78,67,40,86,77,1,1,15,88,1,1,81
12397,3,Elvis,Grbac,Michigan,24,0,77,232,12,12,4,1,1991,True,False,,,500000,3,QB,QB,DET,0,False,None,,38,58,76,57,19,83,83,1,1,19,73,1,1,80
12398,6,Gus,Frerotte,Tulsa,23,0,75,237,1,1,4,14,1991,True,False,,,500000,3,QB,QB,NYT,0,False,None,,47,73,85,54,25,71,68,1,1,23,79,1,1,76
12399,4,Trent,Dilfer,Fresno State,22,0,76,225,12,12,4,20,1991,True,False,,,500000,3,QB,QB,DET,0,False,None,,41,53,75,51,20,84,71,1,1,25,84,1,1,76
12400,18,Heath,Shuler,Tennessee,23,0,74,216,14,14,6,5,1991,True,False,,,250000,2,QB,QB,ATL,0,False,None,,44,60,81,55,9,74,64,1,1,15,77,1,1,73
12401,19,Glenn,Foley,Boston College,24,0,74,210,20,20,7,9,1991,True,False,,,250000,2,QB,QB,LOU,0,False,None,,34,47,74,55,4,70,72,1,1,3,70,1,1,72
12402,14,Perry,Klein,California,23,0,74,218,13,13,7,10,1991,True,False,,,250000,2,QB,QB,MIN,0,False,None,,47,56,76,53,15,71,66,1,1,6,65,1,1,71
12403,38,Marshall,Faulk,San Diego State,21,0,70,211,7,8,1,6,1991,True,False,,,2500000,4,RB,RB,CIN,0,False,None,,70,88,24,87,87,70,36,40,39,35,94,1,3,91
12404,26,Charlie,Garner,Tennessee,22,0,70,190,4,4,2,7,1991,True,False,,,1250000,3,RB,RB,OAK,0,False,None,,66,77,18,89,84,43,10,25,34,29,70,1,1,85
12405,46,Jamal,Anderson,Utah,22,0,71,237,8,8,2,14,1991,True,False,,,1000000,3,RB,RB,SEA,0,False,None,,60,90,27,84,65,65,15,26,35,32,87,1,1,83
12406,26,Dorsey,Levens,Georgia Tech,24,0,73,230,20,20,1,19,1991,True,False,,,1750000,4,RB,RB,LOU,0,False,None,,56,85,18,86,70,68,16,39,29,33,71,1,1,84
12407,42,Bam,Morris,Texas Tech,22,0,72,244,5,5,3,19,1991,True,False,,,750000,3,RB,RB,BUF,0,False,None,,80,80,18,75,59,56,14,22,33,30,80,1,1,79
12408,28,Errict,Rhett,Florida,24,0,71,210,2,2,3,16,1991,True,False,,,750000,3,RB,RB,MIA,0,False,None,,72,70,22,86,59,60,18,32,31,35,75,1,1,81
12409,49,Raymont,Harris,Ohio State,24,0,72,226,1,1,3,15,1991,True,False,,,750000,3,RB,RB,NYT,0,False,None,,70,76,9,83,57,50,6,40,38,29,78,1,1,79
12410,24,LeShon,Johnson,Northern Illinois,23,0,72,205,12,12,4,8,1991,True,False,,,500000,3,RB,RB,DET,0,False,None,,55,73,20,90,45,44,3,15,14,28,72,1,1,76
12411,43,Greg,Hill,Texas A&M,22,0,71,207,3,3,6,3,1991,True,False,,,250000,2,RB,RB,GB,0,False,None,,70,80,11,71,58,60,24,30,20,32,81,1,1,76
12412,23,Lamar,Smith,Houston,24,0,71,230,15,15,5,8,1991,True,False,,,250000,2,RB,RB,SF,0,False,None,,59,77,24,78,48,56,15,19,30,34,72,1,1,75
12413,24,Wes,Bender,USC,24,0,70,242,13,13,5,18,1991,True,False,,,250000,2,RB,RB,MIN,0,False,None,,60,72,19,80,49,55,8,14,15,28,61,1,1,74
12414,44,Mario,Bates,Arizona State,21,0,73,217,13,13,7,4,1991,True,False,,,250000,2,RB,RB,MIN,0,False,None,,56,76,17,75,56,52,9,25,17,13,62,1,1,73
12415,44,Butler,By'not'e,Ohio State,22,0,69,190,0,0,0,0,0,True,False,,,0,0,RB,RB,N/A,0,False,None,,54,68,14,75,60,49,4,23,26,12,66,1,1,71
12416,48,Yonel,Jourdain,Southern Illinois,23,0,71,204,7,7,7,14,1991,True,False,,,250000,2,RB,RB,CIN,0,False,None,,54,62,10,79,59,52,4,13,29,17,66,1,1,72
12417,40,Brian,Henesey,Bucknell,25,0,70,215,0,0,0,0,0,True,False,,,0,0,RB,RB,N/A,0,False,None,,55,71,12,78,42,43,16,15,29,16,61,1,1,70
12418,42,Calvin,Jones,Nebraska,24,0,71,205,0,0,0,0,0,True,False,,,0,0,RB,RB,N/A,0,False,None,,58,67,6,74,50,39,18,23,28,14,60,1,1,70
12419,27,Donnell,Bennett,Miami (FL),22,0,72,242,0,0,0,0,0,True,False,,,0,0,RB,RB,N/A,0,False,None,,52,70,20,73,52,41,8,28,21,29,64,1,1,69
12420,32,Tyrone,Rush,North Alabama,23,0,71,196,0,0,0,0,0,True,False,,,0,0,RB,RB,N/A,0,False,None,,51,60,4,75,58,42,9,27,21,21,63,1,1,69
12421,33,Dewell,Brewer,Oklahoma,24,0,68,210,0,0,0,0,0,True,False,,,0,0,RB,RB,N/A,0,False,None,,64,74,12,65,48,44,14,19,18,27,67,1,1,68
12422,46,Gary,Downs,North Carolina State,22,0,73,212,0,0,0,0,0,True,False,,,0,0,RB,RB,N/A,0,False,None,,50,70,14,67,60,51,9,14,23,15,71,1,1,68
12423,44,Keith,Elias,Princeton,22,0,69,203,0,0,0,0,0,True,False,,,0,0,RB,RB,N/A,0,False,None,,58,65,4,68,56,50,10,13,16,19,68,1,1,68
12424,49,Ronald,Humphrey,Miss. Valley State,25,0,70,211,0,0,0,0,0,True,False,,,0,0,RB,RB,N/A,0,False,None,,61,65,14,69,44,48,4,20,24,21,62,1,1,67
12425,37,William,Bell,Georgia Tech,23,0,71,214,0,0,0,0,0,True,False,,,0,0,RB,RB,N/A,0,False,None,,47,69,18,68,57,45,17,13,15,29,77,1,1,67
12426,47,Derrick,Clark,Evangel (MO),23,0,73,235,0,0,0,0,0,True,False,,,0,0,RB,RB,N/A,0,False,None,,59,66,6,66,49,38,6,20,23,17,65,1,1,66
12427,28,Anthony,Daigle,Arizona State,24,0,70,203,0,0,0,0,0,True,False,,,0,0,RB,RB,N/A,0,False,None,,48,65,9,69,55,38,4,26,13,28,73,1,1,66
12428,24,Deon,Strother,USC,22,0,71,213,0,0,0,0,0,True,False,,,0,0,RB,RB,N/A,0,False,None,,64,60,4,70,41,44,11,22,15,14,71,1,1,66
12429,32,Irving,Spikes,Alabama,24,0,68,212,0,0,0,0,0,True,False,,,0,0,RB,RB,N/A,0,False,None,,55,73,15,66,50,45,19,21,19,14,69,1,1,67
12430,37,Beno,Bryant,Washington,23,0,69,175,0,0,0,0,0,True,False,,,0,0,RB,RB,N/A,0,False,None,,60,63,10,67,57,44,17,13,14,19,65,1,1,67
12431,48,Tony,Carter,Minnesota,22,0,72,230,0,0,0,0,0,True,False,,,0,0,RB,RB,N/A,0,False,None,,60,70,5,63,46,45,2,21,18,24,68,1,1,65
12432,28,Frank,Harvey,Georgia,23,0,72,245,0,0,0,0,0,True,False,,,0,0,RB,RB,N/A,0,False,None,,48,71,5,66,52,40,9,28,25,13,63,1,1,66
12433,37,Lamont,Warren,Colorado,21,0,71,202,0,0,0,0,0,True,False,,,0,0,RB,RB,N/A,0,False,None,,53,69,7,62,60,41,8,14,16,18,71,1,1,66
12434,46,Thomas,Krauss,CSU-Sacramento,20,0,70,209,0,0,0,0,0,True,False,,,0,0,RB,RB,N/A,0,False,None,,59,59,1,77,35,30,19,8,13,34,56,1,1,66
12435,46,Trevor,Cobb,Rice,24,0,69,209,0,0,0,0,0,True,False,,,0,0,RB,RB,N/A,0,False,None,,59,68,5,66,41,39,4,21,29,19,74,1,1,65
12436,36,Chuck,Levy,Arizona,22,0,72,200,0,0,0,0,0,True,False,,,0,0,RB,RB,N/A,0,False,None,,47,75,20,67,44,38,11,22,18,28,65,1,1,65
12437,21,Mel,Baltazar,San Jose State,20,0,71,210,15,15,2,13,1991,True,False,,,1000000,3,FB,FB,SF,0,False,None,,70,60,1,75,66,70,1,52,42,35,70,1,1,83
12438,49,William,Floyd,Florida State,22,0,73,242,8,8,3,6,1991,True,False,Tight Hamstring,Probable,750000,3,FB,FB,SEA,0,False,None,,76,66,1,83,63,59,1,49,44,23,70,1,1,83
12439,41,Carl,McCullough,Wisconsin,24,0,70,193,19,19,4,2,1991,True,False,,,500000,3,FB,FB,WAS,0,False,None,,84,38,1,81,68,38,1,49,32,38,66,3,1,78
12440,47,Mack,Strong,Georgia,23,0,72,245,11,11,5,17,1991,True,False,,,250000,2,FB,FB,CHI,0,False,None,,78,56,1,58,50,44,1,51,31,44,65,1,1,74
12441,34,Ben,Godwin,Kansas,20,0,71,206,0,0,0,0,0,True,False,,,0,0,FB,FB,N/A,0,False,None,,67,61,1,79,40,28,1,29,41,13,73,1,1,65
12442,40,Jeff,Cothran,Ohio State,23,0,73,249,13,13,7,18,1991,True,False,,,250000,2,FB,FB,MIN,0,False,None,,55,54,1,54,49,48,1,41,41,14,67,1,1,68
12443,33,Brian,O'Neal,Penn State,24,0,72,233,0,0,0,0,0,True,False,,,0,0,FB,FB,N/A,0,False,None,,61,49,1,63,49,51,1,41,23,14,72,1,1,63
12444,80,Isaac,Bruce,Memphis,22,0,72,188,4,4,1,7,1991,True,False,Tight Hamstring,Probable,2500000,4,WR,WR,OAK,0,False,None,,43,91,1,85,93,64,4,40,28,29,95,1,1,89
12445,86,Johnnie,Morton,USC,23,0,72,190,8,8,2,8,1991,True,False,,,1250000,3,WR,WR,SEA,0,False,None,,36,75,1,84,87,69,1,21,8,19,86,1,1,82
12446,11,Derrick,Alexander,Michigan,23,0,74,195,5,5,3,11,1991,True,False,,,750000,3,WR,WR,BUF,0,False,None,,34,76,1,81,78,70,1,20,20,19,86,1,1,79
12447,85,Bert,Emanuel,Rice,24,0,70,180,2,2,4,12,1991,True,False,,,500000,3,WR,WR,MIA,0,False,None,,35,79,1,78,72,50,1,28,8,29,74,1,1,76
12448,85,Charles,Johnson,Colorado,22,0,72,200,11,11,4,17,1991,True,False,,,500000,3,WR,WR,CHI,0,False,None,,31,83,1,77,70,65,1,18,16,20,74,1,1,76
12449,11,Darnay,Scott,San Diego State,22,0,73,200,15,15,3,13,1991,True,False,,,750000,3,WR,WR,SF,0,False,None,,34,67,1,78,77,63,1,29,23,19,69,1,1,76
12450,15,James,McKnight,Liberty,22,0,73,198,4,4,5,7,1991,True,False,,,250000,2,WR,WR,OAK,0,False,None,,41,75,1,74,80,53,1,30,17,18,75,1,1,77
12451,87,Jeff,Hill,Purdue,22,0,71,178,19,19,6,4,1991,True,False,,,250000,2,WR,WR,WAS,0,False,None,,30,77,1,76,75,46,1,17,13,18,69,1,1,74
12452,11,Terry,Mickens,Florida A&M,23,0,72,201,16,16,5,15,1991,True,False,,,250000,2,WR,WR,TB,0,False,None,,23,63,1,81,75,62,1,21,13,25,67,1,1,74
12453,15,Derrell,Mitchell,Texas Tech,23,0,69,189,7,7,6,14,1991,True,False,,,250000,2,WR,WR,CIN,0,False,None,,40,70,1,74,74,50,1,14,15,14,70,1,1,73
12454,82,David,Palmer,Alabama,22,0,68,173,14,14,7,5,1991,True,False,,,250000,2,WR,WR,ATL,0,False,None,,40,66,1,73,76,58,1,16,8,22,70,1,1,73
12455,17,Orlando,Parker,Troy,22,0,71,190,16,16,6,15,1991,True,False,,,250000,2,WR,WR,TB,0,False,None,,28,80,1,72,77,47,1,24,19,17,79,1,1,74
12456,88,Leslie,Shepherd,Temple,25,0,71,186,8,8,5,14,1991,True,False,,,250000,2,WR,WR,SEA,0,False,None,,33,68,1,69,82,60,1,15,9,22,78,1,1,73
12457,12,Tydus,Winans,Fresno State,22,0,71,180,4,4,7,7,1991,True,False,,,250000,2,WR,WR,OAK,0,False,None,,36,68,1,75,74,62,1,18,1,13,68,1,1,74
12458,85,Charles,Jordan,Long Beach Community College,25,0,71,182,13,13,7,20,1991,True,False,,,250000,2,WR,WR,MIN,0,False,None,,37,71,1,74,73,45,1,13,1,16,73,1,1,72
12459,85,Malcolm,Floyd,Fresno State,22,0,72,194,0,0,0,0,0,True,False,,,0,0,WR,WR,N/A,0,False,None,,30,76,1,71,68,51,1,10,1,23,78,1,1,70
12460,82,Stevie,Anderson,Grambling State,24,0,77,215,0,0,0,0,0,True,False,,,0,0,WR,WR,N/A,0,False,None,,31,74,1,76,62,43,1,18,1,12,64,1,1,70
12461,88,Chris,Brantley,Rutgers,24,0,70,180,0,0,0,0,0,True,False,,,0,0,WR,WR,N/A,0,False,None,,30,67,1,74,65,54,1,23,7,17,65,1,1,70
12462,84,Greg,Primus,Colorado State,24,0,71,190,0,0,0,0,0,True,False,,,0,0,WR,WR,N/A,0,False,None,,33,76,1,64,75,54,1,6,10,23,62,1,1,70
12463,89,Jermaine,Ross,Purdue,23,0,72,192,0,0,0,0,0,True,False,,,0,0,WR,WR,N/A,0,False,None,,32,71,1,68,68,54,1,14,2,25,75,1,1,69
12464,81,Darryl,Spencer,Miami (FL),24,0,68,172,0,0,0,0,0,True,False,,,0,0,WR,WR,N/A,0,False,None,,26,61,1,78,67,54,1,20,11,27,80,1,1,70
12465,82,Charles,Swann,Indiana State,24,0,73,188,0,0,0,0,0,True,False,,,0,0,WR,WR,N/A,0,False,None,,30,75,1,71,64,59,1,9,14,13,62,1,1,70
12466,84,Shannon,Baker,Florida State,23,0,69,185,0,0,0,0,0,True,False,,,0,0,WR,WR,N/A,0,False,None,,40,67,1,70,66,48,1,19,16,28,77,1,1,69
12467,87,Steve,Hawkins,Tennessee State,23,0,77,210,0,0,0,0,0,True,False,,,0,0,WR,WR,N/A,0,False,None,,27,64,1,74,66,52,1,22,1,25,77,1,1,69
12468,81,Chris,Penn,Tulsa,23,0,72,198,0,0,0,0,0,True,False,,,0,0,WR,WR,N/A,0,False,None,,31,78,1,70,63,41,1,14,9,14,62,1,1,69
12469,80,Cory,Fleming,Tennessee,23,0,73,216,0,0,0,0,0,True,False,,,0,0,WR,WR,N/A,0,False,None,,39,75,1,65,61,57,1,13,17,18,74,1,1,68
12470,89,Damon,Thomas,Wayne State (NE),24,0,74,215,0,0,0,0,0,True,False,,,0,0,WR,WR,N/A,0,False,None,,35,73,1,72,62,46,1,17,3,16,78,1,1,69
12471,83,Ryan,Yarborough,Wyoming,23,0,74,195,0,0,0,0,0,True,False,,,0,0,WR,WR,N/A,0,False,None,,37,62,1,76,61,44,1,11,12,14,74,1,1,68
12472,81,Thomas,Lewis,Indiana,22,0,73,191,0,0,0,0,0,True,False,,,0,0,WR,WR,N/A,0,False,None,,32,66,1,71,68,46,1,7,15,27,69,1,1,68
12473,85,Aaron,Bailey,Louisville,23,0,70,185,0,0,0,0,0,True,False,,,0,0,WR,WR,N/A,0,False,None,,26,74,1,65,65,48,1,11,12,19,77,1,1,67
12474,89,Andre,Coleman,Kansas State,22,0,69,165,0,0,0,0,0,True,False,,,0,0,WR,WR,N/A,0,False,None,,29,63,1,72,64,42,1,13,9,16,67,1,1,67
12475,82,Steve,Rhem,Ark-Monticello,23,0,74,212,0,0,0,0,0,True,False,,,0,0,WR,WR,N/A,0,False,None,,28,68,1,60,74,43,1,23,8,28,79,1,1,66
12476,88,Omar,Douglas,Minnesota,22,0,70,182,0,0,0,0,0,True,False,,,0,0,WR,WR,N/A,0,False,None,,37,68,1,61,66,54,1,14,12,17,65,1,1,66
12477,85,Kevin,Knox,Florida State,23,0,75,195,0,0,0,0,0,True,False,,,0,0,WR,WR,N/A,0,False,None,,31,73,1,61,65,52,1,19,12,27,73,1,1,66
12478,84,Bryan,Reeves,Arizona State,24,0,71,195,0,0,0,0,0,True,False,,,0,0,WR,WR,N/A,0,False,None,,29,67,1,68,59,60,1,8,3,23,64,1,1,66
12479,83,Tyrone,Johnson,Western State (CO),23,0,71,171,0,0,0,0,0,True,False,,,0,0,WR,WR,N/A,0,False,None,,23,62,1,74,63,50,1,9,1,19,66,1,1,66
12480,86,Lake,Dawson,Notre Dame,22,0,73,204,0,0,0,0,0,True,False,,,0,0,WR,WR,N/A,0,False,None,,30,59,1,61,72,46,1,11,3,19,67,1,1,64
12481,89,John,Quinn,Ohio State,21,0,74,203,0,0,0,0,0,True,False,,,0,0,WR,WR,N/A,0,False,None,,32,53,1,66,55,68,1,11,1,34,82,1,1,63
12482,81,Andre,Street,Iowa State,22,0,74,224,0,0,0,0,0,True,False,,,0,0,WR,WR,N/A,0,False,None,,22,69,1,53,57,61,1,31,1,18,85,1,1,60
12483,84,Joseph,Emery,Penn State,21,0,73,199,0,0,0,0,0,True,False,,,0,0,WR,WR,N/A,0,False,None,,22,56,1,53,65,40,1,16,18,34,79,1,1,58
12484,85,Dwayne,Carswell,Liberty,22,0,75,290,1,1,3,8,1991,True,False,,,750000,3,TE,TE,NYT,0,False,None,,60,68,1,78,64,59,1,44,47,44,78,1,1,77
12485,80,Bradford,Banta,USC,24,0,78,253,3,3,6,1,1991,True,False,,,250000,2,TE,TE,GB,0,False,None,,56,64,1,71,67,59,1,41,37,39,74,1,1,73
12486,83,Kirk,Botkin,Arkansas,23,0,75,245,13,13,6,18,1991,True,False,,,250000,2,TE,TE,MIN,0,False,None,,57,63,1,73,61,58,1,45,33,23,70,1,1,72
12487,81,Aaron,Laing,Lamar,23,0,75,260,8,8,6,10,1991,True,False,,,250000,2,TE,TE,SEA,0,False,None,,55,54,1,72,67,51,1,39,41,30,70,1,1,71
12488,81,Brian,Kozlowski,Connecticut,24,0,75,250,0,0,0,0,0,True,False,,,0,0,TE,TE,N/A,0,False,None,,61,63,1,57,61,56,1,40,39,39,61,1,1,70
12489,45,Tracy,Greene,Grambling State,22,0,77,270,19,19,7,2,1991,True,False,,,250000,2,TE,TE,WAS,0,False,None,,60,49,1,68,65,52,1,47,44,29,73,1,1,72
12490,89,Carlester,Crumpler,East Carolina,23,0,78,260,8,8,7,6,1991,True,False,,,250000,2,TE,TE,SEA,0,False,None,,57,58,1,70,63,57,1,44,38,24,68,1,1,72
12491,84,Frank,Hartley,Illinois,27,0,74,268,0,0,0,0,0,True,False,,,0,0,TE,TE,N/A,0,False,None,,56,56,1,59,73,42,1,43,31,23,71,1,1,69
12492,89,Vince,Marrow,Toledo,26,0,75,251,0,0,0,0,0,True,False,,,0,0,TE,TE,N/A,0,False,None,,49,52,1,70,72,58,1,31,27,35,57,1,1,68
12493,87,Carlos,Etheredge,Miami (FL),24,0,77,236,0,0,0,0,0,True,False,,,0,0,TE,TE,N/A,0,False,None,,50,54,1,65,70,43,1,41,25,36,63,1,1,67
12494,81,Roderick,Lewis,Arizona,23,0,77,254,0,0,0,0,0,True,False,,,0,0,TE,TE,N/A,0,False,None,,54,61,1,73,58,43,1,30,40,37,59,1,1,68
12495,87,Ted,Popson,Portland State,28,0,76,250,0,0,0,0,0,True,False,,,0,0,TE,TE,N/A,0,False,None,,58,61,1,62,56,53,1,38,32,27,60,1,1,67
12496,87,Harold,Bishop,LSU,24,0,76,254,0,0,0,0,0,True,False,,,0,0,TE,TE,N/A,0,False,None,,50,47,1,68,63,53,1,36,31,25,71,1,1,66
12497,88,Kurt,Haws,Utah,25,0,77,248,0,0,0,0,0,True,False,,,0,0,TE,TE,N/A,0,False,None,,53,47,1,57,65,57,1,37,34,24,72,1,1,66
12498,85,Jeff,Wilner,Connecticut,23,0,76,245,0,0,0,0,0,True,False,,,0,0,TE,TE,N/A,0,False,None,,47,62,1,60,63,54,1,45,25,27,70,1,1,66
12499,82,Brett,Carolan,Washington State,23,0,75,241,0,0,0,0,0,True,False,,,0,0,TE,TE,N/A,0,False,None,,50,54,1,64,56,60,1,44,34,25,67,1,1,66
12500,83,Walter,Rasby,Wake Forest,22,0,75,252,0,0,0,0,0,True,False,,,0,0,TE,TE,N/A,0,False,None,,52,49,1,64,58,54,1,33,43,31,61,1,1,66
12501,82,John,Burke,Virginia Tech,23,0,75,248,0,0,0,0,0,True,False,,,0,0,TE,TE,N/A,0,False,None,,47,60,1,66,59,47,1,36,26,34,72,1,1,65
12502,82,Lonnie,Johnson,Florida State,23,0,75,240,0,0,0,0,0,True,False,,,0,0,TE,TE,N/A,0,False,None,,44,55,1,69,57,45,1,43,40,38,66,1,1,66
12503,82,Terry,Samuels,Kentucky,24,0,74,254,0,0,0,0,0,True,False,,,0,0,TE,TE,N/A,0,False,None,,50,55,1,55,56,49,1,34,33,36,63,1,1,62
12504,87,Rickey,Brady,Oklahoma,24,0,76,246,0,0,0,0,0,True,False,,,0,0,TE,TE,N/A,0,False,None,,44,62,1,57,56,44,1,40,32,33,61,1,1,63
12505,83,Andrew,Jordan,Western Carolina,22,0,78,260,0,0,0,0,0,True,False,,,0,0,TE,TE,N/A,0,False,None,,42,50,1,54,61,60,1,43,28,40,62,1,1,62
12506,82,Shannon,Mitchell,Georgia,22,0,74,245,0,0,0,0,0,True,False,,,0,0,TE,TE,N/A,0,False,None,,43,50,1,57,59,58,1,36,27,40,63,1,1,61
12507,61,Larry,Allen,Butte Junior College (CA),23,0,75,325,12,12,1,8,1991,True,False,Tight Hamstring,Probable,2500000,4,G,G,DET,0,False,None,,83,63,1,60,24,68,1,91,80,44,82,1,8,89
12508,77,Jim,Parker,Ohio State,23,0,75,273,20,20,1,9,1991,True,False,,,2500000,4,G,G,LOU,0,False,None,,85,55,1,57,25,75,1,80,93,40,70,1,1,88
12509,67,John,Rankin,FAU,23,0,76,313,17,17,2,20,1991,True,False,,,750000,3,G,G,CHC,0,False,None,,81,44,1,60,15,75,2,70,81,24,67,1,1,81
12510,68,David,Dixon,Arizona State,25,0,77,343,2,2,3,9,1991,True,False,,,750000,3,G,G,MIA,0,False,None,,83,59,1,60,22,57,1,79,75,28,53,1,1,81
12511,64,Ron,Stone,Boston College,23,0,77,325,5,5,4,11,1991,True,False,,,500000,3,T,T,BUF,0,False,None,,86,41,1,52,14,62,1,68,80,37,67,1,1,79
12512,64,Everett,McIver,Elizabeth City State,24,0,77,318,12,12,5,3,1991,True,False,,,250000,2,G,G,DET,0,False,None,,78,38,1,40,6,63,1,79,70,28,57,1,1,76
12513,52,Jerry,Ostroski,Tulsa,24,0,75,320,14,14,4,15,1991,True,False,,,500000,3,G,G,ATL,0,False,None,,69,41,1,44,16,54,1,77,76,34,61,1,1,76
12514,70,Joe,Panos,Wisconsin,23,0,75,300,1,1,4,19,1991,True,False,,,500000,3,G,G,NYT,0,False,None,,78,52,1,48,19,61,1,75,69,45,64,1,1,76
12515,51,Eric,Mahlum,California,24,0,76,284,19,19,6,2,1991,True,False,,,250000,2,G,G,WAS,0,False,None,,72,39,1,38,14,65,1,79,63,35,65,1,1,74
12516,60,Anthony,Redmon,Auburn,23,0,77,308,8,8,6,19,1991,True,False,,,250000,2,G,G,SEA,0,False,None,,73,39,1,39,11,53,1,79,65,38,65,1,1,73
12517,71,Chuck,Belin,Wisconsin,24,0,74,305,1,1,7,3,1991,True,False,,,250000,2,G,G,NYT,0,False,None,,65,47,1,36,14,65,1,77,70,30,50,1,1,74
12518,76,Todd,Burger,Penn State,24,0,75,303,11,11,6,17,1991,True,False,,,250000,2,G,G,CHI,0,False,None,,72,53,1,39,11,65,1,66,71,34,59,1,1,72
12519,78,Tim,Simpson,Illinois,25,0,74,284,0,0,0,0,0,True,False,,,0,0,G,G,N/A,0,False,None,,64,48,1,41,8,59,1,72,68,34,54,1,1,71
12520,64,Charles,Hope,Central State (OH),24,0,75,303,0,0,0,0,0,True,False,,,0,0,G,G,N/A,0,False,None,,65,32,1,47,1,51,1,74,65,34,54,1,1,71
12521,74,Tre',Johnson,Temple,23,0,74,328,0,0,0,0,0,True,False,,,0,0,G,G,N/A,0,False,None,,74,45,1,38,8,66,1,63,70,35,54,1,1,71
12522,72,Isaac,Davis,Arkansas,22,0,75,320,0,0,0,0,0,True,False,,,0,0,G,G,N/A,0,False,None,,78,36,1,38,8,59,1,66,66,37,63,1,1,70
12523,71,Quinton,Thomas,Eastern Washington,24,0,75,326,0,0,0,0,0,True,False,,,0,0,G,G,N/A,0,False,None,,71,56,1,34,20,69,1,71,55,26,38,1,1,70
12524,67,Doug,Skene,Michigan,24,0,78,295,0,0,0,0,0,True,False,,,0,0,G,G,N/A,0,False,None,,77,49,1,31,1,46,1,68,67,31,55,1,1,69
12525,70,Corbin,Lacina,Augustana (SD),24,0,76,302,0,0,0,0,0,True,False,,,0,0,G,G,N/A,0,False,None,,72,46,1,37,19,58,1,63,63,28,56,1,1,67
12526,60,Mark,Tucker,USC,26,0,75,290,0,0,0,0,0,True,False,,,0,0,G,G,N/A,0,False,None,,70,45,1,34,4,61,1,61,66,30,45,1,1,67
12527,61,Craig,Novitsky,UCLA,23,0,77,295,0,0,0,0,0,True,False,,,0,0,G,G,N/A,0,False,None,,74,37,1,38,1,53,1,65,62,27,52,1,1,68
12528,69,Jose,Lockwood,Memphis,24,0,77,315,0,0,0,0,0,True,False,,,0,0,G,G,N/A,0,False,None,,58,53,1,43,8,57,1,69,55,51,45,1,1,66
12529,63,Rod,Milstead,Delaware State,25,0,74,290,0,0,0,0,0,True,False,,,0,0,G,G,N/A,0,False,None,,70,40,1,38,6,57,1,68,53,33,55,1,1,66
12530,99,Andre,Roussimoff,Grenoble,25,0,88,520,15,15,1,13,1991,False,False,,,2000000,4,DT,DT,SF,0,False,None,,99,45,1,35,62,75,1,80,80,70,60,1,1,88
12531,65,Todd,Steussie,California,24,0,78,320,7,7,1,20,1991,True,False,,,1750000,4,T,T,CIN,0,False,None,,87,57,5,55,22,79,3,88,71,44,65,1,1,84
12532,63,Derrick,Deese,USC,24,0,75,289,1,1,2,12,1991,True,False,,,1000000,3,T,T,NYT,0,False,None,,89,42,1,59,13,72,1,78,78,30,74,1,1,83
12533,79,Orlando,Brown,Central State (OH),24,0,79,360,7,7,2,16,1991,True,False,,,750000,3,T,T,CIN,0,False,None,,88,50,1,50,17,64,1,76,80,38,68,1,1,82
12534,77,Wayne,Gandy,Auburn,23,0,76,308,11,11,4,4,1991,True,False,,,500000,3,T,T,CHI,0,False,None,,80,60,1,51,14,65,1,70,71,50,66,1,1,76
12535,74,Jason,Mathews,BYU,23,0,77,285,19,19,5,4,1991,True,False,,,250000,2,T,T,WAS,0,False,None,,71,54,1,50,11,57,1,79,69,34,61,1,1,75
12536,72,Bernard,Williams,Georgia,22,0,80,317,14,14,5,5,1991,True,False,,,250000,2,T,T,ATL,0,False,None,,84,48,1,42,8,54,1,68,74,38,59,1,1,75
12537,60,Max,Lane,Navy,23,0,78,315,20,20,5,9,1991,True,False,,,250000,2,T,T,LOU,0,False,None,,69,39,1,56,8,57,1,80,65,31,60,1,1,74
12538,79,Joe,Patton,Alabama A&M,22,0,77,306,12,12,6,8,1991,True,False,,,250000,2,T,T,DET,0,False,None,,82,53,1,38,18,55,1,73,69,35,59,1,1,73
12539,61,Vaughn,Parker,UCLA,23,0,75,300,0,0,0,0,0,True,False,,,0,0,T,T,N/A,0,False,None,,72,37,1,49,4,54,1,68,66,40,59,1,1,70
12540,65,James,Atkins,La-Lafayette,24,0,78,306,0,0,0,0,0,True,False,,,0,0,T,T,N/A,0,False,None,,81,39,1,48,7,58,1,64,61,41,65,1,1,69
12541,62,Steve,Hoyem,Stanford,24,0,79,287,0,0,0,0,0,True,False,,,0,0,T,T,N/A,0,False,None,,69,44,1,31,1,60,1,70,65,38,60,1,1,69
12542,67,Trent,Pollard,Eastern Washington,22,0,76,304,0,0,0,0,0,True,False,,,0,0,T,T,N/A,0,False,None,,77,40,1,34,5,56,1,64,62,22,47,1,1,67
12543,60,Gary,Brown,Georgia Tech,23,0,76,307,0,0,0,0,0,True,False,,,0,0,T,T,N/A,0,False,None,,69,37,1,35,10,53,1,62,64,27,59,1,1,66
12544,72,George,Hegamin,North Carolina State,21,0,79,331,0,0,0,0,0,True,False,,,0,0,T,T,N/A,0,False,None,,65,40,1,37,1,53,1,68,58,34,58,1,1,65
12545,52,Tom,Nalen,Boston College,23,0,75,286,8,8,1,14,1991,True,False,,,2000000,4,T,T,SEA,0,False,None,,89,67,1,61,11,79,1,85,78,50,73,1,1,87
12546,67,Kevin,Mawae,LSU,23,0,76,289,11,11,1,17,1991,True,False,,,1750000,4,C,C,CHI,0,False,None,,87,70,1,50,33,76,3,85,77,56,77,1,1,85
12547,57,Jeff,Van Note II,Kentucky,22,0,74,227,19,19,2,2,1991,True,False,,,1500000,3,C,C,WAS,0,False,None,,84,47,1,43,15,72,1,87,77,53,80,1,1,83
12548,55,Rich,Braham,West Virginia,24,0,76,305,10,10,3,12,1991,True,False,,,750000,3,C,C,IND,0,False,None,,89,51,1,59,19,65,1,67,69,50,62,1,1,77
12549,52,Tim,Ruddy,Notre Dame,22,0,75,295,2,2,3,14,1991,True,False,,,750000,3,C,C,MIA,0,False,None,,88,52,1,50,20,67,1,66,75,39,62,1,1,77
12550,59,Robbie,Tobeck,Washington State,24,0,76,297,8,8,6,6,1991,True,False,,,250000,2,C,C,SEA,0,False,None,,82,52,1,56,6,60,1,74,58,36,61,1,1,74
12551,57,David,Binn,California,22,0,75,245,0,0,0,0,0,True,False,,,0,0,C,C,N/A,0,False,None,,66,52,1,49,2,53,1,63,65,28,66,1,1,68
12552,51,Brad,Fichtel,Eastern Illinois,24,0,74,285,0,0,0,0,0,True,False,,,0,0,C,C,N/A,0,False,None,,69,39,1,40,1,50,1,67,56,21,56,1,1,65
12553,55,Greg,Truitt,Penn State,29,0,72,235,0,0,0,0,0,True,False,,,0,0,C,C,N/A,0,False,None,,61,34,1,43,11,49,1,58,67,32,60,1,1,64
12554,55,Deacon,Jones,South Carolina St,23,0,77,272,3,3,1,1,1991,False,False,,,3000000,4,DE,DE,GB,0,False,None,,85,65,1,77,60,77,1,1,1,80,80,1,1,97
12555,62,Willie,McGinest,USC,23,0,77,270,11,11,1,4,1991,False,False,,,3000000,4,DE,DE,CHI,0,False,None,,85,69,1,77,50,67,1,1,1,69,58,1,1,92
12556,60,Vaughn,Booker,Cincinnati,26,0,77,290,7,7,3,7,1991,False,False,,,750000,3,DE,DE,CIN,0,False,None,,76,65,1,69,36,64,1,1,1,60,53,1,1,81
12557,72,Chad,Bratzke,Eastern Kentucky,23,0,77,270,5,5,3,18,1991,False,False,,,750000,3,DE,DE,BUF,0,False,None,,64,65,1,77,38,62,1,1,1,60,54,1,1,81
12558,52,Rick,Lyle,Missouri,23,0,77,285,4,4,4,7,1991,False,False,,,500000,3,DE,DE,OAK,0,False,None,,74,52,1,70,38,51,1,1,1,61,60,1,1,79
12559,76,Bernard,Whittington,Indiana,23,0,77,290,19,19,5,2,1991,False,False,,,250000,2,DE,DE,WAS,0,False,None,,75,70,1,54,31,59,1,1,1,67,74,1,1,79
12560,78,John,Thierry,Alcorn State,23,0,76,265,13,13,4,18,1991,False,False,,,500000,3,DE,DE,MIN,0,False,None,,66,66,1,61,31,49,1,1,1,69,56,1,1,77
12561,66,Kimo,von Oelhoffen,Boise State,23,0,76,300,15,15,4,13,1991,False,False,,,500000,3,DE,DE,SF,0,False,None,,70,52,1,60,44,43,1,1,1,70,55,1,1,77
12562,75,Gabe,Wilkins,Gardner-Webb,23,0,77,304,4,4,6,7,1991,False,False,,,250000,2,DE,DE,OAK,0,False,None,,67,57,1,60,38,52,1,1,1,64,60,1,1,76
12563,96,Toddrick,McIntosh,Florida State,22,0,75,270,7,7,6,11,1991,False,False,,,250000,2,DE,DE,CIN,0,False,None,,66,60,1,66,25,54,1,1,1,62,52,1,1,76
12564,62,Troy,Barnett,North Carolina,23,0,77,293,2,2,6,16,1991,False,False,,,250000,2,DE,DE,MIA,0,False,None,,64,62,1,68,35,45,1,1,1,59,60,1,1,75
12565,71,Tyoka,Jackson,Penn State,23,0,74,280,18,18,6,20,1991,False,False,,,250000,2,DE,DE,BAL,0,False,None,,68,60,1,58,37,44,1,1,1,61,58,1,1,74
12566,91,Fernando,Smith,Jackson State,23,0,78,287,15,15,6,13,1991,False,False,,,250000,2,DE,DE,SF,0,False,None,,62,54,1,66,31,59,1,1,1,59,57,1,1,75
12567,71,Shante,Carver,Arizona State,23,0,77,250,0,0,0,0,0,False,False,,,0,0,DE,DE,N/A,0,False,None,,65,58,1,58,29,45,1,1,1,60,62,1,1,72
12568,64,Herman,Carroll,Mississippi State,23,0,76,265,0,0,0,0,0,False,False,,,0,0,DE,DE,N/A,0,False,None,,65,51,1,62,32,46,1,1,1,58,53,1,1,72
12569,67,Dexter,Nottage,Florida A&M,24,0,76,287,0,0,0,0,0,False,False,,,0,0,DE,DE,N/A,0,False,None,,67,51,1,64,17,46,1,1,1,58,50,1,1,71
12570,74,Joe,Johnson,Louisville,22,0,76,275,0,0,0,0,0,False,False,,,0,0,DE,DE,N/A,0,False,None,,58,54,1,54,37,44,1,1,1,66,57,1,1,71
12571,67,Lamar,Mills,Indiana,23,0,77,270,0,0,0,0,0,False,False,,,0,0,DE,DE,N/A,0,False,None,,57,59,1,64,23,36,1,1,1,58,61,1,1,69
12572,69,Lance,Teichelman,Texas A&M,24,0,76,274,0,0,0,0,0,False,False,,,0,0,DE,DE,N/A,0,False,None,,64,48,1,57,28,46,1,1,1,58,58,1,1,69
12573,69,Keith,Powe,Lamar,25,0,75,285,0,0,0,0,0,False,False,,,0,0,DE,DE,N/A,0,False,None,,66,53,1,52,26,52,1,1,1,55,48,1,1,69
12574,64,Ta'ase,Faumui,Hawaii,23,0,75,278,0,0,0,0,0,False,False,,,0,0,DE,DE,N/A,0,False,None,,70,46,1,63,20,54,1,1,1,44,52,1,1,68
12575,78,Dunstan,Anderson,Tulsa,24,0,75,260,0,0,0,0,0,False,False,,,0,0,DE,DE,N/A,0,False,None,,61,50,1,62,24,40,1,1,1,50,58,1,1,66
12576,67,Alberto,White,Texas Southern,23,0,75,260,0,0,0,0,0,False,False,,,0,0,DE,DE,N/A,0,False,None,,61,58,1,61,20,50,1,1,1,48,63,1,1,67
12577,75,Brad,Ottis,Wayne State (NE),22,0,77,281,0,0,0,0,0,False,False,,,0,0,DE,DE,N/A,0,False,None,,71,50,1,52,31,48,1,1,1,49,58,1,1,67
12578,72,Cornell,Thomas,West Georgia,22,0,75,250,0,0,0,0,0,False,False,,,0,0,DE,DE,N/A,0,False,None,,71,61,1,51,29,37,1,1,1,48,61,1,1,66
12579,60,Eric,England,Texas A&M,23,0,74,283,0,0,0,0,0,False,False,,,0,0,DE,DE,N/A,0,False,None,,61,51,1,65,25,44,1,1,1,45,49,1,1,66
12580,60,Ramondo,Stallings,San Diego State,23,0,79,286,0,0,0,0,0,False,False,,,0,0,DE,DE,N/A,0,False,None,,55,44,1,59,25,54,1,1,1,47,51,1,1,64
12581,62,Jeremy,Nunley,Alabama,23,0,77,278,0,0,0,0,0,False,False,,,0,0,DE,DE,N/A,0,False,None,,58,48,1,47,17,42,1,1,1,50,51,1,1,60
12582,75,Mean Joe,Greene,North Texas,23,0,76,275,19,19,1,2,1991,False,False,Pulled Hamstring,Probable,3000000,4,DT,DT,WAS,0,False,None,,90,62,1,65,45,76,1,1,1,90,75,1,1,94
12583,99,Bryant,Young,Notre Dame,22,0,75,291,13,13,1,12,1991,False,False,,,2000000,4,DT,DT,MIN,0,False,None,,85,69,1,79,46,57,1,1,1,79,68,5,9,87
12584,94,D'Marco,Farr,Washington,23,0,73,276,20,20,2,9,1991,False,False,,,1250000,3,DT,DT,LOU,0,False,None,,84,62,1,66,43,43,1,1,1,77,68,1,1,83
12585,69,Sam,Adams,Texas A&M,21,0,75,295,18,18,1,18,1991,False,False,,,1750000,4,DT,DT,BAL,0,False,None,,86,68,1,78,45,67,1,1,1,70,76,4,1,85
12586,69,Tim,Bowens,Mississippi,21,0,76,325,2,2,3,3,1991,False,False,,,750000,3,DT,DT,MIA,0,False,None,,89,59,1,68,37,63,1,1,1,54,64,1,1,79
12587,57,Jim,Flanigan,Notre Dame,23,0,74,290,11,11,3,17,1991,False,False,,,750000,3,DT,DT,CHI,0,False,None,,74,56,1,76,70,47,1,1,1,65,82,1,1,78
12588,73,Dan,Wilkinson,Ohio State,21,0,76,335,10,10,4,10,1991,False,False,,,500000,3,DT,DT,IND,0,False,None,,76,57,1,62,35,51,1,1,1,67,61,1,1,75
12589,71,Brentson,Buckner,Clemson,23,0,74,305,9,9,5,1,1991,False,False,,,250000,2,DT,DT,LON,0,False,None,,80,64,1,53,31,44,1,1,1,69,58,1,1,77
12590,64,Mike,Wells,Iowa,23,0,75,310,15,15,5,13,1991,False,False,,,250000,2,DT,DT,SF,0,False,None,,76,43,1,54,32,59,1,1,1,64,65,1,1,74
12591,79,Henry,Ford,Arkansas,23,0,75,295,16,16,5,20,1991,False,False,,,250000,2,DT,DT,TB,0,False,None,,75,46,1,67,32,57,1,1,1,61,70,1,1,74
12592,99,William,Gaines,Florida,23,0,77,310,16,16,7,15,1991,False,False,,,250000,2,DT,DT,TB,0,False,None,,70,50,1,49,35,46,1,1,1,65,53,1,1,70
12593,68,Chris,Maumalanga,Kansas,23,0,74,300,13,13,7,19,1991,False,False,,,250000,2,DT,DT,MIN,0,False,None,,74,41,1,60,34,44,1,1,1,58,62,1,1,70
12594,69,Rob,Waldrop,Arizona,23,0,73,276,0,0,0,0,0,False,False,,,0,0,DT,DT,N/A,0,False,None,,76,52,1,45,27,53,1,1,1,51,62,1,1,68
12595,64,Shane,Bonham,Air Force,24,0,74,272,0,0,0,0,0,False,False,,,0,0,DT,DT,N/A,0,False,None,,66,54,1,44,34,54,1,1,1,59,48,1,1,68
12596,79,Lou,Benfatti,Penn State,23,0,76,278,0,0,0,0,0,False,False,,,0,0,DT,DT,N/A,0,False,None,,63,53,1,42,24,38,1,1,1,57,62,1,1,62
12597,67,Hurvin,McCormack,Indiana,22,0,77,281,0,0,0,0,0,False,False,,,0,0,DT,DT,N/A,0,False,None,,68,37,1,51,23,51,1,1,1,43,57,1,1,61
12598,71,Ed,Philion,Ferris State,24,0,74,277,0,0,0,0,0,False,False,,,0,0,DT,DT,N/A,0,False,None,,73,45,1,44,25,42,1,1,1,43,57,1,1,62
12599,69,Sylvester,Stanley,Michigan,24,0,74,286,0,0,0,0,0,False,False,,,0,0,DT,DT,N/A,0,False,None,,59,46,1,42,25,42,1,1,1,53,54,1,1,60
12600,70,Austin,Robbins,North Carolina,23,0,78,290,0,0,0,0,0,False,False,,,0,0,DT,DT,N/A,0,False,None,,60,44,1,48,19,49,1,1,1,49,62,1,1,60
12601,48,Thad,Castle,Blue Mountain St,21,0,75,235,13,13,1,15,1991,False,False,,,2000000,4,LB,LB,MIN,0,False,None,,88,60,1,80,40,58,1,1,1,80,80,1,1,86
12602,41,Jason,Gildon,Oklahoma State,22,0,76,255,18,18,2,18,1991,False,False,,,750000,3,LB,LB,BAL,0,False,None,,72,66,1,72,40,73,1,3,1,85,84,1,1,83
12603,58,Lee,Woodall,West Chester,25,0,73,224,8,8,2,6,1991,False,False,,,1250000,3,LB,LB,SEA,0,False,None,,75,66,1,68,50,66,1,1,1,80,74,1,1,82
12604,52,Sam,Rogers,Colorado,24,0,75,245,19,19,3,2,1991,False,False,,,750000,3,LB,LB,WAS,0,False,None,,73,73,1,66,34,48,1,1,1,78,73,1,1,78
12605,95,Winfred,Tubbs,Texas,24,0,76,250,11,11,4,5,1991,False,False,,,500000,3,DE,DE,CHI,0,False,None,,73,69,1,59,31,57,1,1,1,74,72,1,1,80
12606,54,Trev,Alberts,Nebraska,24,0,76,245,2,2,4,16,1991,False,False,,,500000,3,LB,LB,MIA,0,False,None,,66,68,1,66,39,44,1,1,1,78,68,1,1,76
12607,54,Rob,Fredrickson,Michigan State,23,0,76,240,10,10,4,9,1991,False,False,,,500000,3,LB,LB,IND,0,False,None,,56,60,1,79,41,57,1,1,1,70,70,1,1,74
12608,49,Kevin,Mitchell,Syracuse,23,0,73,258,0,20,6,9,1991,False,False,,,0,0,LB,LB,N/A,0,False,None,,62,66,1,58,37,55,1,1,1,74,63,1,1,72
12609,96,Jamir,Miller,UCLA,21,0,77,252,8,8,5,6,1991,False,False,,,250000,2,LB,LB,SEA,0,False,None,,57,61,1,74,49,65,1,1,1,65,70,1,1,73
12610,54,Travis,Hill,Nebraska,25,0,74,240,7,7,7,11,1991,False,False,,,250000,2,LB,LB,CIN,0,False,None,,64,59,1,63,34,54,1,1,1,73,71,1,1,72
12611,56,Ruffin,Hamilton,Tulane,23,0,73,235,5,5,6,12,1991,False,False,,,250000,2,DE,DE,BUF,0,False,None,,64,66,1,66,29,51,1,1,1,67,73,1,1,76
12612,94,Brant,Boyer,Arizona,23,0,73,240,12,12,7,8,1991,False,False,,,250000,2,LB,LB,DET,0,False,None,,53,73,1,58,36,55,1,1,1,78,66,1,1,71
12613,53,Marc,Woodard,Mississippi State,24,0,72,238,0,0,0,0,0,False,False,,,0,0,LB,LB,N/A,0,False,None,,61,59,1,59,31,49,1,1,1,67,71,1,1,68
12614,54,Reggie,Clark,North Carolina,27,0,74,238,0,0,0,0,0,False,False,,,0,0,LB,LB,N/A,0,False,None,,63,59,1,56,34,47,1,1,1,68,66,1,1,69
12615,51,Ernest,Dixon,South Carolina,23,0,73,243,0,0,0,0,0,False,False,,,0,0,LB,LB,N/A,0,False,None,,55,64,1,61,38,51,1,1,1,67,66,1,1,69
12616,51,Eric,Ravotti,Penn State,23,0,75,250,0,0,0,0,0,False,False,,,0,0,LB,LB,N/A,0,False,None,,48,59,1,69,27,42,1,1,1,71,68,1,1,67
12617,50,Barron,Wortham,Texas-El Paso,25,0,71,244,0,0,0,0,0,False,False,,,0,0,LB,LB,N/A,0,False,None,,59,57,1,61,37,50,1,1,1,62,64,1,1,67
12618,52,DeWayne,Dotson,Mississippi,23,0,73,254,0,0,0,0,0,False,False,,,0,0,LB,LB,N/A,0,False,None,,58,61,1,54,29,54,1,1,1,66,61,1,1,67
12619,51,Dion,Foxx,James Madison,23,0,75,250,0,0,0,0,0,False,False,,,0,0,LB,LB,N/A,0,False,None,,46,67,1,63,27,51,1,1,1,67,58,1,1,66
12620,50,Marlo,Perry,Jackson State,22,0,76,250,0,0,0,0,0,False,False,,,0,0,LB,LB,N/A,0,False,None,,60,63,1,64,28,48,1,1,1,55,73,1,1,67
12621,58,Ed,Robinson,Florida,24,0,72,228,0,0,0,0,0,False,False,,,0,0,LB,LB,N/A,0,False,None,,63,63,1,62,32,46,1,1,1,57,71,1,1,67
12622,53,Aubrey,Beavers,Oklahoma,23,0,75,234,0,0,0,0,0,False,False,,,0,0,LB,LB,N/A,0,False,None,,62,66,1,56,32,58,1,1,1,56,62,1,1,66
12623,55,Allen,Aldridge,Houston,22,0,73,254,0,0,0,0,0,False,False,,,0,0,LB,LB,N/A,0,False,None,,57,57,1,59,29,47,1,1,1,64,75,1,1,66
12624,57,Tuineau,Alipate,Washington State,27,0,73,245,0,0,0,0,0,False,False,,,0,0,LB,LB,N/A,0,False,None,,54,55,1,65,21,44,1,1,1,65,62,1,1,66
12625,58,Pete,Shufelt,Texas-El Paso,25,0,75,241,0,0,0,0,0,False,False,,,0,0,LB,LB,N/A,0,False,None,,58,58,1,64,32,49,1,1,1,58,73,1,1,66
12626,52,Arnold,Ale,Notre Dame,24,0,74,234,0,0,0,0,0,False,False,,,0,0,LB,LB,N/A,0,False,None,,57,63,1,52,38,54,1,1,1,60,57,1,1,65
12627,50,Ray,Jacobs,North Carolina,22,0,74,244,0,0,0,0,0,False,False,,,0,0,LB,LB,N/A,0,False,None,,63,54,1,53,32,45,1,1,1,61,58,1,1,65
12628,54,James,Folston,La-Monroe,23,0,75,236,0,0,0,0,0,False,False,,,0,0,LB,LB,N/A,0,False,None,,48,66,1,58,25,49,1,1,1,68,72,1,1,65
12629,57,Terry,Irving,McNeese State,23,0,74,230,0,0,0,0,0,False,False,,,0,0,LB,LB,N/A,0,False,None,,61,50,1,53,22,54,1,1,1,63,69,1,1,65
12630,58,Kevin,Jefferson,Lehigh,20,0,74,232,0,0,0,0,0,False,False,,,0,0,LB,LB,N/A,0,False,None,,46,60,1,64,35,48,1,1,1,62,62,1,1,64
12631,56,Marty,Moore,Kentucky,23,0,73,244,0,0,0,0,0,False,False,,,0,0,LB,LB,N/A,0,False,None,,63,55,1,52,22,57,1,1,1,57,66,1,1,64
12632,50,Keith,Burns,Oklahoma State,22,0,74,235,0,0,0,0,0,False,False,,,0,0,LB,LB,N/A,0,False,None,,46,54,1,70,39,52,1,1,1,58,74,1,1,64
12633,55,Rob,Holmberg,Navy,23,0,75,230,0,0,0,0,0,False,False,,,0,0,LB,LB,N/A,0,False,None,,54,64,1,55,37,45,1,1,1,59,72,1,1,64
12634,54,Brian,Ratigan,Notre Dame,24,0,76,241,0,0,0,0,0,False,False,,,0,0,LB,LB,N/A,0,False,None,,52,57,1,52,36,55,1,1,1,58,64,1,1,62
12635,50,Mark,Williams,Ohio State,23,0,75,242,0,0,0,0,0,False,False,,,0,0,LB,LB,N/A,0,False,None,,51,55,1,54,25,47,1,1,1,62,66,1,1,62
12636,50,Darwin,Ireland,Arkansas,23,0,71,240,0,0,0,0,0,False,False,,,0,0,LB,LB,N/A,0,False,None,,47,58,1,55,38,57,1,1,1,55,58,1,1,61
12637,43,Aaron,Glenn,Texas A&M,22,0,69,185,13,13,1,5,1991,False,False,,,3000000,4,CB,CB,MIN,0,False,None,,66,90,1,89,72,77,1,1,1,68,80,1,3,99
12638,42,Jay,Bellamy,Rutgers,22,0,71,200,7,7,2,11,1991,False,False,Scratched Cornea,Questionable,1000000,3,CB,CB,CIN,0,False,None,,51,83,1,83,53,64,1,1,1,57,69,1,1,87
12639,26,Dewayne,Washington,North Carolina State,22,0,71,195,17,17,3,4,1991,False,False,,,750000,3,CB,CB,CHC,0,False,None,,44,85,1,84,56,46,1,1,1,49,70,1,1,82
12640,40,Myron,Bell,Michigan State,23,0,71,203,17,17,3,10,1991,False,False,,,750000,3,CB,CB,CHC,0,False,None,,40,78,1,83,60,60,1,1,1,46,63,1,1,83
12641,45,Bucky,Brooks,North Carolina,23,0,72,192,12,12,3,5,1991,False,False,,,750000,3,CB,CB,DET,0,False,None,,49,70,1,85,45,60,1,1,1,64,69,1,1,82
12642,32,Jason,Sehorn,USC,23,0,74,213,8,8,1,10,1991,False,False,,,2500000,4,CB,CB,SEA,0,False,None,,64,81,1,87,55,64,1,1,1,69,65,1,1,91
12643,42,Tyronne,Drakeford,Virginia Tech,23,0,71,185,11,11,2,17,1991,False,False,,,750000,3,CB,CB,CHI,0,False,None,,41,79,1,82,56,59,1,1,1,45,79,1,1,82
12644,48,Toby,Wright,Nebraska,24,0,71,212,17,17,4,6,1991,False,False,,,500000,3,FS,FS,CHC,0,False,None,,45,78,1,74,52,56,1,1,1,46,67,1,1,70
12645,25,Antonio,Langham,Alabama,22,0,72,181,3,3,2,3,1991,False,False,,,1500000,3,CB,CB,GB,0,False,None,,65,84,1,89,55,48,1,1,1,64,83,1,1,88
12646,36,Thomas,Randolph,Kansas State,24,0,69,180,0,0,0,0,0,False,False,,,0,0,CB,CB,N/A,0,False,None,,33,72,1,70,50,51,1,1,1,34,77,1,1,71
12647,22,J.J.,McCleskey,Tennessee,24,0,68,180,0,0,0,0,0,False,False,,,0,0,CB,CB,N/A,0,False,None,,39,62,1,76,43,49,1,1,1,28,60,1,1,68
12648,27,Lenny,McGill,Arizona State,23,0,73,195,0,0,0,0,0,False,False,,,0,0,CB,CB,N/A,0,False,None,,27,77,1,62,37,44,1,1,1,43,65,1,1,67
12649,40,Israel,Byrd,Utah State,23,0,71,184,0,0,0,0,0,False,False,,,0,0,CB,CB,N/A,0,False,None,,31,65,1,75,43,38,1,1,1,36,63,1,1,67
12650,29,Derrick,Frazier,Texas A&M,24,0,71,178,0,0,0,0,0,False,False,,,0,0,CB,CB,N/A,0,False,None,,38,61,1,70,48,50,1,1,1,30,59,1,1,68
12651,36,Willie,Clark,Notre Dame,22,0,70,186,0,0,0,0,0,False,False,,,0,0,CB,CB,N/A,0,False,None,,33,62,1,65,47,40,1,1,1,39,60,1,1,66
12652,46,Sean,Hill,Montana State,23,0,70,179,0,0,0,0,0,False,False,,,0,0,CB,CB,N/A,0,False,None,,37,61,1,67,49,50,1,1,1,27,73,1,1,66
12653,24,Jocelyn,Borgella,Cincinnati,23,0,70,180,0,0,0,0,0,False,False,,,0,0,CB,CB,N/A,0,False,None,,43,62,1,62,52,38,1,1,1,37,65,1,1,66
12654,34,James,Burton,Fresno State,23,0,69,184,0,0,0,0,0,False,False,,,0,0,CB,CB,N/A,0,False,None,,43,61,1,60,50,38,1,1,1,37,65,1,1,64
12655,22,Rodney,Harrison,Western Illinois,22,0,73,220,5,5,1,11,1991,False,False,,,2000000,4,SS,SS,BUF,0,False,None,,66,91,1,87,66,70,1,1,1,57,74,1,1,84
12656,22,Jeff,Burris,Notre Dame,22,0,72,190,16,16,2,5,1991,False,False,,,1500000,3,FS,FS,TB,0,False,None,,66,78,1,83,58,70,1,1,1,67,73,1,1,83
12657,42,Brent,Alexander,Tennessee State,23,0,71,189,3,3,3,20,1991,False,False,,,750000,3,FS,FS,GB,0,False,None,,59,76,1,73,53,57,1,1,1,72,75,1,1,78
12658,28,Larry,Whigham,La-Monroe,22,0,74,205,1,1,4,3,1991,False,False,,,500000,3,FS,FS,NYT,0,False,None,,45,77,1,77,57,51,1,1,1,53,69,1,1,75
12659,36,Leonard,Humphries,Penn State,24,0,69,180,0,11,7,17,1991,False,False,,,0,0,FS,FS,N/A,0,False,None,,36,70,1,76,54,46,1,1,1,55,73,1,1,72
12660,30,Monty,Grow,Florida,23,0,76,214,0,0,0,0,0,False,False,,,0,0,FS,FS,N/A,0,False,None,,44,73,1,68,52,50,1,1,1,57,67,1,1,71
12661,28,Tito,Wooten,La-Monroe,23,0,72,191,5,5,7,1,1991,False,False,,,250000,2,FS,FS,BUF,0,False,None,,52,68,1,66,57,63,1,1,1,60,73,1,1,72
12662,48,Robert,Griffith,San Diego State,24,0,71,197,0,0,0,0,0,False,False,,,0,0,FS,FS,N/A,0,False,None,,45,78,1,66,47,54,1,1,1,55,81,1,1,70
12663,24,Van,Malone,Texas,24,0,71,189,0,0,0,0,0,False,False,,,0,0,FS,FS,N/A,0,False,None,,51,64,1,75,54,48,1,1,1,44,70,1,1,69
12664,41,Calvin,Jackson,Auburn,22,0,69,185,15,15,7,13,1991,False,False,,,250000,2,FS,FS,SF,0,False,None,,52,65,1,65,50,54,1,1,1,64,82,1,1,70
12665,29,Eric,Zomalt,California,22,0,71,201,0,0,0,0,0,False,False,,,0,0,FS,FS,N/A,0,False,None,,46,71,1,66,50,58,1,1,1,56,66,1,1,69
12666,37,Anthony,Phillips,Texas A&M-Kingsville,24,0,74,209,0,0,0,0,0,False,False,,,0,0,FS,FS,N/A,0,False,None,,36,67,1,75,38,50,1,1,1,58,67,1,1,69
12667,35,Eric,Jack,New Mexico,22,0,70,177,0,0,0,0,0,False,False,,,0,0,FS,FS,N/A,0,False,None,,38,61,1,72,42,54,1,1,1,60,70,1,1,68
12668,28,Issac,Booth,California,23,0,77,193,0,0,0,0,0,False,False,,,0,0,FS,FS,N/A,0,False,None,,43,64,1,76,41,51,1,1,1,49,62,1,1,67
12669,39,Tomur,Barnes,North Texas,24,0,70,188,0,0,0,0,0,False,False,,,0,0,FS,FS,N/A,0,False,None,,47,61,1,71,42,45,1,1,1,52,73,1,1,66
12670,36,Herschel,Currie,Oregon State,29,0,72,190,0,0,0,0,0,False,False,,,0,0,FS,FS,N/A,0,False,None,,35,73,1,61,43,40,1,1,1,54,64,1,1,65
12671,23,Damon,Watts,Indiana,22,0,70,180,0,0,0,0,0,False,False,,,0,0,FS,FS,N/A,0,False,None,,36,58,1,68,49,55,1,1,1,54,74,1,1,66
12672,48,Darren,Studstill,West Virginia,24,0,73,186,0,0,0,0,0,False,False,,,0,0,FS,FS,N/A,0,False,None,,37,68,1,58,55,55,1,1,1,46,74,1,1,65
12673,40,Sebastian,Savage,North Carolina State,25,0,70,187,0,0,0,0,0,False,False,,,0,0,FS,FS,N/A,0,False,None,,43,58,1,69,39,55,1,1,1,53,65,1,1,65
12674,31,Corey,Sawyer,Florida State,23,0,71,177,0,0,0,0,0,False,False,,,0,0,FS,FS,N/A,0,False,None,,41,58,1,62,47,54,1,1,1,61,76,1,1,66
12675,44,Cary,Brabham,SMU,24,0,72,195,0,0,0,0,0,False,False,,,0,0,FS,FS,N/A,0,False,None,,42,71,1,58,40,46,1,1,1,54,72,1,1,63
12676,29,Keith,Lyle,Virginia,22,0,74,210,16,16,3,1,1991,False,False,,,750000,3,SS,SS,TB,0,False,None,,61,81,1,78,58,50,1,1,1,72,83,1,1,79
12677,49,Al,Jackson,Georgia,23,0,72,182,17,0,0,0,0,False,False,,,490000,1,SS,SS,CHC,0,False,None,,59,67,1,72,52,43,1,1,1,60,66,1,1,69
12678,40,Orlando,Watters,Arkansas,23,0,71,173,0,0,0,0,0,False,False,,,0,0,SS,SS,N/A,0,False,None,,61,67,1,63,42,57,1,1,1,52,72,1,1,66
12679,40,John,Covington,Notre Dame,22,0,72,198,0,0,0,0,0,False,False,,,0,0,SS,SS,N/A,0,False,None,,45,71,1,71,43,44,1,1,1,55,74,1,1,66
12680,25,Randy,Fuller,Tennessee State,24,0,70,180,0,0,0,0,0,False,False,,,0,0,SS,SS,N/A,0,False,None,,46,72,1,60,50,45,1,1,1,59,75,1,1,64
12681,26,Robert,O'Neal,Clemson,23,0,73,199,0,0,0,0,0,False,False,,,0,0,SS,SS,N/A,0,False,None,,46,67,1,64,53,39,1,1,1,61,64,1,1,65
12682,34,Mike,Davis,Cincinnati,22,0,73,192,0,0,0,0,0,False,False,,,0,0,SS,SS,N/A,0,False,None,,46,75,1,62,47,46,1,1,1,52,64,1,1,64
12683,36,Matt,Gay,Kansas,24,0,71,197,0,0,0,0,0,False,False,,,0,0,SS,SS,N/A,0,False,None,,45,62,1,64,46,54,1,1,1,52,63,1,1,62
12684,49,Malik,Boyd,Southern,24,0,70,175,0,0,0,0,0,False,False,,,0,0,SS,SS,N/A,0,False,None,,45,69,1,62,46,38,1,1,1,50,76,1,1,62
12685,10,Doug,Brien,California,24,0,72,180,13,13,5,10,1991,True,False,,,250000,2,K,K,MIN,0,False,None,,9,37,19,39,15,57,1,1,1,8,77,71,90,72
12686,4,Todd,Peterson,Georgia,24,0,71,180,2,2,5,19,1991,True,False,,,250000,2,K,K,MIA,0,False,None,,14,39,4,45,3,65,1,1,1,14,78,70,85,71
12687,0,Jeff,Wilkins,Youngstown State,22,0,74,205,15,15,5,16,1991,True,False,,,250000,2,K,K,SF,0,False,None,,12,30,17,34,7,57,1,1,1,19,85,87,75,70
12688,14,Chris,Boniol,Louisiana Tech,23,0,71,169,10,10,7,12,1991,True,False,,,250000,2,K,K,IND,0,False,None,,12,40,12,30,10,51,1,1,1,18,75,86,73,69
12689,14,Mitch,Berger,Colorado,22,0,76,220,14,14,5,12,1991,True,False,,,250000,2,P,P,ATL,0,False,None,,16,31,12,43,13,57,1,1,1,3,80,89,71,72
12690,12,Craig,Hentrich,Notre Dame,23,0,75,213,3,3,5,11,1991,True,False,,,250000,2,P,P,GB,0,False,None,,14,31,13,52,9,53,1,1,1,18,77,83,88,74
12691,3,Pat,O'Neill,Syracuse,23,0,73,200,7,7,7,16,1991,True,False,,,250000,2,P,P,CIN,0,False,None,,23,33,4,44,13,57,1,1,1,13,84,72,67,66
12692,10,Scott,Tyner,Oklahoma State,22,0,73,189,0,0,0,0,0,True,False,,,0,0,P,P,N/A,0,False,None,,28,38,12,50,14,54,1,1,1,8,74,64,64,63
12693,78,Walt,Sweeney,Syracuse,22,0,76,256,7,7,2,1,1991,True,False,,,1500000,3,G,G,CIN,0,False,None,,84,70,1,68,66,57,1,81,77,60,65,1,1,84
12694,0,Brad,Lamb,Anderson (IN),25,0,70,171,0,0,0,0,0,True,False,,,0,0,WR,WR,N/A,0,False,None,,33,63,1,64,72,47,1,21,9,22,80,1,1,65
12695,0,Chris,Walsh,Stanford,24,0,73,194,0,0,0,0,0,True,False,,,0,0,WR,WR,N/A,0,False,None,,30,74,1,74,71,44,1,22,4,25,64,1,1,73
12696,0,Jerry,Crafts,Louisville,24,0,77,343,0,0,0,0,0,True,False,,,0,0,T,T,N/A,0,False,None,,68,33,1,50,6,48,1,72,62,34,56,1,1,69
12697,0,John,Fina,Arizona,23,0,77,300,0,0,0,0,0,True,False,,,0,0,T,T,N/A,0,False,None,,84,52,1,45,19,62,1,64,80,46,73,1,1,79
12698,0,Keith,Goganious,Penn State,24,0,74,239,0,0,0,0,0,False,False,,,0,0,LB,LB,N/A,0,False,None,,70,60,1,70,28,55,1,1,1,72,74,1,1,76
12699,0,Mark,Maddox,Northern Michigan,24,0,73,233,0,0,0,0,0,False,False,,,0,0,LB,LB,N/A,0,False,None,,62,61,1,62,36,58,1,1,1,73,77,1,1,75
12700,0,Matt,Darby,UCLA,24,0,74,200,0,0,0,0,0,False,False,,,0,0,CB,CB,N/A,0,False,None,,37,69,1,72,49,45,1,1,1,48,77,1,1,70
12701,0,Kurt,Schulz,Eastern Washington,24,0,73,208,0,0,0,0,0,False,False,,,0,0,CB,CB,N/A,0,False,None,,53,69,1,69,60,49,1,1,1,46,82,1,1,76
12702,0,Scott,Zolak,Maryland,25,0,77,230,0,0,0,0,0,True,False,,,0,0,QB,QB,N/A,0,False,None,,50,51,73,43,6,63,73,1,1,20,68,1,1,67
12703,0,Scott,Lockwood,USC,24,0,70,196,0,0,0,0,0,True,False,,,0,0,RB,RB,N/A,0,False,None,,59,70,12,71,54,42,17,20,26,13,75,1,1,71
12704,0,Sam,Gash,Penn State,23,0,72,242,0,0,0,0,0,True,False,,,0,0,FB,FB,N/A,0,False,None,,61,55,1,58,56,49,1,40,31,26,72,1,1,69
12705,0,Kevin,Turner,Alabama,23,0,73,231,0,0,0,0,0,True,False,,,0,0,FB,FB,N/A,0,False,None,,71,61,1,65,52,45,1,52,38,24,71,1,1,76
12706,0,Eugene,Chung,Virginia Tech,23,0,76,301,0,0,0,0,0,True,False,,,0,0,G,G,N/A,0,False,None,,82,41,1,47,4,62,1,76,74,34,68,1,1,80
12707,0,Calvin,Stephens,South Carolina,25,0,74,285,0,0,0,0,0,True,False,,,0,0,G,G,N/A,0,False,None,,78,46,1,47,5,65,1,71,57,37,62,1,1,75
12708,0,Todd,Collins,Carson-Newman,22,0,74,248,0,0,0,0,0,False,False,,,0,0,LB,LB,N/A,0,False,None,,54,67,1,61,35,60,1,1,1,74,78,1,1,71
12709,0,Dwayne,Sabb,New Hampshire,23,0,76,248,0,0,0,0,0,False,False,,,0,0,LB,LB,N/A,0,False,None,,56,58,1,63,43,58,1,1,1,74,71,1,1,70
12710,0,Dion,Lambert,UCLA,23,0,72,190,0,0,0,0,0,False,False,,,0,0,CB,CB,N/A,0,False,None,,29,68,1,77,45,52,1,1,1,31,70,1,1,70
12711,0,Rod,Smith,Notre Dame,22,0,71,187,0,0,0,0,0,False,False,,,0,0,SS,SS,N/A,0,False,None,,55,76,1,71,48,52,1,1,1,58,78,1,1,69
12712,0,Charlie,Baumann,West Virginia,25,0,73,203,0,0,0,0,0,True,False,,,0,0,K,K,N/A,0,False,None,,11,37,8,40,11,50,1,1,1,4,86,80,70,65
12713,0,Tim,Edwards,Delta State,24,0,73,270,0,0,0,0,0,False,False,,,0,0,DT,DT,N/A,0,False,None,,69,48,1,47,33,53,1,1,1,46,62,1,1,66
12714,0,Jeff,Blake,East Carolina,22,0,73,223,0,0,0,0,0,True,False,,,0,0,QB,QB,N/A,0,False,None,,46,50,80,48,4,78,67,1,1,23,75,1,1,75
12715,0,Sheldon,Canley,San Jose State,24,0,69,195,0,0,0,0,0,True,False,,,0,0,RB,RB,N/A,0,False,None,,49,59,19,74,53,49,8,30,13,22,68,1,1,70
12716,0,Scottie,Graham,Ohio State,23,0,69,217,0,0,0,0,0,True,False,,,0,0,RB,RB,N/A,0,False,None,,54,71,9,67,46,49,9,28,27,30,58,1,1,66
12717,0,Johnny,Mitchell,Nebraska,21,0,75,241,0,0,0,0,0,True,False,,,0,0,TE,TE,N/A,0,False,None,,54,53,1,75,65,51,1,47,43,39,67,1,1,74
12718,0,Siupeli,Malamala,Washington,23,0,77,310,0,0,0,0,0,True,False,,,0,0,T,T,N/A,0,False,None,,68,38,1,55,10,60,1,80,69,32,67,1,1,77
12719,0,Cal,Dixon,Florida,23,0,76,302,0,0,0,0,0,True,False,,,0,0,C,C,N/A,0,False,None,,73,38,1,47,15,58,1,66,59,27,59,1,1,66
12720,0,Kurt,Barber,USC,23,0,76,245,0,0,0,0,0,False,False,,,0,0,LB,LB,N/A,0,False,None,,65,64,1,63,24,44,1,1,1,58,58,1,1,70
12721,0,Glenn,Cadrez,Houston,22,0,75,240,0,0,0,0,0,False,False,,,0,0,LB,LB,N/A,0,False,None,,61,57,1,64,41,55,1,1,1,72,80,1,1,74
12722,0,Keo,Coleman,Mississippi State,22,0,73,255,0,0,0,0,0,False,False,,,0,0,LB,LB,N/A,0,False,None,,48,56,1,65,33,44,1,1,1,70,73,1,1,65
12723,0,Don,Jones,Washington,23,0,72,231,0,0,0,0,0,False,False,,,0,0,LB,LB,N/A,0,False,None,,60,58,1,65,23,57,1,1,1,56,70,1,1,69
12724,0,Cary,Blanchard,Oklahoma State,24,0,73,227,0,0,0,0,0,True,False,,,0,0,K,K,N/A,0,False,None,,11,41,20,30,3,55,1,1,1,11,74,64,64,61
12725,0,Mario,Johnson,Missouri,22,0,75,292,0,0,0,0,0,False,False,,,0,0,DT,DT,N/A,0,False,None,,62,42,1,51,24,48,1,1,1,56,50,1,1,61
12726,0,Bernie,Parmalee,Ball State,25,0,71,201,0,0,0,0,0,True,False,,,0,0,RB,RB,N/A,0,False,None,,63,72,13,70,56,59,15,32,23,26,65,1,1,72
12727,0,Marco,Coleman,Georgia Tech,23,0,75,286,0,0,0,0,0,False,False,,,0,0,DE,DE,N/A,0,False,None,,81,68,1,59,49,66,1,1,4,65,75,1,5,82
12728,0,Roosevelt,Collins,TCU,24,0,76,235,0,0,0,0,0,False,False,,,0,0,LB,LB,N/A,0,False,None,,52,64,1,65,33,59,1,1,1,62,64,1,1,70
12729,0,Dwight,Hollier,North Carolina,23,0,74,246,0,0,0,0,0,False,False,,,0,0,LB,LB,N/A,0,False,None,,55,64,1,64,32,64,1,1,1,72,79,1,1,72
12730,0,Mark,Sander,Louisville,24,0,74,232,0,0,0,0,0,False,False,,,0,0,LB,LB,N/A,0,False,None,,61,55,1,63,33,48,1,1,1,72,60,1,1,68
12731,0,Troy,Vincent,Wisconsin,21,0,73,200,0,0,0,0,0,False,False,,,0,0,SS,SS,N/A,0,False,None,,68,76,1,95,54,62,1,1,1,69,83,1,1,84
12732,0,Larry,Webster,Maryland,23,0,77,310,0,0,0,0,0,False,False,,,0,0,DT,DT,N/A,0,False,None,,77,60,1,65,30,48,1,1,1,64,70,1,1,74
12733,0,David,Klingler,Houston,23,0,75,210,0,0,0,0,0,True,False,,,0,0,QB,QB,N/A,0,False,None,,46,59,70,55,11,62,59,1,1,18,69,1,1,68
12734,0,Ostell,Miles,Houston,22,0,72,236,0,0,0,0,0,True,False,,,0,0,RB,RB,N/A,0,False,None,,45,68,5,65,44,42,5,26,14,27,75,1,1,62
12735,0,Carl,Pickens,Tennessee,22,0,74,206,0,0,0,0,0,True,False,,,0,0,WR,WR,N/A,0,False,None,,48,81,1,86,76,62,1,32,20,34,81,1,1,83
12736,0,Milt,Stegall,Miami (OH),22,0,72,184,0,0,0,0,0,True,False,,,0,0,WR,WR,N/A,0,False,None,,29,68,1,70,73,49,1,24,7,28,80,1,1,72
12737,0,Jeff,Thomason,Oregon,23,0,77,255,0,0,0,0,0,True,False,,,0,0,TE,TE,N/A,0,False,None,,50,50,1,71,67,54,1,51,28,40,69,1,1,71
12738,0,Craig,Thompson,North Carolina A&T,23,0,74,244,0,0,0,0,0,True,False,,,0,0,TE,TE,N/A,0,False,None,,62,57,1,71,62,56,1,47,42,26,66,1,1,70
12739,0,Kevin,Sargent,Eastern Washington,23,0,78,289,0,0,0,0,0,True,False,,,0,0,T,T,N/A,0,False,None,,70,47,1,47,3,69,1,74,64,37,62,1,1,73
12740,0,Thomas,Rayam,Alabama,24,0,78,297,0,0,0,0,0,True,False,,,0,0,G,G,N/A,0,False,None,,80,34,1,38,12,52,1,75,66,31,60,1,1,75
12741,0,Mike,Frier,Appalachian State,23,0,77,300,0,0,0,0,0,False,False,,,0,0,DE,DE,N/A,0,False,None,,65,51,1,52,21,45,1,1,1,48,58,1,1,67
12742,0,Roosevelt,Nix,Central State (OH),25,0,78,299,0,0,0,0,0,False,False,,,0,0,DE,DE,N/A,0,False,None,,67,54,1,63,32,50,1,1,1,53,51,1,1,69
12743,0,Ricardo,McDonald,Pittsburgh,23,0,74,248,0,0,0,0,0,False,False,,,0,0,LB,LB,N/A,0,False,None,,54,71,1,78,33,59,1,1,1,64,67,1,1,76
12744,0,Eric,Shaw,Florida State,21,0,75,248,0,0,0,0,0,False,False,,,0,0,LB,LB,N/A,0,False,None,,56,53,1,60,28,51,1,1,1,73,58,1,1,70
12745,0,Brian,Townsend,Michigan,24,0,75,242,0,0,0,0,0,False,False,,,0,0,LB,LB,N/A,0,False,None,,52,60,1,67,25,57,1,1,1,68,69,1,1,68
12746,0,Leonard,Wheeler,Mississippi,23,0,72,192,0,0,0,0,0,False,False,,,0,0,SS,SS,N/A,0,False,None,,44,72,1,59,46,52,1,1,1,46,80,1,1,59
12747,0,Darryl,Williams,Miami (FL),22,0,72,198,0,0,0,0,0,False,False,,,0,0,CB,CB,N/A,0,False,None,,50,88,1,78,48,52,1,1,1,52,72,1,1,83
12748,0,Charles,Davenport,North Carolina State,24,0,75,210,0,0,0,0,0,True,False,,,0,0,WR,WR,N/A,0,False,None,,25,69,1,65,63,43,1,21,12,16,67,1,1,68
12749,0,Mark,Didio,Connecticut,23,0,71,181,0,0,0,0,0,True,False,,,0,0,WR,WR,N/A,0,False,None,,24,71,1,75,65,49,1,10,17,18,64,1,1,67
12750,0,Darrick,Owens,Mississippi,22,0,74,195,0,0,0,0,0,True,False,,,0,0,WR,WR,N/A,0,False,None,,28,67,1,61,62,54,1,18,13,23,63,1,1,66
12751,0,Russ,Campbell,Kansas State,23,0,77,259,0,0,0,0,0,True,False,,,0,0,TE,TE,N/A,0,False,None,,57,49,1,63,62,52,1,46,28,36,59,1,1,66
12752,0,Leon,Searcy,Miami (FL),23,0,76,313,0,0,0,0,0,True,False,,,0,0,T,T,N/A,0,False,None,,82,44,1,52,5,60,1,74,65,50,60,1,1,74
12753,0,Kendall,Gammon,Pittsburg State,24,0,76,255,0,0,0,0,0,True,False,,,0,0,C,C,N/A,0,False,None,,76,43,1,48,10,67,1,73,69,43,68,1,1,74
12754,0,Levon,Kirkland,Clemson,23,0,73,270,0,0,0,0,0,False,False,,,0,0,LB,LB,N/A,0,False,None,,61,64,1,67,46,55,1,1,1,75,90,1,1,78
12755,0,Elnardo,Webster,Rutgers,23,0,74,243,0,0,0,0,0,False,False,,,0,0,LB,LB,N/A,0,False,None,,59,51,1,65,36,44,1,1,1,64,68,1,1,71
12756,0,Darren,Perry,Penn State,24,0,71,196,0,0,0,0,0,False,False,,,0,0,FS,FS,N/A,0,False,None,,60,78,1,84,51,50,1,1,1,57,78,1,1,77
12757,0,Garry,Howe,Colorado,24,0,73,298,0,0,0,0,0,False,False,,,0,0,DT,DT,N/A,0,False,None,,65,41,1,51,31,46,1,1,1,49,59,1,1,62
12758,0,Joel,Steed,Colorado,23,0,74,300,0,0,0,0,0,False,False,,,0,0,DT,DT,N/A,0,False,None,,80,47,1,50,42,60,1,1,1,65,72,1,1,78
12759,0,Tommy,Vardell,Stanford,23,0,74,234,0,0,0,0,0,True,False,,,0,0,RB,RB,N/A,0,False,None,,49,60,11,74,48,44,20,18,15,23,58,1,1,67
12760,0,Keenan,McCardell,UNLV,22,0,73,191,0,0,0,0,0,True,False,,,0,0,WR,WR,N/A,0,False,None,,44,83,1,92,75,55,1,18,24,32,86,1,1,87
12761,0,Rico,Smith,Colorado,23,0,72,185,0,0,0,0,0,True,False,,,0,0,WR,WR,N/A,0,False,None,,40,68,1,75,66,52,1,17,13,29,75,1,1,74
12762,0,Bob,Dahl,Notre Dame,24,0,77,318,0,0,0,0,0,True,False,,,0,0,G,G,N/A,0,False,None,,78,44,1,51,19,68,1,65,60,38,65,1,1,74
12763,0,Lance,Zeno,UCLA,25,0,76,279,0,0,0,0,0,True,False,,,0,0,C,C,N/A,0,False,None,,71,49,1,46,14,50,1,73,64,30,49,1,1,73
12764,0,Fred,Foggie,Minnesota,23,0,72,200,0,0,0,0,0,False,False,,,0,0,CB,CB,N/A,0,False,None,,44,68,1,64,53,47,1,1,1,40,63,1,1,72
12765,0,Bill,Johnson,Michigan State,24,0,76,305,0,0,0,0,0,False,False,,,0,0,DT,DT,N/A,0,False,None,,73,53,1,51,31,57,1,1,1,60,62,1,1,71
12766,0,Rodney,Culver,Notre Dame,23,0,69,224,0,0,0,0,0,True,False,,,0,0,RB,RB,N/A,0,False,None,,44,57,20,73,53,45,18,15,21,14,65,1,1,65
12767,0,Ed,Toner,Boston College,24,0,72,240,0,0,0,0,0,True,False,,,0,0,RB,RB,N/A,0,False,None,,53,62,15,63,53,55,9,16,24,22,64,1,1,63
12768,0,Eddie,Miller,South Carolina,23,0,72,185,0,0,0,0,0,True,False,,,0,0,WR,WR,N/A,0,False,None,,30,72,1,61,66,51,1,17,17,19,69,1,1,66
12769,0,Charles,Arbuckle,UCLA,24,0,75,248,0,0,0,0,0,True,False,,,0,0,TE,TE,N/A,0,False,None,,59,61,1,61,62,44,1,43,30,25,65,1,1,67
12770,0,Steve,Emtman,Washington,22,0,76,290,0,0,0,0,0,False,False,,,0,0,DE,DE,N/A,0,False,None,,71,57,1,63,32,50,1,1,1,49,67,1,1,71
12771,0,Quentin,Coryatt,Texas A&M,22,0,75,250,0,0,0,0,0,False,False,,,0,0,LB,LB,N/A,0,False,None,,61,67,1,59,42,55,1,1,1,73,66,1,1,74
12772,0,Steve,Grant,West Virginia,23,0,72,240,0,0,0,0,0,False,False,,,0,0,LB,LB,N/A,0,False,None,,55,58,1,75,34,50,1,1,1,71,63,1,1,72
12773,0,Ashley,Ambrose,Miss. Valley State,22,0,71,190,0,0,0,0,0,False,False,,,0,0,SS,SS,N/A,0,False,None,,62,86,1,65,47,55,1,1,1,68,75,1,1,75
12774,0,Jason,Belser,Oklahoma,22,0,69,188,0,0,0,0,0,False,False,,,0,0,CB,CB,N/A,0,False,None,,55,78,1,68,48,43,1,1,1,34,70,1,1,74
12775,0,Tony,McCoy,Florida,23,0,73,289,0,0,0,0,0,False,False,,,0,0,DT,DT,N/A,0,False,None,,80,51,1,55,35,58,1,1,1,65,58,1,1,77
12776,0,Tommy,Maddox,UCLA,21,0,76,220,0,0,0,0,0,True,False,,,0,0,QB,QB,N/A,0,False,None,,39,46,63,51,11,64,69,1,1,8,70,1,1,63
12777,0,Shawn,Moore,Virginia,24,0,74,213,0,0,0,0,0,True,False,,,0,0,QB,QB,N/A,0,False,None,,46,52,64,54,8,58,59,1,1,6,70,1,1,62
12778,0,John,Granby,Virginia Tech,24,0,73,200,0,0,0,0,0,True,False,,,0,0,WR,WR,N/A,0,False,None,,37,63,1,77,69,51,1,12,16,15,78,1,1,70
12779,0,Arthur,Marshall,Georgia,23,0,71,186,0,0,0,0,0,True,False,,,0,0,WR,WR,N/A,0,False,None,,28,72,1,70,65,46,1,9,6,25,73,1,1,67
12780,0,Cedric,Tillman,Alcorn State,22,0,74,204,0,0,0,0,0,True,False,,,0,0,WR,WR,N/A,0,False,None,,29,78,1,69,77,57,1,20,11,19,71,1,1,75
12781,0,Russ,Freeman,Georgia Tech,23,0,79,290,0,0,0,0,0,True,False,,,0,0,T,T,N/A,0,False,None,,85,51,1,39,10,53,1,73,67,34,62,1,1,76
12782,0,Chuck,Johnson,Texas,23,0,77,275,0,0,0,0,0,True,False,,,0,0,T,T,N/A,0,False,None,,79,42,1,47,3,60,1,61,65,33,55,1,1,70
12783,0,Ron,Geater,Iowa,23,0,78,272,0,0,0,0,0,False,False,,,0,0,DE,DE,N/A,0,False,None,,72,57,1,63,33,49,1,1,1,57,63,1,1,74
12784,0,John,Kacherski,Ohio State,25,0,74,240,0,0,0,0,0,False,False,,,0,0,LB,LB,N/A,0,False,None,,57,56,1,63,37,52,1,1,1,68,66,1,1,71
12785,0,John,Sullins,Alabama,23,0,73,225,0,0,0,0,0,False,False,,,0,0,LB,LB,N/A,0,False,None,,65,59,1,59,35,50,1,1,1,61,70,1,1,65
12786,0,Muhammad,Oliver,Oregon,23,0,71,185,0,0,0,0,0,False,False,,,0,0,FS,FS,N/A,0,False,None,,39,59,1,69,42,54,1,1,1,61,71,1,1,65
12787,0,Brad,Daluiso,San Diego State,25,0,73,180,0,0,0,0,0,True,False,,,0,0,K,K,N/A,0,False,None,,20,31,7,33,4,60,1,1,1,20,82,75,67,69
12788,0,Daren,Parker,South Carolina,24,0,72,185,0,0,0,0,0,True,False,,,0,0,P,P,N/A,0,False,None,,19,31,7,47,20,58,1,1,1,5,89,80,62,67
12789,0,Shane,Dronett,Texas,21,0,78,300,0,0,0,0,0,False,False,,,0,0,DT,DT,N/A,0,False,None,,82,51,1,59,32,43,1,1,1,58,54,1,1,73
12790,0,Tony,Hargain,Oregon,25,0,72,194,0,0,0,0,0,True,False,,,0,0,WR,WR,N/A,0,False,None,,36,66,1,77,76,46,1,23,16,26,68,1,1,72
12791,0,Michael,Smith,Kansas State,22,0,68,160,0,0,0,0,0,True,False,,,0,0,WR,WR,N/A,0,False,None,,26,68,1,69,74,60,1,10,1,29,76,1,1,68
12792,0,Tom,Dohring,Michigan,24,0,78,290,0,0,0,0,0,True,False,,,0,0,T,T,N/A,0,False,None,,78,33,1,42,5,57,1,66,57,34,54,1,1,64
12793,0,Joe,Valerio,Pennsylvania,23,0,77,295,0,0,0,0,0,True,False,,,0,0,C,C,N/A,0,False,None,,73,38,1,35,9,58,1,58,59,39,56,1,1,62
12794,0,Darren,Mickell,Florida,22,0,76,285,0,0,0,0,0,False,False,,,0,0,DE,DE,N/A,0,False,None,,65,67,1,54,25,58,1,1,1,49,67,1,1,72
12795,0,Dale,Carter,Tennessee,23,0,73,194,0,0,0,0,0,False,False,,,0,0,SS,SS,N/A,0,False,None,,58,82,1,89,50,56,1,1,1,75,82,1,3,84
12796,0,Tahaun,Lewis,Nebraska,24,0,70,175,0,0,0,0,0,False,False,,,0,0,CB,CB,N/A,0,False,None,,39,66,1,74,47,47,1,1,1,37,62,1,1,73
12797,0,Doug,Terry,Kansas,23,0,71,204,0,0,0,0,0,False,False,,,0,0,FS,FS,N/A,0,False,None,,49,74,1,61,44,60,1,1,1,48,74,1,1,64
12798,0,Mike,Evans,Michigan,25,0,75,289,0,0,0,0,0,False,False,,,0,0,DT,DT,N/A,0,False,None,,68,40,1,47,27,38,1,1,1,59,52,1,1,65
12799,0,Peter,Tuipulotu,BYU,23,0,71,210,0,0,0,0,0,True,False,,,0,0,RB,RB,N/A,0,False,None,,58,56,16,74,46,55,13,21,22,19,63,1,1,68
12800,0,Johnnie,Barnes,Hampton,24,0,73,185,0,0,0,0,0,True,False,,,0,0,WR,WR,N/A,0,False,None,,37,72,1,65,62,46,1,23,3,27,66,1,1,69
12801,0,Robert,Claiborne,San Diego State,25,0,70,175,0,0,0,0,0,True,False,,,0,0,WR,WR,N/A,0,False,None,,36,66,1,70,72,53,1,25,9,20,74,1,1,73
12802,0,Deems,May,North Carolina,23,0,76,263,0,0,0,0,0,True,False,,,0,0,TE,TE,N/A,0,False,None,,57,59,1,61,60,45,1,41,30,25,70,1,1,65
12803,0,Alfred,Pupunu,Weber State,23,0,74,260,0,0,0,0,0,True,False,,,0,0,TE,TE,N/A,0,False,None,,55,53,1,56,72,47,1,52,36,39,57,1,1,67
12804,0,Curtis,Whitley,Chowan,23,0,73,295,0,0,0,0,0,True,False,,,0,0,C,C,N/A,0,False,None,,70,48,1,43,3,61,1,74,69,31,58,1,1,75
12805,0,Chris,Mims,Tennessee,22,0,77,288,0,0,0,0,0,False,False,,,0,0,DE,DE,N/A,0,False,None,,64,63,1,56,26,55,1,1,1,53,54,1,1,68
12806,0,Reggie,White,North Carolina A&T,22,0,76,296,0,0,0,0,0,False,False,,,0,0,DT,DT,N/A,0,False,None,,82,49,1,51,23,45,1,1,1,57,63,1,1,73
12807,0,James,Fuller,Portland State,23,0,71,208,0,0,0,0,0,False,False,,,0,0,FS,FS,N/A,0,False,None,,51,62,1,68,42,60,1,1,1,60,71,1,1,67
12808,0,Marquez,Pope,Fresno State,22,0,71,193,0,0,0,0,0,False,False,,,0,0,CB,CB,N/A,0,False,None,,35,67,1,80,49,60,1,1,1,37,75,1,1,73
12809,0,Sean,Vanhorse,Howard,24,0,70,180,0,0,0,0,0,False,False,,,0,0,SS,SS,N/A,0,False,None,,61,65,1,66,57,50,1,1,1,67,79,1,1,73
12810,0,Tony,Brooks,Holy Cross (IN),23,0,72,230,0,0,0,0,0,True,False,,,0,0,RB,RB,N/A,0,False,None,,48,58,5,68,54,49,13,25,19,27,72,1,1,65
12811,0,Siran,Stacy,Alabama,24,0,71,203,0,0,0,0,0,True,False,,,0,0,RB,RB,N/A,0,False,None,,55,65,12,73,42,49,16,28,18,24,75,1,1,66
12812,0,Jeff,Sydner,Hawaii,23,0,66,177,0,0,0,0,0,True,False,,,0,0,WR,WR,N/A,0,False,None,,39,78,1,76,76,53,1,8,10,30,79,1,1,78
12813,0,Ephesians,Bartley,Florida,23,0,74,213,0,0,0,0,0,False,False,,,0,0,LB,LB,N/A,0,False,None,,52,54,1,68,27,53,1,1,1,72,63,1,1,68
12814,0,Tom,Gerhart,Ohio,27,0,73,195,0,0,0,0,0,False,False,,,0,0,CB,CB,N/A,0,False,None,,30,67,1,61,49,47,1,1,1,44,74,1,1,71
12815,0,Mark,McMillian,Alabama,22,0,67,154,0,0,0,0,0,False,False,,,0,0,CB,CB,N/A,0,False,None,,45,69,1,71,60,48,1,1,1,44,72,1,1,75
12816,0,Tommy,Jeter,Texas,23,0,77,285,0,0,0,0,0,False,False,,,0,0,DT,DT,N/A,0,False,None,,68,47,1,55,18,47,1,1,1,44,48,1,1,61
12817,0,Dave,Brown,Duke,22,0,77,230,0,0,0,0,0,True,False,,,0,0,QB,QB,N/A,0,False,None,,50,54,64,43,9,56,58,1,1,14,73,1,1,63
12818,0,Kent,Graham,Notre Dame,24,0,77,231,0,0,0,0,0,True,False,,,0,0,QB,QB,N/A,0,False,None,,46,52,71,43,7,71,62,1,1,7,67,1,1,70
12819,0,Derek,Brown,Notre Dame,22,0,78,259,0,0,0,0,0,True,False,,,0,0,TE,TE,N/A,0,False,None,,46,65,1,56,67,48,1,44,28,35,58,1,1,64
12820,0,Aaron,Pierce,Washington,23,0,77,252,0,0,0,0,0,True,False,,,0,0,TE,TE,N/A,0,False,None,,47,58,1,58,70,49,1,49,36,35,61,1,1,70
12821,0,Stacey,Dillard,Oklahoma,24,0,77,290,0,0,0,0,0,False,False,,,0,0,DT,DT,N/A,0,False,None,,82,59,1,63,24,46,1,1,1,54,66,1,1,71
12822,0,Corey,Widmer,Montana State,24,0,75,256,0,0,0,0,0,False,False,,,0,0,LB,LB,N/A,0,False,None,,69,68,1,74,38,53,1,1,1,72,79,1,1,77
12823,0,Jesse,Campbell,North Carolina State,23,0,73,211,0,0,0,0,0,False,False,,,0,0,SS,SS,N/A,0,False,None,,51,79,1,67,60,44,1,1,1,52,72,1,1,68
12824,0,Corey,Raymond,LSU,23,0,71,185,0,0,0,0,0,False,False,,,0,0,FS,FS,N/A,0,False,None,,42,64,1,66,46,48,1,1,1,53,79,1,1,63
12825,0,Phillippi,Sparks,Arizona State,23,0,71,195,0,0,0,0,0,False,False,,,0,0,FS,FS,N/A,0,False,None,,51,71,1,72,44,69,1,1,1,51,81,1,1,72
12826,0,Keith,Hamilton,Pittsburgh,21,0,78,295,0,0,0,0,0,False,False,,,0,0,DT,DT,N/A,0,False,None,,81,69,1,61,41,59,1,2,1,55,67,4,1,76
12827,0,Jimmy,Smith,Jackson State,23,0,73,213,0,0,0,0,0,True,False,,,0,0,WR,WR,N/A,0,False,None,,33,88,1,79,87,58,5,31,28,35,77,1,1,82
12828,0,Robert,Jones,East Carolina,23,0,75,244,0,0,0,0,0,False,False,,,0,0,LB,LB,N/A,0,False,None,,56,60,1,73,31,63,1,1,1,67,70,1,1,70
12829,0,Kevin,Smith,Texas A&M,22,0,71,183,0,0,0,0,0,False,False,,,0,0,FS,FS,N/A,0,False,None,,44,66,1,76,48,58,1,1,1,67,71,1,1,76
12830,0,Clayton,Holmes,Carson-Newman,23,0,70,181,0,0,0,0,0,False,False,,,0,0,FS,FS,N/A,0,False,None,,45,70,1,73,49,56,1,1,1,57,71,1,1,72
12831,0,Darren,Woodson,Arizona State,23,0,73,219,0,0,0,0,0,False,False,,,0,0,FS,FS,N/A,0,False,None,,63,90,4,88,69,67,1,4,2,71,87,1,5,89
12832,0,Lin,Elliott,Texas Tech,24,0,72,182,0,0,0,0,0,True,False,,,0,0,K,K,N/A,0,False,None,,18,33,10,34,19,58,1,1,1,3,89,68,80,70
12833,0,Chad,Hennings,Air Force,27,0,78,287,0,0,0,0,0,False,False,,,0,0,DT,DT,N/A,0,False,None,,68,57,1,60,33,59,1,1,1,61,71,1,1,74
12834,0,Cary,Conklin,Washington,24,0,76,220,0,0,0,0,0,True,False,,,0,0,QB,QB,N/A,0,False,None,,36,58,73,52,1,71,70,1,1,16,72,1,1,75
12835,0,Robert,Green,William & Mary,22,0,68,212,0,0,0,0,0,True,False,,,0,0,RB,RB,N/A,0,False,None,,44,71,20,77,40,51,9,17,26,18,73,1,1,70
12836,0,Desmond,Howard,Michigan,22,0,70,185,0,0,0,0,0,True,False,,,0,0,WR,WR,N/A,0,False,None,,38,63,1,73,78,46,1,12,12,26,76,1,1,73
12837,0,Ray,Rowe,San Diego State,23,0,74,256,0,0,0,0,0,True,False,,,0,0,TE,TE,N/A,0,False,None,,50,57,1,70,66,47,1,51,39,23,64,1,1,69
12838,0,Mohammed,Elewonibi,BYU,27,0,76,286,0,0,0,0,0,True,False,,,0,0,T,T,N/A,0,False,None,,76,43,1,36,1,64,1,73,60,38,51,1,1,70
12839,0,Matt,Elliott,Michigan,24,0,75,288,0,0,0,0,0,True,False,,,0,0,G,G,N/A,0,False,None,,69,43,1,38,17,65,1,80,73,38,70,1,1,74
12840,0,Tom,Myslinski,Tennessee,24,0,75,283,0,0,0,0,0,True,False,,,0,0,G,G,N/A,0,False,None,,74,50,1,39,10,63,1,67,64,23,50,1,1,71
12841,0,Shane,Collins,Arizona State,23,0,75,267,0,0,0,0,0,False,False,,,0,0,DE,DE,N/A,0,False,None,,65,47,1,56,35,50,1,1,1,56,65,1,1,68
12842,0,Tony,Barker,Rice,24,0,74,230,0,0,0,0,0,False,False,,,0,0,LB,LB,N/A,0,False,None,,57,58,1,66,40,45,1,1,1,72,60,1,1,68
12843,0,David,Gulledge,Jacksonville State,25,0,73,203,0,0,0,0,0,False,False,,,0,0,FS,FS,N/A,0,False,None,,36,67,1,75,47,53,1,1,1,49,75,1,1,66
12844,0,Edgar,Bennett,Florida State,23,0,72,217,0,0,0,0,0,True,False,,,0,0,RB,RB,N/A,0,False,None,,52,73,17,65,45,65,20,30,23,33,73,1,1,69
12845,0,Dexter,McNabb,Florida,23,0,74,250,0,0,0,0,0,True,False,,,0,0,FB,FB,N/A,0,False,None,,66,60,1,68,38,41,1,40,34,17,62,1,1,67
12846,0,Robert,Brooks,South Carolina,22,0,72,177,0,0,0,0,0,True,False,,,0,0,WR,WR,N/A,0,False,None,,45,70,1,71,80,64,1,17,15,32,79,1,1,77
12847,0,Sebastian,Barrie,Liberty,22,0,74,275,0,0,0,0,0,False,False,,,0,0,DE,DE,N/A,0,False,None,,59,60,1,51,22,41,1,1,1,48,60,1,1,62
12848,0,Brett,Collins,Washington,24,0,73,226,0,0,0,0,0,False,False,,,0,0,LB,LB,N/A,0,False,None,,57,60,1,65,36,59,1,1,1,73,62,1,1,70
12849,0,Mark,D'Onofrio,Penn State,23,0,74,235,0,0,0,0,0,False,False,,,0,0,LB,LB,N/A,0,False,None,,62,62,1,59,23,43,1,1,1,58,59,1,1,62
12850,0,George,Koonce,Chowan,24,0,73,245,0,0,0,0,0,False,False,,,0,0,LB,LB,N/A,0,False,None,,63,59,1,65,33,69,1,1,1,76,71,1,1,78
12851,0,Terrell,Buckley,Florida State,21,0,70,180,0,0,0,0,0,False,False,,,0,0,FS,FS,N/A,0,False,None,,60,72,1,70,46,67,1,1,1,54,84,1,1,73
12852,0,Will,Furrer,Virginia Tech,24,0,75,210,0,0,0,0,0,True,False,,,0,0,QB,QB,N/A,0,False,None,,48,55,67,57,4,70,68,1,1,11,70,1,1,73
12853,0,Bob,Christian,Northwestern,24,0,71,226,0,0,0,0,0,True,False,,,0,0,RB,RB,N/A,0,False,None,,55,56,12,67,42,54,15,25,22,26,61,1,1,65
12854,0,Barry,Wagner,Alabama A&M,25,0,75,213,0,0,0,0,0,True,False,,,0,0,WR,WR,N/A,0,False,None,,26,74,1,78,69,60,1,8,14,19,75,1,1,72
12855,0,Kelly,Blackwell,TCU,23,0,73,255,0,0,0,0,0,True,False,,,0,0,TE,TE,N/A,0,False,None,,47,64,1,58,68,49,1,49,38,37,71,1,1,72
12856,0,Louis,Age,La-Lafayette,22,0,79,350,0,0,0,0,0,True,False,,,0,0,T,T,N/A,0,False,None,,73,37,1,49,5,56,1,73,62,30,53,1,1,73
12857,0,Troy,Auzenne,California,23,0,79,293,0,0,0,0,0,True,False,,,0,0,T,T,N/A,0,False,None,,71,40,1,47,15,69,1,69,70,35,55,1,1,74
12858,0,Jay,Leeuwenburg,Colorado,23,0,75,294,0,0,0,0,0,True,False,,,0,0,G,G,N/A,0,False,None,,79,46,1,44,11,75,1,73,62,30,68,1,1,75
12859,0,Alonzo,Spellman,Ohio State,21,0,76,287,0,0,0,0,0,False,False,,,0,0,DE,DE,N/A,0,False,None,,73,57,1,57,35,60,1,1,1,55,54,1,1,74
12860,0,Jim,Schwantz,Purdue,22,0,74,240,0,0,0,0,0,False,False,,,0,0,LB,LB,N/A,0,False,None,,61,57,1,74,33,63,1,1,1,69,74,1,1,76
12861,0,Richard,Fain,Florida,24,0,70,183,0,0,0,0,0,False,False,,,0,0,CB,CB,N/A,0,False,None,,47,82,1,83,44,47,1,1,1,43,69,1,1,77
12862,0,Eric,Lynch,Grand Valley State,22,0,70,224,0,0,0,0,0,True,False,,,0,0,RB,RB,N/A,0,False,None,,59,68,10,67,40,40,11,27,18,17,72,1,1,65
12863,0,Ed,Tillison,Northwest Missouri State,23,0,72,225,0,0,0,0,0,True,False,,,0,0,FB,FB,N/A,0,False,None,,60,57,1,60,55,49,1,46,38,22,62,1,1,74
12864,0,Thomas,McLemore,Southern,22,0,77,245,0,0,0,0,0,True,False,,,0,0,TE,TE,N/A,0,False,None,,58,52,1,56,63,51,1,45,37,24,74,1,1,71
12865,0,Larry,Tharpe,Tennessee State,22,0,76,300,0,0,0,0,0,True,False,,,0,0,T,T,N/A,0,False,None,,68,48,1,52,14,68,1,73,60,42,54,1,1,70
12866,0,Blake,Miller,LSU,24,0,73,282,0,0,0,0,0,True,False,,,0,0,C,C,N/A,0,False,None,,64,33,1,44,5,60,1,67,61,40,51,1,1,70
12867,0,Robert,Porcher,South Carolina State,23,0,75,266,0,0,0,0,0,False,False,,,0,0,DE,DE,N/A,0,False,None,,77,71,1,79,36,64,1,1,1,62,63,1,1,87
12868,0,Tracy,Scroggins,Tulsa,23,0,75,273,0,0,0,0,0,False,False,,,0,0,DE,DE,N/A,0,False,None,,65,72,1,71,24,62,1,1,1,65,68,1,1,79
12869,0,John,Derby,Iowa,24,0,72,232,0,0,0,0,0,False,False,,,0,0,LB,LB,N/A,0,False,None,,54,67,1,62,38,50,1,1,1,61,73,1,1,70
12870,0,Andre,Jones,Notre Dame,23,0,74,245,0,0,0,0,0,False,False,,,0,0,LB,LB,N/A,0,False,None,,49,67,1,53,27,47,1,1,1,65,61,1,1,67
12871,0,Willie,Clay,Georgia Tech,22,0,70,193,0,0,0,0,0,False,False,,,0,0,FS,FS,N/A,0,False,None,,57,66,1,68,48,49,1,1,1,52,70,1,1,66
12872,0,Jason,Hanson,Washington State,22,0,71,182,0,0,0,0,0,True,False,,,0,0,K,K,N/A,0,False,None,,14,37,3,30,12,59,1,1,1,11,78,69,68,67
12873,0,Ronnie,West,Pittsburg State,24,0,73,215,0,0,0,0,0,True,False,,,0,0,WR,WR,N/A,0,False,None,,23,71,1,76,67,46,1,8,13,16,71,1,1,68
12874,0,Scott,Adams,Georgia,26,0,77,301,0,0,0,0,0,True,False,,,0,0,G,G,N/A,0,False,None,,70,43,1,35,6,65,1,74,58,29,55,1,1,74
12875,0,Bernard,Dafney,Tennessee,24,0,77,324,0,0,0,0,0,True,False,,,0,0,G,G,N/A,0,False,None,,66,33,1,37,7,60,1,74,59,37,58,1,1,72
12876,0,Roy,Barker,North Carolina,23,0,77,287,0,0,0,0,0,False,False,,,0,0,DE,DE,N/A,0,False,None,,74,57,1,63,26,48,1,1,1,53,56,1,1,73
12877,0,Ed,McDaniel,Clemson,23,0,71,230,0,0,0,0,0,False,False,,,0,0,LB,LB,N/A,0,False,None,,75,78,1,67,45,48,1,1,1,63,76,1,1,75
12878,0,Tripp,Welborne,Michigan,24,0,72,205,0,0,0,0,0,False,False,,,0,0,FS,FS,N/A,0,False,None,,40,64,1,61,50,48,1,1,1,52,78,1,1,65
12879,0,Brad,Culpepper,Florida,23,0,73,275,0,0,0,0,0,False,False,,,0,0,DT,DT,N/A,0,False,None,,84,44,1,70,39,45,1,1,1,56,70,1,1,77
12880,0,Robert,Harris,Southern,23,0,76,295,0,0,0,0,0,False,False,,,0,0,DT,DT,N/A,0,False,None,,74,60,1,64,38,45,1,1,1,58,55,1,1,70
12881,0,Craig,Erickson,Miami (FL),23,0,74,209,0,0,0,0,0,True,False,,,0,0,QB,QB,N/A,0,False,None,,44,55,64,49,1,68,61,1,1,4,59,1,1,69
12882,0,Anthony,McDowell,Texas Tech,24,0,71,235,0,0,0,0,0,True,False,,,0,0,RB,RB,N/A,0,False,None,,56,56,12,64,55,47,3,18,18,18,59,1,1,67
12883,0,Mazio,Royster,USC,22,0,73,205,0,0,0,0,0,True,False,,,0,0,RB,RB,N/A,0,False,None,,49,66,17,64,41,52,20,27,29,15,62,1,1,63
12884,0,Willie,Culpepper,La-Lafayette,25,0,71,155,0,0,0,0,0,True,False,,,0,0,WR,WR,N/A,0,False,None,,32,75,1,70,72,54,1,9,6,20,73,1,1,69
12885,0,Courtney,Hawkins,Michigan State,23,0,69,183,0,0,0,0,0,True,False,,,0,0,WR,WR,N/A,0,False,None,,45,71,1,67,69,61,1,22,15,26,76,1,1,71
12886,0,Jeff,Parker,Bethune-Cookman,23,0,70,185,0,0,0,0,0,True,False,,,0,0,WR,WR,N/A,0,False,None,,38,76,1,66,67,58,1,21,13,18,74,1,1,70
12887,0,Tyji,Armstrong,Iowa Central,22,0,76,259,0,0,0,0,0,True,False,,,0,0,TE,TE,N/A,0,False,None,,60,49,1,66,57,51,1,54,33,25,69,1,1,69
12888,0,Todd,Harrison,North Carolina State,23,0,76,260,0,0,0,0,0,True,False,,,0,0,TE,TE,N/A,0,False,None,,51,65,1,65,71,53,1,50,27,29,66,1,1,73
12889,0,Mike,Sullivan,Miami (FL),25,0,75,292,0,0,0,0,0,True,False,,,0,0,G,G,N/A,0,False,None,,77,43,1,44,13,62,1,59,58,27,57,1,1,68
12890,0,Elijah,Alexander,Kansas State,22,0,74,233,0,0,0,0,0,False,False,,,0,0,LB,LB,N/A,0,False,None,,65,67,1,67,28,63,1,1,1,71,79,1,1,75
12891,0,Rogerick,Green,Kansas State,23,0,72,182,0,0,0,0,0,False,False,,,0,0,CB,CB,N/A,0,False,None,,33,72,1,77,48,49,1,1,1,38,67,1,1,72
12892,0,Joe,King,Oklahoma State,24,0,74,195,0,0,0,0,0,False,False,,,0,0,CB,CB,N/A,0,False,None,,39,71,1,64,50,55,1,1,1,39,72,1,1,73
12893,0,Santana,Dotson,Baylor,23,0,77,278,0,0,0,0,0,False,False,,,0,0,DT,DT,N/A,0,False,None,,84,65,1,64,39,46,1,1,1,64,64,1,1,77
12894,0,Corey,Mayfield,Oklahoma,22,0,75,302,0,0,0,0,0,False,False,,,0,0,DT,DT,N/A,0,False,None,,61,46,1,45,34,45,1,1,1,47,53,1,1,61
12895,0,Mark,Wheeler,Texas A&M,22,0,75,285,0,0,0,0,0,False,False,,,0,0,DT,DT,N/A,0,False,None,,73,56,1,53,39,60,1,1,1,54,58,1,1,67
12896,0,Tony,Smith,Southern Miss,22,0,73,212,0,0,0,0,0,True,False,,,0,0,RB,RB,N/A,0,False,None,,49,70,17,76,39,48,4,23,24,30,68,1,1,67
12897,0,Bob,Whitfield,Stanford,21,0,77,310,0,0,0,0,0,True,False,,,0,0,T,T,N/A,0,False,None,,92,47,1,54,9,67,1,68,66,44,64,1,1,76
12898,0,Chuck,Smith,Tennessee,23,0,74,257,0,0,0,0,0,False,False,,,0,0,DE,DE,N/A,0,False,None,,72,68,1,62,28,64,1,1,1,55,54,1,1,78
12899,0,Bill,Goldberg,Georgia,26,0,74,272,0,0,0,0,0,False,False,,,0,0,DT,DT,N/A,0,False,None,,61,53,1,49,32,51,1,1,1,45,54,1,1,61
12900,0,Terry,Ray,Oklahoma,23,0,73,205,0,0,0,0,0,False,False,,,0,0,FS,FS,N/A,0,False,None,,45,72,1,65,56,48,1,1,1,52,69,1,1,68
12901,0,Louis,Riddick,Pittsburgh,23,0,74,215,0,0,0,0,0,False,False,,,0,0,FS,FS,N/A,0,False,None,,46,75,1,64,40,47,1,1,1,55,73,1,1,66
12902,0,Vaughn,Dunbar,Indiana,24,0,70,204,0,0,0,0,0,True,False,,,0,0,RB,RB,N/A,0,False,None,,49,68,17,61,53,47,16,22,15,24,58,1,1,66
12903,0,Marcus,Dowdell,Tennessee State,22,0,70,179,0,0,0,0,0,True,False,,,0,0,WR,WR,N/A,0,False,None,,29,66,1,68,68,48,1,13,2,23,80,1,1,64
12904,0,Torrance,Small,Alcorn State,22,0,75,209,0,0,0,0,0,True,False,,,0,0,WR,WR,N/A,0,False,None,,33,67,1,71,69,60,1,30,7,25,80,1,1,71
12905,0,Tommie,Stowers,Missouri,26,0,75,240,0,0,0,0,0,True,False,,,0,0,TE,TE,N/A,0,False,None,,55,65,1,59,66,59,1,51,31,25,60,1,1,70
12906,0,Tyrone,Legette,Nebraska,22,0,69,179,0,0,0,0,0,False,False,,,0,0,CB,CB,N/A,0,False,None,,45,74,1,64,46,47,1,1,1,34,72,1,1,69
12907,0,Sean,Lumpkin,Minnesota,22,0,72,206,0,0,0,0,0,False,False,,,0,0,SS,SS,N/A,0,False,None,,65,71,1,65,59,57,1,1,1,50,68,1,1,70
12908,0,Jimmy,Spencer,Florida,23,0,69,188,0,0,0,0,0,False,False,,,0,0,CB,CB,N/A,0,False,None,,41,81,1,66,60,47,1,1,1,49,63,1,1,79
12909,0,Amp,Lee,Florida State,21,0,71,200,0,0,0,0,0,True,False,,,0,0,RB,RB,N/A,0,False,None,,56,69,16,71,43,58,23,19,29,33,63,1,1,72
12910,0,Adam,Walker,Pittsburgh,24,0,73,210,0,0,0,0,0,True,False,,,0,0,RB,RB,N/A,0,False,None,,55,72,20,61,54,45,12,27,26,21,68,1,1,68
12911,0,Ricky,Watters,Notre Dame,23,0,73,217,0,0,0,0,0,True,False,,,0,0,RB,RB,N/A,0,False,None,,78,83,37,84,63,59,18,40,43,36,95,1,1,87
12912,0,Harry,Boatswain,New Haven,23,0,76,310,0,0,0,0,0,True,False,,,0,0,G,G,N/A,0,False,None,,74,55,1,39,10,55,1,63,62,38,60,1,1,69
12913,0,Brian,Bollinger,North Carolina,24,0,77,285,0,0,0,0,0,True,False,,,0,0,G,G,N/A,0,False,None,,76,36,1,41,1,62,1,68,62,28,61,1,1,72
12914,0,David,Wilkins,Eastern Kentucky,23,0,76,240,0,0,0,0,0,False,False,,,0,0,DE,DE,N/A,0,False,None,,67,55,1,58,35,48,1,1,1,44,59,1,1,68
12915,0,Dana,Hall,Washington,23,0,75,208,0,0,0,0,0,False,False,,,0,0,CB,CB,N/A,0,False,None,,35,78,1,75,48,53,1,1,1,42,65,1,1,75
12916,0,Klaus,Wilmsmeyer,Louisville,25,0,74,210,0,0,0,0,0,True,False,,,0,0,P,P,N/A,0,False,None,,14,39,15,39,18,59,1,1,1,13,75,74,60,64
12917,0,Brian,Treggs,California,22,0,69,161,0,0,0,0,0,True,False,,,0,0,WR,WR,N/A,0,False,None,,40,74,1,76,76,57,1,10,11,25,63,1,1,74
12918,0,Theo,Adams,Hawaii,26,0,76,300,0,0,0,0,0,True,False,,,0,0,T,T,N/A,0,False,None,,70,43,1,42,6,49,1,73,60,31,62,1,1,68
12919,0,Mike,Keim,BYU,27,0,79,302,0,0,0,0,0,True,False,,,0,0,T,T,N/A,0,False,None,,80,43,1,48,9,60,1,60,56,39,48,1,1,66
12920,0,Ray,Roberts,Virginia,23,0,78,315,0,0,0,0,0,True,False,,,0,0,T,T,N/A,0,False,None,,79,42,1,60,9,64,1,77,64,37,66,1,1,77
12921,0,Michael,Sinclair,Eastern New Mexico,24,0,76,267,0,0,0,0,0,False,False,,,0,0,DE,DE,N/A,0,False,None,,70,62,1,76,38,65,1,1,1,69,75,1,1,87
12922,0,Bob,Spitulski,Central Florida,23,0,75,240,0,0,0,0,0,False,False,,,0,0,LB,LB,N/A,0,False,None,,51,67,1,56,32,47,1,1,1,67,73,1,1,67
12923,0,Malcolm,Frank,Baylor,24,0,68,178,0,0,0,0,0,False,False,,,0,0,FS,FS,N/A,0,False,None,,41,66,1,75,39,58,1,1,1,52,64,1,1,69
12924,0,Rafael,Robinson,Wisconsin,23,0,71,200,0,0,0,0,0,False,False,,,0,0,FS,FS,N/A,0,False,None,,42,65,1,65,53,46,1,1,1,51,73,1,1,67
12925,0,Tyrone,Rodgers,Oklahoma,23,0,75,271,0,0,0,0,0,False,False,,,0,0,DT,DT,N/A,0,False,None,,69,54,1,46,28,47,1,1,1,47,49,1,1,66
12926,0,Tim,Lester,Eastern Kentucky,24,0,70,233,0,0,0,0,0,True,False,,,0,0,RB,RB,N/A,0,False,None,,49,65,8,75,54,52,5,19,18,18,62,1,1,68
12927,0,Todd,Kinchen,LSU,23,0,71,187,0,0,0,0,0,True,False,,,0,0,WR,WR,N/A,0,False,None,,30,68,1,77,74,49,1,24,9,18,69,1,1,74
12928,0,Chris,Crooms,Texas A&M,23,0,74,211,0,0,0,0,0,False,False,,,0,0,CB,CB,N/A,0,False,None,,40,61,1,70,48,45,1,1,1,45,58,1,1,70
12929,0,Steve,Israel,Pittsburgh,23,0,71,194,0,0,0,0,0,False,False,,,0,0,CB,CB,N/A,0,False,None,,35,73,1,74,45,49,1,1,1,38,66,1,1,69
12930,0,Marc,Boutte,LSU,23,0,76,307,0,0,0,0,0,False,False,,,0,0,DT,DT,N/A,0,False,None,,69,43,1,59,26,58,1,1,1,62,60,1,1,69
12931,0,Sean,Gilbert,Pittsburgh,22,0,77,318,0,0,0,0,0,False,False,,,0,0,DT,DT,N/A,0,False,None,,79,51,1,54,39,57,1,1,1,55,67,1,1,74
12932,0,Tony,Sacca,Penn State,22,0,77,230,0,0,0,0,0,True,False,,,0,0,QB,QB,N/A,0,False,None,,40,57,58,44,5,62,56,1,1,11,72,1,1,61
12933,0,Ivory Lee,Brown,Ark-Pine Bluff,23,0,74,245,0,0,0,0,0,True,False,,,0,0,RB,RB,N/A,0,False,None,,52,66,14,64,46,46,13,28,21,18,60,1,1,64
12934,0,Eric,Blount,North Carolina,22,0,69,192,0,0,0,0,0,True,False,,,0,0,WR,WR,N/A,0,False,None,,27,66,1,74,67,52,1,13,4,19,64,1,1,67
12935,0,Randal,Hill,Miami (FL),23,0,70,180,0,0,0,0,0,True,False,,,0,0,WR,WR,N/A,0,False,None,,44,83,1,72,68,63,1,21,9,18,68,1,1,78
12936,0,Derek,Ware,Central Oklahoma,25,0,74,255,0,0,0,0,0,True,False,,,0,0,TE,TE,N/A,0,False,None,,48,50,1,57,72,54,1,48,34,39,63,1,1,67
12937,0,Willie,Wright,Wyoming,24,0,76,239,0,0,0,0,0,True,False,,,0,0,TE,TE,N/A,0,False,None,,51,57,1,59,69,51,1,39,43,25,72,1,1,66
12938,0,Rob,Baxley,Iowa,23,0,77,287,0,0,0,0,0,True,False,,,0,0,T,T,N/A,0,False,None,,68,43,1,47,11,56,1,65,53,31,57,1,1,67
12939,0,Ed,Cunningham,Washington,23,0,75,290,0,0,0,0,0,True,False,,,0,0,C,C,N/A,0,False,None,,75,40,1,55,12,64,1,71,72,43,69,1,1,76
12940,0,Michael,Bankston,Sam Houston State,22,0,77,285,0,0,0,0,0,False,False,,,0,0,DE,DE,N/A,0,False,None,,68,72,1,58,25,63,1,1,1,68,57,1,1,80
12941,0,Keith,Rucker,Eastern Michigan,24,0,76,332,0,0,0,0,0,False,False,,,0,0,DT,DT,N/A,0,False,None,,72,52,1,49,30,57,1,1,1,56,54,1,1,72
12942,0,Bucky,Richardson,Texas A&M,23,0,73,228,0,0,0,0,0,True,False,,,0,0,QB,QB,N/A,0,False,None,,46,51,61,53,1,58,66,1,1,10,62,1,1,63
12943,0,Damon,Mays,Missouri,24,0,69,170,0,0,0,0,0,True,False,,,0,0,WR,WR,N/A,0,False,None,,28,67,1,75,69,51,1,18,13,14,72,1,1,72
12944,0,Gary,Wellman,USC,25,0,69,170,0,0,0,0,0,True,False,,,0,0,WR,WR,N/A,0,False,None,,34,76,1,71,67,43,1,10,5,14,65,1,1,67
12945,0,Tim,Roberts,Southern Miss,23,0,78,318,0,0,0,0,0,False,False,,,0,0,DE,DE,N/A,0,False,None,,65,54,1,52,30,38,1,1,1,43,64,1,1,67
12946,0,Joe,Bowden,Oklahoma,22,0,71,230,0,0,0,0,0,False,False,,,0,0,LB,LB,N/A,0,False,None,,66,72,1,67,44,63,1,1,1,78,71,1,1,79
12947,0,Eddie,Robinson,Alabama State,22,0,73,240,0,0,0,0,0,False,False,,,0,0,LB,LB,N/A,0,False,None,,63,59,1,80,48,64,1,1,1,77,65,1,1,80
12948,0,Tony,Brown,Fresno State,22,0,69,183,0,0,0,0,0,False,False,,,0,0,SS,SS,N/A,0,False,None,,57,64,1,59,47,45,1,1,1,48,72,1,1,65
12949,0,David,Jones,Delaware State,24,0,74,220,0,0,0,0,0,True,False,,,0,0,TE,TE,N/A,0,False,None,,49,55,1,61,69,49,1,52,28,36,60,1,1,70
12950,0,Kevin,Smith,UCLA,23,0,76,255,0,0,0,0,0,True,False,,,0,0,TE,TE,N/A,0,False,None,,62,56,1,64,68,59,1,53,35,26,71,1,1,75
12951,0,Greg,Skrepenak,Michigan,22,0,79,316,0,0,0,0,0,True,False,,,0,0,T,T,N/A,0,False,None,,74,49,1,47,8,67,1,67,74,29,68,1,1,76
12952,0,Derrick,Hoskins,Southern Miss,22,0,74,210,0,0,0,0,0,False,False,,,0,0,FS,FS,N/A,0,False,None,,45,75,1,72,49,50,1,1,1,58,79,1,1,75
12953,0,Chester,McGlockton,Clemson,23,0,75,334,0,0,0,0,0,False,False,,,0,0,DT,DT,N/A,0,False,None,,83,48,1,74,49,54,1,1,1,53,79,1,1,77
