WeekNumber,GameID,Season,TeamID,Team,PlayerID,G,GS,Championships,ChampionshipYears,MadePlayoffs,Wins,Losses,Ties,WinPct,Round1Wins,Round1Losses,Rounds1WinPct,Round2Wins,Round2Losses,Round2WinPct,Round3Wins,Round3Losses,Round3WinPct,ChampionshipWins,ChampionshipLosses,ChampionshipWinPct,ELORating,Plays,RushAtt,Catches,PassAtt,PassCmp,PassInt,PassYds,PassYdsAgainst,TotalYdsAgainst,TotalYds,RushYdsAgainst,PassTD,PassRating,PassingAttemptsPerGame,PassingYardsPerAttempt,PassingYardsPerCompletion,SackPct,PassingYdsPerGame,RushYds,RecYds,RushTD,RecTD,RunLong,PassLong,RecLong,PuntLong,KRLong,PRLong,FGLong,Int,IntReturnYds,Fumbles,FumblesLost,FumReturnYds,Pancakes,MissedTackles,DroppedPasses,PassesDefensed,SacksAllowed,MissedBlocks,TeamOwner,Conference,WasSacked,SackedYards,Tackles,TFL,Sacks,Hurries,Knockdowns,Safeties,ForcedFumbles,FumblesRecovered,DefensiveTD,BlockedFG,BlockedPAT,BlockedPunt,Penalties,PenaltyYds,Punts,PuntYds,PuntsInside20,PuntReturns,PuntReturnYds,PuntReturnTD,KickoffReturns,KickoffReturnYds,KickoffReturnTD,FGA_U20,FGA_2029,FGA_3039,FGA_4049,FGA_50,FGM_U20,FGM_2029,FGM_3039,FGM_4049,FGM_50,FGA,FGM,XPA,XPM,POG,POW,POY,POYYears,ProBowl,ProBowlYears,MVP,MVPYears,PlayoffMVP,PlayoffMVPYears,ROY,ROYYears,RushAvg,PassAvg,PassPct,RecAvg,FGPct,XPPct,PuntAvg,PuntReturnAvg,KickReturnAvg,RushingAttPerGame,RushingYdsPerGame,RushFDPct,CatchesPerGame,ReceivingYdsPerGame,RecFDPct,KickingPoints,Points,PointsFor,PointsAgainst,Rush20,Rush40,RushFD,Pass20,Pass40,PassFD,Rec20,Rec40,RecFD,CtA,Tar,DTar,Job
,0,1988,16,TB,507,17,0,0,,0,0,0,0,0,0,0,0,0,0,0,0,0,0,0,0,0,0,0,566,288,440,288,11,3527,3356,6204,5887,2848,24,97.8,25.9,8,12.2,10.2,207.5,2360,3527,11,24,68,87,87,62,42,21,53,8,142,21,12,3,399,131,27,81,35,133,,,50,390,843,84,21,105,27,1,7,13,1,0,0,2,97,753,102,4439,35,33,229,0,90,1785,0,0,5,7,10,4,0,5,6,7,2,26,20,36,35,12,0,0,,0,,0,,0,,0,,4.2,8,65.5,12.2,76.9,97.2,43.5,6.9,19.8,33.3,138.8,17.7,16.9,207.5,42.4,95,311,313,480,18,4,100,40,11,122,40,11,122,389,1062,0,Special Teams Coach
,0,1989,16,TB,507,17,0,0,,1,0,0,0,0,0,0,0,0,0,0,0,0,0,0,0,0,0,0,475,376,561,376,10,4062,3558,6314,6062,2756,37,102.7,33,7.2,10.8,7.1,238.9,2000,4062,13,37,51,73,73,65,95,17,55,13,103,21,10,51,460,99,22,91,23,150,,,43,306,842,71,48,109,34,0,20,22,0,0,0,0,105,895,101,4515,33,30,211,0,77,1911,1,1,5,7,8,5,1,4,5,8,4,26,22,49,47,15,0,0,,0,,0,,0,,0,,4.2,7.2,67,10.8,84.6,95.9,44.7,7,24.8,27.9,117.6,20,22.1,238.9,35.1,113,419,423,397,13,3,95,49,9,132,49,9,132,387,1196,0,Special Teams Coach
,0,1990,16,TB,507,17,0,0,,1,0,0,0,0,0,0,0,0,0,0,0,0,0,0,0,0,0,0,541,400,563,400,8,4567,4013,6183,7025,2170,39,112.3,33.1,8.1,11.4,5.7,268.6,2458,4567,23,39,45,71,71,67,35,55,53,7,104,13,8,57,523,116,17,84,15,132,,,34,235,819,69,25,112,30,0,21,18,2,0,0,0,122,913,71,3304,29,30,133,1,90,1892,0,2,9,7,11,4,2,8,6,7,2,33,25,58,55,18,0,0,,0,,0,,0,,0,,4.5,8.1,71,11.4,75.8,94.8,46.5,4.4,21,31.8,144.6,21.1,23.5,268.6,43.5,130,520,528,475,11,5,114,46,13,174,46,13,174,414,570,626,Special Teams Coach
,0,1991,16,TB,507,1,0,0,,0,0,0,0,0,0,0,0,0,0,0,0,0,0,0,0,0,0,0,30,16,23,16,1,164,163,326,286,163,1,86.1,23,7.1,10.2,14.8,164,122,164,0,1,20,19,19,55,37,17,46,1,74,2,2,0,21,6,0,3,2,9,,,4,30,50,4,0,5,0,0,0,0,0,0,0,0,5,50,4,177,1,1,17,0,5,147,0,0,0,0,2,0,0,0,0,2,0,2,2,1,1,0,0,0,,0,,0,,0,,0,,4.1,7.1,69.6,10.2,100,100,44.2,17,29.4,30,122,26.7,16,164,56.2,7,13,13,20,0,0,8,0,0,9,0,0,9,15,24,23,
,0,1988,10,IND,2248,17,0,0,,1,0,0,0,0,0,0,0,0,0,0,0,0,0,0,0,0,0,0,573,282,453,282,15,3125,3550,6028,5663,2478,23,85.8,26.6,6.9,11.1,3.2,183.8,2538,3125,18,23,49,65,65,68,103,64,51,6,77,3,2,25,482,82,18,50,9,98,,,15,94,771,85,63,60,42,0,12,6,0,0,0,0,97,818,74,3437,32,38,355,0,72,1711,2,2,7,16,6,3,2,7,15,5,3,34,32,42,41,18,0,0,,0,,0,,0,,0,,4.4,6.9,62.3,11.1,94.1,97.6,46.4,9.3,23.8,33.7,149.3,20.9,16.6,183.8,47.5,137,395,397,429,13,1,120,29,8,134,29,8,134,322,898,0,LB Coach
,0,1989,10,IND,2248,17,0,1,,1,0,0,0,0,0,0,0,0,0,0,0,0,0,0,0,0,0,0,480,306,528,306,23,3755,3506,5219,5850,1713,26,78.3,31.1,7.1,12.3,4.3,220.9,2095,3755,19,26,61,56,56,69,36,52,50,6,137,6,3,22,516,46,14,62,9,82,,,24,164,761,78,96,69,74,5,19,12,1,0,0,0,78,707,81,3865,34,39,306,0,56,1211,0,3,7,8,11,1,3,7,8,8,1,30,27,45,45,26,0,0,,0,,0,,0,,0,,4.4,7.1,58,12.3,90,100,47.7,7.8,21.6,28.2,123.2,21.7,18,220.9,45.1,126,402,414,322,12,2,104,52,10,138,52,10,138,389,1105,0,LB Coach
,0,1990,10,IND,2248,17,0,0,,1,0,0,0,0,0,0,0,0,0,0,0,0,0,0,0,0,0,0,549,257,448,257,14,3384,4021,5850,5803,1829,30,90.7,26.4,7.6,13.2,6.3,199.1,2419,3384,20,30,76,56,56,71,42,64,51,11,187,6,4,17,497,76,22,70,13,94,,,30,218,839,81,64,85,63,0,19,12,2,0,0,0,102,840,81,3954,33,30,287,0,75,1570,0,2,6,11,13,6,2,4,11,8,3,38,28,49,49,23,0,0,,0,,0,,0,,0,,4.4,7.6,57.4,13.2,73.7,100,48.8,9.6,20.9,32.3,142.3,18.6,15.1,199.1,43.6,133,445,451,390,19,6,102,48,8,112,48,8,112,410,447,597,LB Coach
,0,1991,10,IND,2248,1,0,0,,0,0,0,0,0,0,0,0,0,0,0,0,0,0,0,0,0,0,0,40,14,23,14,1,163,164,286,326,122,0,64.2,23,7.1,11.6,0,163,163,163,2,0,20,42,42,54,15,8,52,1,-3,0,0,2,31,1,0,4,0,7,,,0,0,49,5,4,4,1,0,2,2,0,0,0,0,5,40,5,232,1,2,8,0,3,35,0,0,1,0,0,1,0,1,0,0,1,2,2,2,2,2,0,0,,0,,0,,0,,0,,4.1,7.1,60.9,11.6,100,100,46.4,4,11.7,40,163,22.5,14,163,50,8,20,20,13,0,0,9,1,1,7,1,1,7,26,22,35,
,0,1988,2,MIA,3535,17,0,0,,1,0,0,0,0,0,0,0,0,0,0,0,0,0,0,0,0,0,0,466,323,469,323,10,4011,3099,5703,5994,2604,36,111.8,27.6,8.6,12.4,5.8,235.9,1983,4011,16,36,75,72,72,62,34,17,47,7,150,18,8,15,400,119,11,67,7,99,,,29,220,835,108,30,79,36,1,15,17,1,0,0,0,98,851,77,3581,31,26,60,0,72,1435,0,1,5,7,6,2,1,4,4,6,0,21,15,49,49,17,0,0,,0,,0,,0,,0,,4.3,8.6,68.9,12.4,71.4,100,46.5,2.3,19.9,27.4,116.6,17.8,19,235.9,42.7,94,412,420,386,15,4,83,51,15,138,51,15,138,348,1016,0,DB Coach
,0,1989,2,MIA,3535,17,0,0,,1,0,0,0,0,0,0,0,0,0,0,0,0,0,0,0,0,0,0,399,389,580,389,14,4514,3817,5922,5975,2105,33,99.3,34.1,7.8,11.6,8.1,265.5,1461,4514,12,33,57,77,77,54,35,18,52,13,182,6,2,37,503,93,20,73,20,136,,,51,427,784,55,51,85,48,0,16,11,2,0,0,0,104,875,86,3567,25,28,167,0,68,1439,0,2,5,5,14,9,2,4,5,9,4,35,24,46,45,16,0,0,,0,,0,,0,,0,,3.7,7.8,67.1,11.6,68.6,97.8,41.5,6,21.2,23.5,85.9,16.5,22.9,265.5,44.5,117,399,401,383,5,2,66,56,16,173,56,16,173,411,1239,0,DB Coach
,0,1990,2,MIA,3535,17,0,0,,1,0,0,0,0,0,0,0,0,0,0,0,0,0,0,0,0,0,0,439,406,593,406,10,4626,3732,5726,6535,1994,34,103.7,34.9,7.8,11.4,4.8,272.1,1909,4626,22,34,69,76,76,68,98,19,52,8,125,10,4,13,491,89,17,73,7,89,,,30,239,777,75,39,75,47,0,11,12,2,0,0,1,127,964,62,3083,32,22,210,0,70,1557,1,1,6,13,10,3,1,4,8,5,2,33,20,57,57,20,0,0,,0,,0,,0,,0,,4.3,7.8,68.5,11.4,60.6,100,49.7,9.5,22.2,25.8,112.3,18,23.9,272.1,43.3,117,471,473,386,19,3,79,58,10,176,58,10,176,416,587,615,DB Coach
,0,1991,2,MIA,3535,1,0,0,,0,0,0,0,0,0,0,0,0,0,0,0,0,0,0,0,0,0,0,20,25,38,25,0,254,203,353,318,150,2,102.3,38,6.7,10.2,7.3,254,64,254,1,2,12,45,45,63,24,8,49,0,0,1,0,6,37,5,1,6,1,11,,,3,33,47,3,2,7,0,0,1,2,0,0,0,0,7,40,5,263,2,1,8,0,4,74,0,0,1,0,1,0,0,1,0,1,0,2,2,2,2,1,0,0,,0,,0,,0,,0,,3.2,6.7,65.8,10.2,100,100,52.6,8,18.5,20,64,25,25,254,40,8,26,28,21,0,0,5,4,1,10,4,1,10,38,35,52,
,0,1988,7,CIN,3841,17,0,1,,1,14,3,0,0.824,0,0,0,1,0,1,1,0,1,1,0,1,0,0,521,349,508,349,13,3873,2769,4792,5937,2023,30,100.1,29.9,7.6,11.1,5,227.8,2064,3873,19,30,47,74,74,62,96,62,53,12,205,19,8,30,463,84,19,76,10,120,,,27,227,789,94,19,101,29,0,22,23,4,0,0,1,91,789,84,3645,30,38,289,0,68,1625,1,3,8,6,9,2,3,7,5,7,2,28,24,52,52,19,0,0,,0,,0,,0,,0,,4,7.6,68.7,11.1,85.7,100,43.4,7.6,23.9,30.6,121.4,18.4,20.5,227.8,46.4,124,448,450,270,18,2,96,39,8,162,39,8,162,346,1086,0,Head Coach
,0,1989,7,CIN,3841,17,0,0,,0,2,15,0,0.118,0,0,0,0,0,0,0,0,0,0,0,0,0,0,344,291,672,291,15,3151,3659,6870,4011,3211,15,55.8,39.5,4.7,10.8,10.2,185.4,860,3151,2,15,31,72,72,59,103,19,46,15,275,20,7,3,470,133,65,89,44,270,,,76,499,874,71,19,119,35,0,12,18,0,0,0,1,96,851,139,6057,38,25,118,0,97,2231,1,2,2,7,7,4,2,2,5,6,0,22,15,18,17,2,0,0,,0,,0,,0,,0,,2.5,4.7,43.3,10.8,68.2,94.4,43.6,4.7,23,20.2,50.6,12.8,17.1,185.4,44,62,170,170,517,3,0,44,34,7,128,34,7,128,458,1402,0,Head Coach
,0,1990,7,CIN,3841,17,0,0,,1,10,7,0,0.588,0,0,0,0,1,0,0,0,0,0,0,0,0,0,377,420,629,420,9,4884,3015,5275,6381,2260,28,99,37,7.8,11.6,4.4,287.3,1497,4884,17,28,53,72,72,69,108,75,53,6,83,17,11,2,469,90,25,83,12,116,,,29,219,754,67,49,104,57,1,5,8,1,0,0,0,119,927,73,3555,26,32,292,0,80,1721,1,0,12,9,10,4,0,11,8,7,2,35,28,45,44,18,0,0,,0,,0,,0,,0,,4,7.8,66.8,11.6,80,97.8,48.7,9.1,21.5,22.2,88.1,19.6,24.7,287.3,43.1,128,410,414,380,11,2,74,61,15,181,61,15,181,352,631,592,Head Coach
,0,1991,7,CIN,3841,1,0,0,,0,1,0,0,1,0,0,0,0,0,0,0,0,0,0,0,0,0,0,30,22,35,22,1,204,148,367,332,219,4,104.9,35,5.8,9.3,0,204,128,204,0,4,18,38,38,52,33,0,0,0,0,1,0,17,19,4,2,5,0,10,,,0,0,53,5,5,5,5,0,1,2,0,0,0,0,7,57,5,205,1,0,0,0,5,142,0,0,1,0,0,0,0,0,0,0,0,1,0,4,4,1,0,0,,0,,0,,0,,0,,4.3,5.8,62.9,9.3,0,100,41,0,28.4,30,128,23.3,22,204,40.9,4,28,28,24,0,0,7,2,0,9,2,0,9,17,34,27,
,0,1988,17,CHC,4394,17,0,0,,1,0,0,0,0,0,0,0,0,0,0,0,0,0,0,0,0,0,0,481,358,542,358,11,3941,3270,4906,5770,1636,19,90.7,31.9,7.3,11,7,231.8,1829,3941,17,19,55,83,83,63,36,57,52,9,185,12,4,11,403,72,21,58,26,134,,,41,308,781,100,57,91,37,0,9,11,2,0,0,0,108,933,79,3554,27,41,295,0,69,1506,0,1,11,16,8,2,1,9,16,7,1,38,34,36,36,19,0,0,,0,,0,,0,,0,,3.8,7.3,66.1,11,89.5,100,45,7.2,21.8,28.3,107.6,17.5,21.1,231.8,42.5,138,366,368,303,14,4,84,45,8,152,45,8,152,349,1108,0,QB Coach
,0,1989,17,CHC,4394,17,0,0,,0,0,0,0,0,0,0,0,0,0,0,0,0,0,0,0,0,0,0,362,390,608,390,11,3780,3874,6436,5246,2562,28,89.3,35.8,6.2,9.7,9.8,222.4,1466,3780,8,28,40,73,73,64,41,67,49,11,194,16,8,12,421,109,27,92,39,138,,,66,494,765,61,34,117,25,0,11,12,0,0,0,0,96,811,89,3935,27,25,177,0,92,1979,0,0,7,4,7,1,0,7,4,6,0,19,17,36,34,7,0,0,,0,,0,,0,,0,,4,6.2,64.1,9.7,89.5,94.4,44.2,7.1,21.5,21.3,86.2,21.8,22.9,222.4,39.7,85,301,301,551,7,0,79,33,6,155,33,6,155,413,1266,0,QB Coach
,0,1990,17,CHC,4394,17,0,0,,0,0,0,0,0,0,0,0,0,0,0,0,0,0,0,0,0,0,0,512,314,530,314,7,2795,4103,7541,4582,3438,15,77.4,31.2,5.3,8.9,8.5,164.4,1787,2795,16,15,65,41,41,64,97,18,57,14,214,8,4,27,426,103,17,74,23,151,,,49,366,771,51,20,87,35,0,9,9,1,0,0,0,120,893,93,4259,42,22,190,0,112,2576,1,1,6,8,12,6,1,6,8,8,6,33,29,31,31,9,0,0,,0,,0,,0,,0,,3.5,5.3,59.2,8.9,87.9,100,45.8,8.6,23,30.1,105.1,16,18.5,164.4,39.2,118,316,316,650,8,3,82,18,1,123,18,1,123,351,531,555,QB Coach
,0,1991,17,CHC,4394,1,0,0,,0,0,0,0,0,0,0,0,0,0,0,0,0,0,0,0,0,0,0,29,18,26,18,0,181,246,360,239,114,1,101.6,26,7,10.1,0,181,58,181,0,1,12,31,31,59,35,0,54,0,0,2,2,0,21,5,2,2,0,5,,,0,0,46,8,3,1,2,0,1,0,0,0,0,0,8,52,4,169,2,0,0,0,6,140,0,0,0,0,1,1,0,0,0,1,1,2,2,1,1,1,0,0,,0,,0,,0,,0,,2,7,69.2,10.1,100,100,42.2,0,23.3,29,58,20.7,18,181,55.6,7,13,13,37,0,0,6,2,0,10,2,0,10,29,26,35,
,0,1988,4,OAK,8917,17,0,0,,0,0,0,0,0,0,0,0,0,0,0,0,0,0,0,0,0,0,0,648,153,277,153,5,2451,3203,5898,5560,2695,28,111.2,16.3,8.8,16,17.1,144.2,3109,2451,20,28,76,60,60,60,41,59,55,17,450,16,8,13,499,105,21,62,37,85,,,57,425,917,111,27,79,27,0,17,16,6,0,0,1,100,923,92,4167,33,23,236,0,78,1859,0,2,6,10,7,5,2,6,5,5,5,30,23,52,51,13,0,0,,0,,0,,0,,0,,4.8,8.8,55.2,16,76.7,98.1,45.3,10.3,23.8,38.1,182.9,18.7,9,144.2,51.6,120,444,448,410,22,5,121,42,11,79,42,11,79,434,909,0,OL Coach
,0,1989,4,OAK,8917,17,0,0,,0,0,0,0,0,0,0,0,0,0,0,0,0,0,0,0,0,0,0,608,305,497,305,15,3307,3839,6297,6381,2458,22,83.1,29.2,6.7,10.8,5.7,194.5,3074,3307,19,22,62,57,57,59,108,65,49,11,110,23,8,1,536,115,28,82,16,120,,,30,204,914,77,33,119,45,0,10,20,2,0,0,1,126,1018,99,4116,31,31,328,0,85,2043,2,4,5,14,11,1,3,5,12,6,0,35,26,45,45,14,0,0,,0,,0,,0,,0,,5.1,6.7,61.4,10.8,74.3,100,41.6,10.6,24,35.8,180.8,23.2,17.9,194.5,41.3,123,393,393,444,30,5,141,36,6,126,36,6,126,461,1222,0,OL Coach
,0,1990,4,OAK,8917,17,0,0,,0,0,0,0,0,0,0,0,0,0,0,0,0,0,0,0,0,0,0,548,206,424,206,11,3166,3578,6024,5901,2446,26,83.3,24.9,7.5,15.4,14.9,186.2,2735,3166,25,26,62,77,77,60,94,17,55,8,74,9,5,0,674,83,34,78,49,153,,,74,548,878,71,34,118,48,0,11,7,2,0,0,0,122,1011,100,4344,27,23,130,0,97,2203,0,0,4,6,6,2,0,4,4,6,2,18,16,53,53,12,0,0,,0,,0,,0,,0,,5,7.5,48.6,15.4,88.9,100,43.4,5.7,22.7,32.2,160.9,23,12.1,186.2,55.3,101,419,419,465,12,4,126,54,9,114,54,9,114,449,422,705,OL Coach
,0,1991,4,OAK,8917,1,0,0,,0,0,0,0,0,0,0,0,0,0,0,0,0,0,0,0,0,0,0,60,21,42,21,2,280,253,487,485,234,1,59.6,42,6.7,13.3,10.6,280,205,280,2,1,14,50,50,61,40,15,50,2,11,1,1,0,58,6,6,6,0,12,,,5,30,79,7,1,7,2,0,2,0,0,0,0,0,5,36,7,362,3,3,16,0,4,120,0,0,1,1,1,1,0,1,1,0,1,4,3,2,2,0,0,0,,0,,0,,0,,0,,3.4,6.7,50,13.3,75,100,51.7,5.3,30,60,205,21.7,21,280,47.6,11,29,31,20,0,0,13,4,1,10,4,1,10,28,42,41,
,0,1988,14,ATL,9559,17,0,0,,1,0,0,0,0,0,0,0,0,0,0,0,0,0,0,0,0,0,0,533,269,411,269,8,3796,4169,6266,6082,2097,29,110.5,24.2,9.2,14.1,9.7,223.3,2286,3796,19,29,67,68,68,65,42,77,52,9,185,9,3,31,451,101,15,63,26,107,,,44,367,801,105,28,91,29,1,15,13,0,0,0,0,87,745,81,3604,27,25,305,1,77,1904,0,1,8,12,12,4,1,7,10,7,2,37,27,48,48,17,0,0,,0,,0,,0,,0,,4.3,9.2,65.5,14.1,73,100,44.5,12.2,24.7,31.4,134.5,19.9,15.8,223.3,47.2,129,423,427,398,13,6,106,56,15,127,56,15,127,408,974,0,OL Coach
,0,1989,14,ATL,9559,17,0,0,,0,0,0,0,0,0,0,0,0,0,0,0,0,0,0,0,0,0,0,459,283,474,283,10,4640,4509,6339,6450,1830,45,115.5,27.9,9.8,16.4,15.4,272.9,1810,4640,6,45,47,66,66,65,42,24,52,17,207,17,5,84,649,80,21,91,44,135,,,86,697,724,87,40,112,45,3,19,24,2,0,0,0,101,808,83,3957,28,36,317,0,73,1710,0,1,5,11,13,5,1,4,9,9,1,35,24,52,51,17,0,0,,0,,0,,0,,0,,3.9,9.8,59.7,16.4,68.6,98.1,47.7,8.8,23.4,27,106.5,16.6,16.6,272.9,47.7,123,441,449,445,12,2,76,83,24,135,83,24,135,429,1151,0,OL Coach
,0,1990,14,ATL,9559,17,0,0,,0,0,0,0,0,0,0,0,0,0,0,0,0,0,0,0,0,0,0,552,297,431,297,6,3211,4437,6826,5443,2389,23,102.5,25.4,7.5,10.8,5.9,188.9,2232,3211,22,23,53,62,62,67,92,41,52,9,101,18,11,35,383,89,15,57,9,81,,,27,192,790,86,25,93,24,0,15,16,1,0,0,0,88,643,84,4019,46,21,206,0,94,2224,0,0,8,12,5,4,0,7,12,4,3,29,26,45,44,13,0,0,,0,,0,,0,,0,,4,7.5,68.9,10.8,89.7,97.8,47.8,9.8,23.7,32.5,131.3,18.8,17.5,188.9,41.8,122,398,398,514,16,4,104,30,9,124,30,9,124,404,427,591,OL Coach
,0,1991,14,ATL,9559,1,0,0,,0,0,0,0,0,0,0,0,0,0,0,0,0,0,0,0,0,0,0,38,14,25,14,0,148,204,332,367,128,0,73.4,25,5.9,10.6,16.7,148,219,148,3,0,27,31,31,63,30,11,51,1,4,1,1,0,37,10,0,5,3,9,,,5,38,48,4,0,4,5,0,1,0,0,0,0,0,3,25,4,183,3,1,11,0,5,85,0,0,0,0,1,2,0,0,0,0,1,3,1,3,3,1,0,0,,0,,0,,0,,0,,5.8,5.9,56,10.6,33.3,100,45.8,11,17,38,219,23.7,14,148,42.9,6,24,24,28,1,0,9,1,0,6,1,0,6,31,21,47,
,0,1988,19,WAS,11355,17,0,0,,0,0,0,0,0,0,0,0,0,0,0,0,0,0,0,0,0,0,0,660,251,407,251,13,2625,3421,6965,5428,3544,19,82.6,23.9,6.4,10.5,6.9,154.4,2803,2625,21,19,55,49,49,62,43,17,48,9,110,16,9,34,396,115,21,48,17,144,,,30,206,861,88,10,67,22,1,18,16,1,0,0,1,93,708,82,3820,32,25,189,0,97,2393,0,1,3,6,17,2,1,1,3,8,0,29,13,39,38,10,0,0,,0,,0,,0,,0,,4.2,6.4,61.7,10.5,44.8,97.4,46.6,7.6,24.7,38.8,164.9,21.5,14.8,154.4,41.8,77,323,327,541,11,2,142,28,3,105,28,3,105,348,910,0,OL Coach
,0,1989,19,WAS,11355,17,0,0,,0,0,0,0,0,0,0,0,0,0,0,0,0,0,0,0,0,0,0,545,292,482,292,15,3137,4150,5930,5864,1780,19,79.9,28.4,6.5,10.7,6.9,184.5,2727,3137,16,19,56,66,66,61,43,18,52,7,104,12,9,47,481,89,23,63,21,149,,,36,221,790,92,45,86,40,0,21,11,3,1,0,0,110,874,70,3122,23,30,174,0,77,1637,0,3,8,9,7,4,3,6,6,5,2,31,22,38,38,16,0,0,,0,,0,,0,,0,,5,6.5,60.6,10.7,71,100,44.6,5.8,21.3,32.1,160.4,22.9,17.2,184.5,45.5,104,332,332,439,22,7,125,28,9,133,28,9,133,426,1089,0,OL Coach
,0,1990,19,WAS,11355,17,0,0,,0,0,0,0,0,0,0,0,0,0,0,0,0,0,0,0,0,0,0,553,274,506,274,16,2768,4523,7312,5270,2789,23,72,29.8,5.5,10.1,3.8,162.8,2502,2768,20,23,86,57,57,61,43,49,51,8,262,17,6,51,461,99,29,50,6,121,,,20,134,820,70,18,71,30,1,17,23,2,0,0,0,131,1040,83,3754,35,23,203,0,99,2581,0,2,3,8,13,4,2,2,7,13,2,30,26,44,43,14,0,0,,0,,0,,0,,0,,4.5,5.5,54.2,10.1,86.7,97.7,45.2,8.8,26.1,32.5,147.2,20.8,16.1,162.8,45.6,121,391,395,609,13,3,115,26,3,125,26,3,125,453,503,608,OL Coach
,0,1991,19,WAS,11355,1,0,0,,0,0,0,0,0,0,0,0,0,0,0,0,0,0,0,0,0,0,0,32,18,23,18,0,246,181,239,360,58,3,150.8,23,10.7,13.7,11.5,246,114,246,1,3,16,33,33,56,32,18,39,0,0,1,0,12,28,2,0,2,1,5,,,3,6,46,11,0,5,1,0,2,3,0,0,0,0,10,71,2,103,2,3,29,0,2,31,0,0,1,2,0,0,0,1,2,0,0,3,3,4,4,1,0,0,,0,,0,,0,,0,,3.6,10.7,78.3,13.7,100,100,51.5,9.7,15.5,32,114,25,18,246,55.6,13,37,37,13,0,0,8,3,0,10,3,0,10,20,27,28,
,0,1988,2,MIA,18749,17,0,0,,1,0,0,0,0,0,0,0,0,0,0,0,0,0,0,0,0,0,0,466,323,469,323,10,4011,3099,5703,5994,2604,36,111.8,27.6,8.6,12.4,5.8,235.9,1983,4011,16,36,75,72,72,62,34,17,47,7,150,18,8,15,400,119,11,67,7,99,,,29,220,835,108,30,79,36,1,15,17,1,0,0,0,98,851,77,3581,31,26,60,0,72,1435,0,1,5,7,6,2,1,4,4,6,0,21,15,49,49,17,0,0,,0,,0,,0,,0,,4.3,8.6,68.9,12.4,71.4,100,46.5,2.3,19.9,27.4,116.6,17.8,19,235.9,42.7,94,412,420,386,15,4,83,51,15,138,51,15,138,348,1016,0,Special Teams Coach
,0,1989,2,MIA,18749,17,0,0,,1,0,0,0,0,0,0,0,0,0,0,0,0,0,0,0,0,0,0,399,389,580,389,14,4514,3817,5922,5975,2105,33,99.3,34.1,7.8,11.6,8.1,265.5,1461,4514,12,33,57,77,77,54,35,18,52,13,182,6,2,37,503,93,20,73,20,136,,,51,427,784,55,51,85,48,0,16,11,2,0,0,0,104,875,86,3567,25,28,167,0,68,1439,0,2,5,5,14,9,2,4,5,9,4,35,24,46,45,16,0,0,,0,,0,,0,,0,,3.7,7.8,67.1,11.6,68.6,97.8,41.5,6,21.2,23.5,85.9,16.5,22.9,265.5,44.5,117,399,401,383,5,2,66,56,16,173,56,16,173,411,1239,0,Special Teams Coach
,0,1990,2,MIA,18749,17,0,0,,1,0,0,0,0,0,0,0,0,0,0,0,0,0,0,0,0,0,0,439,406,593,406,10,4626,3732,5726,6535,1994,34,103.7,34.9,7.8,11.4,4.8,272.1,1909,4626,22,34,69,76,76,68,98,19,52,8,125,10,4,13,491,89,17,73,7,89,,,30,239,777,75,39,75,47,0,11,12,2,0,0,1,127,964,62,3083,32,22,210,0,70,1557,1,1,6,13,10,3,1,4,8,5,2,33,20,57,57,20,0,0,,0,,0,,0,,0,,4.3,7.8,68.5,11.4,60.6,100,49.7,9.5,22.2,25.8,112.3,18,23.9,272.1,43.3,117,471,473,386,19,3,79,58,10,176,58,10,176,416,587,615,Special Teams Coach
,0,1991,2,MIA,18749,1,0,0,,0,0,0,0,0,0,0,0,0,0,0,0,0,0,0,0,0,0,0,20,25,38,25,0,254,203,353,318,150,2,102.3,38,6.7,10.2,7.3,254,64,254,1,2,12,45,45,63,24,8,49,0,0,1,0,6,37,5,1,6,1,11,,,3,33,47,3,2,7,0,0,1,2,0,0,0,0,7,40,5,263,2,1,8,0,4,74,0,0,1,0,1,0,0,1,0,1,0,2,2,2,2,1,0,0,,0,,0,,0,,0,,3.2,6.7,65.8,10.2,100,100,52.6,8,18.5,20,64,25,25,254,40,8,26,28,21,0,0,5,4,1,10,4,1,10,38,35,52,
,0,1988,16,TB,21668,17,0,0,,0,0,0,0,0,0,0,0,0,0,0,0,0,0,0,0,0,0,0,566,288,440,288,11,3527,3356,6204,5887,2848,24,97.8,25.9,8,12.2,10.2,207.5,2360,3527,11,24,68,87,87,62,42,21,53,8,142,21,12,3,399,131,27,81,35,133,,,50,390,843,84,21,105,27,1,7,13,1,0,0,2,97,753,102,4439,35,33,229,0,90,1785,0,0,5,7,10,4,0,5,6,7,2,26,20,36,35,12,0,0,,0,,0,,0,,0,,4.2,8,65.5,12.2,76.9,97.2,43.5,6.9,19.8,33.3,138.8,17.7,16.9,207.5,42.4,95,311,313,480,18,4,100,40,11,122,40,11,122,389,1062,0,Head Scout
,0,1989,16,TB,21668,17,0,0,,1,0,0,0,0,0,0,0,0,0,0,0,0,0,0,0,0,0,0,475,376,561,376,10,4062,3558,6314,6062,2756,37,102.7,33,7.2,10.8,7.1,238.9,2000,4062,13,37,51,73,73,65,95,17,55,13,103,21,10,51,460,99,22,91,23,150,,,43,306,842,71,48,109,34,0,20,22,0,0,0,0,105,895,101,4515,33,30,211,0,77,1911,1,1,5,7,8,5,1,4,5,8,4,26,22,49,47,15,0,0,,0,,0,,0,,0,,4.2,7.2,67,10.8,84.6,95.9,44.7,7,24.8,27.9,117.6,20,22.1,238.9,35.1,113,419,423,397,13,3,95,49,9,132,49,9,132,387,1196,0,Head Scout
,0,1990,16,TB,21668,17,0,0,,1,0,0,0,0,0,0,0,0,0,0,0,0,0,0,0,0,0,0,541,400,563,400,8,4567,4013,6183,7025,2170,39,112.3,33.1,8.1,11.4,5.7,268.6,2458,4567,23,39,45,71,71,67,35,55,53,7,104,13,8,57,523,116,17,84,15,132,,,34,235,819,69,25,112,30,0,21,18,2,0,0,0,122,913,71,3304,29,30,133,1,90,1892,0,2,9,7,11,4,2,8,6,7,2,33,25,58,55,18,0,0,,0,,0,,0,,0,,4.5,8.1,71,11.4,75.8,94.8,46.5,4.4,21,31.8,144.6,21.1,23.5,268.6,43.5,130,520,528,475,11,5,114,46,13,174,46,13,174,414,570,626,Head Scout
,0,1991,16,TB,21668,1,0,0,,0,0,0,0,0,0,0,0,0,0,0,0,0,0,0,0,0,0,0,30,16,23,16,1,164,163,326,286,163,1,86.1,23,7.1,10.2,14.8,164,122,164,0,1,20,19,19,55,37,17,46,1,74,2,2,0,21,6,0,3,2,9,,,4,30,50,4,0,5,0,0,0,0,0,0,0,0,5,50,4,177,1,1,17,0,5,147,0,0,0,0,2,0,0,0,0,2,0,2,2,1,1,0,0,0,,0,,0,,0,,0,,4.1,7.1,69.6,10.2,100,100,44.2,17,29.4,30,122,26.7,16,164,56.2,7,13,13,20,0,0,8,0,0,9,0,0,9,15,24,23,
,0,1988,14,ATL,23772,17,0,0,,1,0,0,0,0,0,0,0,0,0,0,0,0,0,0,0,0,0,0,533,269,411,269,8,3796,4169,6266,6082,2097,29,110.5,24.2,9.2,14.1,9.7,223.3,2286,3796,19,29,67,68,68,65,42,77,52,9,185,9,3,31,451,101,15,63,26,107,,,44,367,801,105,28,91,29,1,15,13,0,0,0,0,87,745,81,3604,27,25,305,1,77,1904,0,1,8,12,12,4,1,7,10,7,2,37,27,48,48,17,0,0,,0,,0,,0,,0,,4.3,9.2,65.5,14.1,73,100,44.5,12.2,24.7,31.4,134.5,19.9,15.8,223.3,47.2,129,423,427,398,13,6,106,56,15,127,56,15,127,408,974,0,Defensive Coordinator
,0,1989,14,ATL,23772,17,0,0,,0,0,0,0,0,0,0,0,0,0,0,0,0,0,0,0,0,0,0,459,283,474,283,10,4640,4509,6339,6450,1830,45,115.5,27.9,9.8,16.4,15.4,272.9,1810,4640,6,45,47,66,66,65,42,24,52,17,207,17,5,84,649,80,21,91,44,135,,,86,697,724,87,40,112,45,3,19,24,2,0,0,0,101,808,83,3957,28,36,317,0,73,1710,0,1,5,11,13,5,1,4,9,9,1,35,24,52,51,17,0,0,,0,,0,,0,,0,,3.9,9.8,59.7,16.4,68.6,98.1,47.7,8.8,23.4,27,106.5,16.6,16.6,272.9,47.7,123,441,449,445,12,2,76,83,24,135,83,24,135,429,1151,0,Defensive Coordinator
,0,1990,14,ATL,23772,17,0,0,,0,0,0,0,0,0,0,0,0,0,0,0,0,0,0,0,0,0,0,552,297,431,297,6,3211,4437,6826,5443,2389,23,102.5,25.4,7.5,10.8,5.9,188.9,2232,3211,22,23,53,62,62,67,92,41,52,9,101,18,11,35,383,89,15,57,9,81,,,27,192,790,86,25,93,24,0,15,16,1,0,0,0,88,643,84,4019,46,21,206,0,94,2224,0,0,8,12,5,4,0,7,12,4,3,29,26,45,44,13,0,0,,0,,0,,0,,0,,4,7.5,68.9,10.8,89.7,97.8,47.8,9.8,23.7,32.5,131.3,18.8,17.5,188.9,41.8,122,398,398,514,16,4,104,30,9,124,30,9,124,404,427,591,Defensive Coordinator
,0,1991,14,ATL,23772,1,0,0,,0,0,0,0,0,0,0,0,0,0,0,0,0,0,0,0,0,0,0,38,14,25,14,0,148,204,332,367,128,0,73.4,25,5.9,10.6,16.7,148,219,148,3,0,27,31,31,63,30,11,51,1,4,1,1,0,37,10,0,5,3,9,,,5,38,48,4,0,4,5,0,1,0,0,0,0,0,3,25,4,183,3,1,11,0,5,85,0,0,0,0,1,2,0,0,0,0,1,3,1,3,3,1,0,0,,0,,0,,0,,0,,5.8,5.9,56,10.6,33.3,100,45.8,11,17,38,219,23.7,14,148,42.9,6,24,24,28,1,0,9,1,0,6,1,0,6,31,21,47,
,0,1988,12,DET,25164,17,0,0,,1,0,0,0,0,0,0,0,0,0,0,0,0,0,0,0,0,0,0,637,342,475,342,6,3663,3027,5167,6420,2140,31,110.7,27.9,7.7,10.7,4.2,215.5,2757,3663,29,31,62,80,80,66,36,18,54,8,130,20,11,17,487,69,21,63,9,71,,,21,160,841,105,40,75,42,0,28,26,1,0,0,0,83,695,65,2927,19,31,264,0,69,1298,0,4,12,12,4,10,4,12,11,3,5,42,35,57,57,25,0,0,,0,,0,,0,,0,,4.3,7.7,72,10.7,83.3,100,45,8.5,18.8,37.5,162.2,19.8,20.1,215.5,47.7,162,528,532,301,13,4,126,33,5,163,33,5,163,349,1008,0,DB Coach
,0,1989,12,DET,25164,17,0,0,,1,0,0,0,0,0,0,0,0,0,0,0,0,0,0,0,0,0,0,510,350,512,350,13,4146,4001,5534,6515,1533,43,110.2,30.1,8.1,11.8,6.7,243.9,2369,4146,24,43,48,74,74,67,104,72,49,18,310,19,8,14,509,81,20,101,15,83,,,37,256,800,81,29,145,53,0,12,17,4,0,0,1,98,829,83,4066,38,32,442,0,76,1700,1,5,6,9,11,2,5,6,8,8,0,33,27,70,69,26,0,0,,0,,0,,0,,0,,4.6,8.1,68.4,11.8,81.8,98.6,49,13.8,22.4,30,139.4,22.4,20.6,243.9,40.9,150,582,584,329,12,3,114,48,12,143,48,12,143,441,1259,0,DB Coach
,0,1990,12,DET,25164,17,0,0,,0,0,0,0,0,0,0,0,0,0,0,0,0,0,0,0,0,0,0,436,419,616,419,9,4570,4060,6095,6306,2035,33,101.4,36.2,7.4,10.9,4.8,268.8,1736,4570,19,33,67,83,83,69,42,26,51,11,157,20,16,58,550,120,22,77,14,88,,,31,251,856,83,33,97,31,0,18,17,3,1,0,0,109,938,80,3635,30,27,232,0,83,1714,0,3,7,6,12,4,3,7,5,7,1,32,23,54,54,14,0,0,,0,,0,,0,,0,,4,7.4,68,10.9,71.9,100,45.4,8.6,20.7,25.6,102.1,17,24.6,268.8,43,123,453,455,436,10,2,74,45,12,180,45,12,180,444,611,644,DB Coach
,0,1991,12,DET,25164,1,0,0,,0,0,0,0,0,0,0,0,0,0,0,0,0,0,0,0,0,0,0,26,25,39,25,0,289,260,283,360,23,1,94.9,39,7.4,11.6,0,289,71,289,3,1,13,43,43,65,32,17,48,1,-2,1,1,0,32,3,3,5,0,5,,,0,0,45,6,3,6,2,0,0,0,0,0,0,0,5,35,4,179,1,2,29,0,3,58,0,0,0,0,2,0,0,0,0,2,0,2,2,4,4,2,0,0,,0,,0,,0,,0,,2.7,7.4,64.1,11.6,100,100,44.8,14.5,19.3,26,71,11.5,25,289,48,10,34,34,10,0,0,3,4,1,12,4,1,12,35,38,48,
,0,1988,17,CHC,28864,17,0,0,,1,0,0,0,0,0,0,0,0,0,0,0,0,0,0,0,0,0,0,481,358,542,358,11,3941,3270,4906,5770,1636,19,90.7,31.9,7.3,11,7,231.8,1829,3941,17,19,55,83,83,63,36,57,52,9,185,12,4,11,403,72,21,58,26,134,,,41,308,781,100,57,91,37,0,9,11,2,0,0,0,108,933,79,3554,27,41,295,0,69,1506,0,1,11,16,8,2,1,9,16,7,1,38,34,36,36,19,0,0,,0,,0,,0,,0,,3.8,7.3,66.1,11,89.5,100,45,7.2,21.8,28.3,107.6,17.5,21.1,231.8,42.5,138,366,368,303,14,4,84,45,8,152,45,8,152,349,1108,0,Head Scout
,0,1989,17,CHC,28864,17,0,0,,0,0,0,0,0,0,0,0,0,0,0,0,0,0,0,0,0,0,0,362,390,608,390,11,3780,3874,6436,5246,2562,28,89.3,35.8,6.2,9.7,9.8,222.4,1466,3780,8,28,40,73,73,64,41,67,49,11,194,16,8,12,421,109,27,92,39,138,,,66,494,765,61,34,117,25,0,11,12,0,0,0,0,96,811,89,3935,27,25,177,0,92,1979,0,0,7,4,7,1,0,7,4,6,0,19,17,36,34,7,0,0,,0,,0,,0,,0,,4,6.2,64.1,9.7,89.5,94.4,44.2,7.1,21.5,21.3,86.2,21.8,22.9,222.4,39.7,85,301,301,551,7,0,79,33,6,155,33,6,155,413,1266,0,Head Scout
,0,1990,17,CHC,28864,17,0,0,,0,0,0,0,0,0,0,0,0,0,0,0,0,0,0,0,0,0,0,512,314,530,314,7,2795,4103,7541,4582,3438,15,77.4,31.2,5.3,8.9,8.5,164.4,1787,2795,16,15,65,41,41,64,97,18,57,14,214,8,4,27,426,103,17,74,23,151,,,49,366,771,51,20,87,35,0,9,9,1,0,0,0,120,893,93,4259,42,22,190,0,112,2576,1,1,6,8,12,6,1,6,8,8,6,33,29,31,31,9,0,0,,0,,0,,0,,0,,3.5,5.3,59.2,8.9,87.9,100,45.8,8.6,23,30.1,105.1,16,18.5,164.4,39.2,118,316,316,650,8,3,82,18,1,123,18,1,123,351,531,555,Head Scout
,0,1991,17,CHC,28864,1,0,0,,0,0,0,0,0,0,0,0,0,0,0,0,0,0,0,0,0,0,0,29,18,26,18,0,181,246,360,239,114,1,101.6,26,7,10.1,0,181,58,181,0,1,12,31,31,59,35,0,54,0,0,2,2,0,21,5,2,2,0,5,,,0,0,46,8,3,1,2,0,1,0,0,0,0,0,8,52,4,169,2,0,0,0,6,140,0,0,0,0,1,1,0,0,0,1,1,2,2,1,1,1,0,0,,0,,0,,0,,0,,2,7,69.2,10.1,100,100,42.2,0,23.3,29,58,20.7,18,181,55.6,7,13,13,37,0,0,6,2,0,10,2,0,10,29,26,35,
,0,1988,2,MIA,29522,17,0,0,,1,10,7,0,0.588,0,0,0,0,1,0,0,0,0,0,0,0,0,0,466,323,469,323,10,4011,3099,5703,5994,2604,36,111.8,27.6,8.6,12.4,5.8,235.9,1983,4011,16,36,75,72,72,62,34,17,47,7,150,18,8,15,400,119,11,67,7,99,,,29,220,835,108,30,79,36,1,15,17,1,0,0,0,98,851,77,3581,31,26,60,0,72,1435,0,1,5,7,6,2,1,4,4,6,0,21,15,49,49,17,0,0,,0,,0,,0,,0,,4.3,8.6,68.9,12.4,71.4,100,46.5,2.3,19.9,27.4,116.6,17.8,19,235.9,42.7,94,412,420,386,15,4,83,51,15,138,51,15,138,348,1016,0,Head Coach
,0,1989,2,MIA,29522,17,0,0,,1,8,9,0,0.471,1,0,1,1,0,1,1,0,1,0,1,0,0,0,399,389,580,389,14,4514,3817,5922,5975,2105,33,99.3,34.1,7.8,11.6,8.1,265.5,1461,4514,12,33,57,77,77,54,35,18,52,13,182,6,2,37,503,93,20,73,20,136,,,51,427,784,55,51,85,48,0,16,11,2,0,0,0,104,875,86,3567,25,28,167,0,68,1439,0,2,5,5,14,9,2,4,5,9,4,35,24,46,45,16,0,0,,0,,0,,0,,0,,3.7,7.8,67.1,11.6,68.6,97.8,41.5,6,21.2,23.5,85.9,16.5,22.9,265.5,44.5,117,399,401,383,5,2,66,56,16,173,56,16,173,411,1239,0,Head Coach
,0,1990,2,MIA,29522,17,0,0,,1,11,6,0,0.647,1,0,1,0,1,0,0,0,0,0,0,0,0,0,439,406,593,406,10,4626,3732,5726,6535,1994,34,103.7,34.9,7.8,11.4,4.8,272.1,1909,4626,22,34,69,76,76,68,98,19,52,8,125,10,4,13,491,89,17,73,7,89,,,30,239,777,75,39,75,47,0,11,12,2,0,0,1,127,964,62,3083,32,22,210,0,70,1557,1,1,6,13,10,3,1,4,8,5,2,33,20,57,57,20,0,0,,0,,0,,0,,0,,4.3,7.8,68.5,11.4,60.6,100,49.7,9.5,22.2,25.8,112.3,18,23.9,272.1,43.3,117,471,473,386,19,3,79,58,10,176,58,10,176,416,587,615,Head Coach
,0,1991,2,MIA,29522,1,0,0,,0,1,0,0,1,0,0,0,0,0,0,0,0,0,0,0,0,0,0,20,25,38,25,0,254,203,353,318,150,2,102.3,38,6.7,10.2,7.3,254,64,254,1,2,12,45,45,63,24,8,49,0,0,1,0,6,37,5,1,6,1,11,,,3,33,47,3,2,7,0,0,1,2,0,0,0,0,7,40,5,263,2,1,8,0,4,74,0,0,1,0,1,0,0,1,0,1,0,2,2,2,2,1,0,0,,0,,0,,0,,0,,3.2,6.7,65.8,10.2,100,100,52.6,8,18.5,20,64,25,25,254,40,8,26,28,21,0,0,5,4,1,10,4,1,10,38,35,52,
,0,1988,4,OAK,30170,17,0,0,,0,0,0,0,0,0,0,0,0,0,0,0,0,0,0,0,0,0,0,648,153,277,153,5,2451,3203,5898,5560,2695,28,111.2,16.3,8.8,16,17.1,144.2,3109,2451,20,28,76,60,60,60,41,59,55,17,450,16,8,13,499,105,21,62,37,85,,,57,425,917,111,27,79,27,0,17,16,6,0,0,1,100,923,92,4167,33,23,236,0,78,1859,0,2,6,10,7,5,2,6,5,5,5,30,23,52,51,13,0,0,,0,,0,,0,,0,,4.8,8.8,55.2,16,76.7,98.1,45.3,10.3,23.8,38.1,182.9,18.7,9,144.2,51.6,120,444,448,410,22,5,121,42,11,79,42,11,79,434,909,0,RB and Receivers Coach
,0,1989,4,OAK,30170,17,0,0,,0,0,0,0,0,0,0,0,0,0,0,0,0,0,0,0,0,0,0,608,305,497,305,15,3307,3839,6297,6381,2458,22,83.1,29.2,6.7,10.8,5.7,194.5,3074,3307,19,22,62,57,57,59,108,65,49,11,110,23,8,1,536,115,28,82,16,120,,,30,204,914,77,33,119,45,0,10,20,2,0,0,1,126,1018,99,4116,31,31,328,0,85,2043,2,4,5,14,11,1,3,5,12,6,0,35,26,45,45,14,0,0,,0,,0,,0,,0,,5.1,6.7,61.4,10.8,74.3,100,41.6,10.6,24,35.8,180.8,23.2,17.9,194.5,41.3,123,393,393,444,30,5,141,36,6,126,36,6,126,461,1222,0,RB and Receivers Coach
,0,1990,4,OAK,30170,17,0,0,,0,0,0,0,0,0,0,0,0,0,0,0,0,0,0,0,0,0,0,548,206,424,206,11,3166,3578,6024,5901,2446,26,83.3,24.9,7.5,15.4,14.9,186.2,2735,3166,25,26,62,77,77,60,94,17,55,8,74,9,5,0,674,83,34,78,49,153,,,74,548,878,71,34,118,48,0,11,7,2,0,0,0,122,1011,100,4344,27,23,130,0,97,2203,0,0,4,6,6,2,0,4,4,6,2,18,16,53,53,12,0,0,,0,,0,,0,,0,,5,7.5,48.6,15.4,88.9,100,43.4,5.7,22.7,32.2,160.9,23,12.1,186.2,55.3,101,419,419,465,12,4,126,54,9,114,54,9,114,449,422,705,RB and Receivers Coach
,0,1991,4,OAK,30170,1,0,0,,0,0,0,0,0,0,0,0,0,0,0,0,0,0,0,0,0,0,0,60,21,42,21,2,280,253,487,485,234,1,59.6,42,6.7,13.3,10.6,280,205,280,2,1,14,50,50,61,40,15,50,2,11,1,1,0,58,6,6,6,0,12,,,5,30,79,7,1,7,2,0,2,0,0,0,0,0,5,36,7,362,3,3,16,0,4,120,0,0,1,1,1,1,0,1,1,0,1,4,3,2,2,0,0,0,,0,,0,,0,,0,,3.4,6.7,50,13.3,75,100,51.7,5.3,30,60,205,21.7,21,280,47.6,11,29,31,20,0,0,13,4,1,10,4,1,10,28,42,41,
,0,1988,12,DET,33487,17,0,0,,1,0,0,0,0,0,0,0,0,0,0,0,0,0,0,0,0,0,0,637,342,475,342,6,3663,3027,5167,6420,2140,31,110.7,27.9,7.7,10.7,4.2,215.5,2757,3663,29,31,62,80,80,66,36,18,54,8,130,20,11,17,487,69,21,63,9,71,,,21,160,841,105,40,75,42,0,28,26,1,0,0,0,83,695,65,2927,19,31,264,0,69,1298,0,4,12,12,4,10,4,12,11,3,5,42,35,57,57,25,0,0,,0,,0,,0,,0,,4.3,7.7,72,10.7,83.3,100,45,8.5,18.8,37.5,162.2,19.8,20.1,215.5,47.7,162,528,532,301,13,4,126,33,5,163,33,5,163,349,1008,0,OL Coach
,0,1989,12,DET,33487,17,0,0,,1,0,0,0,0,0,0,0,0,0,0,0,0,0,0,0,0,0,0,510,350,512,350,13,4146,4001,5534,6515,1533,43,110.2,30.1,8.1,11.8,6.7,243.9,2369,4146,24,43,48,74,74,67,104,72,49,18,310,19,8,14,509,81,20,101,15,83,,,37,256,800,81,29,145,53,0,12,17,4,0,0,1,98,829,83,4066,38,32,442,0,76,1700,1,5,6,9,11,2,5,6,8,8,0,33,27,70,69,26,0,0,,0,,0,,0,,0,,4.6,8.1,68.4,11.8,81.8,98.6,49,13.8,22.4,30,139.4,22.4,20.6,243.9,40.9,150,582,584,329,12,3,114,48,12,143,48,12,143,441,1259,0,OL Coach
,0,1990,12,DET,33487,17,0,0,,0,0,0,0,0,0,0,0,0,0,0,0,0,0,0,0,0,0,0,436,419,616,419,9,4570,4060,6095,6306,2035,33,101.4,36.2,7.4,10.9,4.8,268.8,1736,4570,19,33,67,83,83,69,42,26,51,11,157,20,16,58,550,120,22,77,14,88,,,31,251,856,83,33,97,31,0,18,17,3,1,0,0,109,938,80,3635,30,27,232,0,83,1714,0,3,7,6,12,4,3,7,5,7,1,32,23,54,54,14,0,0,,0,,0,,0,,0,,4,7.4,68,10.9,71.9,100,45.4,8.6,20.7,25.6,102.1,17,24.6,268.8,43,123,453,455,436,10,2,74,45,12,180,45,12,180,444,611,644,OL Coach
,0,1991,12,DET,33487,1,0,0,,0,0,0,0,0,0,0,0,0,0,0,0,0,0,0,0,0,0,0,26,25,39,25,0,289,260,283,360,23,1,94.9,39,7.4,11.6,0,289,71,289,3,1,13,43,43,65,32,17,48,1,-2,1,1,0,32,3,3,5,0,5,,,0,0,45,6,3,6,2,0,0,0,0,0,0,0,5,35,4,179,1,2,29,0,3,58,0,0,0,0,2,0,0,0,0,2,0,2,2,4,4,2,0,0,,0,,0,,0,,0,,2.7,7.4,64.1,11.6,100,100,44.8,14.5,19.3,26,71,11.5,25,289,48,10,34,34,10,0,0,3,4,1,12,4,1,12,35,38,48,
,0,1988,8,SEA,35601,17,0,0,,0,0,0,0,0,0,0,0,0,0,0,0,0,0,0,0,0,0,0,460,402,587,402,7,4014,4095,6693,6165,2598,26,97.4,34.5,6.8,10,4.1,236.1,2151,4014,22,26,36,88,88,62,38,18,51,6,85,9,5,17,486,94,23,44,15,108,,,25,178,829,84,33,73,33,0,21,11,1,0,0,0,96,834,75,3428,33,36,263,0,73,1609,0,1,6,8,18,5,1,4,6,11,2,38,24,49,47,20,0,0,,0,,0,,0,,0,,4.7,6.8,68.5,10,63.2,95.9,45.7,7.3,22,27.1,126.5,22.6,23.6,236.1,42.8,119,413,413,476,9,0,104,29,8,172,29,8,172,407,1149,0,DL Coach
,0,1989,8,SEA,35601,17,0,0,,1,0,0,0,0,0,0,0,0,0,0,0,0,0,0,0,0,0,0,393,389,593,389,10,3826,3600,5867,5752,2267,32,94.6,34.9,6.5,9.8,4.5,225.1,1926,3826,17,32,60,61,61,65,103,27,54,9,194,17,10,1,444,96,12,80,10,122,,,28,221,833,70,46,113,59,0,14,9,2,0,0,0,98,733,71,3358,42,30,287,0,62,1567,1,1,5,9,14,2,1,2,7,9,2,31,21,51,49,21,0,0,,0,,0,,0,,0,,4.9,6.5,65.6,9.8,67.7,96.1,47.3,9.6,25.3,23.1,113.3,25.4,22.9,225.1,40.6,112,424,426,335,12,2,100,35,6,158,35,6,158,412,1268,0,DL Coach
,0,1990,8,SEA,35601,17,0,0,,0,0,0,0,0,0,0,0,0,0,0,0,0,0,0,0,0,0,0,564,332,487,332,4,3145,4679,6974,5841,2295,29,102.2,28.6,6.5,9.5,6.7,185,2696,3145,17,29,61,52,52,66,42,67,50,6,79,19,12,7,422,112,11,73,12,110,,,35,256,822,64,29,77,48,0,13,12,0,0,0,1,105,849,90,4359,40,32,368,0,94,1829,0,1,4,9,11,3,1,3,8,9,1,28,22,44,43,12,0,0,,0,,0,,0,,0,,4.8,6.5,68.2,9.5,78.6,97.7,48.4,11.5,19.5,33.2,158.6,22.9,19.5,185,40.7,109,385,387,468,17,2,129,22,2,135,22,2,135,491,485,697,DL Coach
,0,1991,8,SEA,35601,1,0,0,,0,0,0,0,0,0,0,0,0,0,0,0,0,0,0,0,0,0,0,29,27,36,27,0,223,228,366,363,138,1,99.7,36,6.2,8.3,5.3,223,140,223,1,1,17,17,17,35,40,0,52,0,0,2,1,0,19,8,1,2,1,8,,,2,6,46,3,1,2,3,0,0,1,0,0,0,0,3,35,1,35,0,0,0,0,5,154,0,0,1,0,2,1,0,1,0,2,1,4,4,2,2,0,0,0,,0,,0,,0,,0,,4.8,6.2,75,8.3,100,100,35,0,30.8,29,140,27.6,27,223,51.9,14,26,26,31,0,0,8,0,0,14,0,0,14,18,36,22,
,0,1988,18,BAL,37272,17,0,0,,0,0,0,0,0,0,0,0,0,0,0,0,0,0,0,0,0,0,0,632,285,408,285,11,3029,4406,7864,6316,3458,25,100.4,24,7.4,10.6,2.6,178.2,3287,3029,28,25,76,58,58,69,42,20,57,13,215,23,10,50,450,117,22,64,3,113,,,11,84,870,69,23,75,35,0,25,28,2,1,0,0,102,898,70,3401,32,19,146,0,93,2028,0,1,5,8,8,6,1,4,8,5,5,28,23,52,49,17,0,0,,0,,0,,0,,0,,5.2,7.4,69.9,10.6,82.1,94.2,48.6,7.7,21.8,37.2,193.4,23.4,16.8,178.2,43.5,118,448,452,529,22,5,148,31,7,124,31,7,124,429,1006,0,Special Teams Coach
,0,1989,18,BAL,37272,17,0,0,,1,0,0,0,0,0,0,0,0,0,0,0,0,0,0,0,0,0,0,629,289,406,289,8,3032,3648,5197,5670,1549,21,101.5,23.9,7.5,10.5,5.1,178.4,2638,3032,18,21,60,54,54,70,103,20,52,13,140,12,3,72,436,73,8,89,11,75,,,22,174,775,82,35,106,44,1,22,21,3,0,0,1,86,692,67,3114,24,38,264,0,60,1400,1,0,5,14,19,7,0,4,12,14,4,45,34,41,40,25,0,0,,0,,0,,0,,0,,4.2,7.5,71.2,10.5,75.6,97.6,46.5,6.9,23.3,37,155.2,20.2,17,178.4,46.7,142,400,404,299,17,7,127,31,3,135,31,3,135,403,1032,0,Special Teams Coach
,0,1990,18,BAL,37272,17,0,0,,1,0,0,0,0,0,0,0,0,0,0,0,0,0,0,0,0,0,0,629,311,455,311,10,3281,3983,5906,6360,1923,32,103.4,26.8,7.2,10.5,4,193,3079,3281,27,32,70,59,59,67,98,17,56,17,279,12,6,30,516,94,9,88,10,91,,,19,149,789,66,27,105,31,0,11,11,2,0,0,2,110,935,65,3142,29,23,89,0,78,1938,0,0,8,9,13,6,0,7,8,8,3,36,26,60,60,26,0,0,,0,,0,,0,,0,,4.9,7.2,68.4,10.5,72.2,100,48.3,3.9,24.8,37,181.1,24,18.3,193,45.3,138,504,504,401,18,5,151,31,4,141,31,4,141,432,456,658,Special Teams Coach
,0,1991,18,BAL,37272,1,0,0,,0,0,0,0,0,0,0,0,0,0,0,0,0,0,0,0,0,0,0,30,23,34,23,1,247,302,411,410,109,2,96.1,34,7.3,10.7,15,247,163,247,2,2,22,47,47,60,39,10,45,0,0,5,3,3,37,9,1,6,3,7,,,6,43,44,5,0,11,1,0,1,3,0,0,0,0,5,30,4,208,3,3,20,0,8,219,0,0,0,0,1,0,0,0,0,1,0,1,1,4,4,1,0,0,,0,,0,,0,,0,,5.4,7.3,67.6,10.7,100,100,52,6.7,27.4,30,163,26.7,23,247,39.1,7,31,31,37,2,0,8,3,1,9,3,1,9,28,34,43,
,0,1988,10,IND,46248,17,0,0,,1,0,0,0,0,0,0,0,0,0,0,0,0,0,0,0,0,0,0,573,282,453,282,15,3125,3550,6028,5663,2478,23,85.8,26.6,6.9,11.1,3.2,183.8,2538,3125,18,23,49,65,65,68,103,64,51,6,77,3,2,25,482,82,18,50,9,98,,,15,94,771,85,63,60,42,0,12,6,0,0,0,0,97,818,74,3437,32,38,355,0,72,1711,2,2,7,16,6,3,2,7,15,5,3,34,32,42,41,18,0,0,,0,,0,,0,,0,,4.4,6.9,62.3,11.1,94.1,97.6,46.4,9.3,23.8,33.7,149.3,20.9,16.6,183.8,47.5,137,395,397,429,13,1,120,29,8,134,29,8,134,322,898,0,DB Coach
,0,1989,10,IND,46248,17,0,1,,1,0,0,0,0,0,0,0,0,0,0,0,0,0,0,0,0,0,0,480,306,528,306,23,3755,3506,5219,5850,1713,26,78.3,31.1,7.1,12.3,4.3,220.9,2095,3755,19,26,61,56,56,69,36,52,50,6,137,6,3,22,516,46,14,62,9,82,,,24,164,761,78,96,69,74,5,19,12,1,0,0,0,78,707,81,3865,34,39,306,0,56,1211,0,3,7,8,11,1,3,7,8,8,1,30,27,45,45,26,0,0,,0,,0,,0,,0,,4.4,7.1,58,12.3,90,100,47.7,7.8,21.6,28.2,123.2,21.7,18,220.9,45.1,126,402,414,322,12,2,104,52,10,138,52,10,138,389,1105,0,DB Coach
,0,1990,10,IND,46248,17,0,0,,1,0,0,0,0,0,0,0,0,0,0,0,0,0,0,0,0,0,0,549,257,448,257,14,3384,4021,5850,5803,1829,30,90.7,26.4,7.6,13.2,6.3,199.1,2419,3384,20,30,76,56,56,71,42,64,51,11,187,6,4,17,497,76,22,70,13,94,,,30,218,839,81,64,85,63,0,19,12,2,0,0,0,102,840,81,3954,33,30,287,0,75,1570,0,2,6,11,13,6,2,4,11,8,3,38,28,49,49,23,0,0,,0,,0,,0,,0,,4.4,7.6,57.4,13.2,73.7,100,48.8,9.6,20.9,32.3,142.3,18.6,15.1,199.1,43.6,133,445,451,390,19,6,102,48,8,112,48,8,112,410,447,597,DB Coach
,0,1991,10,IND,46248,1,0,0,,0,0,0,0,0,0,0,0,0,0,0,0,0,0,0,0,0,0,0,40,14,23,14,1,163,164,286,326,122,0,64.2,23,7.1,11.6,0,163,163,163,2,0,20,42,42,54,15,8,52,1,-3,0,0,2,31,1,0,4,0,7,,,0,0,49,5,4,4,1,0,2,2,0,0,0,0,5,40,5,232,1,2,8,0,3,35,0,0,1,0,0,1,0,1,0,0,1,2,2,2,2,2,0,0,,0,,0,,0,,0,,4.1,7.1,60.9,11.6,100,100,46.4,4,11.7,40,163,22.5,14,163,50,8,20,20,13,0,0,9,1,1,7,1,1,7,26,22,35,
,0,1988,3,GB,46553,17,0,0,,0,0,0,0,0,0,0,0,0,0,0,0,0,0,0,0,0,0,0,526,312,462,312,15,3467,2837,5267,5988,2430,26,94.9,27.2,7.5,11.1,6.3,203.9,2521,3467,20,26,46,76,76,61,37,67,50,8,104,25,15,9,469,66,15,45,15,91,,,31,241,870,90,25,73,30,0,11,15,1,0,0,0,76,596,65,2933,25,26,174,0,72,1551,0,2,9,5,8,4,2,7,3,6,1,28,19,46,45,17,0,0,,0,,0,,0,,0,,4.8,7.5,67.5,11.1,67.9,97.8,45.1,6.7,21.5,30.9,148.3,23.6,18.4,203.9,45.2,102,384,384,330,15,1,124,42,9,141,42,9,141,362,1003,0,QB Coach
,0,1989,3,GB,46553,17,0,0,,0,0,0,0,0,0,0,0,0,0,0,0,0,0,0,0,0,0,0,406,348,649,348,5,3789,3902,6251,5428,2349,28,82.3,38.2,5.8,10.9,8.5,222.9,1639,3789,12,28,39,59,59,61,87,18,51,11,123,23,8,22,431,91,30,50,32,200,,,60,383,858,119,33,86,30,1,18,22,2,0,0,0,108,970,109,4852,40,31,162,0,95,2248,0,0,4,6,11,7,0,3,5,7,4,28,19,42,42,9,0,0,,0,,0,,0,,0,,4,5.8,53.6,10.9,67.9,100,44.5,5.2,23.7,23.9,96.4,17,20.5,222.9,41.7,99,351,353,520,15,0,69,35,8,145,35,8,145,399,1199,0,QB Coach
,0,1990,3,GB,46553,17,0,0,,0,0,0,0,0,0,0,0,0,0,0,0,0,0,0,0,0,0,0,577,297,469,297,10,3449,4664,7071,6001,2407,27,95.8,27.6,7.4,11.6,8.4,202.9,2552,3449,21,27,43,78,78,61,93,20,51,9,107,24,11,68,481,76,27,42,19,124,,,43,306,855,97,29,64,23,1,16,25,2,0,0,0,109,874,70,3117,29,20,181,0,106,2368,0,4,5,5,10,7,4,4,4,7,2,31,21,48,47,12,0,0,,0,,0,,0,,0,,4.4,7.4,63.3,11.6,67.7,97.9,44.5,9,22.3,33.9,150.1,23.6,17.5,202.9,41.8,110,410,414,593,15,1,136,39,11,124,39,11,124,454,466,593,QB Coach
,0,1991,3,GB,46553,1,0,0,,0,0,0,0,0,0,0,0,0,0,0,0,0,0,0,0,0,0,0,41,22,28,22,0,282,129,233,467,104,2,132.4,28,10.1,12.8,6.7,282,185,282,2,2,19,48,48,62,39,13,40,0,0,0,0,0,39,2,3,3,1,2,,,2,14,36,1,0,11,0,0,0,0,0,0,0,0,5,45,4,171,0,1,13,0,5,78,0,0,0,0,1,2,0,0,0,1,0,3,1,4,4,1,0,0,,0,,0,,0,,0,,4.5,10.1,78.6,12.8,33.3,100,42.8,13,15.6,41,185,24.4,22,282,54.5,7,31,31,20,0,0,10,3,1,12,3,1,12,14,28,26,
,0,1988,5,BUF,48597,17,0,0,,1,0,0,0,0,0,0,0,0,0,0,0,0,0,0,0,0,0,0,741,273,386,273,8,2753,2941,5797,6402,2856,26,104.6,22.7,7.1,10.1,2.8,161.9,3649,2753,32,26,64,81,81,58,40,19,52,14,214,23,10,61,403,97,16,46,3,75,,,11,81,891,92,48,57,35,0,28,27,1,0,0,1,98,862,73,3162,28,34,240,0,77,1668,0,3,13,8,8,3,3,12,5,5,3,35,28,57,53,23,0,0,,0,,0,,0,,0,,4.9,7.1,70.7,10.1,80,93,43.3,7.1,21.7,43.6,214.6,25,16.1,161.9,38.5,137,491,491,391,24,3,185,26,9,105,26,9,105,346,888,0,OL Coach
,0,1989,5,BUF,48597,17,0,0,,1,0,0,0,0,0,0,0,0,0,0,0,0,0,0,0,0,0,0,598,317,518,317,10,3260,3460,4724,6022,1264,30,90.6,30.5,6.3,10.3,4.4,191.8,2762,3260,21,30,52,63,63,60,37,65,53,14,307,24,13,28,474,52,25,75,3,123,,,24,155,791,89,110,104,44,2,26,25,3,0,0,1,83,761,86,3764,27,45,327,1,61,1254,0,1,12,8,10,7,1,9,7,5,3,38,25,53,52,30,0,0,,0,,0,,0,,0,,4.6,6.3,61.2,10.3,65.8,98.1,43.8,7.3,20.6,35.2,162.5,20.9,18.6,191.8,42.9,127,457,463,266,24,3,125,32,5,136,32,5,136,364,1089,0,OL Coach
,0,1990,5,BUF,48597,17,0,0,,1,0,0,0,0,0,0,0,0,0,0,0,0,0,0,0,0,0,0,522,410,599,410,6,4477,4703,6264,6707,1561,32,103.9,35.2,7.5,10.9,5.4,263.4,2230,4477,22,32,58,92,92,61,55,18,53,9,107,16,11,9,485,68,17,67,12,117,,,34,251,858,85,87,102,51,2,18,15,2,1,0,0,115,949,87,3757,35,27,194,0,84,1995,0,0,8,7,17,7,0,7,7,15,4,39,33,53,52,23,0,0,,0,,0,,0,,0,,4.3,7.5,68.4,10.9,84.6,98.1,43.2,7.2,23.8,30.7,131.2,19.7,24.1,263.4,42,151,487,495,448,16,1,103,50,9,172,50,9,172,427,599,601,OL Coach
,0,1991,5,BUF,48597,1,0,0,,0,0,0,0,0,0,0,0,0,0,0,0,0,0,0,0,0,0,0,23,25,37,25,0,203,254,318,353,64,1,90.3,37,5.5,8.1,5.1,203,150,203,2,1,49,22,22,55,35,4,0,0,0,1,1,0,22,4,0,3,1,5,,,2,17,45,3,3,9,4,0,1,0,0,0,0,0,9,70,5,202,1,3,-4,0,5,122,0,0,0,0,0,0,0,0,0,0,0,0,0,3,3,1,0,0,,0,,0,,0,,0,,6.5,5.5,67.6,8.1,0,100,40.4,-1.3,24.4,23,150,21.7,25,203,28,3,21,21,28,1,1,5,1,0,7,1,0,7,31,40,41,
,0,1988,20,LOU,51113,17,0,0,,1,0,0,0,0,0,0,0,0,0,0,0,0,0,0,0,0,0,0,453,396,549,396,13,4085,3735,6308,5925,2573,32,102.8,32.3,7.4,10.3,3.9,240.3,1840,4085,15,32,64,71,71,67,35,16,50,13,295,20,14,19,427,110,14,66,12,105,,,22,151,847,103,13,81,32,0,19,11,1,0,0,0,102,796,80,3830,30,23,122,0,83,1601,0,2,5,7,4,2,1,4,7,3,1,20,16,46,46,11,0,0,,0,,0,,0,,0,,4.1,7.4,72.1,10.3,80,100,47.9,5.3,19.3,26.6,108.2,19.4,23.3,240.3,40.9,94,382,382,439,7,2,88,40,11,162,40,11,162,423,1179,0,Special Teams Coach
,0,1989,20,LOU,51113,17,0,0,,0,0,0,0,0,0,0,0,0,0,0,0,0,0,0,0,0,0,0,431,476,691,476,7,4168,4102,6398,5957,2296,29,94.4,40.6,6,8.8,5.6,245.2,1789,4168,16,29,40,55,55,64,33,70,52,5,36,15,7,19,460,98,32,80,16,104,,,41,279,754,75,30,109,32,1,13,16,1,0,0,0,98,740,90,4145,32,28,334,0,81,1707,0,1,3,10,3,7,1,3,8,1,3,24,16,44,43,8,0,0,,0,,0,,0,,0,,4.2,6,68.9,8.8,66.7,97.7,46.1,11.9,21.1,25.4,105.2,20.9,28,245.2,42.9,91,367,373,455,8,0,90,31,2,204,31,2,204,432,1373,0,Special Teams Coach
,0,1990,20,LOU,51113,17,0,0,,0,0,0,0,0,0,0,0,0,0,0,0,0,0,0,0,0,0,0,429,480,656,480,10,4945,4260,6612,6934,2352,46,111.5,38.6,7.5,10.3,6.2,290.9,1989,4945,16,46,60,52,52,63,99,78,52,9,151,17,10,2,544,133,25,51,18,77,,,43,337,718,53,30,75,30,0,11,12,0,0,0,0,110,922,55,2404,21,23,281,0,92,2009,1,0,9,7,7,6,0,7,7,5,2,29,21,61,60,11,0,0,,0,,0,,0,,0,,4.6,7.5,73.2,10.3,72.4,98.4,43.7,12.2,21.8,25.2,117,23.5,28.2,290.9,41.7,123,501,503,498,13,2,101,44,10,200,44,10,200,424,655,624,Special Teams Coach
,0,1991,20,LOU,51113,1,0,0,,0,0,0,0,0,0,0,0,0,0,0,0,0,0,0,0,0,0,0,18,25,37,25,1,260,289,360,283,71,1,85.4,37,7,10.4,7.5,260,23,260,0,1,6,34,34,53,32,0,37,0,0,0,0,0,26,8,1,3,1,5,,,3,23,46,6,0,4,1,0,1,1,0,0,0,0,5,54,6,286,2,1,-2,0,7,138,0,0,0,1,0,1,0,0,1,0,0,2,1,1,1,0,0,0,,0,,0,,0,,0,,1.3,7,67.6,10.4,50,100,47.7,-2,19.7,18,23,5.6,25,260,48,4,10,10,34,0,0,1,3,0,12,3,0,12,28,36,42,
,0,1988,20,LOU,51225,17,0,0,,1,0,0,0,0,0,0,0,0,0,0,0,0,0,0,0,0,0,0,453,396,549,396,13,4085,3735,6308,5925,2573,32,102.8,32.3,7.4,10.3,3.9,240.3,1840,4085,15,32,64,71,71,67,35,16,50,13,295,20,14,19,427,110,14,66,12,105,,,22,151,847,103,13,81,32,0,19,11,1,0,0,0,102,796,80,3830,30,23,122,0,83,1601,0,2,5,7,4,2,1,4,7,3,1,20,16,46,46,11,0,0,,0,,0,,0,,0,,4.1,7.4,72.1,10.3,80,100,47.9,5.3,19.3,26.6,108.2,19.4,23.3,240.3,40.9,94,382,382,439,7,2,88,40,11,162,40,11,162,423,1179,0,Head Trainer
,0,1989,20,LOU,51225,17,0,0,,0,0,0,0,0,0,0,0,0,0,0,0,0,0,0,0,0,0,0,431,476,691,476,7,4168,4102,6398,5957,2296,29,94.4,40.6,6,8.8,5.6,245.2,1789,4168,16,29,40,55,55,64,33,70,52,5,36,15,7,19,460,98,32,80,16,104,,,41,279,754,75,30,109,32,1,13,16,1,0,0,0,98,740,90,4145,32,28,334,0,81,1707,0,1,3,10,3,7,1,3,8,1,3,24,16,44,43,8,0,0,,0,,0,,0,,0,,4.2,6,68.9,8.8,66.7,97.7,46.1,11.9,21.1,25.4,105.2,20.9,28,245.2,42.9,91,367,373,455,8,0,90,31,2,204,31,2,204,432,1373,0,Head Trainer
,0,1990,20,LOU,51225,17,0,0,,0,0,0,0,0,0,0,0,0,0,0,0,0,0,0,0,0,0,0,429,480,656,480,10,4945,4260,6612,6934,2352,46,111.5,38.6,7.5,10.3,6.2,290.9,1989,4945,16,46,60,52,52,63,99,78,52,9,151,17,10,2,544,133,25,51,18,77,,,43,337,718,53,30,75,30,0,11,12,0,0,0,0,110,922,55,2404,21,23,281,0,92,2009,1,0,9,7,7,6,0,7,7,5,2,29,21,61,60,11,0,0,,0,,0,,0,,0,,4.6,7.5,73.2,10.3,72.4,98.4,43.7,12.2,21.8,25.2,117,23.5,28.2,290.9,41.7,123,501,503,498,13,2,101,44,10,200,44,10,200,424,655,624,Head Trainer
,0,1991,20,LOU,51225,1,0,0,,0,0,0,0,0,0,0,0,0,0,0,0,0,0,0,0,0,0,0,18,25,37,25,1,260,289,360,283,71,1,85.4,37,7,10.4,7.5,260,23,260,0,1,6,34,34,53,32,0,37,0,0,0,0,0,26,8,1,3,1,5,,,3,23,46,6,0,4,1,0,1,1,0,0,0,0,5,54,6,286,2,1,-2,0,7,138,0,0,0,1,0,1,0,0,1,0,0,2,1,1,1,0,0,0,,0,,0,,0,,0,,1.3,7,67.6,10.4,50,100,47.7,-2,19.7,18,23,5.6,25,260,48,4,10,10,34,0,0,1,3,0,12,3,0,12,28,36,42,
,0,1988,12,DET,53000,17,0,0,,1,0,0,0,0,0,0,0,0,0,0,0,0,0,0,0,0,0,0,637,342,475,342,6,3663,3027,5167,6420,2140,31,110.7,27.9,7.7,10.7,4.2,215.5,2757,3663,29,31,62,80,80,66,36,18,54,8,130,20,11,17,487,69,21,63,9,71,,,21,160,841,105,40,75,42,0,28,26,1,0,0,0,83,695,65,2927,19,31,264,0,69,1298,0,4,12,12,4,10,4,12,11,3,5,42,35,57,57,25,0,0,,0,,0,,0,,0,,4.3,7.7,72,10.7,83.3,100,45,8.5,18.8,37.5,162.2,19.8,20.1,215.5,47.7,162,528,532,301,13,4,126,33,5,163,33,5,163,349,1008,0,LB Coach
,0,1989,12,DET,53000,17,0,0,,1,0,0,0,0,0,0,0,0,0,0,0,0,0,0,0,0,0,0,510,350,512,350,13,4146,4001,5534,6515,1533,43,110.2,30.1,8.1,11.8,6.7,243.9,2369,4146,24,43,48,74,74,67,104,72,49,18,310,19,8,14,509,81,20,101,15,83,,,37,256,800,81,29,145,53,0,12,17,4,0,0,1,98,829,83,4066,38,32,442,0,76,1700,1,5,6,9,11,2,5,6,8,8,0,33,27,70,69,26,0,0,,0,,0,,0,,0,,4.6,8.1,68.4,11.8,81.8,98.6,49,13.8,22.4,30,139.4,22.4,20.6,243.9,40.9,150,582,584,329,12,3,114,48,12,143,48,12,143,441,1259,0,LB Coach
,0,1990,12,DET,53000,17,0,0,,0,0,0,0,0,0,0,0,0,0,0,0,0,0,0,0,0,0,0,436,419,616,419,9,4570,4060,6095,6306,2035,33,101.4,36.2,7.4,10.9,4.8,268.8,1736,4570,19,33,67,83,83,69,42,26,51,11,157,20,16,58,550,120,22,77,14,88,,,31,251,856,83,33,97,31,0,18,17,3,1,0,0,109,938,80,3635,30,27,232,0,83,1714,0,3,7,6,12,4,3,7,5,7,1,32,23,54,54,14,0,0,,0,,0,,0,,0,,4,7.4,68,10.9,71.9,100,45.4,8.6,20.7,25.6,102.1,17,24.6,268.8,43,123,453,455,436,10,2,74,45,12,180,45,12,180,444,611,644,LB Coach
,0,1991,12,DET,53000,1,0,0,,0,0,0,0,0,0,0,0,0,0,0,0,0,0,0,0,0,0,0,26,25,39,25,0,289,260,283,360,23,1,94.9,39,7.4,11.6,0,289,71,289,3,1,13,43,43,65,32,17,48,1,-2,1,1,0,32,3,3,5,0,5,,,0,0,45,6,3,6,2,0,0,0,0,0,0,0,5,35,4,179,1,2,29,0,3,58,0,0,0,0,2,0,0,0,0,2,0,2,2,4,4,2,0,0,,0,,0,,0,,0,,2.7,7.4,64.1,11.6,100,100,44.8,14.5,19.3,26,71,11.5,25,289,48,10,34,34,10,0,0,3,4,1,12,4,1,12,35,38,48,
,0,1988,12,DET,54248,17,0,0,,1,0,0,0,0,0,0,0,0,0,0,0,0,0,0,0,0,0,0,637,342,475,342,6,3663,3027,5167,6420,2140,31,110.7,27.9,7.7,10.7,4.2,215.5,2757,3663,29,31,62,80,80,66,36,18,54,8,130,20,11,17,487,69,21,63,9,71,,,21,160,841,105,40,75,42,0,28,26,1,0,0,0,83,695,65,2927,19,31,264,0,69,1298,0,4,12,12,4,10,4,12,11,3,5,42,35,57,57,25,0,0,,0,,0,,0,,0,,4.3,7.7,72,10.7,83.3,100,45,8.5,18.8,37.5,162.2,19.8,20.1,215.5,47.7,162,528,532,301,13,4,126,33,5,163,33,5,163,349,1008,0,Special Teams Coach
,0,1989,12,DET,54248,17,0,0,,1,0,0,0,0,0,0,0,0,0,0,0,0,0,0,0,0,0,0,510,350,512,350,13,4146,4001,5534,6515,1533,43,110.2,30.1,8.1,11.8,6.7,243.9,2369,4146,24,43,48,74,74,67,104,72,49,18,310,19,8,14,509,81,20,101,15,83,,,37,256,800,81,29,145,53,0,12,17,4,0,0,1,98,829,83,4066,38,32,442,0,76,1700,1,5,6,9,11,2,5,6,8,8,0,33,27,70,69,26,0,0,,0,,0,,0,,0,,4.6,8.1,68.4,11.8,81.8,98.6,49,13.8,22.4,30,139.4,22.4,20.6,243.9,40.9,150,582,584,329,12,3,114,48,12,143,48,12,143,441,1259,0,Special Teams Coach
,0,1990,12,DET,54248,17,0,0,,0,0,0,0,0,0,0,0,0,0,0,0,0,0,0,0,0,0,0,436,419,616,419,9,4570,4060,6095,6306,2035,33,101.4,36.2,7.4,10.9,4.8,268.8,1736,4570,19,33,67,83,83,69,42,26,51,11,157,20,16,58,550,120,22,77,14,88,,,31,251,856,83,33,97,31,0,18,17,3,1,0,0,109,938,80,3635,30,27,232,0,83,1714,0,3,7,6,12,4,3,7,5,7,1,32,23,54,54,14,0,0,,0,,0,,0,,0,,4,7.4,68,10.9,71.9,100,45.4,8.6,20.7,25.6,102.1,17,24.6,268.8,43,123,453,455,436,10,2,74,45,12,180,45,12,180,444,611,644,Special Teams Coach
,0,1991,12,DET,54248,1,0,0,,0,0,0,0,0,0,0,0,0,0,0,0,0,0,0,0,0,0,0,26,25,39,25,0,289,260,283,360,23,1,94.9,39,7.4,11.6,0,289,71,289,3,1,13,43,43,65,32,17,48,1,-2,1,1,0,32,3,3,5,0,5,,,0,0,45,6,3,6,2,0,0,0,0,0,0,0,5,35,4,179,1,2,29,0,3,58,0,0,0,0,2,0,0,0,0,2,0,2,2,4,4,2,0,0,,0,,0,,0,,0,,2.7,7.4,64.1,11.6,100,100,44.8,14.5,19.3,26,71,11.5,25,289,48,10,34,34,10,0,0,3,4,1,12,4,1,12,35,38,48,
,0,1988,11,CHI,56262,17,0,0,,0,0,0,0,0,0,0,0,0,0,0,0,0,0,0,0,0,0,0,588,235,442,235,10,2418,4153,6587,5051,2434,15,71.1,26,5.5,10.3,6,142.2,2633,2418,16,15,64,58,58,64,100,79,46,10,182,8,5,5,440,85,31,66,19,163,,,28,191,944,96,27,97,19,1,18,15,2,0,0,0,132,1061,104,4704,48,29,354,0,86,2089,1,2,7,15,12,1,2,7,11,10,0,37,30,32,32,13,0,0,,0,,0,,0,,0,,4.5,5.5,53.2,10.3,81.1,100,45.2,12.2,24.3,34.6,154.9,18.5,13.8,142.2,39.6,122,326,332,468,22,10,109,28,3,93,28,3,93,445,1059,0,Offensive Coordinator
,0,1989,11,CHI,56262,17,0,0,,0,0,0,0,0,0,0,0,0,0,0,0,0,0,0,0,0,0,0,573,304,506,304,18,3239,4178,6145,5966,1967,13,72.6,29.8,6.4,10.7,4.9,190.5,2727,3239,27,13,85,56,56,65,40,19,52,11,237,25,9,4,527,80,33,63,11,151,,,26,184,914,104,63,98,29,0,19,20,1,0,0,0,99,783,94,4401,38,39,262,0,71,1477,0,0,5,8,12,5,0,4,5,7,3,30,19,36,34,19,0,0,,0,,0,,0,,0,,4.8,6.4,60.1,10.7,63.3,94.4,46.8,6.7,20.8,33.7,160.4,18.7,17.9,190.5,45.1,91,337,343,387,20,5,107,30,4,137,30,4,137,468,1187,0,Offensive Coordinator
,0,1990,11,CHI,56262,17,0,0,,1,0,0,0,0,0,0,0,0,0,0,0,0,0,0,0,0,0,0,470,440,646,440,9,4768,3590,5674,7277,2084,46,107.5,38,7.4,10.8,3.9,280.5,2509,4768,27,46,45,70,70,67,41,77,48,5,89,20,10,63,591,101,24,74,10,98,,,26,196,783,63,44,101,45,0,16,20,1,0,0,0,106,853,63,2766,22,29,241,0,79,1798,0,1,7,9,9,0,1,6,5,5,0,26,17,74,73,23,0,0,,0,,0,,0,,0,,5.3,7.4,68.1,10.8,65.4,98.6,43.9,8.3,22.8,27.6,147.6,27.7,25.9,280.5,48.2,124,568,568,386,14,1,130,42,7,212,42,7,212,398,651,617,Offensive Coordinator
,0,1991,11,CHI,56262,1,0,0,,0,0,0,0,0,0,0,0,0,0,0,0,0,0,0,0,0,0,0,23,24,36,24,0,302,247,410,411,163,3,120.4,36,8.4,12.6,0,302,109,302,0,3,49,68,68,67,31,0,43,1,38,1,1,8,30,10,2,4,0,7,,,0,0,53,3,6,8,0,0,5,3,1,0,0,0,8,56,4,231,2,1,0,0,5,122,0,0,2,0,1,1,0,2,0,1,0,4,3,4,4,1,0,0,,0,,0,,0,,0,,4.7,8.4,66.7,12.6,75,100,57.8,0,24.4,23,109,26.1,24,302,37.5,13,37,37,31,1,1,6,3,1,9,3,1,9,36,37,49,
,0,1988,18,BAL,58257,17,0,0,,0,0,0,0,0,0,0,0,0,0,0,0,0,0,0,0,0,0,0,632,285,408,285,11,3029,4406,7864,6316,3458,25,100.4,24,7.4,10.6,2.6,178.2,3287,3029,28,25,76,58,58,69,42,20,57,13,215,23,10,50,450,117,22,64,3,113,,,11,84,870,69,23,75,35,0,25,28,2,1,0,0,102,898,70,3401,32,19,146,0,93,2028,0,1,5,8,8,6,1,4,8,5,5,28,23,52,49,17,0,0,,0,,0,,0,,0,,5.2,7.4,69.9,10.6,82.1,94.2,48.6,7.7,21.8,37.2,193.4,23.4,16.8,178.2,43.5,118,448,452,529,22,5,148,31,7,124,31,7,124,429,1006,0,DB Coach
,0,1989,18,BAL,58257,17,0,0,,1,0,0,0,0,0,0,0,0,0,0,0,0,0,0,0,0,0,0,629,289,406,289,8,3032,3648,5197,5670,1549,21,101.5,23.9,7.5,10.5,5.1,178.4,2638,3032,18,21,60,54,54,70,103,20,52,13,140,12,3,72,436,73,8,89,11,75,,,22,174,775,82,35,106,44,1,22,21,3,0,0,1,86,692,67,3114,24,38,264,0,60,1400,1,0,5,14,19,7,0,4,12,14,4,45,34,41,40,25,0,0,,0,,0,,0,,0,,4.2,7.5,71.2,10.5,75.6,97.6,46.5,6.9,23.3,37,155.2,20.2,17,178.4,46.7,142,400,404,299,17,7,127,31,3,135,31,3,135,403,1032,0,DB Coach
,0,1990,18,BAL,58257,17,0,0,,1,0,0,0,0,0,0,0,0,0,0,0,0,0,0,0,0,0,0,629,311,455,311,10,3281,3983,5906,6360,1923,32,103.4,26.8,7.2,10.5,4,193,3079,3281,27,32,70,59,59,67,98,17,56,17,279,12,6,30,516,94,9,88,10,91,,,19,149,789,66,27,105,31,0,11,11,2,0,0,2,110,935,65,3142,29,23,89,0,78,1938,0,0,8,9,13,6,0,7,8,8,3,36,26,60,60,26,0,0,,0,,0,,0,,0,,4.9,7.2,68.4,10.5,72.2,100,48.3,3.9,24.8,37,181.1,24,18.3,193,45.3,138,504,504,401,18,5,151,31,4,141,31,4,141,432,456,658,DB Coach
,0,1991,18,BAL,58257,1,0,0,,0,0,0,0,0,0,0,0,0,0,0,0,0,0,0,0,0,0,0,30,23,34,23,1,247,302,411,410,109,2,96.1,34,7.3,10.7,15,247,163,247,2,2,22,47,47,60,39,10,45,0,0,5,3,3,37,9,1,6,3,7,,,6,43,44,5,0,11,1,0,1,3,0,0,0,0,5,30,4,208,3,3,20,0,8,219,0,0,0,0,1,0,0,0,0,1,0,1,1,4,4,1,0,0,,0,,0,,0,,0,,5.4,7.3,67.6,10.7,100,100,52,6.7,27.4,30,163,26.7,23,247,39.1,7,31,31,37,2,0,8,3,1,9,3,1,9,28,34,43,
,0,1988,12,DET,61172,17,0,0,,1,13,4,0,0.765,0,0,0,0,1,0,0,0,0,0,0,0,0,0,637,342,475,342,6,3663,3027,5167,6420,2140,31,110.7,27.9,7.7,10.7,4.2,215.5,2757,3663,29,31,62,80,80,66,36,18,54,8,130,20,11,17,487,69,21,63,9,71,,,21,160,841,105,40,75,42,0,28,26,1,0,0,0,83,695,65,2927,19,31,264,0,69,1298,0,4,12,12,4,10,4,12,11,3,5,42,35,57,57,25,0,0,,0,,0,,0,,0,,4.3,7.7,72,10.7,83.3,100,45,8.5,18.8,37.5,162.2,19.8,20.1,215.5,47.7,162,528,532,301,13,4,126,33,5,163,33,5,163,349,1008,0,Head Coach
,0,1989,12,DET,61172,17,0,0,,1,14,3,0,0.824,0,0,0,0,1,0,0,0,0,0,0,0,0,0,510,350,512,350,13,4146,4001,5534,6515,1533,43,110.2,30.1,8.1,11.8,6.7,243.9,2369,4146,24,43,48,74,74,67,104,72,49,18,310,19,8,14,509,81,20,101,15,83,,,37,256,800,81,29,145,53,0,12,17,4,0,0,1,98,829,83,4066,38,32,442,0,76,1700,1,5,6,9,11,2,5,6,8,8,0,33,27,70,69,26,0,0,,0,,0,,0,,0,,4.6,8.1,68.4,11.8,81.8,98.6,49,13.8,22.4,30,139.4,22.4,20.6,243.9,40.9,150,582,584,329,12,3,114,48,12,143,48,12,143,441,1259,0,Head Coach
,0,1990,12,DET,61172,17,0,0,,0,7,10,0,0.412,0,0,0,0,0,0,0,0,0,0,0,0,0,0,436,419,616,419,9,4570,4060,6095,6306,2035,33,101.4,36.2,7.4,10.9,4.8,268.8,1736,4570,19,33,67,83,83,69,42,26,51,11,157,20,16,58,550,120,22,77,14,88,,,31,251,856,83,33,97,31,0,18,17,3,1,0,0,109,938,80,3635,30,27,232,0,83,1714,0,3,7,6,12,4,3,7,5,7,1,32,23,54,54,14,0,0,,0,,0,,0,,0,,4,7.4,68,10.9,71.9,100,45.4,8.6,20.7,25.6,102.1,17,24.6,268.8,43,123,453,455,436,10,2,74,45,12,180,45,12,180,444,611,644,Head Coach
,0,1991,12,DET,61172,1,0,0,,0,1,0,0,1,0,0,0,0,0,0,0,0,0,0,0,0,0,0,26,25,39,25,0,289,260,283,360,23,1,94.9,39,7.4,11.6,0,289,71,289,3,1,13,43,43,65,32,17,48,1,-2,1,1,0,32,3,3,5,0,5,,,0,0,45,6,3,6,2,0,0,0,0,0,0,0,5,35,4,179,1,2,29,0,3,58,0,0,0,0,2,0,0,0,0,2,0,2,2,4,4,2,0,0,,0,,0,,0,,0,,2.7,7.4,64.1,11.6,100,100,44.8,14.5,19.3,26,71,11.5,25,289,48,10,34,34,10,0,0,3,4,1,12,4,1,12,35,38,48,
,0,1988,11,CHI,61956,17,0,0,,0,0,0,0,0,0,0,0,0,0,0,0,0,0,0,0,0,0,0,588,235,442,235,10,2418,4153,6587,5051,2434,15,71.1,26,5.5,10.3,6,142.2,2633,2418,16,15,64,58,58,64,100,79,46,10,182,8,5,5,440,85,31,66,19,163,,,28,191,944,96,27,97,19,1,18,15,2,0,0,0,132,1061,104,4704,48,29,354,0,86,2089,1,2,7,15,12,1,2,7,11,10,0,37,30,32,32,13,0,0,,0,,0,,0,,0,,4.5,5.5,53.2,10.3,81.1,100,45.2,12.2,24.3,34.6,154.9,18.5,13.8,142.2,39.6,122,326,332,468,22,10,109,28,3,93,28,3,93,445,1059,0,LB Coach
,0,1989,11,CHI,61956,17,0,0,,0,0,0,0,0,0,0,0,0,0,0,0,0,0,0,0,0,0,0,573,304,506,304,18,3239,4178,6145,5966,1967,13,72.6,29.8,6.4,10.7,4.9,190.5,2727,3239,27,13,85,56,56,65,40,19,52,11,237,25,9,4,527,80,33,63,11,151,,,26,184,914,104,63,98,29,0,19,20,1,0,0,0,99,783,94,4401,38,39,262,0,71,1477,0,0,5,8,12,5,0,4,5,7,3,30,19,36,34,19,0,0,,0,,0,,0,,0,,4.8,6.4,60.1,10.7,63.3,94.4,46.8,6.7,20.8,33.7,160.4,18.7,17.9,190.5,45.1,91,337,343,387,20,5,107,30,4,137,30,4,137,468,1187,0,LB Coach
,0,1990,11,CHI,61956,17,0,0,,1,0,0,0,0,0,0,0,0,0,0,0,0,0,0,0,0,0,0,470,440,646,440,9,4768,3590,5674,7277,2084,46,107.5,38,7.4,10.8,3.9,280.5,2509,4768,27,46,45,70,70,67,41,77,48,5,89,20,10,63,591,101,24,74,10,98,,,26,196,783,63,44,101,45,0,16,20,1,0,0,0,106,853,63,2766,22,29,241,0,79,1798,0,1,7,9,9,0,1,6,5,5,0,26,17,74,73,23,0,0,,0,,0,,0,,0,,5.3,7.4,68.1,10.8,65.4,98.6,43.9,8.3,22.8,27.6,147.6,27.7,25.9,280.5,48.2,124,568,568,386,14,1,130,42,7,212,42,7,212,398,651,617,LB Coach
,0,1991,11,CHI,61956,1,0,0,,0,0,0,0,0,0,0,0,0,0,0,0,0,0,0,0,0,0,0,23,24,36,24,0,302,247,410,411,163,3,120.4,36,8.4,12.6,0,302,109,302,0,3,49,68,68,67,31,0,43,1,38,1,1,8,30,10,2,4,0,7,,,0,0,53,3,6,8,0,0,5,3,1,0,0,0,8,56,4,231,2,1,0,0,5,122,0,0,2,0,1,1,0,2,0,1,0,4,3,4,4,1,0,0,,0,,0,,0,,0,,4.7,8.4,66.7,12.6,75,100,57.8,0,24.4,23,109,26.1,24,302,37.5,13,37,37,31,1,1,6,3,1,9,3,1,9,36,37,49,
,0,1988,9,LON,62351,17,0,0,,1,0,0,0,0,0,0,0,0,0,0,0,0,0,0,0,0,0,0,672,247,375,247,2,3512,3731,6147,6456,2416,26,116.9,22.1,9.4,14.2,6.7,206.6,2944,3512,18,26,71,54,54,70,34,46,57,8,96,28,16,13,550,98,12,51,13,103,,,27,202,842,93,47,69,23,1,13,19,0,0,0,0,103,897,86,4185,35,39,393,0,70,1430,0,1,8,9,11,4,1,6,7,8,3,33,25,44,44,18,0,0,,0,,0,,0,,0,,4.4,9.4,65.9,14.2,75.8,100,48.7,10.1,20.4,39.5,173.2,20.8,14.5,206.6,52.2,119,383,385,422,16,3,140,61,11,129,61,11,129,400,911,0,DL Coach
,0,1989,9,LON,62351,17,0,0,,1,0,0,0,0,0,0,0,0,0,0,0,0,0,0,0,0,0,0,561,240,391,240,5,3967,3792,5582,6358,1790,32,117.5,23,10.1,16.5,10.7,233.4,2391,3967,17,32,55,82,82,70,94,20,52,11,172,11,5,27,521,105,26,84,21,97,,,47,386,849,110,42,108,30,1,12,10,3,1,0,1,87,663,85,4033,31,39,262,0,67,1495,0,9,4,8,9,7,9,4,6,8,2,37,29,49,47,22,0,0,,0,,0,,0,,0,,4.3,10.1,61.4,16.5,78.4,95.9,47.4,6.7,22.3,33,140.6,17.3,14.1,233.4,54.6,134,446,452,367,16,6,97,63,17,131,63,17,131,468,1072,0,DL Coach
,0,1990,9,LON,62351,17,0,0,,1,0,0,0,0,0,0,0,0,0,0,0,0,0,0,0,0,0,0,393,339,539,339,5,6080,4446,6414,7997,1968,57,132.9,31.7,11.3,17.9,9.6,357.6,1917,6080,22,57,58,88,88,72,59,65,55,13,261,9,3,45,708,100,21,77,17,84,,,57,448,945,77,43,123,27,0,16,17,3,0,0,1,117,1030,70,3358,28,18,175,0,79,1636,0,0,4,12,12,6,0,2,11,10,3,34,26,81,79,25,0,0,,0,,0,,0,,0,,4.9,11.3,62.9,17.9,76.5,97.5,48,9.7,20.7,23.1,112.8,17.3,19.9,357.6,53.7,157,649,649,407,14,4,68,99,31,182,99,31,182,536,520,801,DL Coach
,0,1991,9,LON,62351,1,0,0,,0,0,0,0,0,0,0,0,0,0,0,0,0,0,0,0,0,0,0,29,17,29,17,0,326,242,319,402,77,1,109.3,29,11.2,19.2,14.7,326,76,326,0,1,20,68,68,56,32,14,51,0,0,0,0,0,42,1,0,9,1,5,,,5,45,31,3,1,6,7,0,2,1,0,0,0,0,3,15,3,152,1,2,14,0,3,61,0,0,1,2,1,1,0,1,1,1,1,5,4,1,1,1,0,0,,0,,0,,0,,0,,2.6,11.2,58.6,19.2,80,100,50.7,7,20.3,29,76,17.2,17,326,76.5,13,19,19,14,0,0,5,6,1,13,6,1,13,18,28,32,
,0,1988,9,LON,63254,17,0,0,,1,0,0,0,0,0,0,0,0,0,0,0,0,0,0,0,0,0,0,672,247,375,247,2,3512,3731,6147,6456,2416,26,116.9,22.1,9.4,14.2,6.7,206.6,2944,3512,18,26,71,54,54,70,34,46,57,8,96,28,16,13,550,98,12,51,13,103,,,27,202,842,93,47,69,23,1,13,19,0,0,0,0,103,897,86,4185,35,39,393,0,70,1430,0,1,8,9,11,4,1,6,7,8,3,33,25,44,44,18,0,0,,0,,0,,0,,0,,4.4,9.4,65.9,14.2,75.8,100,48.7,10.1,20.4,39.5,173.2,20.8,14.5,206.6,52.2,119,383,385,422,16,3,140,61,11,129,61,11,129,400,911,0,RB and Receivers Coach
,0,1989,9,LON,63254,17,0,0,,1,0,0,0,0,0,0,0,0,0,0,0,0,0,0,0,0,0,0,561,240,391,240,5,3967,3792,5582,6358,1790,32,117.5,23,10.1,16.5,10.7,233.4,2391,3967,17,32,55,82,82,70,94,20,52,11,172,11,5,27,521,105,26,84,21,97,,,47,386,849,110,42,108,30,1,12,10,3,1,0,1,87,663,85,4033,31,39,262,0,67,1495,0,9,4,8,9,7,9,4,6,8,2,37,29,49,47,22,0,0,,0,,0,,0,,0,,4.3,10.1,61.4,16.5,78.4,95.9,47.4,6.7,22.3,33,140.6,17.3,14.1,233.4,54.6,134,446,452,367,16,6,97,63,17,131,63,17,131,468,1072,0,RB and Receivers Coach
,0,1990,9,LON,63254,17,0,0,,1,0,0,0,0,0,0,0,0,0,0,0,0,0,0,0,0,0,0,393,339,539,339,5,6080,4446,6414,7997,1968,57,132.9,31.7,11.3,17.9,9.6,357.6,1917,6080,22,57,58,88,88,72,59,65,55,13,261,9,3,45,708,100,21,77,17,84,,,57,448,945,77,43,123,27,0,16,17,3,0,0,1,117,1030,70,3358,28,18,175,0,79,1636,0,0,4,12,12,6,0,2,11,10,3,34,26,81,79,25,0,0,,0,,0,,0,,0,,4.9,11.3,62.9,17.9,76.5,97.5,48,9.7,20.7,23.1,112.8,17.3,19.9,357.6,53.7,157,649,649,407,14,4,68,99,31,182,99,31,182,536,520,801,RB and Receivers Coach
,0,1991,9,LON,63254,1,0,0,,0,0,0,0,0,0,0,0,0,0,0,0,0,0,0,0,0,0,0,29,17,29,17,0,326,242,319,402,77,1,109.3,29,11.2,19.2,14.7,326,76,326,0,1,20,68,68,56,32,14,51,0,0,0,0,0,42,1,0,9,1,5,,,5,45,31,3,1,6,7,0,2,1,0,0,0,0,3,15,3,152,1,2,14,0,3,61,0,0,1,2,1,1,0,1,1,1,1,5,4,1,1,1,0,0,,0,,0,,0,,0,,2.6,11.2,58.6,19.2,80,100,50.7,7,20.3,29,76,17.2,17,326,76.5,13,19,19,14,0,0,5,6,1,13,6,1,13,18,28,32,
,0,1988,15,SF,67835,17,0,0,,0,0,0,0,0,0,0,0,0,0,0,0,0,0,0,0,0,0,0,585,325,493,325,16,3632,2930,5701,6280,2771,38,99.9,29,7.4,11.2,3.5,213.6,2648,3632,19,38,87,66,66,62,89,60,47,8,162,15,7,13,467,105,16,52,9,86,,,18,137,876,78,33,76,33,0,15,14,2,0,0,0,94,722,73,3297,26,32,320,0,83,1794,0,2,7,8,8,0,2,6,5,6,0,25,19,57,57,18,0,0,,0,,0,,0,,0,,4.5,7.4,65.9,11.2,76,100,45.2,10,21.6,34.4,155.8,21.5,19.1,213.6,40.9,114,468,470,434,21,8,126,41,14,133,41,14,133,340,999,0,Offensive Coordinator
,0,1989,15,SF,67835,17,0,0,,1,0,0,0,0,0,0,0,0,0,0,0,0,0,0,0,0,0,0,539,386,584,386,3,4476,3411,5457,6928,2046,39,109.2,34.4,7.7,11.6,4.4,263.3,2452,4476,23,39,66,90,90,66,96,24,52,13,247,16,8,12,518,78,15,70,12,83,,,27,165,756,83,50,112,44,2,22,19,3,1,0,0,100,845,71,3421,26,34,209,0,60,1343,1,2,8,2,17,5,1,7,2,10,2,34,22,64,61,23,0,0,,0,,0,,0,,0,,4.5,7.7,66.1,11.6,64.7,95.3,48.2,6.1,22.4,31.7,144.2,22.8,22.7,263.3,42,127,523,531,305,15,2,123,51,14,162,51,14,162,365,1199,0,Offensive Coordinator
,0,1990,15,SF,67835,17,0,0,,1,0,0,0,0,0,0,0,0,0,0,0,0,0,0,0,0,0,0,614,338,469,338,7,3499,3573,6374,6159,2801,26,105.5,27.6,7.5,10.4,4.7,205.8,2660,3499,27,26,67,84,84,66,37,78,51,12,193,12,9,9,430,127,7,77,6,68,,,23,163,792,71,25,110,34,0,7,6,3,0,0,0,100,929,77,3657,38,37,436,0,85,1604,0,1,7,5,10,4,1,6,4,9,2,27,22,51,51,14,0,0,,0,,0,,0,,0,,4.3,7.5,72.1,10.4,81.5,100,47.5,11.8,18.9,36.1,156.5,21.3,19.9,205.8,43.8,117,453,461,453,14,2,131,32,7,148,32,7,148,388,474,620,Offensive Coordinator
,0,1991,15,SF,67835,1,0,0,,0,0,0,0,0,0,0,0,0,0,0,0,0,0,0,0,0,0,0,53,28,42,28,2,253,280,485,487,205,0,62.9,42,6,9,2.3,253,234,253,2,0,39,27,27,60,30,18,48,2,0,2,0,0,36,17,1,7,0,7,,,1,10,83,6,5,12,5,0,1,3,0,1,0,0,17,108,10,445,2,2,18,0,6,128,0,0,0,1,1,0,0,0,1,1,0,2,2,2,2,2,0,0,,0,,0,,0,,0,,4.4,6,66.7,9,100,100,44.5,9,21.3,53,234,20.8,28,253,53.6,8,20,20,31,1,0,11,2,0,15,2,0,15,27,41,46,
,0,1988,6,NYG,68330,17,0,0,,1,0,0,0,0,0,0,0,0,0,0,0,0,0,0,0,0,0,0,465,322,487,322,6,4040,3224,5101,6218,1877,34,109.9,28.6,8.3,12.5,9,237.6,2178,4040,24,34,54,65,65,62,39,64,53,16,323,11,4,22,539,64,19,76,28,119,,,48,364,790,98,26,89,37,1,8,14,1,0,0,2,88,797,82,3784,33,31,312,0,63,1371,0,2,8,6,10,3,2,7,5,6,2,29,22,57,57,21,0,0,,0,,0,,0,,0,,4.7,8.3,66.1,12.5,75.9,100,46.1,10.1,21.8,27.4,128.1,22.2,18.9,237.6,46,123,477,481,284,14,3,103,58,8,148,58,8,148,405,1111,0,QB Coach
,0,1989,6,NYG,68330,17,0,0,,0,0,0,0,0,0,0,0,0,0,0,0,0,0,0,0,0,0,0,321,338,572,338,20,4168,3721,5518,5698,1797,27,82.9,33.6,7.3,12.3,11.3,245.2,1530,4168,14,27,72,61,61,63,40,59,57,11,97,18,11,16,555,61,22,69,46,167,,,73,535,778,86,45,96,50,1,15,13,2,0,0,1,91,709,88,3869,23,40,326,0,75,1642,0,2,4,5,13,6,2,4,4,8,5,30,23,43,42,14,0,0,,0,,0,,0,,0,,4.8,7.3,59.1,12.3,76.7,97.7,44,8.2,21.9,18.9,90,21.2,19.9,245.2,46.2,111,369,371,413,12,2,68,58,9,156,58,9,156,391,1145,0,QB Coach
,0,1990,6,NYG,68330,17,0,1,,1,0,0,0,0,0,0,0,0,0,0,0,0,0,0,0,0,0,0,384,336,488,336,10,5377,3520,5379,7293,1859,56,135.1,28.7,11,16,11.1,316.3,1916,5377,24,56,64,80,80,63,97,19,55,18,445,19,12,52,662,43,18,63,34,85,,,61,466,810,90,53,84,30,0,34,25,5,0,0,1,103,799,52,2310,19,22,150,0,70,1462,1,2,6,7,12,4,2,4,3,6,1,31,16,84,81,24,0,0,,0,,0,,0,,0,,5,11,68.9,16,51.6,96.4,44.4,6.8,20.9,22.6,112.7,20.8,19.8,316.3,52.4,129,645,647,374,10,5,80,88,17,176,88,17,176,395,475,585,QB Coach
,0,1991,6,NYG,68330,1,0,0,,0,0,0,0,0,0,0,0,0,0,0,0,0,0,0,0,0,0,0,15,18,34,18,0,242,326,402,319,76,1,85.7,34,7.1,13.4,2.9,242,77,242,1,1,31,33,33,63,35,0,0,0,0,2,1,0,39,5,0,5,0,9,,,1,9,47,4,5,5,1,0,0,1,0,0,0,0,10,60,5,241,3,0,0,0,6,142,0,0,0,0,1,0,0,0,0,0,0,1,0,2,2,1,0,0,,0,,0,,0,,0,,5.1,7.1,52.9,13.4,0,100,48.2,0,23.7,15,77,26.7,18,242,44.4,2,14,14,19,1,0,4,3,0,8,3,0,8,20,32,34,
,0,1988,11,CHI,70157,17,0,0,,0,5,12,0,0.294,0,0,0,0,0,0,0,0,0,0,0,0,0,0,588,235,442,235,10,2418,4153,6587,5051,2434,15,71.1,26,5.5,10.3,6,142.2,2633,2418,16,15,64,58,58,64,100,79,46,10,182,8,5,5,440,85,31,66,19,163,,,28,191,944,96,27,97,19,1,18,15,2,0,0,0,132,1061,104,4704,48,29,354,0,86,2089,1,2,7,15,12,1,2,7,11,10,0,37,30,32,32,13,0,0,,0,,0,,0,,0,,4.5,5.5,53.2,10.3,81.1,100,45.2,12.2,24.3,34.6,154.9,18.5,13.8,142.2,39.6,122,326,332,468,22,10,109,28,3,93,28,3,93,445,1059,0,Head Coach
,0,1989,11,CHI,70157,17,0,0,,0,6,11,0,0.353,0,0,0,0,0,0,0,0,0,0,0,0,0,0,573,304,506,304,18,3239,4178,6145,5966,1967,13,72.6,29.8,6.4,10.7,4.9,190.5,2727,3239,27,13,85,56,56,65,40,19,52,11,237,25,9,4,527,80,33,63,11,151,,,26,184,914,104,63,98,29,0,19,20,1,0,0,0,99,783,94,4401,38,39,262,0,71,1477,0,0,5,8,12,5,0,4,5,7,3,30,19,36,34,19,0,0,,0,,0,,0,,0,,4.8,6.4,60.1,10.7,63.3,94.4,46.8,6.7,20.8,33.7,160.4,18.7,17.9,190.5,45.1,91,337,343,387,20,5,107,30,4,137,30,4,137,468,1187,0,Head Coach
,0,1990,11,CHI,70157,17,0,0,,1,11,6,0,0.647,0,0,0,1,0,1,0,1,0,0,0,0,0,0,470,440,646,440,9,4768,3590,5674,7277,2084,46,107.5,38,7.4,10.8,3.9,280.5,2509,4768,27,46,45,70,70,67,41,77,48,5,89,20,10,63,591,101,24,74,10,98,,,26,196,783,63,44,101,45,0,16,20,1,0,0,0,106,853,63,2766,22,29,241,0,79,1798,0,1,7,9,9,0,1,6,5,5,0,26,17,74,73,23,0,0,,0,,0,,0,,0,,5.3,7.4,68.1,10.8,65.4,98.6,43.9,8.3,22.8,27.6,147.6,27.7,25.9,280.5,48.2,124,568,568,386,14,1,130,42,7,212,42,7,212,398,651,617,Head Coach
,0,1991,11,CHI,70157,1,0,0,,0,1,0,0,1,0,0,0,0,0,0,0,0,0,0,0,0,0,0,23,24,36,24,0,302,247,410,411,163,3,120.4,36,8.4,12.6,0,302,109,302,0,3,49,68,68,67,31,0,43,1,38,1,1,8,30,10,2,4,0,7,,,0,0,53,3,6,8,0,0,5,3,1,0,0,0,8,56,4,231,2,1,0,0,5,122,0,0,2,0,1,1,0,2,0,1,0,4,3,4,4,1,0,0,,0,,0,,0,,0,,4.7,8.4,66.7,12.6,75,100,57.8,0,24.4,23,109,26.1,24,302,37.5,13,37,37,31,1,1,6,3,1,9,3,1,9,36,37,49,
,0,1988,20,LOU,72729,17,0,0,,1,0,0,0,0,0,0,0,0,0,0,0,0,0,0,0,0,0,0,453,396,549,396,13,4085,3735,6308,5925,2573,32,102.8,32.3,7.4,10.3,3.9,240.3,1840,4085,15,32,64,71,71,67,35,16,50,13,295,20,14,19,427,110,14,66,12,105,,,22,151,847,103,13,81,32,0,19,11,1,0,0,0,102,796,80,3830,30,23,122,0,83,1601,0,2,5,7,4,2,1,4,7,3,1,20,16,46,46,11,0,0,,0,,0,,0,,0,,4.1,7.4,72.1,10.3,80,100,47.9,5.3,19.3,26.6,108.2,19.4,23.3,240.3,40.9,94,382,382,439,7,2,88,40,11,162,40,11,162,423,1179,0,Defensive Coordinator
,0,1989,20,LOU,72729,17,0,0,,0,0,0,0,0,0,0,0,0,0,0,0,0,0,0,0,0,0,0,431,476,691,476,7,4168,4102,6398,5957,2296,29,94.4,40.6,6,8.8,5.6,245.2,1789,4168,16,29,40,55,55,64,33,70,52,5,36,15,7,19,460,98,32,80,16,104,,,41,279,754,75,30,109,32,1,13,16,1,0,0,0,98,740,90,4145,32,28,334,0,81,1707,0,1,3,10,3,7,1,3,8,1,3,24,16,44,43,8,0,0,,0,,0,,0,,0,,4.2,6,68.9,8.8,66.7,97.7,46.1,11.9,21.1,25.4,105.2,20.9,28,245.2,42.9,91,367,373,455,8,0,90,31,2,204,31,2,204,432,1373,0,Defensive Coordinator
,0,1990,20,LOU,72729,17,0,0,,0,0,0,0,0,0,0,0,0,0,0,0,0,0,0,0,0,0,0,429,480,656,480,10,4945,4260,6612,6934,2352,46,111.5,38.6,7.5,10.3,6.2,290.9,1989,4945,16,46,60,52,52,63,99,78,52,9,151,17,10,2,544,133,25,51,18,77,,,43,337,718,53,30,75,30,0,11,12,0,0,0,0,110,922,55,2404,21,23,281,0,92,2009,1,0,9,7,7,6,0,7,7,5,2,29,21,61,60,11,0,0,,0,,0,,0,,0,,4.6,7.5,73.2,10.3,72.4,98.4,43.7,12.2,21.8,25.2,117,23.5,28.2,290.9,41.7,123,501,503,498,13,2,101,44,10,200,44,10,200,424,655,624,Defensive Coordinator
,0,1991,20,LOU,72729,1,0,0,,0,0,0,0,0,0,0,0,0,0,0,0,0,0,0,0,0,0,0,18,25,37,25,1,260,289,360,283,71,1,85.4,37,7,10.4,7.5,260,23,260,0,1,6,34,34,53,32,0,37,0,0,0,0,0,26,8,1,3,1,5,,,3,23,46,6,0,4,1,0,1,1,0,0,0,0,5,54,6,286,2,1,-2,0,7,138,0,0,0,1,0,1,0,0,1,0,0,2,1,1,1,0,0,0,,0,,0,,0,,0,,1.3,7,67.6,10.4,50,100,47.7,-2,19.7,18,23,5.6,25,260,48,4,10,10,34,0,0,1,3,0,12,3,0,12,28,36,42,
,0,1988,8,SEA,74818,17,0,0,,0,0,0,0,0,0,0,0,0,0,0,0,0,0,0,0,0,0,0,460,402,587,402,7,4014,4095,6693,6165,2598,26,97.4,34.5,6.8,10,4.1,236.1,2151,4014,22,26,36,88,88,62,38,18,51,6,85,9,5,17,486,94,23,44,15,108,,,25,178,829,84,33,73,33,0,21,11,1,0,0,0,96,834,75,3428,33,36,263,0,73,1609,0,1,6,8,18,5,1,4,6,11,2,38,24,49,47,20,0,0,,0,,0,,0,,0,,4.7,6.8,68.5,10,63.2,95.9,45.7,7.3,22,27.1,126.5,22.6,23.6,236.1,42.8,119,413,413,476,9,0,104,29,8,172,29,8,172,407,1149,0,Head Trainer
,0,1989,8,SEA,74818,17,0,0,,1,0,0,0,0,0,0,0,0,0,0,0,0,0,0,0,0,0,0,393,389,593,389,10,3826,3600,5867,5752,2267,32,94.6,34.9,6.5,9.8,4.5,225.1,1926,3826,17,32,60,61,61,65,103,27,54,9,194,17,10,1,444,96,12,80,10,122,,,28,221,833,70,46,113,59,0,14,9,2,0,0,0,98,733,71,3358,42,30,287,0,62,1567,1,1,5,9,14,2,1,2,7,9,2,31,21,51,49,21,0,0,,0,,0,,0,,0,,4.9,6.5,65.6,9.8,67.7,96.1,47.3,9.6,25.3,23.1,113.3,25.4,22.9,225.1,40.6,112,424,426,335,12,2,100,35,6,158,35,6,158,412,1268,0,Head Trainer
,0,1990,8,SEA,74818,17,0,0,,0,0,0,0,0,0,0,0,0,0,0,0,0,0,0,0,0,0,0,564,332,487,332,4,3145,4679,6974,5841,2295,29,102.2,28.6,6.5,9.5,6.7,185,2696,3145,17,29,61,52,52,66,42,67,50,6,79,19,12,7,422,112,11,73,12,110,,,35,256,822,64,29,77,48,0,13,12,0,0,0,1,105,849,90,4359,40,32,368,0,94,1829,0,1,4,9,11,3,1,3,8,9,1,28,22,44,43,12,0,0,,0,,0,,0,,0,,4.8,6.5,68.2,9.5,78.6,97.7,48.4,11.5,19.5,33.2,158.6,22.9,19.5,185,40.7,109,385,387,468,17,2,129,22,2,135,22,2,135,491,485,697,Head Trainer
,0,1991,8,SEA,74818,1,0,0,,0,0,0,0,0,0,0,0,0,0,0,0,0,0,0,0,0,0,0,29,27,36,27,0,223,228,366,363,138,1,99.7,36,6.2,8.3,5.3,223,140,223,1,1,17,17,17,35,40,0,52,0,0,2,1,0,19,8,1,2,1,8,,,2,6,46,3,1,2,3,0,0,1,0,0,0,0,3,35,1,35,0,0,0,0,5,154,0,0,1,0,2,1,0,1,0,2,1,4,4,2,2,0,0,0,,0,,0,,0,,0,,4.8,6.2,75,8.3,100,100,35,0,30.8,29,140,27.6,27,223,51.9,14,26,26,31,0,0,8,0,0,14,0,0,14,18,36,22,
,0,1988,10,IND,79858,17,0,0,,1,0,0,0,0,0,0,0,0,0,0,0,0,0,0,0,0,0,0,573,282,453,282,15,3125,3550,6028,5663,2478,23,85.8,26.6,6.9,11.1,3.2,183.8,2538,3125,18,23,49,65,65,68,103,64,51,6,77,3,2,25,482,82,18,50,9,98,,,15,94,771,85,63,60,42,0,12,6,0,0,0,0,97,818,74,3437,32,38,355,0,72,1711,2,2,7,16,6,3,2,7,15,5,3,34,32,42,41,18,0,0,,0,,0,,0,,0,,4.4,6.9,62.3,11.1,94.1,97.6,46.4,9.3,23.8,33.7,149.3,20.9,16.6,183.8,47.5,137,395,397,429,13,1,120,29,8,134,29,8,134,322,898,0,OL Coach
,0,1989,10,IND,79858,17,0,1,,1,0,0,0,0,0,0,0,0,0,0,0,0,0,0,0,0,0,0,480,306,528,306,23,3755,3506,5219,5850,1713,26,78.3,31.1,7.1,12.3,4.3,220.9,2095,3755,19,26,61,56,56,69,36,52,50,6,137,6,3,22,516,46,14,62,9,82,,,24,164,761,78,96,69,74,5,19,12,1,0,0,0,78,707,81,3865,34,39,306,0,56,1211,0,3,7,8,11,1,3,7,8,8,1,30,27,45,45,26,0,0,,0,,0,,0,,0,,4.4,7.1,58,12.3,90,100,47.7,7.8,21.6,28.2,123.2,21.7,18,220.9,45.1,126,402,414,322,12,2,104,52,10,138,52,10,138,389,1105,0,OL Coach
,0,1990,10,IND,79858,17,0,0,,1,0,0,0,0,0,0,0,0,0,0,0,0,0,0,0,0,0,0,549,257,448,257,14,3384,4021,5850,5803,1829,30,90.7,26.4,7.6,13.2,6.3,199.1,2419,3384,20,30,76,56,56,71,42,64,51,11,187,6,4,17,497,76,22,70,13,94,,,30,218,839,81,64,85,63,0,19,12,2,0,0,0,102,840,81,3954,33,30,287,0,75,1570,0,2,6,11,13,6,2,4,11,8,3,38,28,49,49,23,0,0,,0,,0,,0,,0,,4.4,7.6,57.4,13.2,73.7,100,48.8,9.6,20.9,32.3,142.3,18.6,15.1,199.1,43.6,133,445,451,390,19,6,102,48,8,112,48,8,112,410,447,597,OL Coach
,0,1991,10,IND,79858,1,0,0,,0,0,0,0,0,0,0,0,0,0,0,0,0,0,0,0,0,0,0,40,14,23,14,1,163,164,286,326,122,0,64.2,23,7.1,11.6,0,163,163,163,2,0,20,42,42,54,15,8,52,1,-3,0,0,2,31,1,0,4,0,7,,,0,0,49,5,4,4,1,0,2,2,0,0,0,0,5,40,5,232,1,2,8,0,3,35,0,0,1,0,0,1,0,1,0,0,1,2,2,2,2,2,0,0,,0,,0,,0,,0,,4.1,7.1,60.9,11.6,100,100,46.4,4,11.7,40,163,22.5,14,163,50,8,20,20,13,0,0,9,1,1,7,1,1,7,26,22,35,
,0,1988,20,LOU,80027,17,0,0,,1,0,0,0,0,0,0,0,0,0,0,0,0,0,0,0,0,0,0,453,396,549,396,13,4085,3735,6308,5925,2573,32,102.8,32.3,7.4,10.3,3.9,240.3,1840,4085,15,32,64,71,71,67,35,16,50,13,295,20,14,19,427,110,14,66,12,105,,,22,151,847,103,13,81,32,0,19,11,1,0,0,0,102,796,80,3830,30,23,122,0,83,1601,0,2,5,7,4,2,1,4,7,3,1,20,16,46,46,11,0,0,,0,,0,,0,,0,,4.1,7.4,72.1,10.3,80,100,47.9,5.3,19.3,26.6,108.2,19.4,23.3,240.3,40.9,94,382,382,439,7,2,88,40,11,162,40,11,162,423,1179,0,Offensive Coordinator
,0,1989,20,LOU,80027,17,0,0,,0,0,0,0,0,0,0,0,0,0,0,0,0,0,0,0,0,0,0,431,476,691,476,7,4168,4102,6398,5957,2296,29,94.4,40.6,6,8.8,5.6,245.2,1789,4168,16,29,40,55,55,64,33,70,52,5,36,15,7,19,460,98,32,80,16,104,,,41,279,754,75,30,109,32,1,13,16,1,0,0,0,98,740,90,4145,32,28,334,0,81,1707,0,1,3,10,3,7,1,3,8,1,3,24,16,44,43,8,0,0,,0,,0,,0,,0,,4.2,6,68.9,8.8,66.7,97.7,46.1,11.9,21.1,25.4,105.2,20.9,28,245.2,42.9,91,367,373,455,8,0,90,31,2,204,31,2,204,432,1373,0,Offensive Coordinator
,0,1990,20,LOU,80027,17,0,0,,0,0,0,0,0,0,0,0,0,0,0,0,0,0,0,0,0,0,0,429,480,656,480,10,4945,4260,6612,6934,2352,46,111.5,38.6,7.5,10.3,6.2,290.9,1989,4945,16,46,60,52,52,63,99,78,52,9,151,17,10,2,544,133,25,51,18,77,,,43,337,718,53,30,75,30,0,11,12,0,0,0,0,110,922,55,2404,21,23,281,0,92,2009,1,0,9,7,7,6,0,7,7,5,2,29,21,61,60,11,0,0,,0,,0,,0,,0,,4.6,7.5,73.2,10.3,72.4,98.4,43.7,12.2,21.8,25.2,117,23.5,28.2,290.9,41.7,123,501,503,498,13,2,101,44,10,200,44,10,200,424,655,624,Offensive Coordinator
,0,1991,20,LOU,80027,1,0,0,,0,0,0,0,0,0,0,0,0,0,0,0,0,0,0,0,0,0,0,18,25,37,25,1,260,289,360,283,71,1,85.4,37,7,10.4,7.5,260,23,260,0,1,6,34,34,53,32,0,37,0,0,0,0,0,26,8,1,3,1,5,,,3,23,46,6,0,4,1,0,1,1,0,0,0,0,5,54,6,286,2,1,-2,0,7,138,0,0,0,1,0,1,0,0,1,0,0,2,1,1,1,0,0,0,,0,,0,,0,,0,,1.3,7,67.6,10.4,50,100,47.7,-2,19.7,18,23,5.6,25,260,48,4,10,10,34,0,0,1,3,0,12,3,0,12,28,36,42,
,0,1988,13,MIN,86574,17,0,0,,0,0,0,0,0,0,0,0,0,0,0,0,0,0,0,0,0,0,0,693,227,331,227,5,3238,3156,5948,6326,2792,20,113.8,19.5,9.8,14.3,6.8,190.5,3088,3238,33,20,50,87,87,61,95,66,56,12,91,7,4,14,591,91,13,76,7,57,,,24,197,757,77,16,103,36,0,12,9,1,0,0,0,90,763,73,3321,33,35,381,0,78,1817,1,1,10,9,9,6,1,8,9,4,4,35,26,54,52,19,0,0,,0,,0,,0,,0,,4.5,9.8,68.6,14.3,74.3,96.3,45.5,10.9,23.3,40.8,181.6,21.2,13.4,190.5,55.1,130,460,462,415,16,2,147,50,11,125,50,11,125,324,866,0,DB Coach
,0,1989,13,MIN,86574,17,0,0,,1,0,0,0,0,0,0,0,0,0,0,0,0,0,0,0,0,0,0,601,244,378,244,6,3467,3841,5715,6002,1874,22,106.9,22.2,9.2,14.2,10.4,203.9,2535,3467,27,22,57,72,72,61,43,35,49,8,143,11,8,28,623,56,20,91,26,95,,,44,326,737,76,29,108,58,0,19,11,1,0,0,0,70,581,69,3166,31,33,302,0,71,1513,0,3,4,14,13,2,3,3,11,10,0,36,27,49,47,15,0,0,,0,,0,,0,,0,,4.2,9.2,64.6,14.2,75,95.9,45.9,9.2,21.3,35.4,149.1,21.6,14.4,203.9,51.2,128,428,428,359,10,2,130,52,9,125,52,9,125,397,1034,0,DB Coach
,0,1990,13,MIN,86574,17,0,0,,0,0,0,0,0,0,0,0,0,0,0,0,0,0,0,0,0,0,0,468,292,465,292,8,4520,4403,6200,6507,1797,43,118.6,27.4,9.7,15.5,8.8,265.9,1987,4520,19,43,72,83,83,61,43,58,52,8,158,8,5,1,709,62,21,58,28,105,,,45,332,821,75,25,90,37,0,4,5,1,0,0,1,108,890,68,2992,19,21,261,0,87,2045,0,2,6,7,10,3,2,6,6,7,2,28,23,62,60,17,0,0,,0,,0,,0,,0,,4.2,9.7,62.8,15.5,82.1,96.8,44,12.4,23.5,27.5,116.9,20.7,17.2,265.9,49.7,129,507,509,460,11,2,97,78,16,145,78,16,145,450,457,615,DB Coach
,0,1991,13,MIN,86574,1,0,0,,0,0,0,0,0,0,0,0,0,0,0,0,0,0,0,0,0,0,0,32,17,22,17,0,228,223,363,366,140,3,149.2,22,10.4,13.4,4.3,228,138,228,1,3,24,48,48,64,39,0,17,0,0,0,0,2,22,10,0,4,1,4,,,1,11,56,4,2,6,2,0,2,1,0,0,0,0,2,20,3,145,2,1,0,0,7,167,0,1,0,0,0,0,1,0,0,0,0,1,1,4,4,2,0,0,,0,,0,,0,,0,,4.3,10.4,77.3,13.4,100,100,48.3,0,23.9,32,138,18.8,17,228,47.1,7,31,31,26,1,0,6,3,2,8,3,2,8,34,21,44,
,0,1988,18,BAL,89455,17,0,0,,0,0,0,0,0,0,0,0,0,0,0,0,0,0,0,0,0,0,0,632,285,408,285,11,3029,4406,7864,6316,3458,25,100.4,24,7.4,10.6,2.6,178.2,3287,3029,28,25,76,58,58,69,42,20,57,13,215,23,10,50,450,117,22,64,3,113,,,11,84,870,69,23,75,35,0,25,28,2,1,0,0,102,898,70,3401,32,19,146,0,93,2028,0,1,5,8,8,6,1,4,8,5,5,28,23,52,49,17,0,0,,0,,0,,0,,0,,5.2,7.4,69.9,10.6,82.1,94.2,48.6,7.7,21.8,37.2,193.4,23.4,16.8,178.2,43.5,118,448,452,529,22,5,148,31,7,124,31,7,124,429,1006,0,RB and Receivers Coach
,0,1989,18,BAL,89455,17,0,0,,1,0,0,0,0,0,0,0,0,0,0,0,0,0,0,0,0,0,0,629,289,406,289,8,3032,3648,5197,5670,1549,21,101.5,23.9,7.5,10.5,5.1,178.4,2638,3032,18,21,60,54,54,70,103,20,52,13,140,12,3,72,436,73,8,89,11,75,,,22,174,775,82,35,106,44,1,22,21,3,0,0,1,86,692,67,3114,24,38,264,0,60,1400,1,0,5,14,19,7,0,4,12,14,4,45,34,41,40,25,0,0,,0,,0,,0,,0,,4.2,7.5,71.2,10.5,75.6,97.6,46.5,6.9,23.3,37,155.2,20.2,17,178.4,46.7,142,400,404,299,17,7,127,31,3,135,31,3,135,403,1032,0,RB and Receivers Coach
,0,1990,18,BAL,89455,17,0,0,,1,0,0,0,0,0,0,0,0,0,0,0,0,0,0,0,0,0,0,629,311,455,311,10,3281,3983,5906,6360,1923,32,103.4,26.8,7.2,10.5,4,193,3079,3281,27,32,70,59,59,67,98,17,56,17,279,12,6,30,516,94,9,88,10,91,,,19,149,789,66,27,105,31,0,11,11,2,0,0,2,110,935,65,3142,29,23,89,0,78,1938,0,0,8,9,13,6,0,7,8,8,3,36,26,60,60,26,0,0,,0,,0,,0,,0,,4.9,7.2,68.4,10.5,72.2,100,48.3,3.9,24.8,37,181.1,24,18.3,193,45.3,138,504,504,401,18,5,151,31,4,141,31,4,141,432,456,658,RB and Receivers Coach
,0,1991,18,BAL,89455,1,0,0,,0,0,0,0,0,0,0,0,0,0,0,0,0,0,0,0,0,0,0,30,23,34,23,1,247,302,411,410,109,2,96.1,34,7.3,10.7,15,247,163,247,2,2,22,47,47,60,39,10,45,0,0,5,3,3,37,9,1,6,3,7,,,6,43,44,5,0,11,1,0,1,3,0,0,0,0,5,30,4,208,3,3,20,0,8,219,0,0,0,0,1,0,0,0,0,1,0,1,1,4,4,1,0,0,,0,,0,,0,,0,,5.4,7.3,67.6,10.7,100,100,52,6.7,27.4,30,163,26.7,23,247,39.1,7,31,31,37,2,0,8,3,1,9,3,1,9,28,34,43,
,0,1988,8,SEA,95444,17,0,0,,0,0,0,0,0,0,0,0,0,0,0,0,0,0,0,0,0,0,0,460,402,587,402,7,4014,4095,6693,6165,2598,26,97.4,34.5,6.8,10,4.1,236.1,2151,4014,22,26,36,88,88,62,38,18,51,6,85,9,5,17,486,94,23,44,15,108,,,25,178,829,84,33,73,33,0,21,11,1,0,0,0,96,834,75,3428,33,36,263,0,73,1609,0,1,6,8,18,5,1,4,6,11,2,38,24,49,47,20,0,0,,0,,0,,0,,0,,4.7,6.8,68.5,10,63.2,95.9,45.7,7.3,22,27.1,126.5,22.6,23.6,236.1,42.8,119,413,413,476,9,0,104,29,8,172,29,8,172,407,1149,0,RB and Receivers Coach
,0,1989,8,SEA,95444,17,0,0,,1,0,0,0,0,0,0,0,0,0,0,0,0,0,0,0,0,0,0,393,389,593,389,10,3826,3600,5867,5752,2267,32,94.6,34.9,6.5,9.8,4.5,225.1,1926,3826,17,32,60,61,61,65,103,27,54,9,194,17,10,1,444,96,12,80,10,122,,,28,221,833,70,46,113,59,0,14,9,2,0,0,0,98,733,71,3358,42,30,287,0,62,1567,1,1,5,9,14,2,1,2,7,9,2,31,21,51,49,21,0,0,,0,,0,,0,,0,,4.9,6.5,65.6,9.8,67.7,96.1,47.3,9.6,25.3,23.1,113.3,25.4,22.9,225.1,40.6,112,424,426,335,12,2,100,35,6,158,35,6,158,412,1268,0,RB and Receivers Coach
,0,1990,8,SEA,95444,17,0,0,,0,0,0,0,0,0,0,0,0,0,0,0,0,0,0,0,0,0,0,564,332,487,332,4,3145,4679,6974,5841,2295,29,102.2,28.6,6.5,9.5,6.7,185,2696,3145,17,29,61,52,52,66,42,67,50,6,79,19,12,7,422,112,11,73,12,110,,,35,256,822,64,29,77,48,0,13,12,0,0,0,1,105,849,90,4359,40,32,368,0,94,1829,0,1,4,9,11,3,1,3,8,9,1,28,22,44,43,12,0,0,,0,,0,,0,,0,,4.8,6.5,68.2,9.5,78.6,97.7,48.4,11.5,19.5,33.2,158.6,22.9,19.5,185,40.7,109,385,387,468,17,2,129,22,2,135,22,2,135,491,485,697,RB and Receivers Coach
,0,1991,8,SEA,95444,1,0,0,,0,0,0,0,0,0,0,0,0,0,0,0,0,0,0,0,0,0,0,29,27,36,27,0,223,228,366,363,138,1,99.7,36,6.2,8.3,5.3,223,140,223,1,1,17,17,17,35,40,0,52,0,0,2,1,0,19,8,1,2,1,8,,,2,6,46,3,1,2,3,0,0,1,0,0,0,0,3,35,1,35,0,0,0,0,5,154,0,0,1,0,2,1,0,1,0,2,1,4,4,2,2,0,0,0,,0,,0,,0,,0,,4.8,6.2,75,8.3,100,100,35,0,30.8,29,140,27.6,27,223,51.9,14,26,26,31,0,0,8,0,0,14,0,0,14,18,36,22,
,0,1988,16,TB,95660,17,0,0,,0,4,13,0,0.235,0,0,0,0,0,0,0,0,0,0,0,0,0,0,566,288,440,288,11,3527,3356,6204,5887,2848,24,97.8,25.9,8,12.2,10.2,207.5,2360,3527,11,24,68,87,87,62,42,21,53,8,142,21,12,3,399,131,27,81,35,133,,,50,390,843,84,21,105,27,1,7,13,1,0,0,2,97,753,102,4439,35,33,229,0,90,1785,0,0,5,7,10,4,0,5,6,7,2,26,20,36,35,12,0,0,,0,,0,,0,,0,,4.2,8,65.5,12.2,76.9,97.2,43.5,6.9,19.8,33.3,138.8,17.7,16.9,207.5,42.4,95,311,313,480,18,4,100,40,11,122,40,11,122,389,1062,0,Head Coach
,0,1989,16,TB,95660,17,0,0,,1,9,8,0,0.529,0,1,0,0,0,0,0,0,0,0,0,0,0,0,475,376,561,376,10,4062,3558,6314,6062,2756,37,102.7,33,7.2,10.8,7.1,238.9,2000,4062,13,37,51,73,73,65,95,17,55,13,103,21,10,51,460,99,22,91,23,150,,,43,306,842,71,48,109,34,0,20,22,0,0,0,0,105,895,101,4515,33,30,211,0,77,1911,1,1,5,7,8,5,1,4,5,8,4,26,22,49,47,15,0,0,,0,,0,,0,,0,,4.2,7.2,67,10.8,84.6,95.9,44.7,7,24.8,27.9,117.6,20,22.1,238.9,35.1,113,419,423,397,13,3,95,49,9,132,49,9,132,387,1196,0,Head Coach
,0,1990,16,TB,95660,17,0,0,,1,11,6,0,0.647,0,0,0,0,1,0,0,0,0,0,0,0,0,0,541,400,563,400,8,4567,4013,6183,7025,2170,39,112.3,33.1,8.1,11.4,5.7,268.6,2458,4567,23,39,45,71,71,67,35,55,53,7,104,13,8,57,523,116,17,84,15,132,,,34,235,819,69,25,112,30,0,21,18,2,0,0,0,122,913,71,3304,29,30,133,1,90,1892,0,2,9,7,11,4,2,8,6,7,2,33,25,58,55,18,0,0,,0,,0,,0,,0,,4.5,8.1,71,11.4,75.8,94.8,46.5,4.4,21,31.8,144.6,21.1,23.5,268.6,43.5,130,520,528,475,11,5,114,46,13,174,46,13,174,414,570,626,Head Coach
,0,1991,16,TB,95660,1,0,0,,0,0,1,0,0,0,0,0,0,0,0,0,0,0,0,0,0,0,0,30,16,23,16,1,164,163,326,286,163,1,86.1,23,7.1,10.2,14.8,164,122,164,0,1,20,19,19,55,37,17,46,1,74,2,2,0,21,6,0,3,2,9,,,4,30,50,4,0,5,0,0,0,0,0,0,0,0,5,50,4,177,1,1,17,0,5,147,0,0,0,0,2,0,0,0,0,2,0,2,2,1,1,0,0,0,,0,,0,,0,,0,,4.1,7.1,69.6,10.2,100,100,44.2,17,29.4,30,122,26.7,16,164,56.2,7,13,13,20,0,0,8,0,0,9,0,0,9,15,24,23,
,0,1988,6,NYG,96970,17,0,0,,1,0,0,0,0,0,0,0,0,0,0,0,0,0,0,0,0,0,0,465,322,487,322,6,4040,3224,5101,6218,1877,34,109.9,28.6,8.3,12.5,9,237.6,2178,4040,24,34,54,65,65,62,39,64,53,16,323,11,4,22,539,64,19,76,28,119,,,48,364,790,98,26,89,37,1,8,14,1,0,0,2,88,797,82,3784,33,31,312,0,63,1371,0,2,8,6,10,3,2,7,5,6,2,29,22,57,57,21,0,0,,0,,0,,0,,0,,4.7,8.3,66.1,12.5,75.9,100,46.1,10.1,21.8,27.4,128.1,22.2,18.9,237.6,46,123,477,481,284,14,3,103,58,8,148,58,8,148,405,1111,0,OL Coach
,0,1989,6,NYG,96970,17,0,0,,0,0,0,0,0,0,0,0,0,0,0,0,0,0,0,0,0,0,0,321,338,572,338,20,4168,3721,5518,5698,1797,27,82.9,33.6,7.3,12.3,11.3,245.2,1530,4168,14,27,72,61,61,63,40,59,57,11,97,18,11,16,555,61,22,69,46,167,,,73,535,778,86,45,96,50,1,15,13,2,0,0,1,91,709,88,3869,23,40,326,0,75,1642,0,2,4,5,13,6,2,4,4,8,5,30,23,43,42,14,0,0,,0,,0,,0,,0,,4.8,7.3,59.1,12.3,76.7,97.7,44,8.2,21.9,18.9,90,21.2,19.9,245.2,46.2,111,369,371,413,12,2,68,58,9,156,58,9,156,391,1145,0,OL Coach
,0,1990,6,NYG,96970,17,0,1,,1,0,0,0,0,0,0,0,0,0,0,0,0,0,0,0,0,0,0,384,336,488,336,10,5377,3520,5379,7293,1859,56,135.1,28.7,11,16,11.1,316.3,1916,5377,24,56,64,80,80,63,97,19,55,18,445,19,12,52,662,43,18,63,34,85,,,61,466,810,90,53,84,30,0,34,25,5,0,0,1,103,799,52,2310,19,22,150,0,70,1462,1,2,6,7,12,4,2,4,3,6,1,31,16,84,81,24,0,0,,0,,0,,0,,0,,5,11,68.9,16,51.6,96.4,44.4,6.8,20.9,22.6,112.7,20.8,19.8,316.3,52.4,129,645,647,374,10,5,80,88,17,176,88,17,176,395,475,585,OL Coach
,0,1991,6,NYG,96970,1,0,0,,0,0,0,0,0,0,0,0,0,0,0,0,0,0,0,0,0,0,0,15,18,34,18,0,242,326,402,319,76,1,85.7,34,7.1,13.4,2.9,242,77,242,1,1,31,33,33,63,35,0,0,0,0,2,1,0,39,5,0,5,0,9,,,1,9,47,4,5,5,1,0,0,1,0,0,0,0,10,60,5,241,3,0,0,0,6,142,0,0,0,0,1,0,0,0,0,0,0,1,0,2,2,1,0,0,,0,,0,,0,,0,,5.1,7.1,52.9,13.4,0,100,48.2,0,23.7,15,77,26.7,18,242,44.4,2,14,14,19,1,0,4,3,0,8,3,0,8,20,32,34,
,0,1988,14,ATL,98011,17,0,0,,1,0,0,0,0,0,0,0,0,0,0,0,0,0,0,0,0,0,0,533,269,411,269,8,3796,4169,6266,6082,2097,29,110.5,24.2,9.2,14.1,9.7,223.3,2286,3796,19,29,67,68,68,65,42,77,52,9,185,9,3,31,451,101,15,63,26,107,,,44,367,801,105,28,91,29,1,15,13,0,0,0,0,87,745,81,3604,27,25,305,1,77,1904,0,1,8,12,12,4,1,7,10,7,2,37,27,48,48,17,0,0,,0,,0,,0,,0,,4.3,9.2,65.5,14.1,73,100,44.5,12.2,24.7,31.4,134.5,19.9,15.8,223.3,47.2,129,423,427,398,13,6,106,56,15,127,56,15,127,408,974,0,Head Trainer
,0,1989,14,ATL,98011,17,0,0,,0,0,0,0,0,0,0,0,0,0,0,0,0,0,0,0,0,0,0,459,283,474,283,10,4640,4509,6339,6450,1830,45,115.5,27.9,9.8,16.4,15.4,272.9,1810,4640,6,45,47,66,66,65,42,24,52,17,207,17,5,84,649,80,21,91,44,135,,,86,697,724,87,40,112,45,3,19,24,2,0,0,0,101,808,83,3957,28,36,317,0,73,1710,0,1,5,11,13,5,1,4,9,9,1,35,24,52,51,17,0,0,,0,,0,,0,,0,,3.9,9.8,59.7,16.4,68.6,98.1,47.7,8.8,23.4,27,106.5,16.6,16.6,272.9,47.7,123,441,449,445,12,2,76,83,24,135,83,24,135,429,1151,0,Head Trainer
,0,1990,14,ATL,98011,17,0,0,,0,0,0,0,0,0,0,0,0,0,0,0,0,0,0,0,0,0,0,552,297,431,297,6,3211,4437,6826,5443,2389,23,102.5,25.4,7.5,10.8,5.9,188.9,2232,3211,22,23,53,62,62,67,92,41,52,9,101,18,11,35,383,89,15,57,9,81,,,27,192,790,86,25,93,24,0,15,16,1,0,0,0,88,643,84,4019,46,21,206,0,94,2224,0,0,8,12,5,4,0,7,12,4,3,29,26,45,44,13,0,0,,0,,0,,0,,0,,4,7.5,68.9,10.8,89.7,97.8,47.8,9.8,23.7,32.5,131.3,18.8,17.5,188.9,41.8,122,398,398,514,16,4,104,30,9,124,30,9,124,404,427,591,Head Trainer
,0,1991,14,ATL,98011,1,0,0,,0,0,0,0,0,0,0,0,0,0,0,0,0,0,0,0,0,0,0,38,14,25,14,0,148,204,332,367,128,0,73.4,25,5.9,10.6,16.7,148,219,148,3,0,27,31,31,63,30,11,51,1,4,1,1,0,37,10,0,5,3,9,,,5,38,48,4,0,4,5,0,1,0,0,0,0,0,3,25,4,183,3,1,11,0,5,85,0,0,0,0,1,2,0,0,0,0,1,3,1,3,3,1,0,0,,0,,0,,0,,0,,5.8,5.9,56,10.6,33.3,100,45.8,11,17,38,219,23.7,14,148,42.9,6,24,24,28,1,0,9,1,0,6,1,0,6,31,21,47,
,0,1988,10,IND,99609,17,0,0,,1,0,0,0,0,0,0,0,0,0,0,0,0,0,0,0,0,0,0,573,282,453,282,15,3125,3550,6028,5663,2478,23,85.8,26.6,6.9,11.1,3.2,183.8,2538,3125,18,23,49,65,65,68,103,64,51,6,77,3,2,25,482,82,18,50,9,98,,,15,94,771,85,63,60,42,0,12,6,0,0,0,0,97,818,74,3437,32,38,355,0,72,1711,2,2,7,16,6,3,2,7,15,5,3,34,32,42,41,18,0,0,,0,,0,,0,,0,,4.4,6.9,62.3,11.1,94.1,97.6,46.4,9.3,23.8,33.7,149.3,20.9,16.6,183.8,47.5,137,395,397,429,13,1,120,29,8,134,29,8,134,322,898,0,Head Trainer
,0,1989,10,IND,99609,17,0,1,,1,0,0,0,0,0,0,0,0,0,0,0,0,0,0,0,0,0,0,480,306,528,306,23,3755,3506,5219,5850,1713,26,78.3,31.1,7.1,12.3,4.3,220.9,2095,3755,19,26,61,56,56,69,36,52,50,6,137,6,3,22,516,46,14,62,9,82,,,24,164,761,78,96,69,74,5,19,12,1,0,0,0,78,707,81,3865,34,39,306,0,56,1211,0,3,7,8,11,1,3,7,8,8,1,30,27,45,45,26,0,0,,0,,0,,0,,0,,4.4,7.1,58,12.3,90,100,47.7,7.8,21.6,28.2,123.2,21.7,18,220.9,45.1,126,402,414,322,12,2,104,52,10,138,52,10,138,389,1105,0,Head Trainer
,0,1990,10,IND,99609,17,0,0,,1,0,0,0,0,0,0,0,0,0,0,0,0,0,0,0,0,0,0,549,257,448,257,14,3384,4021,5850,5803,1829,30,90.7,26.4,7.6,13.2,6.3,199.1,2419,3384,20,30,76,56,56,71,42,64,51,11,187,6,4,17,497,76,22,70,13,94,,,30,218,839,81,64,85,63,0,19,12,2,0,0,0,102,840,81,3954,33,30,287,0,75,1570,0,2,6,11,13,6,2,4,11,8,3,38,28,49,49,23,0,0,,0,,0,,0,,0,,4.4,7.6,57.4,13.2,73.7,100,48.8,9.6,20.9,32.3,142.3,18.6,15.1,199.1,43.6,133,445,451,390,19,6,102,48,8,112,48,8,112,410,447,597,Head Trainer
,0,1991,10,IND,99609,1,0,0,,0,0,0,0,0,0,0,0,0,0,0,0,0,0,0,0,0,0,0,40,14,23,14,1,163,164,286,326,122,0,64.2,23,7.1,11.6,0,163,163,163,2,0,20,42,42,54,15,8,52,1,-3,0,0,2,31,1,0,4,0,7,,,0,0,49,5,4,4,1,0,2,2,0,0,0,0,5,40,5,232,1,2,8,0,3,35,0,0,1,0,0,1,0,1,0,0,1,2,2,2,2,2,0,0,,0,,0,,0,,0,,4.1,7.1,60.9,11.6,100,100,46.4,4,11.7,40,163,22.5,14,163,50,8,20,20,13,0,0,9,1,1,7,1,1,7,26,22,35,
,0,1988,5,BUF,99721,17,0,0,,1,0,0,0,0,0,0,0,0,0,0,0,0,0,0,0,0,0,0,741,273,386,273,8,2753,2941,5797,6402,2856,26,104.6,22.7,7.1,10.1,2.8,161.9,3649,2753,32,26,64,81,81,58,40,19,52,14,214,23,10,61,403,97,16,46,3,75,,,11,81,891,92,48,57,35,0,28,27,1,0,0,1,98,862,73,3162,28,34,240,0,77,1668,0,3,13,8,8,3,3,12,5,5,3,35,28,57,53,23,0,0,,0,,0,,0,,0,,4.9,7.1,70.7,10.1,80,93,43.3,7.1,21.7,43.6,214.6,25,16.1,161.9,38.5,137,491,491,391,24,3,185,26,9,105,26,9,105,346,888,0,RB and Receivers Coach
,0,1989,5,BUF,99721,17,0,0,,1,0,0,0,0,0,0,0,0,0,0,0,0,0,0,0,0,0,0,598,317,518,317,10,3260,3460,4724,6022,1264,30,90.6,30.5,6.3,10.3,4.4,191.8,2762,3260,21,30,52,63,63,60,37,65,53,14,307,24,13,28,474,52,25,75,3,123,,,24,155,791,89,110,104,44,2,26,25,3,0,0,1,83,761,86,3764,27,45,327,1,61,1254,0,1,12,8,10,7,1,9,7,5,3,38,25,53,52,30,0,0,,0,,0,,0,,0,,4.6,6.3,61.2,10.3,65.8,98.1,43.8,7.3,20.6,35.2,162.5,20.9,18.6,191.8,42.9,127,457,463,266,24,3,125,32,5,136,32,5,136,364,1089,0,RB and Receivers Coach
,0,1990,5,BUF,99721,17,0,0,,1,0,0,0,0,0,0,0,0,0,0,0,0,0,0,0,0,0,0,522,410,599,410,6,4477,4703,6264,6707,1561,32,103.9,35.2,7.5,10.9,5.4,263.4,2230,4477,22,32,58,92,92,61,55,18,53,9,107,16,11,9,485,68,17,67,12,117,,,34,251,858,85,87,102,51,2,18,15,2,1,0,0,115,949,87,3757,35,27,194,0,84,1995,0,0,8,7,17,7,0,7,7,15,4,39,33,53,52,23,0,0,,0,,0,,0,,0,,4.3,7.5,68.4,10.9,84.6,98.1,43.2,7.2,23.8,30.7,131.2,19.7,24.1,263.4,42,151,487,495,448,16,1,103,50,9,172,50,9,172,427,599,601,RB and Receivers Coach
,0,1991,5,BUF,99721,1,0,0,,0,0,0,0,0,0,0,0,0,0,0,0,0,0,0,0,0,0,0,23,25,37,25,0,203,254,318,353,64,1,90.3,37,5.5,8.1,5.1,203,150,203,2,1,49,22,22,55,35,4,0,0,0,1,1,0,22,4,0,3,1,5,,,2,17,45,3,3,9,4,0,1,0,0,0,0,0,9,70,5,202,1,3,-4,0,5,122,0,0,0,0,0,0,0,0,0,0,0,0,0,3,3,1,0,0,,0,,0,,0,,0,,6.5,5.5,67.6,8.1,0,100,40.4,-1.3,24.4,23,150,21.7,25,203,28,3,21,21,28,1,1,5,1,0,7,1,0,7,31,40,41,
,0,1988,13,MIN,105736,17,0,0,,0,0,0,0,0,0,0,0,0,0,0,0,0,0,0,0,0,0,0,693,227,331,227,5,3238,3156,5948,6326,2792,20,113.8,19.5,9.8,14.3,6.8,190.5,3088,3238,33,20,50,87,87,61,95,66,56,12,91,7,4,14,591,91,13,76,7,57,,,24,197,757,77,16,103,36,0,12,9,1,0,0,0,90,763,73,3321,33,35,381,0,78,1817,1,1,10,9,9,6,1,8,9,4,4,35,26,54,52,19,0,0,,0,,0,,0,,0,,4.5,9.8,68.6,14.3,74.3,96.3,45.5,10.9,23.3,40.8,181.6,21.2,13.4,190.5,55.1,130,460,462,415,16,2,147,50,11,125,50,11,125,324,866,0,Head Scout
,0,1989,13,MIN,105736,17,0,0,,1,0,0,0,0,0,0,0,0,0,0,0,0,0,0,0,0,0,0,601,244,378,244,6,3467,3841,5715,6002,1874,22,106.9,22.2,9.2,14.2,10.4,203.9,2535,3467,27,22,57,72,72,61,43,35,49,8,143,11,8,28,623,56,20,91,26,95,,,44,326,737,76,29,108,58,0,19,11,1,0,0,0,70,581,69,3166,31,33,302,0,71,1513,0,3,4,14,13,2,3,3,11,10,0,36,27,49,47,15,0,0,,0,,0,,0,,0,,4.2,9.2,64.6,14.2,75,95.9,45.9,9.2,21.3,35.4,149.1,21.6,14.4,203.9,51.2,128,428,428,359,10,2,130,52,9,125,52,9,125,397,1034,0,Head Scout
,0,1990,13,MIN,105736,17,0,0,,0,0,0,0,0,0,0,0,0,0,0,0,0,0,0,0,0,0,0,468,292,465,292,8,4520,4403,6200,6507,1797,43,118.6,27.4,9.7,15.5,8.8,265.9,1987,4520,19,43,72,83,83,61,43,58,52,8,158,8,5,1,709,62,21,58,28,105,,,45,332,821,75,25,90,37,0,4,5,1,0,0,1,108,890,68,2992,19,21,261,0,87,2045,0,2,6,7,10,3,2,6,6,7,2,28,23,62,60,17,0,0,,0,,0,,0,,0,,4.2,9.7,62.8,15.5,82.1,96.8,44,12.4,23.5,27.5,116.9,20.7,17.2,265.9,49.7,129,507,509,460,11,2,97,78,16,145,78,16,145,450,457,615,Head Scout
,0,1991,13,MIN,105736,1,0,0,,0,0,0,0,0,0,0,0,0,0,0,0,0,0,0,0,0,0,0,32,17,22,17,0,228,223,363,366,140,3,149.2,22,10.4,13.4,4.3,228,138,228,1,3,24,48,48,64,39,0,17,0,0,0,0,2,22,10,0,4,1,4,,,1,11,56,4,2,6,2,0,2,1,0,0,0,0,2,20,3,145,2,1,0,0,7,167,0,1,0,0,0,0,1,0,0,0,0,1,1,4,4,2,0,0,,0,,0,,0,,0,,4.3,10.4,77.3,13.4,100,100,48.3,0,23.9,32,138,18.8,17,228,47.1,7,31,31,26,1,0,6,3,2,8,3,2,8,34,21,44,
,0,1988,7,CIN,109098,17,0,1,,1,0,0,0,0,0,0,0,0,0,0,0,0,0,0,0,0,0,0,521,349,508,349,13,3873,2769,4792,5937,2023,30,100.1,29.9,7.6,11.1,5,227.8,2064,3873,19,30,47,74,74,62,96,62,53,12,205,19,8,30,463,84,19,76,10,120,,,27,227,789,94,19,101,29,0,22,23,4,0,0,1,91,789,84,3645,30,38,289,0,68,1625,1,3,8,6,9,2,3,7,5,7,2,28,24,52,52,19,0,0,,0,,0,,0,,0,,4,7.6,68.7,11.1,85.7,100,43.4,7.6,23.9,30.6,121.4,18.4,20.5,227.8,46.4,124,448,450,270,18,2,96,39,8,162,39,8,162,346,1086,0,Head Trainer
,0,1989,7,CIN,109098,17,0,0,,0,0,0,0,0,0,0,0,0,0,0,0,0,0,0,0,0,0,0,344,291,672,291,15,3151,3659,6870,4011,3211,15,55.8,39.5,4.7,10.8,10.2,185.4,860,3151,2,15,31,72,72,59,103,19,46,15,275,20,7,3,470,133,65,89,44,270,,,76,499,874,71,19,119,35,0,12,18,0,0,0,1,96,851,139,6057,38,25,118,0,97,2231,1,2,2,7,7,4,2,2,5,6,0,22,15,18,17,2,0,0,,0,,0,,0,,0,,2.5,4.7,43.3,10.8,68.2,94.4,43.6,4.7,23,20.2,50.6,12.8,17.1,185.4,44,62,170,170,517,3,0,44,34,7,128,34,7,128,458,1402,0,Head Trainer
,0,1990,7,CIN,109098,17,0,0,,1,0,0,0,0,0,0,0,0,0,0,0,0,0,0,0,0,0,0,377,420,629,420,9,4884,3015,5275,6381,2260,28,99,37,7.8,11.6,4.4,287.3,1497,4884,17,28,53,72,72,69,108,75,53,6,83,17,11,2,469,90,25,83,12,116,,,29,219,754,67,49,104,57,1,5,8,1,0,0,0,119,927,73,3555,26,32,292,0,80,1721,1,0,12,9,10,4,0,11,8,7,2,35,28,45,44,18,0,0,,0,,0,,0,,0,,4,7.8,66.8,11.6,80,97.8,48.7,9.1,21.5,22.2,88.1,19.6,24.7,287.3,43.1,128,410,414,380,11,2,74,61,15,181,61,15,181,352,631,592,Head Trainer
,0,1991,7,CIN,109098,1,0,0,,0,0,0,0,0,0,0,0,0,0,0,0,0,0,0,0,0,0,0,30,22,35,22,1,204,148,367,332,219,4,104.9,35,5.8,9.3,0,204,128,204,0,4,18,38,38,52,33,0,0,0,0,1,0,17,19,4,2,5,0,10,,,0,0,53,5,5,5,5,0,1,2,0,0,0,0,7,57,5,205,1,0,0,0,5,142,0,0,1,0,0,0,0,0,0,0,0,1,0,4,4,1,0,0,,0,,0,,0,,0,,4.3,5.8,62.9,9.3,0,100,41,0,28.4,30,128,23.3,22,204,40.9,4,28,28,24,0,0,7,2,0,9,2,0,9,17,34,27,
,0,1988,5,BUF,111215,17,0,0,,1,0,0,0,0,0,0,0,0,0,0,0,0,0,0,0,0,0,0,741,273,386,273,8,2753,2941,5797,6402,2856,26,104.6,22.7,7.1,10.1,2.8,161.9,3649,2753,32,26,64,81,81,58,40,19,52,14,214,23,10,61,403,97,16,46,3,75,,,11,81,891,92,48,57,35,0,28,27,1,0,0,1,98,862,73,3162,28,34,240,0,77,1668,0,3,13,8,8,3,3,12,5,5,3,35,28,57,53,23,0,0,,0,,0,,0,,0,,4.9,7.1,70.7,10.1,80,93,43.3,7.1,21.7,43.6,214.6,25,16.1,161.9,38.5,137,491,491,391,24,3,185,26,9,105,26,9,105,346,888,0,LB Coach
,0,1989,5,BUF,111215,17,0,0,,1,0,0,0,0,0,0,0,0,0,0,0,0,0,0,0,0,0,0,598,317,518,317,10,3260,3460,4724,6022,1264,30,90.6,30.5,6.3,10.3,4.4,191.8,2762,3260,21,30,52,63,63,60,37,65,53,14,307,24,13,28,474,52,25,75,3,123,,,24,155,791,89,110,104,44,2,26,25,3,0,0,1,83,761,86,3764,27,45,327,1,61,1254,0,1,12,8,10,7,1,9,7,5,3,38,25,53,52,30,0,0,,0,,0,,0,,0,,4.6,6.3,61.2,10.3,65.8,98.1,43.8,7.3,20.6,35.2,162.5,20.9,18.6,191.8,42.9,127,457,463,266,24,3,125,32,5,136,32,5,136,364,1089,0,LB Coach
,0,1990,5,BUF,111215,17,0,0,,1,0,0,0,0,0,0,0,0,0,0,0,0,0,0,0,0,0,0,522,410,599,410,6,4477,4703,6264,6707,1561,32,103.9,35.2,7.5,10.9,5.4,263.4,2230,4477,22,32,58,92,92,61,55,18,53,9,107,16,11,9,485,68,17,67,12,117,,,34,251,858,85,87,102,51,2,18,15,2,1,0,0,115,949,87,3757,35,27,194,0,84,1995,0,0,8,7,17,7,0,7,7,15,4,39,33,53,52,23,0,0,,0,,0,,0,,0,,4.3,7.5,68.4,10.9,84.6,98.1,43.2,7.2,23.8,30.7,131.2,19.7,24.1,263.4,42,151,487,495,448,16,1,103,50,9,172,50,9,172,427,599,601,LB Coach
,0,1991,5,BUF,111215,1,0,0,,0,0,0,0,0,0,0,0,0,0,0,0,0,0,0,0,0,0,0,23,25,37,25,0,203,254,318,353,64,1,90.3,37,5.5,8.1,5.1,203,150,203,2,1,49,22,22,55,35,4,0,0,0,1,1,0,22,4,0,3,1,5,,,2,17,45,3,3,9,4,0,1,0,0,0,0,0,9,70,5,202,1,3,-4,0,5,122,0,0,0,0,0,0,0,0,0,0,0,0,0,3,3,1,0,0,,0,,0,,0,,0,,6.5,5.5,67.6,8.1,0,100,40.4,-1.3,24.4,23,150,21.7,25,203,28,3,21,21,28,1,1,5,1,0,7,1,0,7,31,40,41,
,0,1988,10,IND,111374,17,0,0,,1,0,0,0,0,0,0,0,0,0,0,0,0,0,0,0,0,0,0,573,282,453,282,15,3125,3550,6028,5663,2478,23,85.8,26.6,6.9,11.1,3.2,183.8,2538,3125,18,23,49,65,65,68,103,64,51,6,77,3,2,25,482,82,18,50,9,98,,,15,94,771,85,63,60,42,0,12,6,0,0,0,0,97,818,74,3437,32,38,355,0,72,1711,2,2,7,16,6,3,2,7,15,5,3,34,32,42,41,18,0,0,,0,,0,,0,,0,,4.4,6.9,62.3,11.1,94.1,97.6,46.4,9.3,23.8,33.7,149.3,20.9,16.6,183.8,47.5,137,395,397,429,13,1,120,29,8,134,29,8,134,322,898,0,Special Teams Coach
,0,1989,10,IND,111374,17,0,1,,1,0,0,0,0,0,0,0,0,0,0,0,0,0,0,0,0,0,0,480,306,528,306,23,3755,3506,5219,5850,1713,26,78.3,31.1,7.1,12.3,4.3,220.9,2095,3755,19,26,61,56,56,69,36,52,50,6,137,6,3,22,516,46,14,62,9,82,,,24,164,761,78,96,69,74,5,19,12,1,0,0,0,78,707,81,3865,34,39,306,0,56,1211,0,3,7,8,11,1,3,7,8,8,1,30,27,45,45,26,0,0,,0,,0,,0,,0,,4.4,7.1,58,12.3,90,100,47.7,7.8,21.6,28.2,123.2,21.7,18,220.9,45.1,126,402,414,322,12,2,104,52,10,138,52,10,138,389,1105,0,Special Teams Coach
,0,1990,10,IND,111374,17,0,0,,1,0,0,0,0,0,0,0,0,0,0,0,0,0,0,0,0,0,0,549,257,448,257,14,3384,4021,5850,5803,1829,30,90.7,26.4,7.6,13.2,6.3,199.1,2419,3384,20,30,76,56,56,71,42,64,51,11,187,6,4,17,497,76,22,70,13,94,,,30,218,839,81,64,85,63,0,19,12,2,0,0,0,102,840,81,3954,33,30,287,0,75,1570,0,2,6,11,13,6,2,4,11,8,3,38,28,49,49,23,0,0,,0,,0,,0,,0,,4.4,7.6,57.4,13.2,73.7,100,48.8,9.6,20.9,32.3,142.3,18.6,15.1,199.1,43.6,133,445,451,390,19,6,102,48,8,112,48,8,112,410,447,597,Special Teams Coach
,0,1991,10,IND,111374,1,0,0,,0,0,0,0,0,0,0,0,0,0,0,0,0,0,0,0,0,0,0,40,14,23,14,1,163,164,286,326,122,0,64.2,23,7.1,11.6,0,163,163,163,2,0,20,42,42,54,15,8,52,1,-3,0,0,2,31,1,0,4,0,7,,,0,0,49,5,4,4,1,0,2,2,0,0,0,0,5,40,5,232,1,2,8,0,3,35,0,0,1,0,0,1,0,1,0,0,1,2,2,2,2,2,0,0,,0,,0,,0,,0,,4.1,7.1,60.9,11.6,100,100,46.4,4,11.7,40,163,22.5,14,163,50,8,20,20,13,0,0,9,1,1,7,1,1,7,26,22,35,
,0,1988,2,MIA,117841,17,0,0,,1,0,0,0,0,0,0,0,0,0,0,0,0,0,0,0,0,0,0,466,323,469,323,10,4011,3099,5703,5994,2604,36,111.8,27.6,8.6,12.4,5.8,235.9,1983,4011,16,36,75,72,72,62,34,17,47,7,150,18,8,15,400,119,11,67,7,99,,,29,220,835,108,30,79,36,1,15,17,1,0,0,0,98,851,77,3581,31,26,60,0,72,1435,0,1,5,7,6,2,1,4,4,6,0,21,15,49,49,17,0,0,,0,,0,,0,,0,,4.3,8.6,68.9,12.4,71.4,100,46.5,2.3,19.9,27.4,116.6,17.8,19,235.9,42.7,94,412,420,386,15,4,83,51,15,138,51,15,138,348,1016,0,Head Scout
,0,1989,2,MIA,117841,17,0,0,,1,0,0,0,0,0,0,0,0,0,0,0,0,0,0,0,0,0,0,399,389,580,389,14,4514,3817,5922,5975,2105,33,99.3,34.1,7.8,11.6,8.1,265.5,1461,4514,12,33,57,77,77,54,35,18,52,13,182,6,2,37,503,93,20,73,20,136,,,51,427,784,55,51,85,48,0,16,11,2,0,0,0,104,875,86,3567,25,28,167,0,68,1439,0,2,5,5,14,9,2,4,5,9,4,35,24,46,45,16,0,0,,0,,0,,0,,0,,3.7,7.8,67.1,11.6,68.6,97.8,41.5,6,21.2,23.5,85.9,16.5,22.9,265.5,44.5,117,399,401,383,5,2,66,56,16,173,56,16,173,411,1239,0,Head Scout
,0,1990,2,MIA,117841,17,0,0,,1,0,0,0,0,0,0,0,0,0,0,0,0,0,0,0,0,0,0,439,406,593,406,10,4626,3732,5726,6535,1994,34,103.7,34.9,7.8,11.4,4.8,272.1,1909,4626,22,34,69,76,76,68,98,19,52,8,125,10,4,13,491,89,17,73,7,89,,,30,239,777,75,39,75,47,0,11,12,2,0,0,1,127,964,62,3083,32,22,210,0,70,1557,1,1,6,13,10,3,1,4,8,5,2,33,20,57,57,20,0,0,,0,,0,,0,,0,,4.3,7.8,68.5,11.4,60.6,100,49.7,9.5,22.2,25.8,112.3,18,23.9,272.1,43.3,117,471,473,386,19,3,79,58,10,176,58,10,176,416,587,615,Head Scout
,0,1991,2,MIA,117841,1,0,0,,0,0,0,0,0,0,0,0,0,0,0,0,0,0,0,0,0,0,0,20,25,38,25,0,254,203,353,318,150,2,102.3,38,6.7,10.2,7.3,254,64,254,1,2,12,45,45,63,24,8,49,0,0,1,0,6,37,5,1,6,1,11,,,3,33,47,3,2,7,0,0,1,2,0,0,0,0,7,40,5,263,2,1,8,0,4,74,0,0,1,0,1,0,0,1,0,1,0,2,2,2,2,1,0,0,,0,,0,,0,,0,,3.2,6.7,65.8,10.2,100,100,52.6,8,18.5,20,64,25,25,254,40,8,26,28,21,0,0,5,4,1,10,4,1,10,38,35,52,
,0,1988,5,BUF,119422,17,0,0,,1,0,0,0,0,0,0,0,0,0,0,0,0,0,0,0,0,0,0,741,273,386,273,8,2753,2941,5797,6402,2856,26,104.6,22.7,7.1,10.1,2.8,161.9,3649,2753,32,26,64,81,81,58,40,19,52,14,214,23,10,61,403,97,16,46,3,75,,,11,81,891,92,48,57,35,0,28,27,1,0,0,1,98,862,73,3162,28,34,240,0,77,1668,0,3,13,8,8,3,3,12,5,5,3,35,28,57,53,23,0,0,,0,,0,,0,,0,,4.9,7.1,70.7,10.1,80,93,43.3,7.1,21.7,43.6,214.6,25,16.1,161.9,38.5,137,491,491,391,24,3,185,26,9,105,26,9,105,346,888,0,Head Trainer
,0,1989,5,BUF,119422,17,0,0,,1,0,0,0,0,0,0,0,0,0,0,0,0,0,0,0,0,0,0,598,317,518,317,10,3260,3460,4724,6022,1264,30,90.6,30.5,6.3,10.3,4.4,191.8,2762,3260,21,30,52,63,63,60,37,65,53,14,307,24,13,28,474,52,25,75,3,123,,,24,155,791,89,110,104,44,2,26,25,3,0,0,1,83,761,86,3764,27,45,327,1,61,1254,0,1,12,8,10,7,1,9,7,5,3,38,25,53,52,30,0,0,,0,,0,,0,,0,,4.6,6.3,61.2,10.3,65.8,98.1,43.8,7.3,20.6,35.2,162.5,20.9,18.6,191.8,42.9,127,457,463,266,24,3,125,32,5,136,32,5,136,364,1089,0,Head Trainer
,0,1990,5,BUF,119422,17,0,0,,1,0,0,0,0,0,0,0,0,0,0,0,0,0,0,0,0,0,0,522,410,599,410,6,4477,4703,6264,6707,1561,32,103.9,35.2,7.5,10.9,5.4,263.4,2230,4477,22,32,58,92,92,61,55,18,53,9,107,16,11,9,485,68,17,67,12,117,,,34,251,858,85,87,102,51,2,18,15,2,1,0,0,115,949,87,3757,35,27,194,0,84,1995,0,0,8,7,17,7,0,7,7,15,4,39,33,53,52,23,0,0,,0,,0,,0,,0,,4.3,7.5,68.4,10.9,84.6,98.1,43.2,7.2,23.8,30.7,131.2,19.7,24.1,263.4,42,151,487,495,448,16,1,103,50,9,172,50,9,172,427,599,601,Head Trainer
,0,1991,5,BUF,119422,1,0,0,,0,0,0,0,0,0,0,0,0,0,0,0,0,0,0,0,0,0,0,23,25,37,25,0,203,254,318,353,64,1,90.3,37,5.5,8.1,5.1,203,150,203,2,1,49,22,22,55,35,4,0,0,0,1,1,0,22,4,0,3,1,5,,,2,17,45,3,3,9,4,0,1,0,0,0,0,0,9,70,5,202,1,3,-4,0,5,122,0,0,0,0,0,0,0,0,0,0,0,0,0,3,3,1,0,0,,0,,0,,0,,0,,6.5,5.5,67.6,8.1,0,100,40.4,-1.3,24.4,23,150,21.7,25,203,28,3,21,21,28,1,1,5,1,0,7,1,0,7,31,40,41,
,0,1988,9,LON,120357,17,0,0,,1,0,0,0,0,0,0,0,0,0,0,0,0,0,0,0,0,0,0,672,247,375,247,2,3512,3731,6147,6456,2416,26,116.9,22.1,9.4,14.2,6.7,206.6,2944,3512,18,26,71,54,54,70,34,46,57,8,96,28,16,13,550,98,12,51,13,103,,,27,202,842,93,47,69,23,1,13,19,0,0,0,0,103,897,86,4185,35,39,393,0,70,1430,0,1,8,9,11,4,1,6,7,8,3,33,25,44,44,18,0,0,,0,,0,,0,,0,,4.4,9.4,65.9,14.2,75.8,100,48.7,10.1,20.4,39.5,173.2,20.8,14.5,206.6,52.2,119,383,385,422,16,3,140,61,11,129,61,11,129,400,911,0,OL Coach
,0,1989,9,LON,120357,17,0,0,,1,0,0,0,0,0,0,0,0,0,0,0,0,0,0,0,0,0,0,561,240,391,240,5,3967,3792,5582,6358,1790,32,117.5,23,10.1,16.5,10.7,233.4,2391,3967,17,32,55,82,82,70,94,20,52,11,172,11,5,27,521,105,26,84,21,97,,,47,386,849,110,42,108,30,1,12,10,3,1,0,1,87,663,85,4033,31,39,262,0,67,1495,0,9,4,8,9,7,9,4,6,8,2,37,29,49,47,22,0,0,,0,,0,,0,,0,,4.3,10.1,61.4,16.5,78.4,95.9,47.4,6.7,22.3,33,140.6,17.3,14.1,233.4,54.6,134,446,452,367,16,6,97,63,17,131,63,17,131,468,1072,0,OL Coach
,0,1990,9,LON,120357,17,0,0,,1,0,0,0,0,0,0,0,0,0,0,0,0,0,0,0,0,0,0,393,339,539,339,5,6080,4446,6414,7997,1968,57,132.9,31.7,11.3,17.9,9.6,357.6,1917,6080,22,57,58,88,88,72,59,65,55,13,261,9,3,45,708,100,21,77,17,84,,,57,448,945,77,43,123,27,0,16,17,3,0,0,1,117,1030,70,3358,28,18,175,0,79,1636,0,0,4,12,12,6,0,2,11,10,3,34,26,81,79,25,0,0,,0,,0,,0,,0,,4.9,11.3,62.9,17.9,76.5,97.5,48,9.7,20.7,23.1,112.8,17.3,19.9,357.6,53.7,157,649,649,407,14,4,68,99,31,182,99,31,182,536,520,801,OL Coach
,0,1991,9,LON,120357,1,0,0,,0,0,0,0,0,0,0,0,0,0,0,0,0,0,0,0,0,0,0,29,17,29,17,0,326,242,319,402,77,1,109.3,29,11.2,19.2,14.7,326,76,326,0,1,20,68,68,56,32,14,51,0,0,0,0,0,42,1,0,9,1,5,,,5,45,31,3,1,6,7,0,2,1,0,0,0,0,3,15,3,152,1,2,14,0,3,61,0,0,1,2,1,1,0,1,1,1,1,5,4,1,1,1,0,0,,0,,0,,0,,0,,2.6,11.2,58.6,19.2,80,100,50.7,7,20.3,29,76,17.2,17,326,76.5,13,19,19,14,0,0,5,6,1,13,6,1,13,18,28,32,
,0,1988,8,SEA,122637,17,0,0,,0,6,11,0,0.353,0,0,0,0,0,0,0,0,0,0,0,0,0,0,460,402,587,402,7,4014,4095,6693,6165,2598,26,97.4,34.5,6.8,10,4.1,236.1,2151,4014,22,26,36,88,88,62,38,18,51,6,85,9,5,17,486,94,23,44,15,108,,,25,178,829,84,33,73,33,0,21,11,1,0,0,0,96,834,75,3428,33,36,263,0,73,1609,0,1,6,8,18,5,1,4,6,11,2,38,24,49,47,20,0,0,,0,,0,,0,,0,,4.7,6.8,68.5,10,63.2,95.9,45.7,7.3,22,27.1,126.5,22.6,23.6,236.1,42.8,119,413,413,476,9,0,104,29,8,172,29,8,172,407,1149,0,Head Coach
,0,1989,8,SEA,122637,17,0,0,,1,12,5,0,0.706,0,0,0,0,1,0,0,0,0,0,0,0,0,0,393,389,593,389,10,3826,3600,5867,5752,2267,32,94.6,34.9,6.5,9.8,4.5,225.1,1926,3826,17,32,60,61,61,65,103,27,54,9,194,17,10,1,444,96,12,80,10,122,,,28,221,833,70,46,113,59,0,14,9,2,0,0,0,98,733,71,3358,42,30,287,0,62,1567,1,1,5,9,14,2,1,2,7,9,2,31,21,51,49,21,0,0,,0,,0,,0,,0,,4.9,6.5,65.6,9.8,67.7,96.1,47.3,9.6,25.3,23.1,113.3,25.4,22.9,225.1,40.6,112,424,426,335,12,2,100,35,6,158,35,6,158,412,1268,0,Head Coach
,0,1990,8,SEA,122637,17,0,0,,0,6,11,0,0.353,0,0,0,0,0,0,0,0,0,0,0,0,0,0,564,332,487,332,4,3145,4679,6974,5841,2295,29,102.2,28.6,6.5,9.5,6.7,185,2696,3145,17,29,61,52,52,66,42,67,50,6,79,19,12,7,422,112,11,73,12,110,,,35,256,822,64,29,77,48,0,13,12,0,0,0,1,105,849,90,4359,40,32,368,0,94,1829,0,1,4,9,11,3,1,3,8,9,1,28,22,44,43,12,0,0,,0,,0,,0,,0,,4.8,6.5,68.2,9.5,78.6,97.7,48.4,11.5,19.5,33.2,158.6,22.9,19.5,185,40.7,109,385,387,468,17,2,129,22,2,135,22,2,135,491,485,697,Head Coach
,0,1991,8,SEA,122637,1,0,0,,0,0,1,0,0,0,0,0,0,0,0,0,0,0,0,0,0,0,0,29,27,36,27,0,223,228,366,363,138,1,99.7,36,6.2,8.3,5.3,223,140,223,1,1,17,17,17,35,40,0,52,0,0,2,1,0,19,8,1,2,1,8,,,2,6,46,3,1,2,3,0,0,1,0,0,0,0,3,35,1,35,0,0,0,0,5,154,0,0,1,0,2,1,0,1,0,2,1,4,4,2,2,0,0,0,,0,,0,,0,,0,,4.8,6.2,75,8.3,100,100,35,0,30.8,29,140,27.6,27,223,51.9,14,26,26,31,0,0,8,0,0,14,0,0,14,18,36,22,
,0,1988,17,CHC,123081,17,0,0,,1,0,0,0,0,0,0,0,0,0,0,0,0,0,0,0,0,0,0,481,358,542,358,11,3941,3270,4906,5770,1636,19,90.7,31.9,7.3,11,7,231.8,1829,3941,17,19,55,83,83,63,36,57,52,9,185,12,4,11,403,72,21,58,26,134,,,41,308,781,100,57,91,37,0,9,11,2,0,0,0,108,933,79,3554,27,41,295,0,69,1506,0,1,11,16,8,2,1,9,16,7,1,38,34,36,36,19,0,0,,0,,0,,0,,0,,3.8,7.3,66.1,11,89.5,100,45,7.2,21.8,28.3,107.6,17.5,21.1,231.8,42.5,138,366,368,303,14,4,84,45,8,152,45,8,152,349,1108,0,Special Teams Coach
,0,1989,17,CHC,123081,17,0,0,,0,0,0,0,0,0,0,0,0,0,0,0,0,0,0,0,0,0,0,362,390,608,390,11,3780,3874,6436,5246,2562,28,89.3,35.8,6.2,9.7,9.8,222.4,1466,3780,8,28,40,73,73,64,41,67,49,11,194,16,8,12,421,109,27,92,39,138,,,66,494,765,61,34,117,25,0,11,12,0,0,0,0,96,811,89,3935,27,25,177,0,92,1979,0,0,7,4,7,1,0,7,4,6,0,19,17,36,34,7,0,0,,0,,0,,0,,0,,4,6.2,64.1,9.7,89.5,94.4,44.2,7.1,21.5,21.3,86.2,21.8,22.9,222.4,39.7,85,301,301,551,7,0,79,33,6,155,33,6,155,413,1266,0,Special Teams Coach
,0,1990,17,CHC,123081,17,0,0,,0,0,0,0,0,0,0,0,0,0,0,0,0,0,0,0,0,0,0,512,314,530,314,7,2795,4103,7541,4582,3438,15,77.4,31.2,5.3,8.9,8.5,164.4,1787,2795,16,15,65,41,41,64,97,18,57,14,214,8,4,27,426,103,17,74,23,151,,,49,366,771,51,20,87,35,0,9,9,1,0,0,0,120,893,93,4259,42,22,190,0,112,2576,1,1,6,8,12,6,1,6,8,8,6,33,29,31,31,9,0,0,,0,,0,,0,,0,,3.5,5.3,59.2,8.9,87.9,100,45.8,8.6,23,30.1,105.1,16,18.5,164.4,39.2,118,316,316,650,8,3,82,18,1,123,18,1,123,351,531,555,Special Teams Coach
,0,1991,17,CHC,123081,1,0,0,,0,0,0,0,0,0,0,0,0,0,0,0,0,0,0,0,0,0,0,29,18,26,18,0,181,246,360,239,114,1,101.6,26,7,10.1,0,181,58,181,0,1,12,31,31,59,35,0,54,0,0,2,2,0,21,5,2,2,0,5,,,0,0,46,8,3,1,2,0,1,0,0,0,0,0,8,52,4,169,2,0,0,0,6,140,0,0,0,0,1,1,0,0,0,1,1,2,2,1,1,1,0,0,,0,,0,,0,,0,,2,7,69.2,10.1,100,100,42.2,0,23.3,29,58,20.7,18,181,55.6,7,13,13,37,0,0,6,2,0,10,2,0,10,29,26,35,
,0,1988,19,WAS,126604,17,0,0,,0,0,0,0,0,0,0,0,0,0,0,0,0,0,0,0,0,0,0,660,251,407,251,13,2625,3421,6965,5428,3544,19,82.6,23.9,6.4,10.5,6.9,154.4,2803,2625,21,19,55,49,49,62,43,17,48,9,110,16,9,34,396,115,21,48,17,144,,,30,206,861,88,10,67,22,1,18,16,1,0,0,1,93,708,82,3820,32,25,189,0,97,2393,0,1,3,6,17,2,1,1,3,8,0,29,13,39,38,10,0,0,,0,,0,,0,,0,,4.2,6.4,61.7,10.5,44.8,97.4,46.6,7.6,24.7,38.8,164.9,21.5,14.8,154.4,41.8,77,323,327,541,11,2,142,28,3,105,28,3,105,348,910,0,Defensive Coordinator
,0,1989,19,WAS,126604,17,0,0,,0,0,0,0,0,0,0,0,0,0,0,0,0,0,0,0,0,0,0,545,292,482,292,15,3137,4150,5930,5864,1780,19,79.9,28.4,6.5,10.7,6.9,184.5,2727,3137,16,19,56,66,66,61,43,18,52,7,104,12,9,47,481,89,23,63,21,149,,,36,221,790,92,45,86,40,0,21,11,3,1,0,0,110,874,70,3122,23,30,174,0,77,1637,0,3,8,9,7,4,3,6,6,5,2,31,22,38,38,16,0,0,,0,,0,,0,,0,,5,6.5,60.6,10.7,71,100,44.6,5.8,21.3,32.1,160.4,22.9,17.2,184.5,45.5,104,332,332,439,22,7,125,28,9,133,28,9,133,426,1089,0,Defensive Coordinator
,0,1990,19,WAS,126604,17,0,0,,0,0,0,0,0,0,0,0,0,0,0,0,0,0,0,0,0,0,0,553,274,506,274,16,2768,4523,7312,5270,2789,23,72,29.8,5.5,10.1,3.8,162.8,2502,2768,20,23,86,57,57,61,43,49,51,8,262,17,6,51,461,99,29,50,6,121,,,20,134,820,70,18,71,30,1,17,23,2,0,0,0,131,1040,83,3754,35,23,203,0,99,2581,0,2,3,8,13,4,2,2,7,13,2,30,26,44,43,14,0,0,,0,,0,,0,,0,,4.5,5.5,54.2,10.1,86.7,97.7,45.2,8.8,26.1,32.5,147.2,20.8,16.1,162.8,45.6,121,391,395,609,13,3,115,26,3,125,26,3,125,453,503,608,Defensive Coordinator
,0,1991,19,WAS,126604,1,0,0,,0,0,0,0,0,0,0,0,0,0,0,0,0,0,0,0,0,0,0,32,18,23,18,0,246,181,239,360,58,3,150.8,23,10.7,13.7,11.5,246,114,246,1,3,16,33,33,56,32,18,39,0,0,1,0,12,28,2,0,2,1,5,,,3,6,46,11,0,5,1,0,2,3,0,0,0,0,10,71,2,103,2,3,29,0,2,31,0,0,1,2,0,0,0,1,2,0,0,3,3,4,4,1,0,0,,0,,0,,0,,0,,3.6,10.7,78.3,13.7,100,100,51.5,9.7,15.5,32,114,25,18,246,55.6,13,37,37,13,0,0,8,3,0,10,3,0,10,20,27,28,
,0,1988,15,SF,127300,17,0,0,,0,0,0,0,0,0,0,0,0,0,0,0,0,0,0,0,0,0,0,585,325,493,325,16,3632,2930,5701,6280,2771,38,99.9,29,7.4,11.2,3.5,213.6,2648,3632,19,38,87,66,66,62,89,60,47,8,162,15,7,13,467,105,16,52,9,86,,,18,137,876,78,33,76,33,0,15,14,2,0,0,0,94,722,73,3297,26,32,320,0,83,1794,0,2,7,8,8,0,2,6,5,6,0,25,19,57,57,18,0,0,,0,,0,,0,,0,,4.5,7.4,65.9,11.2,76,100,45.2,10,21.6,34.4,155.8,21.5,19.1,213.6,40.9,114,468,470,434,21,8,126,41,14,133,41,14,133,340,999,0,Head Trainer
,0,1989,15,SF,127300,17,0,0,,1,0,0,0,0,0,0,0,0,0,0,0,0,0,0,0,0,0,0,539,386,584,386,3,4476,3411,5457,6928,2046,39,109.2,34.4,7.7,11.6,4.4,263.3,2452,4476,23,39,66,90,90,66,96,24,52,13,247,16,8,12,518,78,15,70,12,83,,,27,165,756,83,50,112,44,2,22,19,3,1,0,0,100,845,71,3421,26,34,209,0,60,1343,1,2,8,2,17,5,1,7,2,10,2,34,22,64,61,23,0,0,,0,,0,,0,,0,,4.5,7.7,66.1,11.6,64.7,95.3,48.2,6.1,22.4,31.7,144.2,22.8,22.7,263.3,42,127,523,531,305,15,2,123,51,14,162,51,14,162,365,1199,0,Head Trainer
,0,1990,15,SF,127300,17,0,0,,1,0,0,0,0,0,0,0,0,0,0,0,0,0,0,0,0,0,0,614,338,469,338,7,3499,3573,6374,6159,2801,26,105.5,27.6,7.5,10.4,4.7,205.8,2660,3499,27,26,67,84,84,66,37,78,51,12,193,12,9,9,430,127,7,77,6,68,,,23,163,792,71,25,110,34,0,7,6,3,0,0,0,100,929,77,3657,38,37,436,0,85,1604,0,1,7,5,10,4,1,6,4,9,2,27,22,51,51,14,0,0,,0,,0,,0,,0,,4.3,7.5,72.1,10.4,81.5,100,47.5,11.8,18.9,36.1,156.5,21.3,19.9,205.8,43.8,117,453,461,453,14,2,131,32,7,148,32,7,148,388,474,620,Head Trainer
,0,1991,15,SF,127300,1,0,0,,0,0,0,0,0,0,0,0,0,0,0,0,0,0,0,0,0,0,0,53,28,42,28,2,253,280,485,487,205,0,62.9,42,6,9,2.3,253,234,253,2,0,39,27,27,60,30,18,48,2,0,2,0,0,36,17,1,7,0,7,,,1,10,83,6,5,12,5,0,1,3,0,1,0,0,17,108,10,445,2,2,18,0,6,128,0,0,0,1,1,0,0,0,1,1,0,2,2,2,2,2,0,0,,0,,0,,0,,0,,4.4,6,66.7,9,100,100,44.5,9,21.3,53,234,20.8,28,253,53.6,8,20,20,31,1,0,11,2,0,15,2,0,15,27,41,46,
,0,1988,13,MIN,129311,17,0,0,,0,0,0,0,0,0,0,0,0,0,0,0,0,0,0,0,0,0,0,693,227,331,227,5,3238,3156,5948,6326,2792,20,113.8,19.5,9.8,14.3,6.8,190.5,3088,3238,33,20,50,87,87,61,95,66,56,12,91,7,4,14,591,91,13,76,7,57,,,24,197,757,77,16,103,36,0,12,9,1,0,0,0,90,763,73,3321,33,35,381,0,78,1817,1,1,10,9,9,6,1,8,9,4,4,35,26,54,52,19,0,0,,0,,0,,0,,0,,4.5,9.8,68.6,14.3,74.3,96.3,45.5,10.9,23.3,40.8,181.6,21.2,13.4,190.5,55.1,130,460,462,415,16,2,147,50,11,125,50,11,125,324,866,0,RB and Receivers Coach
,0,1989,13,MIN,129311,17,0,0,,1,0,0,0,0,0,0,0,0,0,0,0,0,0,0,0,0,0,0,601,244,378,244,6,3467,3841,5715,6002,1874,22,106.9,22.2,9.2,14.2,10.4,203.9,2535,3467,27,22,57,72,72,61,43,35,49,8,143,11,8,28,623,56,20,91,26,95,,,44,326,737,76,29,108,58,0,19,11,1,0,0,0,70,581,69,3166,31,33,302,0,71,1513,0,3,4,14,13,2,3,3,11,10,0,36,27,49,47,15,0,0,,0,,0,,0,,0,,4.2,9.2,64.6,14.2,75,95.9,45.9,9.2,21.3,35.4,149.1,21.6,14.4,203.9,51.2,128,428,428,359,10,2,130,52,9,125,52,9,125,397,1034,0,RB and Receivers Coach
,0,1990,13,MIN,129311,17,0,0,,0,0,0,0,0,0,0,0,0,0,0,0,0,0,0,0,0,0,0,468,292,465,292,8,4520,4403,6200,6507,1797,43,118.6,27.4,9.7,15.5,8.8,265.9,1987,4520,19,43,72,83,83,61,43,58,52,8,158,8,5,1,709,62,21,58,28,105,,,45,332,821,75,25,90,37,0,4,5,1,0,0,1,108,890,68,2992,19,21,261,0,87,2045,0,2,6,7,10,3,2,6,6,7,2,28,23,62,60,17,0,0,,0,,0,,0,,0,,4.2,9.7,62.8,15.5,82.1,96.8,44,12.4,23.5,27.5,116.9,20.7,17.2,265.9,49.7,129,507,509,460,11,2,97,78,16,145,78,16,145,450,457,615,RB and Receivers Coach
,0,1991,13,MIN,129311,1,0,0,,0,0,0,0,0,0,0,0,0,0,0,0,0,0,0,0,0,0,0,32,17,22,17,0,228,223,363,366,140,3,149.2,22,10.4,13.4,4.3,228,138,228,1,3,24,48,48,64,39,0,17,0,0,0,0,2,22,10,0,4,1,4,,,1,11,56,4,2,6,2,0,2,1,0,0,0,0,2,20,3,145,2,1,0,0,7,167,0,1,0,0,0,0,1,0,0,0,0,1,1,4,4,2,0,0,,0,,0,,0,,0,,4.3,10.4,77.3,13.4,100,100,48.3,0,23.9,32,138,18.8,17,228,47.1,7,31,31,26,1,0,6,3,2,8,3,2,8,34,21,44,
,0,1988,9,LON,131985,17,0,0,,1,0,0,0,0,0,0,0,0,0,0,0,0,0,0,0,0,0,0,672,247,375,247,2,3512,3731,6147,6456,2416,26,116.9,22.1,9.4,14.2,6.7,206.6,2944,3512,18,26,71,54,54,70,34,46,57,8,96,28,16,13,550,98,12,51,13,103,,,27,202,842,93,47,69,23,1,13,19,0,0,0,0,103,897,86,4185,35,39,393,0,70,1430,0,1,8,9,11,4,1,6,7,8,3,33,25,44,44,18,0,0,,0,,0,,0,,0,,4.4,9.4,65.9,14.2,75.8,100,48.7,10.1,20.4,39.5,173.2,20.8,14.5,206.6,52.2,119,383,385,422,16,3,140,61,11,129,61,11,129,400,911,0,Special Teams Coach
,0,1989,9,LON,131985,17,0,0,,1,0,0,0,0,0,0,0,0,0,0,0,0,0,0,0,0,0,0,561,240,391,240,5,3967,3792,5582,6358,1790,32,117.5,23,10.1,16.5,10.7,233.4,2391,3967,17,32,55,82,82,70,94,20,52,11,172,11,5,27,521,105,26,84,21,97,,,47,386,849,110,42,108,30,1,12,10,3,1,0,1,87,663,85,4033,31,39,262,0,67,1495,0,9,4,8,9,7,9,4,6,8,2,37,29,49,47,22,0,0,,0,,0,,0,,0,,4.3,10.1,61.4,16.5,78.4,95.9,47.4,6.7,22.3,33,140.6,17.3,14.1,233.4,54.6,134,446,452,367,16,6,97,63,17,131,63,17,131,468,1072,0,Special Teams Coach
,0,1990,9,LON,131985,17,0,0,,1,0,0,0,0,0,0,0,0,0,0,0,0,0,0,0,0,0,0,393,339,539,339,5,6080,4446,6414,7997,1968,57,132.9,31.7,11.3,17.9,9.6,357.6,1917,6080,22,57,58,88,88,72,59,65,55,13,261,9,3,45,708,100,21,77,17,84,,,57,448,945,77,43,123,27,0,16,17,3,0,0,1,117,1030,70,3358,28,18,175,0,79,1636,0,0,4,12,12,6,0,2,11,10,3,34,26,81,79,25,0,0,,0,,0,,0,,0,,4.9,11.3,62.9,17.9,76.5,97.5,48,9.7,20.7,23.1,112.8,17.3,19.9,357.6,53.7,157,649,649,407,14,4,68,99,31,182,99,31,182,536,520,801,Special Teams Coach
,0,1991,9,LON,131985,1,0,0,,0,0,0,0,0,0,0,0,0,0,0,0,0,0,0,0,0,0,0,29,17,29,17,0,326,242,319,402,77,1,109.3,29,11.2,19.2,14.7,326,76,326,0,1,20,68,68,56,32,14,51,0,0,0,0,0,42,1,0,9,1,5,,,5,45,31,3,1,6,7,0,2,1,0,0,0,0,3,15,3,152,1,2,14,0,3,61,0,0,1,2,1,1,0,1,1,1,1,5,4,1,1,1,0,0,,0,,0,,0,,0,,2.6,11.2,58.6,19.2,80,100,50.7,7,20.3,29,76,17.2,17,326,76.5,13,19,19,14,0,0,5,6,1,13,6,1,13,18,28,32,
,0,1988,2,MIA,132834,17,0,0,,1,0,0,0,0,0,0,0,0,0,0,0,0,0,0,0,0,0,0,466,323,469,323,10,4011,3099,5703,5994,2604,36,111.8,27.6,8.6,12.4,5.8,235.9,1983,4011,16,36,75,72,72,62,34,17,47,7,150,18,8,15,400,119,11,67,7,99,,,29,220,835,108,30,79,36,1,15,17,1,0,0,0,98,851,77,3581,31,26,60,0,72,1435,0,1,5,7,6,2,1,4,4,6,0,21,15,49,49,17,0,0,,0,,0,,0,,0,,4.3,8.6,68.9,12.4,71.4,100,46.5,2.3,19.9,27.4,116.6,17.8,19,235.9,42.7,94,412,420,386,15,4,83,51,15,138,51,15,138,348,1016,0,DL Coach
,0,1989,2,MIA,132834,17,0,0,,1,0,0,0,0,0,0,0,0,0,0,0,0,0,0,0,0,0,0,399,389,580,389,14,4514,3817,5922,5975,2105,33,99.3,34.1,7.8,11.6,8.1,265.5,1461,4514,12,33,57,77,77,54,35,18,52,13,182,6,2,37,503,93,20,73,20,136,,,51,427,784,55,51,85,48,0,16,11,2,0,0,0,104,875,86,3567,25,28,167,0,68,1439,0,2,5,5,14,9,2,4,5,9,4,35,24,46,45,16,0,0,,0,,0,,0,,0,,3.7,7.8,67.1,11.6,68.6,97.8,41.5,6,21.2,23.5,85.9,16.5,22.9,265.5,44.5,117,399,401,383,5,2,66,56,16,173,56,16,173,411,1239,0,DL Coach
,0,1990,2,MIA,132834,17,0,0,,1,0,0,0,0,0,0,0,0,0,0,0,0,0,0,0,0,0,0,439,406,593,406,10,4626,3732,5726,6535,1994,34,103.7,34.9,7.8,11.4,4.8,272.1,1909,4626,22,34,69,76,76,68,98,19,52,8,125,10,4,13,491,89,17,73,7,89,,,30,239,777,75,39,75,47,0,11,12,2,0,0,1,127,964,62,3083,32,22,210,0,70,1557,1,1,6,13,10,3,1,4,8,5,2,33,20,57,57,20,0,0,,0,,0,,0,,0,,4.3,7.8,68.5,11.4,60.6,100,49.7,9.5,22.2,25.8,112.3,18,23.9,272.1,43.3,117,471,473,386,19,3,79,58,10,176,58,10,176,416,587,615,DL Coach
,0,1991,2,MIA,132834,1,0,0,,0,0,0,0,0,0,0,0,0,0,0,0,0,0,0,0,0,0,0,20,25,38,25,0,254,203,353,318,150,2,102.3,38,6.7,10.2,7.3,254,64,254,1,2,12,45,45,63,24,8,49,0,0,1,0,6,37,5,1,6,1,11,,,3,33,47,3,2,7,0,0,1,2,0,0,0,0,7,40,5,263,2,1,8,0,4,74,0,0,1,0,1,0,0,1,0,1,0,2,2,2,2,1,0,0,,0,,0,,0,,0,,3.2,6.7,65.8,10.2,100,100,52.6,8,18.5,20,64,25,25,254,40,8,26,28,21,0,0,5,4,1,10,4,1,10,38,35,52,
,0,1988,12,DET,136285,17,0,0,,1,0,0,0,0,0,0,0,0,0,0,0,0,0,0,0,0,0,0,637,342,475,342,6,3663,3027,5167,6420,2140,31,110.7,27.9,7.7,10.7,4.2,215.5,2757,3663,29,31,62,80,80,66,36,18,54,8,130,20,11,17,487,69,21,63,9,71,,,21,160,841,105,40,75,42,0,28,26,1,0,0,0,83,695,65,2927,19,31,264,0,69,1298,0,4,12,12,4,10,4,12,11,3,5,42,35,57,57,25,0,0,,0,,0,,0,,0,,4.3,7.7,72,10.7,83.3,100,45,8.5,18.8,37.5,162.2,19.8,20.1,215.5,47.7,162,528,532,301,13,4,126,33,5,163,33,5,163,349,1008,0,QB Coach
,0,1989,12,DET,136285,17,0,0,,1,0,0,0,0,0,0,0,0,0,0,0,0,0,0,0,0,0,0,510,350,512,350,13,4146,4001,5534,6515,1533,43,110.2,30.1,8.1,11.8,6.7,243.9,2369,4146,24,43,48,74,74,67,104,72,49,18,310,19,8,14,509,81,20,101,15,83,,,37,256,800,81,29,145,53,0,12,17,4,0,0,1,98,829,83,4066,38,32,442,0,76,1700,1,5,6,9,11,2,5,6,8,8,0,33,27,70,69,26,0,0,,0,,0,,0,,0,,4.6,8.1,68.4,11.8,81.8,98.6,49,13.8,22.4,30,139.4,22.4,20.6,243.9,40.9,150,582,584,329,12,3,114,48,12,143,48,12,143,441,1259,0,QB Coach
,0,1990,12,DET,136285,17,0,0,,0,0,0,0,0,0,0,0,0,0,0,0,0,0,0,0,0,0,0,436,419,616,419,9,4570,4060,6095,6306,2035,33,101.4,36.2,7.4,10.9,4.8,268.8,1736,4570,19,33,67,83,83,69,42,26,51,11,157,20,16,58,550,120,22,77,14,88,,,31,251,856,83,33,97,31,0,18,17,3,1,0,0,109,938,80,3635,30,27,232,0,83,1714,0,3,7,6,12,4,3,7,5,7,1,32,23,54,54,14,0,0,,0,,0,,0,,0,,4,7.4,68,10.9,71.9,100,45.4,8.6,20.7,25.6,102.1,17,24.6,268.8,43,123,453,455,436,10,2,74,45,12,180,45,12,180,444,611,644,QB Coach
,0,1991,12,DET,136285,1,0,0,,0,0,0,0,0,0,0,0,0,0,0,0,0,0,0,0,0,0,0,26,25,39,25,0,289,260,283,360,23,1,94.9,39,7.4,11.6,0,289,71,289,3,1,13,43,43,65,32,17,48,1,-2,1,1,0,32,3,3,5,0,5,,,0,0,45,6,3,6,2,0,0,0,0,0,0,0,5,35,4,179,1,2,29,0,3,58,0,0,0,0,2,0,0,0,0,2,0,2,2,4,4,2,0,0,,0,,0,,0,,0,,2.7,7.4,64.1,11.6,100,100,44.8,14.5,19.3,26,71,11.5,25,289,48,10,34,34,10,0,0,3,4,1,12,4,1,12,35,38,48,
,0,1988,18,BAL,136373,17,0,0,,0,0,0,0,0,0,0,0,0,0,0,0,0,0,0,0,0,0,0,632,285,408,285,11,3029,4406,7864,6316,3458,25,100.4,24,7.4,10.6,2.6,178.2,3287,3029,28,25,76,58,58,69,42,20,57,13,215,23,10,50,450,117,22,64,3,113,,,11,84,870,69,23,75,35,0,25,28,2,1,0,0,102,898,70,3401,32,19,146,0,93,2028,0,1,5,8,8,6,1,4,8,5,5,28,23,52,49,17,0,0,,0,,0,,0,,0,,5.2,7.4,69.9,10.6,82.1,94.2,48.6,7.7,21.8,37.2,193.4,23.4,16.8,178.2,43.5,118,448,452,529,22,5,148,31,7,124,31,7,124,429,1006,0,Defensive Coordinator
,0,1989,18,BAL,136373,17,0,0,,1,0,0,0,0,0,0,0,0,0,0,0,0,0,0,0,0,0,0,629,289,406,289,8,3032,3648,5197,5670,1549,21,101.5,23.9,7.5,10.5,5.1,178.4,2638,3032,18,21,60,54,54,70,103,20,52,13,140,12,3,72,436,73,8,89,11,75,,,22,174,775,82,35,106,44,1,22,21,3,0,0,1,86,692,67,3114,24,38,264,0,60,1400,1,0,5,14,19,7,0,4,12,14,4,45,34,41,40,25,0,0,,0,,0,,0,,0,,4.2,7.5,71.2,10.5,75.6,97.6,46.5,6.9,23.3,37,155.2,20.2,17,178.4,46.7,142,400,404,299,17,7,127,31,3,135,31,3,135,403,1032,0,Defensive Coordinator
,0,1990,18,BAL,136373,17,0,0,,1,0,0,0,0,0,0,0,0,0,0,0,0,0,0,0,0,0,0,629,311,455,311,10,3281,3983,5906,6360,1923,32,103.4,26.8,7.2,10.5,4,193,3079,3281,27,32,70,59,59,67,98,17,56,17,279,12,6,30,516,94,9,88,10,91,,,19,149,789,66,27,105,31,0,11,11,2,0,0,2,110,935,65,3142,29,23,89,0,78,1938,0,0,8,9,13,6,0,7,8,8,3,36,26,60,60,26,0,0,,0,,0,,0,,0,,4.9,7.2,68.4,10.5,72.2,100,48.3,3.9,24.8,37,181.1,24,18.3,193,45.3,138,504,504,401,18,5,151,31,4,141,31,4,141,432,456,658,Defensive Coordinator
,0,1991,18,BAL,136373,1,0,0,,0,0,0,0,0,0,0,0,0,0,0,0,0,0,0,0,0,0,0,30,23,34,23,1,247,302,411,410,109,2,96.1,34,7.3,10.7,15,247,163,247,2,2,22,47,47,60,39,10,45,0,0,5,3,3,37,9,1,6,3,7,,,6,43,44,5,0,11,1,0,1,3,0,0,0,0,5,30,4,208,3,3,20,0,8,219,0,0,0,0,1,0,0,0,0,1,0,1,1,4,4,1,0,0,,0,,0,,0,,0,,5.4,7.3,67.6,10.7,100,100,52,6.7,27.4,30,163,26.7,23,247,39.1,7,31,31,37,2,0,8,3,1,9,3,1,9,28,34,43,
,0,1988,17,CHC,137260,17,0,0,,1,10,7,0,0.588,1,0,1,0,1,0,0,0,0,0,0,0,0,0,481,358,542,358,11,3941,3270,4906,5770,1636,19,90.7,31.9,7.3,11,7,231.8,1829,3941,17,19,55,83,83,63,36,57,52,9,185,12,4,11,403,72,21,58,26,134,,,41,308,781,100,57,91,37,0,9,11,2,0,0,0,108,933,79,3554,27,41,295,0,69,1506,0,1,11,16,8,2,1,9,16,7,1,38,34,36,36,19,0,0,,0,,0,,0,,0,,3.8,7.3,66.1,11,89.5,100,45,7.2,21.8,28.3,107.6,17.5,21.1,231.8,42.5,138,366,368,303,14,4,84,45,8,152,45,8,152,349,1108,0,Head Coach
,0,1989,17,CHC,137260,17,0,0,,0,3,14,0,0.176,0,0,0,0,0,0,0,0,0,0,0,0,0,0,362,390,608,390,11,3780,3874,6436,5246,2562,28,89.3,35.8,6.2,9.7,9.8,222.4,1466,3780,8,28,40,73,73,64,41,67,49,11,194,16,8,12,421,109,27,92,39,138,,,66,494,765,61,34,117,25,0,11,12,0,0,0,0,96,811,89,3935,27,25,177,0,92,1979,0,0,7,4,7,1,0,7,4,6,0,19,17,36,34,7,0,0,,0,,0,,0,,0,,4,6.2,64.1,9.7,89.5,94.4,44.2,7.1,21.5,21.3,86.2,21.8,22.9,222.4,39.7,85,301,301,551,7,0,79,33,6,155,33,6,155,413,1266,0,Head Coach
,0,1990,17,CHC,137260,17,0,0,,0,4,13,0,0.235,0,0,0,0,0,0,0,0,0,0,0,0,0,0,512,314,530,314,7,2795,4103,7541,4582,3438,15,77.4,31.2,5.3,8.9,8.5,164.4,1787,2795,16,15,65,41,41,64,97,18,57,14,214,8,4,27,426,103,17,74,23,151,,,49,366,771,51,20,87,35,0,9,9,1,0,0,0,120,893,93,4259,42,22,190,0,112,2576,1,1,6,8,12,6,1,6,8,8,6,33,29,31,31,9,0,0,,0,,0,,0,,0,,3.5,5.3,59.2,8.9,87.9,100,45.8,8.6,23,30.1,105.1,16,18.5,164.4,39.2,118,316,316,650,8,3,82,18,1,123,18,1,123,351,531,555,Head Coach
,0,1991,17,CHC,137260,1,0,0,,0,0,1,0,0,0,0,0,0,0,0,0,0,0,0,0,0,0,0,29,18,26,18,0,181,246,360,239,114,1,101.6,26,7,10.1,0,181,58,181,0,1,12,31,31,59,35,0,54,0,0,2,2,0,21,5,2,2,0,5,,,0,0,46,8,3,1,2,0,1,0,0,0,0,0,8,52,4,169,2,0,0,0,6,140,0,0,0,0,1,1,0,0,0,1,1,2,2,1,1,1,0,0,,0,,0,,0,,0,,2,7,69.2,10.1,100,100,42.2,0,23.3,29,58,20.7,18,181,55.6,7,13,13,37,0,0,6,2,0,10,2,0,10,29,26,35,
,0,1988,3,GB,140305,17,0,0,,0,9,8,0,0.529,0,0,0,0,0,0,0,0,0,0,0,0,0,0,526,312,462,312,15,3467,2837,5267,5988,2430,26,94.9,27.2,7.5,11.1,6.3,203.9,2521,3467,20,26,46,76,76,61,37,67,50,8,104,25,15,9,469,66,15,45,15,91,,,31,241,870,90,25,73,30,0,11,15,1,0,0,0,76,596,65,2933,25,26,174,0,72,1551,0,2,9,5,8,4,2,7,3,6,1,28,19,46,45,17,0,0,,0,,0,,0,,0,,4.8,7.5,67.5,11.1,67.9,97.8,45.1,6.7,21.5,30.9,148.3,23.6,18.4,203.9,45.2,102,384,384,330,15,1,124,42,9,141,42,9,141,362,1003,0,Head Coach
,0,1989,3,GB,140305,17,0,0,,0,5,12,0,0.294,0,0,0,0,0,0,0,0,0,0,0,0,0,0,406,348,649,348,5,3789,3902,6251,5428,2349,28,82.3,38.2,5.8,10.9,8.5,222.9,1639,3789,12,28,39,59,59,61,87,18,51,11,123,23,8,22,431,91,30,50,32,200,,,60,383,858,119,33,86,30,1,18,22,2,0,0,0,108,970,109,4852,40,31,162,0,95,2248,0,0,4,6,11,7,0,3,5,7,4,28,19,42,42,9,0,0,,0,,0,,0,,0,,4,5.8,53.6,10.9,67.9,100,44.5,5.2,23.7,23.9,96.4,17,20.5,222.9,41.7,99,351,353,520,15,0,69,35,8,145,35,8,145,399,1199,0,Head Coach
,0,1990,3,GB,140305,17,0,0,,0,4,13,0,0.235,0,0,0,0,0,0,0,0,0,0,0,0,0,0,577,297,469,297,10,3449,4664,7071,6001,2407,27,95.8,27.6,7.4,11.6,8.4,202.9,2552,3449,21,27,43,78,78,61,93,20,51,9,107,24,11,68,481,76,27,42,19,124,,,43,306,855,97,29,64,23,1,16,25,2,0,0,0,109,874,70,3117,29,20,181,0,106,2368,0,4,5,5,10,7,4,4,4,7,2,31,21,48,47,12,0,0,,0,,0,,0,,0,,4.4,7.4,63.3,11.6,67.7,97.9,44.5,9,22.3,33.9,150.1,23.6,17.5,202.9,41.8,110,410,414,593,15,1,136,39,11,124,39,11,124,454,466,593,Head Coach
,0,1991,3,GB,140305,1,0,0,,0,1,0,0,1,0,0,0,0,0,0,0,0,0,0,0,0,0,0,41,22,28,22,0,282,129,233,467,104,2,132.4,28,10.1,12.8,6.7,282,185,282,2,2,19,48,48,62,39,13,40,0,0,0,0,0,39,2,3,3,1,2,,,2,14,36,1,0,11,0,0,0,0,0,0,0,0,5,45,4,171,0,1,13,0,5,78,0,0,0,0,1,2,0,0,0,1,0,3,1,4,4,1,0,0,,0,,0,,0,,0,,4.5,10.1,78.6,12.8,33.3,100,42.8,13,15.6,41,185,24.4,22,282,54.5,7,31,31,20,0,0,10,3,1,12,3,1,12,14,28,26,
,0,1988,18,BAL,140718,17,0,0,,0,0,0,0,0,0,0,0,0,0,0,0,0,0,0,0,0,0,0,632,285,408,285,11,3029,4406,7864,6316,3458,25,100.4,24,7.4,10.6,2.6,178.2,3287,3029,28,25,76,58,58,69,42,20,57,13,215,23,10,50,450,117,22,64,3,113,,,11,84,870,69,23,75,35,0,25,28,2,1,0,0,102,898,70,3401,32,19,146,0,93,2028,0,1,5,8,8,6,1,4,8,5,5,28,23,52,49,17,0,0,,0,,0,,0,,0,,5.2,7.4,69.9,10.6,82.1,94.2,48.6,7.7,21.8,37.2,193.4,23.4,16.8,178.2,43.5,118,448,452,529,22,5,148,31,7,124,31,7,124,429,1006,0,OL Coach
,0,1989,18,BAL,140718,17,0,0,,1,0,0,0,0,0,0,0,0,0,0,0,0,0,0,0,0,0,0,629,289,406,289,8,3032,3648,5197,5670,1549,21,101.5,23.9,7.5,10.5,5.1,178.4,2638,3032,18,21,60,54,54,70,103,20,52,13,140,12,3,72,436,73,8,89,11,75,,,22,174,775,82,35,106,44,1,22,21,3,0,0,1,86,692,67,3114,24,38,264,0,60,1400,1,0,5,14,19,7,0,4,12,14,4,45,34,41,40,25,0,0,,0,,0,,0,,0,,4.2,7.5,71.2,10.5,75.6,97.6,46.5,6.9,23.3,37,155.2,20.2,17,178.4,46.7,142,400,404,299,17,7,127,31,3,135,31,3,135,403,1032,0,OL Coach
,0,1990,18,BAL,140718,17,0,0,,1,0,0,0,0,0,0,0,0,0,0,0,0,0,0,0,0,0,0,629,311,455,311,10,3281,3983,5906,6360,1923,32,103.4,26.8,7.2,10.5,4,193,3079,3281,27,32,70,59,59,67,98,17,56,17,279,12,6,30,516,94,9,88,10,91,,,19,149,789,66,27,105,31,0,11,11,2,0,0,2,110,935,65,3142,29,23,89,0,78,1938,0,0,8,9,13,6,0,7,8,8,3,36,26,60,60,26,0,0,,0,,0,,0,,0,,4.9,7.2,68.4,10.5,72.2,100,48.3,3.9,24.8,37,181.1,24,18.3,193,45.3,138,504,504,401,18,5,151,31,4,141,31,4,141,432,456,658,OL Coach
,0,1991,18,BAL,140718,1,0,0,,0,0,0,0,0,0,0,0,0,0,0,0,0,0,0,0,0,0,0,30,23,34,23,1,247,302,411,410,109,2,96.1,34,7.3,10.7,15,247,163,247,2,2,22,47,47,60,39,10,45,0,0,5,3,3,37,9,1,6,3,7,,,6,43,44,5,0,11,1,0,1,3,0,0,0,0,5,30,4,208,3,3,20,0,8,219,0,0,0,0,1,0,0,0,0,1,0,1,1,4,4,1,0,0,,0,,0,,0,,0,,5.4,7.3,67.6,10.7,100,100,52,6.7,27.4,30,163,26.7,23,247,39.1,7,31,31,37,2,0,8,3,1,9,3,1,9,28,34,43,
,0,1988,4,OAK,144598,17,0,0,,0,0,0,0,0,0,0,0,0,0,0,0,0,0,0,0,0,0,0,648,153,277,153,5,2451,3203,5898,5560,2695,28,111.2,16.3,8.8,16,17.1,144.2,3109,2451,20,28,76,60,60,60,41,59,55,17,450,16,8,13,499,105,21,62,37,85,,,57,425,917,111,27,79,27,0,17,16,6,0,0,1,100,923,92,4167,33,23,236,0,78,1859,0,2,6,10,7,5,2,6,5,5,5,30,23,52,51,13,0,0,,0,,0,,0,,0,,4.8,8.8,55.2,16,76.7,98.1,45.3,10.3,23.8,38.1,182.9,18.7,9,144.2,51.6,120,444,448,410,22,5,121,42,11,79,42,11,79,434,909,0,DL Coach
,0,1989,4,OAK,144598,17,0,0,,0,0,0,0,0,0,0,0,0,0,0,0,0,0,0,0,0,0,0,608,305,497,305,15,3307,3839,6297,6381,2458,22,83.1,29.2,6.7,10.8,5.7,194.5,3074,3307,19,22,62,57,57,59,108,65,49,11,110,23,8,1,536,115,28,82,16,120,,,30,204,914,77,33,119,45,0,10,20,2,0,0,1,126,1018,99,4116,31,31,328,0,85,2043,2,4,5,14,11,1,3,5,12,6,0,35,26,45,45,14,0,0,,0,,0,,0,,0,,5.1,6.7,61.4,10.8,74.3,100,41.6,10.6,24,35.8,180.8,23.2,17.9,194.5,41.3,123,393,393,444,30,5,141,36,6,126,36,6,126,461,1222,0,DL Coach
,0,1990,4,OAK,144598,17,0,0,,0,0,0,0,0,0,0,0,0,0,0,0,0,0,0,0,0,0,0,548,206,424,206,11,3166,3578,6024,5901,2446,26,83.3,24.9,7.5,15.4,14.9,186.2,2735,3166,25,26,62,77,77,60,94,17,55,8,74,9,5,0,674,83,34,78,49,153,,,74,548,878,71,34,118,48,0,11,7,2,0,0,0,122,1011,100,4344,27,23,130,0,97,2203,0,0,4,6,6,2,0,4,4,6,2,18,16,53,53,12,0,0,,0,,0,,0,,0,,5,7.5,48.6,15.4,88.9,100,43.4,5.7,22.7,32.2,160.9,23,12.1,186.2,55.3,101,419,419,465,12,4,126,54,9,114,54,9,114,449,422,705,DL Coach
,0,1991,4,OAK,144598,1,0,0,,0,0,0,0,0,0,0,0,0,0,0,0,0,0,0,0,0,0,0,60,21,42,21,2,280,253,487,485,234,1,59.6,42,6.7,13.3,10.6,280,205,280,2,1,14,50,50,61,40,15,50,2,11,1,1,0,58,6,6,6,0,12,,,5,30,79,7,1,7,2,0,2,0,0,0,0,0,5,36,7,362,3,3,16,0,4,120,0,0,1,1,1,1,0,1,1,0,1,4,3,2,2,0,0,0,,0,,0,,0,,0,,3.4,6.7,50,13.3,75,100,51.7,5.3,30,60,205,21.7,21,280,47.6,11,29,31,20,0,0,13,4,1,10,4,1,10,28,42,41,
,0,1988,7,CIN,153662,17,0,1,,1,0,0,0,0,0,0,0,0,0,0,0,0,0,0,0,0,0,0,521,349,508,349,13,3873,2769,4792,5937,2023,30,100.1,29.9,7.6,11.1,5,227.8,2064,3873,19,30,47,74,74,62,96,62,53,12,205,19,8,30,463,84,19,76,10,120,,,27,227,789,94,19,101,29,0,22,23,4,0,0,1,91,789,84,3645,30,38,289,0,68,1625,1,3,8,6,9,2,3,7,5,7,2,28,24,52,52,19,0,0,,0,,0,,0,,0,,4,7.6,68.7,11.1,85.7,100,43.4,7.6,23.9,30.6,121.4,18.4,20.5,227.8,46.4,124,448,450,270,18,2,96,39,8,162,39,8,162,346,1086,0,Defensive Coordinator
,0,1989,7,CIN,153662,17,0,0,,0,0,0,0,0,0,0,0,0,0,0,0,0,0,0,0,0,0,0,344,291,672,291,15,3151,3659,6870,4011,3211,15,55.8,39.5,4.7,10.8,10.2,185.4,860,3151,2,15,31,72,72,59,103,19,46,15,275,20,7,3,470,133,65,89,44,270,,,76,499,874,71,19,119,35,0,12,18,0,0,0,1,96,851,139,6057,38,25,118,0,97,2231,1,2,2,7,7,4,2,2,5,6,0,22,15,18,17,2,0,0,,0,,0,,0,,0,,2.5,4.7,43.3,10.8,68.2,94.4,43.6,4.7,23,20.2,50.6,12.8,17.1,185.4,44,62,170,170,517,3,0,44,34,7,128,34,7,128,458,1402,0,Defensive Coordinator
,0,1990,7,CIN,153662,17,0,0,,1,0,0,0,0,0,0,0,0,0,0,0,0,0,0,0,0,0,0,377,420,629,420,9,4884,3015,5275,6381,2260,28,99,37,7.8,11.6,4.4,287.3,1497,4884,17,28,53,72,72,69,108,75,53,6,83,17,11,2,469,90,25,83,12,116,,,29,219,754,67,49,104,57,1,5,8,1,0,0,0,119,927,73,3555,26,32,292,0,80,1721,1,0,12,9,10,4,0,11,8,7,2,35,28,45,44,18,0,0,,0,,0,,0,,0,,4,7.8,66.8,11.6,80,97.8,48.7,9.1,21.5,22.2,88.1,19.6,24.7,287.3,43.1,128,410,414,380,11,2,74,61,15,181,61,15,181,352,631,592,Defensive Coordinator
,0,1991,7,CIN,153662,1,0,0,,0,0,0,0,0,0,0,0,0,0,0,0,0,0,0,0,0,0,0,30,22,35,22,1,204,148,367,332,219,4,104.9,35,5.8,9.3,0,204,128,204,0,4,18,38,38,52,33,0,0,0,0,1,0,17,19,4,2,5,0,10,,,0,0,53,5,5,5,5,0,1,2,0,0,0,0,7,57,5,205,1,0,0,0,5,142,0,0,1,0,0,0,0,0,0,0,0,1,0,4,4,1,0,0,,0,,0,,0,,0,,4.3,5.8,62.9,9.3,0,100,41,0,28.4,30,128,23.3,22,204,40.9,4,28,28,24,0,0,7,2,0,9,2,0,9,17,34,27,
,0,1988,13,MIN,155411,17,0,0,,0,0,0,0,0,0,0,0,0,0,0,0,0,0,0,0,0,0,0,693,227,331,227,5,3238,3156,5948,6326,2792,20,113.8,19.5,9.8,14.3,6.8,190.5,3088,3238,33,20,50,87,87,61,95,66,56,12,91,7,4,14,591,91,13,76,7,57,,,24,197,757,77,16,103,36,0,12,9,1,0,0,0,90,763,73,3321,33,35,381,0,78,1817,1,1,10,9,9,6,1,8,9,4,4,35,26,54,52,19,0,0,,0,,0,,0,,0,,4.5,9.8,68.6,14.3,74.3,96.3,45.5,10.9,23.3,40.8,181.6,21.2,13.4,190.5,55.1,130,460,462,415,16,2,147,50,11,125,50,11,125,324,866,0,LB Coach
,0,1989,13,MIN,155411,17,0,0,,1,0,0,0,0,0,0,0,0,0,0,0,0,0,0,0,0,0,0,601,244,378,244,6,3467,3841,5715,6002,1874,22,106.9,22.2,9.2,14.2,10.4,203.9,2535,3467,27,22,57,72,72,61,43,35,49,8,143,11,8,28,623,56,20,91,26,95,,,44,326,737,76,29,108,58,0,19,11,1,0,0,0,70,581,69,3166,31,33,302,0,71,1513,0,3,4,14,13,2,3,3,11,10,0,36,27,49,47,15,0,0,,0,,0,,0,,0,,4.2,9.2,64.6,14.2,75,95.9,45.9,9.2,21.3,35.4,149.1,21.6,14.4,203.9,51.2,128,428,428,359,10,2,130,52,9,125,52,9,125,397,1034,0,LB Coach
,0,1990,13,MIN,155411,17,0,0,,0,0,0,0,0,0,0,0,0,0,0,0,0,0,0,0,0,0,0,468,292,465,292,8,4520,4403,6200,6507,1797,43,118.6,27.4,9.7,15.5,8.8,265.9,1987,4520,19,43,72,83,83,61,43,58,52,8,158,8,5,1,709,62,21,58,28,105,,,45,332,821,75,25,90,37,0,4,5,1,0,0,1,108,890,68,2992,19,21,261,0,87,2045,0,2,6,7,10,3,2,6,6,7,2,28,23,62,60,17,0,0,,0,,0,,0,,0,,4.2,9.7,62.8,15.5,82.1,96.8,44,12.4,23.5,27.5,116.9,20.7,17.2,265.9,49.7,129,507,509,460,11,2,97,78,16,145,78,16,145,450,457,615,LB Coach
,0,1991,13,MIN,155411,1,0,0,,0,0,0,0,0,0,0,0,0,0,0,0,0,0,0,0,0,0,0,32,17,22,17,0,228,223,363,366,140,3,149.2,22,10.4,13.4,4.3,228,138,228,1,3,24,48,48,64,39,0,17,0,0,0,0,2,22,10,0,4,1,4,,,1,11,56,4,2,6,2,0,2,1,0,0,0,0,2,20,3,145,2,1,0,0,7,167,0,1,0,0,0,0,1,0,0,0,0,1,1,4,4,2,0,0,,0,,0,,0,,0,,4.3,10.4,77.3,13.4,100,100,48.3,0,23.9,32,138,18.8,17,228,47.1,7,31,31,26,1,0,6,3,2,8,3,2,8,34,21,44,
,0,1988,13,MIN,156310,17,0,0,,0,0,0,0,0,0,0,0,0,0,0,0,0,0,0,0,0,0,0,693,227,331,227,5,3238,3156,5948,6326,2792,20,113.8,19.5,9.8,14.3,6.8,190.5,3088,3238,33,20,50,87,87,61,95,66,56,12,91,7,4,14,591,91,13,76,7,57,,,24,197,757,77,16,103,36,0,12,9,1,0,0,0,90,763,73,3321,33,35,381,0,78,1817,1,1,10,9,9,6,1,8,9,4,4,35,26,54,52,19,0,0,,0,,0,,0,,0,,4.5,9.8,68.6,14.3,74.3,96.3,45.5,10.9,23.3,40.8,181.6,21.2,13.4,190.5,55.1,130,460,462,415,16,2,147,50,11,125,50,11,125,324,866,0,Offensive Coordinator
,0,1989,13,MIN,156310,17,0,0,,1,0,0,0,0,0,0,0,0,0,0,0,0,0,0,0,0,0,0,601,244,378,244,6,3467,3841,5715,6002,1874,22,106.9,22.2,9.2,14.2,10.4,203.9,2535,3467,27,22,57,72,72,61,43,35,49,8,143,11,8,28,623,56,20,91,26,95,,,44,326,737,76,29,108,58,0,19,11,1,0,0,0,70,581,69,3166,31,33,302,0,71,1513,0,3,4,14,13,2,3,3,11,10,0,36,27,49,47,15,0,0,,0,,0,,0,,0,,4.2,9.2,64.6,14.2,75,95.9,45.9,9.2,21.3,35.4,149.1,21.6,14.4,203.9,51.2,128,428,428,359,10,2,130,52,9,125,52,9,125,397,1034,0,Offensive Coordinator
,0,1990,13,MIN,156310,17,0,0,,0,0,0,0,0,0,0,0,0,0,0,0,0,0,0,0,0,0,0,468,292,465,292,8,4520,4403,6200,6507,1797,43,118.6,27.4,9.7,15.5,8.8,265.9,1987,4520,19,43,72,83,83,61,43,58,52,8,158,8,5,1,709,62,21,58,28,105,,,45,332,821,75,25,90,37,0,4,5,1,0,0,1,108,890,68,2992,19,21,261,0,87,2045,0,2,6,7,10,3,2,6,6,7,2,28,23,62,60,17,0,0,,0,,0,,0,,0,,4.2,9.7,62.8,15.5,82.1,96.8,44,12.4,23.5,27.5,116.9,20.7,17.2,265.9,49.7,129,507,509,460,11,2,97,78,16,145,78,16,145,450,457,615,Offensive Coordinator
,0,1991,13,MIN,156310,1,0,0,,0,0,0,0,0,0,0,0,0,0,0,0,0,0,0,0,0,0,0,32,17,22,17,0,228,223,363,366,140,3,149.2,22,10.4,13.4,4.3,228,138,228,1,3,24,48,48,64,39,0,17,0,0,0,0,2,22,10,0,4,1,4,,,1,11,56,4,2,6,2,0,2,1,0,0,0,0,2,20,3,145,2,1,0,0,7,167,0,1,0,0,0,0,1,0,0,0,0,1,1,4,4,2,0,0,,0,,0,,0,,0,,4.3,10.4,77.3,13.4,100,100,48.3,0,23.9,32,138,18.8,17,228,47.1,7,31,31,26,1,0,6,3,2,8,3,2,8,34,21,44,
,0,1988,5,BUF,157706,17,0,0,,1,11,6,0,0.647,0,0,0,1,0,1,0,1,0,0,0,0,0,0,741,273,386,273,8,2753,2941,5797,6402,2856,26,104.6,22.7,7.1,10.1,2.8,161.9,3649,2753,32,26,64,81,81,58,40,19,52,14,214,23,10,61,403,97,16,46,3,75,,,11,81,891,92,48,57,35,0,28,27,1,0,0,1,98,862,73,3162,28,34,240,0,77,1668,0,3,13,8,8,3,3,12,5,5,3,35,28,57,53,23,0,0,,0,,0,,0,,0,,4.9,7.1,70.7,10.1,80,93,43.3,7.1,21.7,43.6,214.6,25,16.1,161.9,38.5,137,491,491,391,24,3,185,26,9,105,26,9,105,346,888,0,Head Coach
,0,1989,5,BUF,157706,17,0,0,,1,11,6,0,0.647,0,0,0,1,0,1,0,1,0,0,0,0,0,0,598,317,518,317,10,3260,3460,4724,6022,1264,30,90.6,30.5,6.3,10.3,4.4,191.8,2762,3260,21,30,52,63,63,60,37,65,53,14,307,24,13,28,474,52,25,75,3,123,,,24,155,791,89,110,104,44,2,26,25,3,0,0,1,83,761,86,3764,27,45,327,1,61,1254,0,1,12,8,10,7,1,9,7,5,3,38,25,53,52,30,0,0,,0,,0,,0,,0,,4.6,6.3,61.2,10.3,65.8,98.1,43.8,7.3,20.6,35.2,162.5,20.9,18.6,191.8,42.9,127,457,463,266,24,3,125,32,5,136,32,5,136,364,1089,0,Head Coach
,0,1990,5,BUF,157706,17,0,0,,1,10,7,0,0.588,0,1,0,0,0,0,0,0,0,0,0,0,0,0,522,410,599,410,6,4477,4703,6264,6707,1561,32,103.9,35.2,7.5,10.9,5.4,263.4,2230,4477,22,32,58,92,92,61,55,18,53,9,107,16,11,9,485,68,17,67,12,117,,,34,251,858,85,87,102,51,2,18,15,2,1,0,0,115,949,87,3757,35,27,194,0,84,1995,0,0,8,7,17,7,0,7,7,15,4,39,33,53,52,23,0,0,,0,,0,,0,,0,,4.3,7.5,68.4,10.9,84.6,98.1,43.2,7.2,23.8,30.7,131.2,19.7,24.1,263.4,42,151,487,495,448,16,1,103,50,9,172,50,9,172,427,599,601,Head Coach
,0,1991,5,BUF,157706,1,0,0,,0,0,1,0,0,0,0,0,0,0,0,0,0,0,0,0,0,0,0,23,25,37,25,0,203,254,318,353,64,1,90.3,37,5.5,8.1,5.1,203,150,203,2,1,49,22,22,55,35,4,0,0,0,1,1,0,22,4,0,3,1,5,,,2,17,45,3,3,9,4,0,1,0,0,0,0,0,9,70,5,202,1,3,-4,0,5,122,0,0,0,0,0,0,0,0,0,0,0,0,0,3,3,1,0,0,,0,,0,,0,,0,,6.5,5.5,67.6,8.1,0,100,40.4,-1.3,24.4,23,150,21.7,25,203,28,3,21,21,28,1,1,5,1,0,7,1,0,7,31,40,41,
,0,1988,19,WAS,158514,17,0,0,,0,0,0,0,0,0,0,0,0,0,0,0,0,0,0,0,0,0,0,660,251,407,251,13,2625,3421,6965,5428,3544,19,82.6,23.9,6.4,10.5,6.9,154.4,2803,2625,21,19,55,49,49,62,43,17,48,9,110,16,9,34,396,115,21,48,17,144,,,30,206,861,88,10,67,22,1,18,16,1,0,0,1,93,708,82,3820,32,25,189,0,97,2393,0,1,3,6,17,2,1,1,3,8,0,29,13,39,38,10,0,0,,0,,0,,0,,0,,4.2,6.4,61.7,10.5,44.8,97.4,46.6,7.6,24.7,38.8,164.9,21.5,14.8,154.4,41.8,77,323,327,541,11,2,142,28,3,105,28,3,105,348,910,0,RB and Receivers Coach
,0,1989,19,WAS,158514,17,0,0,,0,0,0,0,0,0,0,0,0,0,0,0,0,0,0,0,0,0,0,545,292,482,292,15,3137,4150,5930,5864,1780,19,79.9,28.4,6.5,10.7,6.9,184.5,2727,3137,16,19,56,66,66,61,43,18,52,7,104,12,9,47,481,89,23,63,21,149,,,36,221,790,92,45,86,40,0,21,11,3,1,0,0,110,874,70,3122,23,30,174,0,77,1637,0,3,8,9,7,4,3,6,6,5,2,31,22,38,38,16,0,0,,0,,0,,0,,0,,5,6.5,60.6,10.7,71,100,44.6,5.8,21.3,32.1,160.4,22.9,17.2,184.5,45.5,104,332,332,439,22,7,125,28,9,133,28,9,133,426,1089,0,RB and Receivers Coach
,0,1990,19,WAS,158514,17,0,0,,0,0,0,0,0,0,0,0,0,0,0,0,0,0,0,0,0,0,0,553,274,506,274,16,2768,4523,7312,5270,2789,23,72,29.8,5.5,10.1,3.8,162.8,2502,2768,20,23,86,57,57,61,43,49,51,8,262,17,6,51,461,99,29,50,6,121,,,20,134,820,70,18,71,30,1,17,23,2,0,0,0,131,1040,83,3754,35,23,203,0,99,2581,0,2,3,8,13,4,2,2,7,13,2,30,26,44,43,14,0,0,,0,,0,,0,,0,,4.5,5.5,54.2,10.1,86.7,97.7,45.2,8.8,26.1,32.5,147.2,20.8,16.1,162.8,45.6,121,391,395,609,13,3,115,26,3,125,26,3,125,453,503,608,RB and Receivers Coach
,0,1991,19,WAS,158514,1,0,0,,0,0,0,0,0,0,0,0,0,0,0,0,0,0,0,0,0,0,0,32,18,23,18,0,246,181,239,360,58,3,150.8,23,10.7,13.7,11.5,246,114,246,1,3,16,33,33,56,32,18,39,0,0,1,0,12,28,2,0,2,1,5,,,3,6,46,11,0,5,1,0,2,3,0,0,0,0,10,71,2,103,2,3,29,0,2,31,0,0,1,2,0,0,0,1,2,0,0,3,3,4,4,1,0,0,,0,,0,,0,,0,,3.6,10.7,78.3,13.7,100,100,51.5,9.7,15.5,32,114,25,18,246,55.6,13,37,37,13,0,0,8,3,0,10,3,0,10,20,27,28,
,0,1988,2,MIA,163251,17,0,0,,1,0,0,0,0,0,0,0,0,0,0,0,0,0,0,0,0,0,0,466,323,469,323,10,4011,3099,5703,5994,2604,36,111.8,27.6,8.6,12.4,5.8,235.9,1983,4011,16,36,75,72,72,62,34,17,47,7,150,18,8,15,400,119,11,67,7,99,,,29,220,835,108,30,79,36,1,15,17,1,0,0,0,98,851,77,3581,31,26,60,0,72,1435,0,1,5,7,6,2,1,4,4,6,0,21,15,49,49,17,0,0,,0,,0,,0,,0,,4.3,8.6,68.9,12.4,71.4,100,46.5,2.3,19.9,27.4,116.6,17.8,19,235.9,42.7,94,412,420,386,15,4,83,51,15,138,51,15,138,348,1016,0,Defensive Coordinator
,0,1989,2,MIA,163251,17,0,0,,1,0,0,0,0,0,0,0,0,0,0,0,0,0,0,0,0,0,0,399,389,580,389,14,4514,3817,5922,5975,2105,33,99.3,34.1,7.8,11.6,8.1,265.5,1461,4514,12,33,57,77,77,54,35,18,52,13,182,6,2,37,503,93,20,73,20,136,,,51,427,784,55,51,85,48,0,16,11,2,0,0,0,104,875,86,3567,25,28,167,0,68,1439,0,2,5,5,14,9,2,4,5,9,4,35,24,46,45,16,0,0,,0,,0,,0,,0,,3.7,7.8,67.1,11.6,68.6,97.8,41.5,6,21.2,23.5,85.9,16.5,22.9,265.5,44.5,117,399,401,383,5,2,66,56,16,173,56,16,173,411,1239,0,Defensive Coordinator
,0,1990,2,MIA,163251,17,0,0,,1,0,0,0,0,0,0,0,0,0,0,0,0,0,0,0,0,0,0,439,406,593,406,10,4626,3732,5726,6535,1994,34,103.7,34.9,7.8,11.4,4.8,272.1,1909,4626,22,34,69,76,76,68,98,19,52,8,125,10,4,13,491,89,17,73,7,89,,,30,239,777,75,39,75,47,0,11,12,2,0,0,1,127,964,62,3083,32,22,210,0,70,1557,1,1,6,13,10,3,1,4,8,5,2,33,20,57,57,20,0,0,,0,,0,,0,,0,,4.3,7.8,68.5,11.4,60.6,100,49.7,9.5,22.2,25.8,112.3,18,23.9,272.1,43.3,117,471,473,386,19,3,79,58,10,176,58,10,176,416,587,615,Defensive Coordinator
,0,1991,2,MIA,163251,1,0,0,,0,0,0,0,0,0,0,0,0,0,0,0,0,0,0,0,0,0,0,20,25,38,25,0,254,203,353,318,150,2,102.3,38,6.7,10.2,7.3,254,64,254,1,2,12,45,45,63,24,8,49,0,0,1,0,6,37,5,1,6,1,11,,,3,33,47,3,2,7,0,0,1,2,0,0,0,0,7,40,5,263,2,1,8,0,4,74,0,0,1,0,1,0,0,1,0,1,0,2,2,2,2,1,0,0,,0,,0,,0,,0,,3.2,6.7,65.8,10.2,100,100,52.6,8,18.5,20,64,25,25,254,40,8,26,28,21,0,0,5,4,1,10,4,1,10,38,35,52,
,0,1988,16,TB,164035,17,0,0,,0,0,0,0,0,0,0,0,0,0,0,0,0,0,0,0,0,0,0,566,288,440,288,11,3527,3356,6204,5887,2848,24,97.8,25.9,8,12.2,10.2,207.5,2360,3527,11,24,68,87,87,62,42,21,53,8,142,21,12,3,399,131,27,81,35,133,,,50,390,843,84,21,105,27,1,7,13,1,0,0,2,97,753,102,4439,35,33,229,0,90,1785,0,0,5,7,10,4,0,5,6,7,2,26,20,36,35,12,0,0,,0,,0,,0,,0,,4.2,8,65.5,12.2,76.9,97.2,43.5,6.9,19.8,33.3,138.8,17.7,16.9,207.5,42.4,95,311,313,480,18,4,100,40,11,122,40,11,122,389,1062,0,QB Coach
,0,1989,16,TB,164035,17,0,0,,1,0,0,0,0,0,0,0,0,0,0,0,0,0,0,0,0,0,0,475,376,561,376,10,4062,3558,6314,6062,2756,37,102.7,33,7.2,10.8,7.1,238.9,2000,4062,13,37,51,73,73,65,95,17,55,13,103,21,10,51,460,99,22,91,23,150,,,43,306,842,71,48,109,34,0,20,22,0,0,0,0,105,895,101,4515,33,30,211,0,77,1911,1,1,5,7,8,5,1,4,5,8,4,26,22,49,47,15,0,0,,0,,0,,0,,0,,4.2,7.2,67,10.8,84.6,95.9,44.7,7,24.8,27.9,117.6,20,22.1,238.9,35.1,113,419,423,397,13,3,95,49,9,132,49,9,132,387,1196,0,QB Coach
,0,1990,16,TB,164035,17,0,0,,1,0,0,0,0,0,0,0,0,0,0,0,0,0,0,0,0,0,0,541,400,563,400,8,4567,4013,6183,7025,2170,39,112.3,33.1,8.1,11.4,5.7,268.6,2458,4567,23,39,45,71,71,67,35,55,53,7,104,13,8,57,523,116,17,84,15,132,,,34,235,819,69,25,112,30,0,21,18,2,0,0,0,122,913,71,3304,29,30,133,1,90,1892,0,2,9,7,11,4,2,8,6,7,2,33,25,58,55,18,0,0,,0,,0,,0,,0,,4.5,8.1,71,11.4,75.8,94.8,46.5,4.4,21,31.8,144.6,21.1,23.5,268.6,43.5,130,520,528,475,11,5,114,46,13,174,46,13,174,414,570,626,QB Coach
,0,1991,16,TB,164035,1,0,0,,0,0,0,0,0,0,0,0,0,0,0,0,0,0,0,0,0,0,0,30,16,23,16,1,164,163,326,286,163,1,86.1,23,7.1,10.2,14.8,164,122,164,0,1,20,19,19,55,37,17,46,1,74,2,2,0,21,6,0,3,2,9,,,4,30,50,4,0,5,0,0,0,0,0,0,0,0,5,50,4,177,1,1,17,0,5,147,0,0,0,0,2,0,0,0,0,2,0,2,2,1,1,0,0,0,,0,,0,,0,,0,,4.1,7.1,69.6,10.2,100,100,44.2,17,29.4,30,122,26.7,16,164,56.2,7,13,13,20,0,0,8,0,0,9,0,0,9,15,24,23,
,0,1988,9,LON,164940,17,0,0,,1,0,0,0,0,0,0,0,0,0,0,0,0,0,0,0,0,0,0,672,247,375,247,2,3512,3731,6147,6456,2416,26,116.9,22.1,9.4,14.2,6.7,206.6,2944,3512,18,26,71,54,54,70,34,46,57,8,96,28,16,13,550,98,12,51,13,103,,,27,202,842,93,47,69,23,1,13,19,0,0,0,0,103,897,86,4185,35,39,393,0,70,1430,0,1,8,9,11,4,1,6,7,8,3,33,25,44,44,18,0,0,,0,,0,,0,,0,,4.4,9.4,65.9,14.2,75.8,100,48.7,10.1,20.4,39.5,173.2,20.8,14.5,206.6,52.2,119,383,385,422,16,3,140,61,11,129,61,11,129,400,911,0,Defensive Coordinator
,0,1989,9,LON,164940,17,0,0,,1,0,0,0,0,0,0,0,0,0,0,0,0,0,0,0,0,0,0,561,240,391,240,5,3967,3792,5582,6358,1790,32,117.5,23,10.1,16.5,10.7,233.4,2391,3967,17,32,55,82,82,70,94,20,52,11,172,11,5,27,521,105,26,84,21,97,,,47,386,849,110,42,108,30,1,12,10,3,1,0,1,87,663,85,4033,31,39,262,0,67,1495,0,9,4,8,9,7,9,4,6,8,2,37,29,49,47,22,0,0,,0,,0,,0,,0,,4.3,10.1,61.4,16.5,78.4,95.9,47.4,6.7,22.3,33,140.6,17.3,14.1,233.4,54.6,134,446,452,367,16,6,97,63,17,131,63,17,131,468,1072,0,Defensive Coordinator
,0,1990,9,LON,164940,17,0,0,,1,0,0,0,0,0,0,0,0,0,0,0,0,0,0,0,0,0,0,393,339,539,339,5,6080,4446,6414,7997,1968,57,132.9,31.7,11.3,17.9,9.6,357.6,1917,6080,22,57,58,88,88,72,59,65,55,13,261,9,3,45,708,100,21,77,17,84,,,57,448,945,77,43,123,27,0,16,17,3,0,0,1,117,1030,70,3358,28,18,175,0,79,1636,0,0,4,12,12,6,0,2,11,10,3,34,26,81,79,25,0,0,,0,,0,,0,,0,,4.9,11.3,62.9,17.9,76.5,97.5,48,9.7,20.7,23.1,112.8,17.3,19.9,357.6,53.7,157,649,649,407,14,4,68,99,31,182,99,31,182,536,520,801,Defensive Coordinator
,0,1991,9,LON,164940,1,0,0,,0,0,0,0,0,0,0,0,0,0,0,0,0,0,0,0,0,0,0,29,17,29,17,0,326,242,319,402,77,1,109.3,29,11.2,19.2,14.7,326,76,326,0,1,20,68,68,56,32,14,51,0,0,0,0,0,42,1,0,9,1,5,,,5,45,31,3,1,6,7,0,2,1,0,0,0,0,3,15,3,152,1,2,14,0,3,61,0,0,1,2,1,1,0,1,1,1,1,5,4,1,1,1,0,0,,0,,0,,0,,0,,2.6,11.2,58.6,19.2,80,100,50.7,7,20.3,29,76,17.2,17,326,76.5,13,19,19,14,0,0,5,6,1,13,6,1,13,18,28,32,
,0,1988,3,GB,166614,17,0,0,,0,0,0,0,0,0,0,0,0,0,0,0,0,0,0,0,0,0,0,526,312,462,312,15,3467,2837,5267,5988,2430,26,94.9,27.2,7.5,11.1,6.3,203.9,2521,3467,20,26,46,76,76,61,37,67,50,8,104,25,15,9,469,66,15,45,15,91,,,31,241,870,90,25,73,30,0,11,15,1,0,0,0,76,596,65,2933,25,26,174,0,72,1551,0,2,9,5,8,4,2,7,3,6,1,28,19,46,45,17,0,0,,0,,0,,0,,0,,4.8,7.5,67.5,11.1,67.9,97.8,45.1,6.7,21.5,30.9,148.3,23.6,18.4,203.9,45.2,102,384,384,330,15,1,124,42,9,141,42,9,141,362,1003,0,Head Trainer
,0,1989,3,GB,166614,17,0,0,,0,0,0,0,0,0,0,0,0,0,0,0,0,0,0,0,0,0,0,406,348,649,348,5,3789,3902,6251,5428,2349,28,82.3,38.2,5.8,10.9,8.5,222.9,1639,3789,12,28,39,59,59,61,87,18,51,11,123,23,8,22,431,91,30,50,32,200,,,60,383,858,119,33,86,30,1,18,22,2,0,0,0,108,970,109,4852,40,31,162,0,95,2248,0,0,4,6,11,7,0,3,5,7,4,28,19,42,42,9,0,0,,0,,0,,0,,0,,4,5.8,53.6,10.9,67.9,100,44.5,5.2,23.7,23.9,96.4,17,20.5,222.9,41.7,99,351,353,520,15,0,69,35,8,145,35,8,145,399,1199,0,Head Trainer
,0,1990,3,GB,166614,17,0,0,,0,0,0,0,0,0,0,0,0,0,0,0,0,0,0,0,0,0,0,577,297,469,297,10,3449,4664,7071,6001,2407,27,95.8,27.6,7.4,11.6,8.4,202.9,2552,3449,21,27,43,78,78,61,93,20,51,9,107,24,11,68,481,76,27,42,19,124,,,43,306,855,97,29,64,23,1,16,25,2,0,0,0,109,874,70,3117,29,20,181,0,106,2368,0,4,5,5,10,7,4,4,4,7,2,31,21,48,47,12,0,0,,0,,0,,0,,0,,4.4,7.4,63.3,11.6,67.7,97.9,44.5,9,22.3,33.9,150.1,23.6,17.5,202.9,41.8,110,410,414,593,15,1,136,39,11,124,39,11,124,454,466,593,Head Trainer
,0,1991,3,GB,166614,1,0,0,,0,0,0,0,0,0,0,0,0,0,0,0,0,0,0,0,0,0,0,41,22,28,22,0,282,129,233,467,104,2,132.4,28,10.1,12.8,6.7,282,185,282,2,2,19,48,48,62,39,13,40,0,0,0,0,0,39,2,3,3,1,2,,,2,14,36,1,0,11,0,0,0,0,0,0,0,0,5,45,4,171,0,1,13,0,5,78,0,0,0,0,1,2,0,0,0,1,0,3,1,4,4,1,0,0,,0,,0,,0,,0,,4.5,10.1,78.6,12.8,33.3,100,42.8,13,15.6,41,185,24.4,22,282,54.5,7,31,31,20,0,0,10,3,1,12,3,1,12,14,28,26,
,0,1988,14,ATL,166911,17,0,0,,1,0,0,0,0,0,0,0,0,0,0,0,0,0,0,0,0,0,0,533,269,411,269,8,3796,4169,6266,6082,2097,29,110.5,24.2,9.2,14.1,9.7,223.3,2286,3796,19,29,67,68,68,65,42,77,52,9,185,9,3,31,451,101,15,63,26,107,,,44,367,801,105,28,91,29,1,15,13,0,0,0,0,87,745,81,3604,27,25,305,1,77,1904,0,1,8,12,12,4,1,7,10,7,2,37,27,48,48,17,0,0,,0,,0,,0,,0,,4.3,9.2,65.5,14.1,73,100,44.5,12.2,24.7,31.4,134.5,19.9,15.8,223.3,47.2,129,423,427,398,13,6,106,56,15,127,56,15,127,408,974,0,Offensive Coordinator
,0,1989,14,ATL,166911,17,0,0,,0,0,0,0,0,0,0,0,0,0,0,0,0,0,0,0,0,0,0,459,283,474,283,10,4640,4509,6339,6450,1830,45,115.5,27.9,9.8,16.4,15.4,272.9,1810,4640,6,45,47,66,66,65,42,24,52,17,207,17,5,84,649,80,21,91,44,135,,,86,697,724,87,40,112,45,3,19,24,2,0,0,0,101,808,83,3957,28,36,317,0,73,1710,0,1,5,11,13,5,1,4,9,9,1,35,24,52,51,17,0,0,,0,,0,,0,,0,,3.9,9.8,59.7,16.4,68.6,98.1,47.7,8.8,23.4,27,106.5,16.6,16.6,272.9,47.7,123,441,449,445,12,2,76,83,24,135,83,24,135,429,1151,0,Offensive Coordinator
,0,1990,14,ATL,166911,17,0,0,,0,0,0,0,0,0,0,0,0,0,0,0,0,0,0,0,0,0,0,552,297,431,297,6,3211,4437,6826,5443,2389,23,102.5,25.4,7.5,10.8,5.9,188.9,2232,3211,22,23,53,62,62,67,92,41,52,9,101,18,11,35,383,89,15,57,9,81,,,27,192,790,86,25,93,24,0,15,16,1,0,0,0,88,643,84,4019,46,21,206,0,94,2224,0,0,8,12,5,4,0,7,12,4,3,29,26,45,44,13,0,0,,0,,0,,0,,0,,4,7.5,68.9,10.8,89.7,97.8,47.8,9.8,23.7,32.5,131.3,18.8,17.5,188.9,41.8,122,398,398,514,16,4,104,30,9,124,30,9,124,404,427,591,Offensive Coordinator
,0,1991,14,ATL,166911,1,0,0,,0,0,0,0,0,0,0,0,0,0,0,0,0,0,0,0,0,0,0,38,14,25,14,0,148,204,332,367,128,0,73.4,25,5.9,10.6,16.7,148,219,148,3,0,27,31,31,63,30,11,51,1,4,1,1,0,37,10,0,5,3,9,,,5,38,48,4,0,4,5,0,1,0,0,0,0,0,3,25,4,183,3,1,11,0,5,85,0,0,0,0,1,2,0,0,0,0,1,3,1,3,3,1,0,0,,0,,0,,0,,0,,5.8,5.9,56,10.6,33.3,100,45.8,11,17,38,219,23.7,14,148,42.9,6,24,24,28,1,0,9,1,0,6,1,0,6,31,21,47,
,0,1988,2,MIA,168996,17,0,0,,1,0,0,0,0,0,0,0,0,0,0,0,0,0,0,0,0,0,0,466,323,469,323,10,4011,3099,5703,5994,2604,36,111.8,27.6,8.6,12.4,5.8,235.9,1983,4011,16,36,75,72,72,62,34,17,47,7,150,18,8,15,400,119,11,67,7,99,,,29,220,835,108,30,79,36,1,15,17,1,0,0,0,98,851,77,3581,31,26,60,0,72,1435,0,1,5,7,6,2,1,4,4,6,0,21,15,49,49,17,0,0,,0,,0,,0,,0,,4.3,8.6,68.9,12.4,71.4,100,46.5,2.3,19.9,27.4,116.6,17.8,19,235.9,42.7,94,412,420,386,15,4,83,51,15,138,51,15,138,348,1016,0,RB and Receivers Coach
,0,1989,2,MIA,168996,17,0,0,,1,0,0,0,0,0,0,0,0,0,0,0,0,0,0,0,0,0,0,399,389,580,389,14,4514,3817,5922,5975,2105,33,99.3,34.1,7.8,11.6,8.1,265.5,1461,4514,12,33,57,77,77,54,35,18,52,13,182,6,2,37,503,93,20,73,20,136,,,51,427,784,55,51,85,48,0,16,11,2,0,0,0,104,875,86,3567,25,28,167,0,68,1439,0,2,5,5,14,9,2,4,5,9,4,35,24,46,45,16,0,0,,0,,0,,0,,0,,3.7,7.8,67.1,11.6,68.6,97.8,41.5,6,21.2,23.5,85.9,16.5,22.9,265.5,44.5,117,399,401,383,5,2,66,56,16,173,56,16,173,411,1239,0,RB and Receivers Coach
,0,1990,2,MIA,168996,17,0,0,,1,0,0,0,0,0,0,0,0,0,0,0,0,0,0,0,0,0,0,439,406,593,406,10,4626,3732,5726,6535,1994,34,103.7,34.9,7.8,11.4,4.8,272.1,1909,4626,22,34,69,76,76,68,98,19,52,8,125,10,4,13,491,89,17,73,7,89,,,30,239,777,75,39,75,47,0,11,12,2,0,0,1,127,964,62,3083,32,22,210,0,70,1557,1,1,6,13,10,3,1,4,8,5,2,33,20,57,57,20,0,0,,0,,0,,0,,0,,4.3,7.8,68.5,11.4,60.6,100,49.7,9.5,22.2,25.8,112.3,18,23.9,272.1,43.3,117,471,473,386,19,3,79,58,10,176,58,10,176,416,587,615,RB and Receivers Coach
,0,1991,2,MIA,168996,1,0,0,,0,0,0,0,0,0,0,0,0,0,0,0,0,0,0,0,0,0,0,20,25,38,25,0,254,203,353,318,150,2,102.3,38,6.7,10.2,7.3,254,64,254,1,2,12,45,45,63,24,8,49,0,0,1,0,6,37,5,1,6,1,11,,,3,33,47,3,2,7,0,0,1,2,0,0,0,0,7,40,5,263,2,1,8,0,4,74,0,0,1,0,1,0,0,1,0,1,0,2,2,2,2,1,0,0,,0,,0,,0,,0,,3.2,6.7,65.8,10.2,100,100,52.6,8,18.5,20,64,25,25,254,40,8,26,28,21,0,0,5,4,1,10,4,1,10,38,35,52,
,0,1988,11,CHI,169029,17,0,0,,0,0,0,0,0,0,0,0,0,0,0,0,0,0,0,0,0,0,0,588,235,442,235,10,2418,4153,6587,5051,2434,15,71.1,26,5.5,10.3,6,142.2,2633,2418,16,15,64,58,58,64,100,79,46,10,182,8,5,5,440,85,31,66,19,163,,,28,191,944,96,27,97,19,1,18,15,2,0,0,0,132,1061,104,4704,48,29,354,0,86,2089,1,2,7,15,12,1,2,7,11,10,0,37,30,32,32,13,0,0,,0,,0,,0,,0,,4.5,5.5,53.2,10.3,81.1,100,45.2,12.2,24.3,34.6,154.9,18.5,13.8,142.2,39.6,122,326,332,468,22,10,109,28,3,93,28,3,93,445,1059,0,Head Trainer
,0,1989,11,CHI,169029,17,0,0,,0,0,0,0,0,0,0,0,0,0,0,0,0,0,0,0,0,0,0,573,304,506,304,18,3239,4178,6145,5966,1967,13,72.6,29.8,6.4,10.7,4.9,190.5,2727,3239,27,13,85,56,56,65,40,19,52,11,237,25,9,4,527,80,33,63,11,151,,,26,184,914,104,63,98,29,0,19,20,1,0,0,0,99,783,94,4401,38,39,262,0,71,1477,0,0,5,8,12,5,0,4,5,7,3,30,19,36,34,19,0,0,,0,,0,,0,,0,,4.8,6.4,60.1,10.7,63.3,94.4,46.8,6.7,20.8,33.7,160.4,18.7,17.9,190.5,45.1,91,337,343,387,20,5,107,30,4,137,30,4,137,468,1187,0,Head Trainer
,0,1990,11,CHI,169029,17,0,0,,1,0,0,0,0,0,0,0,0,0,0,0,0,0,0,0,0,0,0,470,440,646,440,9,4768,3590,5674,7277,2084,46,107.5,38,7.4,10.8,3.9,280.5,2509,4768,27,46,45,70,70,67,41,77,48,5,89,20,10,63,591,101,24,74,10,98,,,26,196,783,63,44,101,45,0,16,20,1,0,0,0,106,853,63,2766,22,29,241,0,79,1798,0,1,7,9,9,0,1,6,5,5,0,26,17,74,73,23,0,0,,0,,0,,0,,0,,5.3,7.4,68.1,10.8,65.4,98.6,43.9,8.3,22.8,27.6,147.6,27.7,25.9,280.5,48.2,124,568,568,386,14,1,130,42,7,212,42,7,212,398,651,617,Head Trainer
,0,1991,11,CHI,169029,1,0,0,,0,0,0,0,0,0,0,0,0,0,0,0,0,0,0,0,0,0,0,23,24,36,24,0,302,247,410,411,163,3,120.4,36,8.4,12.6,0,302,109,302,0,3,49,68,68,67,31,0,43,1,38,1,1,8,30,10,2,4,0,7,,,0,0,53,3,6,8,0,0,5,3,1,0,0,0,8,56,4,231,2,1,0,0,5,122,0,0,2,0,1,1,0,2,0,1,0,4,3,4,4,1,0,0,,0,,0,,0,,0,,4.7,8.4,66.7,12.6,75,100,57.8,0,24.4,23,109,26.1,24,302,37.5,13,37,37,31,1,1,6,3,1,9,3,1,9,36,37,49,
,0,1988,7,CIN,169258,17,0,1,,1,0,0,0,0,0,0,0,0,0,0,0,0,0,0,0,0,0,0,521,349,508,349,13,3873,2769,4792,5937,2023,30,100.1,29.9,7.6,11.1,5,227.8,2064,3873,19,30,47,74,74,62,96,62,53,12,205,19,8,30,463,84,19,76,10,120,,,27,227,789,94,19,101,29,0,22,23,4,0,0,1,91,789,84,3645,30,38,289,0,68,1625,1,3,8,6,9,2,3,7,5,7,2,28,24,52,52,19,0,0,,0,,0,,0,,0,,4,7.6,68.7,11.1,85.7,100,43.4,7.6,23.9,30.6,121.4,18.4,20.5,227.8,46.4,124,448,450,270,18,2,96,39,8,162,39,8,162,346,1086,0,DB Coach
,0,1989,7,CIN,169258,17,0,0,,0,0,0,0,0,0,0,0,0,0,0,0,0,0,0,0,0,0,0,344,291,672,291,15,3151,3659,6870,4011,3211,15,55.8,39.5,4.7,10.8,10.2,185.4,860,3151,2,15,31,72,72,59,103,19,46,15,275,20,7,3,470,133,65,89,44,270,,,76,499,874,71,19,119,35,0,12,18,0,0,0,1,96,851,139,6057,38,25,118,0,97,2231,1,2,2,7,7,4,2,2,5,6,0,22,15,18,17,2,0,0,,0,,0,,0,,0,,2.5,4.7,43.3,10.8,68.2,94.4,43.6,4.7,23,20.2,50.6,12.8,17.1,185.4,44,62,170,170,517,3,0,44,34,7,128,34,7,128,458,1402,0,DB Coach
,0,1990,7,CIN,169258,17,0,0,,1,0,0,0,0,0,0,0,0,0,0,0,0,0,0,0,0,0,0,377,420,629,420,9,4884,3015,5275,6381,2260,28,99,37,7.8,11.6,4.4,287.3,1497,4884,17,28,53,72,72,69,108,75,53,6,83,17,11,2,469,90,25,83,12,116,,,29,219,754,67,49,104,57,1,5,8,1,0,0,0,119,927,73,3555,26,32,292,0,80,1721,1,0,12,9,10,4,0,11,8,7,2,35,28,45,44,18,0,0,,0,,0,,0,,0,,4,7.8,66.8,11.6,80,97.8,48.7,9.1,21.5,22.2,88.1,19.6,24.7,287.3,43.1,128,410,414,380,11,2,74,61,15,181,61,15,181,352,631,592,DB Coach
,0,1991,7,CIN,169258,1,0,0,,0,0,0,0,0,0,0,0,0,0,0,0,0,0,0,0,0,0,0,30,22,35,22,1,204,148,367,332,219,4,104.9,35,5.8,9.3,0,204,128,204,0,4,18,38,38,52,33,0,0,0,0,1,0,17,19,4,2,5,0,10,,,0,0,53,5,5,5,5,0,1,2,0,0,0,0,7,57,5,205,1,0,0,0,5,142,0,0,1,0,0,0,0,0,0,0,0,1,0,4,4,1,0,0,,0,,0,,0,,0,,4.3,5.8,62.9,9.3,0,100,41,0,28.4,30,128,23.3,22,204,40.9,4,28,28,24,0,0,7,2,0,9,2,0,9,17,34,27,
,0,1988,8,SEA,170461,17,0,0,,0,0,0,0,0,0,0,0,0,0,0,0,0,0,0,0,0,0,0,460,402,587,402,7,4014,4095,6693,6165,2598,26,97.4,34.5,6.8,10,4.1,236.1,2151,4014,22,26,36,88,88,62,38,18,51,6,85,9,5,17,486,94,23,44,15,108,,,25,178,829,84,33,73,33,0,21,11,1,0,0,0,96,834,75,3428,33,36,263,0,73,1609,0,1,6,8,18,5,1,4,6,11,2,38,24,49,47,20,0,0,,0,,0,,0,,0,,4.7,6.8,68.5,10,63.2,95.9,45.7,7.3,22,27.1,126.5,22.6,23.6,236.1,42.8,119,413,413,476,9,0,104,29,8,172,29,8,172,407,1149,0,Special Teams Coach
,0,1989,8,SEA,170461,17,0,0,,1,0,0,0,0,0,0,0,0,0,0,0,0,0,0,0,0,0,0,393,389,593,389,10,3826,3600,5867,5752,2267,32,94.6,34.9,6.5,9.8,4.5,225.1,1926,3826,17,32,60,61,61,65,103,27,54,9,194,17,10,1,444,96,12,80,10,122,,,28,221,833,70,46,113,59,0,14,9,2,0,0,0,98,733,71,3358,42,30,287,0,62,1567,1,1,5,9,14,2,1,2,7,9,2,31,21,51,49,21,0,0,,0,,0,,0,,0,,4.9,6.5,65.6,9.8,67.7,96.1,47.3,9.6,25.3,23.1,113.3,25.4,22.9,225.1,40.6,112,424,426,335,12,2,100,35,6,158,35,6,158,412,1268,0,Special Teams Coach
,0,1990,8,SEA,170461,17,0,0,,0,0,0,0,0,0,0,0,0,0,0,0,0,0,0,0,0,0,0,564,332,487,332,4,3145,4679,6974,5841,2295,29,102.2,28.6,6.5,9.5,6.7,185,2696,3145,17,29,61,52,52,66,42,67,50,6,79,19,12,7,422,112,11,73,12,110,,,35,256,822,64,29,77,48,0,13,12,0,0,0,1,105,849,90,4359,40,32,368,0,94,1829,0,1,4,9,11,3,1,3,8,9,1,28,22,44,43,12,0,0,,0,,0,,0,,0,,4.8,6.5,68.2,9.5,78.6,97.7,48.4,11.5,19.5,33.2,158.6,22.9,19.5,185,40.7,109,385,387,468,17,2,129,22,2,135,22,2,135,491,485,697,Special Teams Coach
,0,1991,8,SEA,170461,1,0,0,,0,0,0,0,0,0,0,0,0,0,0,0,0,0,0,0,0,0,0,29,27,36,27,0,223,228,366,363,138,1,99.7,36,6.2,8.3,5.3,223,140,223,1,1,17,17,17,35,40,0,52,0,0,2,1,0,19,8,1,2,1,8,,,2,6,46,3,1,2,3,0,0,1,0,0,0,0,3,35,1,35,0,0,0,0,5,154,0,0,1,0,2,1,0,1,0,2,1,4,4,2,2,0,0,0,,0,,0,,0,,0,,4.8,6.2,75,8.3,100,100,35,0,30.8,29,140,27.6,27,223,51.9,14,26,26,31,0,0,8,0,0,14,0,0,14,18,36,22,
,0,1988,13,MIN,172402,17,0,0,,0,0,0,0,0,0,0,0,0,0,0,0,0,0,0,0,0,0,0,693,227,331,227,5,3238,3156,5948,6326,2792,20,113.8,19.5,9.8,14.3,6.8,190.5,3088,3238,33,20,50,87,87,61,95,66,56,12,91,7,4,14,591,91,13,76,7,57,,,24,197,757,77,16,103,36,0,12,9,1,0,0,0,90,763,73,3321,33,35,381,0,78,1817,1,1,10,9,9,6,1,8,9,4,4,35,26,54,52,19,0,0,,0,,0,,0,,0,,4.5,9.8,68.6,14.3,74.3,96.3,45.5,10.9,23.3,40.8,181.6,21.2,13.4,190.5,55.1,130,460,462,415,16,2,147,50,11,125,50,11,125,324,866,0,OL Coach
,0,1989,13,MIN,172402,17,0,0,,1,0,0,0,0,0,0,0,0,0,0,0,0,0,0,0,0,0,0,601,244,378,244,6,3467,3841,5715,6002,1874,22,106.9,22.2,9.2,14.2,10.4,203.9,2535,3467,27,22,57,72,72,61,43,35,49,8,143,11,8,28,623,56,20,91,26,95,,,44,326,737,76,29,108,58,0,19,11,1,0,0,0,70,581,69,3166,31,33,302,0,71,1513,0,3,4,14,13,2,3,3,11,10,0,36,27,49,47,15,0,0,,0,,0,,0,,0,,4.2,9.2,64.6,14.2,75,95.9,45.9,9.2,21.3,35.4,149.1,21.6,14.4,203.9,51.2,128,428,428,359,10,2,130,52,9,125,52,9,125,397,1034,0,OL Coach
,0,1990,13,MIN,172402,17,0,0,,0,0,0,0,0,0,0,0,0,0,0,0,0,0,0,0,0,0,0,468,292,465,292,8,4520,4403,6200,6507,1797,43,118.6,27.4,9.7,15.5,8.8,265.9,1987,4520,19,43,72,83,83,61,43,58,52,8,158,8,5,1,709,62,21,58,28,105,,,45,332,821,75,25,90,37,0,4,5,1,0,0,1,108,890,68,2992,19,21,261,0,87,2045,0,2,6,7,10,3,2,6,6,7,2,28,23,62,60,17,0,0,,0,,0,,0,,0,,4.2,9.7,62.8,15.5,82.1,96.8,44,12.4,23.5,27.5,116.9,20.7,17.2,265.9,49.7,129,507,509,460,11,2,97,78,16,145,78,16,145,450,457,615,OL Coach
,0,1991,13,MIN,172402,1,0,0,,0,0,0,0,0,0,0,0,0,0,0,0,0,0,0,0,0,0,0,32,17,22,17,0,228,223,363,366,140,3,149.2,22,10.4,13.4,4.3,228,138,228,1,3,24,48,48,64,39,0,17,0,0,0,0,2,22,10,0,4,1,4,,,1,11,56,4,2,6,2,0,2,1,0,0,0,0,2,20,3,145,2,1,0,0,7,167,0,1,0,0,0,0,1,0,0,0,0,1,1,4,4,2,0,0,,0,,0,,0,,0,,4.3,10.4,77.3,13.4,100,100,48.3,0,23.9,32,138,18.8,17,228,47.1,7,31,31,26,1,0,6,3,2,8,3,2,8,34,21,44,
,0,1988,16,TB,173385,17,0,0,,0,0,0,0,0,0,0,0,0,0,0,0,0,0,0,0,0,0,0,566,288,440,288,11,3527,3356,6204,5887,2848,24,97.8,25.9,8,12.2,10.2,207.5,2360,3527,11,24,68,87,87,62,42,21,53,8,142,21,12,3,399,131,27,81,35,133,,,50,390,843,84,21,105,27,1,7,13,1,0,0,2,97,753,102,4439,35,33,229,0,90,1785,0,0,5,7,10,4,0,5,6,7,2,26,20,36,35,12,0,0,,0,,0,,0,,0,,4.2,8,65.5,12.2,76.9,97.2,43.5,6.9,19.8,33.3,138.8,17.7,16.9,207.5,42.4,95,311,313,480,18,4,100,40,11,122,40,11,122,389,1062,0,OL Coach
,0,1989,16,TB,173385,17,0,0,,1,0,0,0,0,0,0,0,0,0,0,0,0,0,0,0,0,0,0,475,376,561,376,10,4062,3558,6314,6062,2756,37,102.7,33,7.2,10.8,7.1,238.9,2000,4062,13,37,51,73,73,65,95,17,55,13,103,21,10,51,460,99,22,91,23,150,,,43,306,842,71,48,109,34,0,20,22,0,0,0,0,105,895,101,4515,33,30,211,0,77,1911,1,1,5,7,8,5,1,4,5,8,4,26,22,49,47,15,0,0,,0,,0,,0,,0,,4.2,7.2,67,10.8,84.6,95.9,44.7,7,24.8,27.9,117.6,20,22.1,238.9,35.1,113,419,423,397,13,3,95,49,9,132,49,9,132,387,1196,0,OL Coach
,0,1990,16,TB,173385,17,0,0,,1,0,0,0,0,0,0,0,0,0,0,0,0,0,0,0,0,0,0,541,400,563,400,8,4567,4013,6183,7025,2170,39,112.3,33.1,8.1,11.4,5.7,268.6,2458,4567,23,39,45,71,71,67,35,55,53,7,104,13,8,57,523,116,17,84,15,132,,,34,235,819,69,25,112,30,0,21,18,2,0,0,0,122,913,71,3304,29,30,133,1,90,1892,0,2,9,7,11,4,2,8,6,7,2,33,25,58,55,18,0,0,,0,,0,,0,,0,,4.5,8.1,71,11.4,75.8,94.8,46.5,4.4,21,31.8,144.6,21.1,23.5,268.6,43.5,130,520,528,475,11,5,114,46,13,174,46,13,174,414,570,626,OL Coach
,0,1991,16,TB,173385,1,0,0,,0,0,0,0,0,0,0,0,0,0,0,0,0,0,0,0,0,0,0,30,16,23,16,1,164,163,326,286,163,1,86.1,23,7.1,10.2,14.8,164,122,164,0,1,20,19,19,55,37,17,46,1,74,2,2,0,21,6,0,3,2,9,,,4,30,50,4,0,5,0,0,0,0,0,0,0,0,5,50,4,177,1,1,17,0,5,147,0,0,0,0,2,0,0,0,0,2,0,2,2,1,1,0,0,0,,0,,0,,0,,0,,4.1,7.1,69.6,10.2,100,100,44.2,17,29.4,30,122,26.7,16,164,56.2,7,13,13,20,0,0,8,0,0,9,0,0,9,15,24,23,
,0,1988,6,NYG,177139,17,0,0,,1,0,0,0,0,0,0,0,0,0,0,0,0,0,0,0,0,0,0,465,322,487,322,6,4040,3224,5101,6218,1877,34,109.9,28.6,8.3,12.5,9,237.6,2178,4040,24,34,54,65,65,62,39,64,53,16,323,11,4,22,539,64,19,76,28,119,,,48,364,790,98,26,89,37,1,8,14,1,0,0,2,88,797,82,3784,33,31,312,0,63,1371,0,2,8,6,10,3,2,7,5,6,2,29,22,57,57,21,0,0,,0,,0,,0,,0,,4.7,8.3,66.1,12.5,75.9,100,46.1,10.1,21.8,27.4,128.1,22.2,18.9,237.6,46,123,477,481,284,14,3,103,58,8,148,58,8,148,405,1111,0,DB Coach
,0,1989,6,NYG,177139,17,0,0,,0,0,0,0,0,0,0,0,0,0,0,0,0,0,0,0,0,0,0,321,338,572,338,20,4168,3721,5518,5698,1797,27,82.9,33.6,7.3,12.3,11.3,245.2,1530,4168,14,27,72,61,61,63,40,59,57,11,97,18,11,16,555,61,22,69,46,167,,,73,535,778,86,45,96,50,1,15,13,2,0,0,1,91,709,88,3869,23,40,326,0,75,1642,0,2,4,5,13,6,2,4,4,8,5,30,23,43,42,14,0,0,,0,,0,,0,,0,,4.8,7.3,59.1,12.3,76.7,97.7,44,8.2,21.9,18.9,90,21.2,19.9,245.2,46.2,111,369,371,413,12,2,68,58,9,156,58,9,156,391,1145,0,DB Coach
,0,1990,6,NYG,177139,17,0,1,,1,0,0,0,0,0,0,0,0,0,0,0,0,0,0,0,0,0,0,384,336,488,336,10,5377,3520,5379,7293,1859,56,135.1,28.7,11,16,11.1,316.3,1916,5377,24,56,64,80,80,63,97,19,55,18,445,19,12,52,662,43,18,63,34,85,,,61,466,810,90,53,84,30,0,34,25,5,0,0,1,103,799,52,2310,19,22,150,0,70,1462,1,2,6,7,12,4,2,4,3,6,1,31,16,84,81,24,0,0,,0,,0,,0,,0,,5,11,68.9,16,51.6,96.4,44.4,6.8,20.9,22.6,112.7,20.8,19.8,316.3,52.4,129,645,647,374,10,5,80,88,17,176,88,17,176,395,475,585,DB Coach
,0,1991,6,NYG,177139,1,0,0,,0,0,0,0,0,0,0,0,0,0,0,0,0,0,0,0,0,0,0,15,18,34,18,0,242,326,402,319,76,1,85.7,34,7.1,13.4,2.9,242,77,242,1,1,31,33,33,63,35,0,0,0,0,2,1,0,39,5,0,5,0,9,,,1,9,47,4,5,5,1,0,0,1,0,0,0,0,10,60,5,241,3,0,0,0,6,142,0,0,0,0,1,0,0,0,0,0,0,1,0,2,2,1,0,0,,0,,0,,0,,0,,5.1,7.1,52.9,13.4,0,100,48.2,0,23.7,15,77,26.7,18,242,44.4,2,14,14,19,1,0,4,3,0,8,3,0,8,20,32,34,
,0,1988,4,OAK,180957,17,0,0,,0,0,0,0,0,0,0,0,0,0,0,0,0,0,0,0,0,0,0,648,153,277,153,5,2451,3203,5898,5560,2695,28,111.2,16.3,8.8,16,17.1,144.2,3109,2451,20,28,76,60,60,60,41,59,55,17,450,16,8,13,499,105,21,62,37,85,,,57,425,917,111,27,79,27,0,17,16,6,0,0,1,100,923,92,4167,33,23,236,0,78,1859,0,2,6,10,7,5,2,6,5,5,5,30,23,52,51,13,0,0,,0,,0,,0,,0,,4.8,8.8,55.2,16,76.7,98.1,45.3,10.3,23.8,38.1,182.9,18.7,9,144.2,51.6,120,444,448,410,22,5,121,42,11,79,42,11,79,434,909,0,Defensive Coordinator
,0,1989,4,OAK,180957,17,0,0,,0,0,0,0,0,0,0,0,0,0,0,0,0,0,0,0,0,0,0,608,305,497,305,15,3307,3839,6297,6381,2458,22,83.1,29.2,6.7,10.8,5.7,194.5,3074,3307,19,22,62,57,57,59,108,65,49,11,110,23,8,1,536,115,28,82,16,120,,,30,204,914,77,33,119,45,0,10,20,2,0,0,1,126,1018,99,4116,31,31,328,0,85,2043,2,4,5,14,11,1,3,5,12,6,0,35,26,45,45,14,0,0,,0,,0,,0,,0,,5.1,6.7,61.4,10.8,74.3,100,41.6,10.6,24,35.8,180.8,23.2,17.9,194.5,41.3,123,393,393,444,30,5,141,36,6,126,36,6,126,461,1222,0,Defensive Coordinator
,0,1990,4,OAK,180957,17,0,0,,0,0,0,0,0,0,0,0,0,0,0,0,0,0,0,0,0,0,0,548,206,424,206,11,3166,3578,6024,5901,2446,26,83.3,24.9,7.5,15.4,14.9,186.2,2735,3166,25,26,62,77,77,60,94,17,55,8,74,9,5,0,674,83,34,78,49,153,,,74,548,878,71,34,118,48,0,11,7,2,0,0,0,122,1011,100,4344,27,23,130,0,97,2203,0,0,4,6,6,2,0,4,4,6,2,18,16,53,53,12,0,0,,0,,0,,0,,0,,5,7.5,48.6,15.4,88.9,100,43.4,5.7,22.7,32.2,160.9,23,12.1,186.2,55.3,101,419,419,465,12,4,126,54,9,114,54,9,114,449,422,705,Defensive Coordinator
,0,1991,4,OAK,180957,1,0,0,,0,0,0,0,0,0,0,0,0,0,0,0,0,0,0,0,0,0,0,60,21,42,21,2,280,253,487,485,234,1,59.6,42,6.7,13.3,10.6,280,205,280,2,1,14,50,50,61,40,15,50,2,11,1,1,0,58,6,6,6,0,12,,,5,30,79,7,1,7,2,0,2,0,0,0,0,0,5,36,7,362,3,3,16,0,4,120,0,0,1,1,1,1,0,1,1,0,1,4,3,2,2,0,0,0,,0,,0,,0,,0,,3.4,6.7,50,13.3,75,100,51.7,5.3,30,60,205,21.7,21,280,47.6,11,29,31,20,0,0,13,4,1,10,4,1,10,28,42,41,
,0,1988,20,LOU,180996,17,0,0,,1,0,0,0,0,0,0,0,0,0,0,0,0,0,0,0,0,0,0,453,396,549,396,13,4085,3735,6308,5925,2573,32,102.8,32.3,7.4,10.3,3.9,240.3,1840,4085,15,32,64,71,71,67,35,16,50,13,295,20,14,19,427,110,14,66,12,105,,,22,151,847,103,13,81,32,0,19,11,1,0,0,0,102,796,80,3830,30,23,122,0,83,1601,0,2,5,7,4,2,1,4,7,3,1,20,16,46,46,11,0,0,,0,,0,,0,,0,,4.1,7.4,72.1,10.3,80,100,47.9,5.3,19.3,26.6,108.2,19.4,23.3,240.3,40.9,94,382,382,439,7,2,88,40,11,162,40,11,162,423,1179,0,QB Coach
,0,1989,20,LOU,180996,17,0,0,,0,0,0,0,0,0,0,0,0,0,0,0,0,0,0,0,0,0,0,431,476,691,476,7,4168,4102,6398,5957,2296,29,94.4,40.6,6,8.8,5.6,245.2,1789,4168,16,29,40,55,55,64,33,70,52,5,36,15,7,19,460,98,32,80,16,104,,,41,279,754,75,30,109,32,1,13,16,1,0,0,0,98,740,90,4145,32,28,334,0,81,1707,0,1,3,10,3,7,1,3,8,1,3,24,16,44,43,8,0,0,,0,,0,,0,,0,,4.2,6,68.9,8.8,66.7,97.7,46.1,11.9,21.1,25.4,105.2,20.9,28,245.2,42.9,91,367,373,455,8,0,90,31,2,204,31,2,204,432,1373,0,QB Coach
,0,1990,20,LOU,180996,17,0,0,,0,0,0,0,0,0,0,0,0,0,0,0,0,0,0,0,0,0,0,429,480,656,480,10,4945,4260,6612,6934,2352,46,111.5,38.6,7.5,10.3,6.2,290.9,1989,4945,16,46,60,52,52,63,99,78,52,9,151,17,10,2,544,133,25,51,18,77,,,43,337,718,53,30,75,30,0,11,12,0,0,0,0,110,922,55,2404,21,23,281,0,92,2009,1,0,9,7,7,6,0,7,7,5,2,29,21,61,60,11,0,0,,0,,0,,0,,0,,4.6,7.5,73.2,10.3,72.4,98.4,43.7,12.2,21.8,25.2,117,23.5,28.2,290.9,41.7,123,501,503,498,13,2,101,44,10,200,44,10,200,424,655,624,QB Coach
,0,1991,20,LOU,180996,1,0,0,,0,0,0,0,0,0,0,0,0,0,0,0,0,0,0,0,0,0,0,18,25,37,25,1,260,289,360,283,71,1,85.4,37,7,10.4,7.5,260,23,260,0,1,6,34,34,53,32,0,37,0,0,0,0,0,26,8,1,3,1,5,,,3,23,46,6,0,4,1,0,1,1,0,0,0,0,5,54,6,286,2,1,-2,0,7,138,0,0,0,1,0,1,0,0,1,0,0,2,1,1,1,0,0,0,,0,,0,,0,,0,,1.3,7,67.6,10.4,50,100,47.7,-2,19.7,18,23,5.6,25,260,48,4,10,10,34,0,0,1,3,0,12,3,0,12,28,36,42,
,0,1988,16,TB,186804,17,0,0,,0,0,0,0,0,0,0,0,0,0,0,0,0,0,0,0,0,0,0,566,288,440,288,11,3527,3356,6204,5887,2848,24,97.8,25.9,8,12.2,10.2,207.5,2360,3527,11,24,68,87,87,62,42,21,53,8,142,21,12,3,399,131,27,81,35,133,,,50,390,843,84,21,105,27,1,7,13,1,0,0,2,97,753,102,4439,35,33,229,0,90,1785,0,0,5,7,10,4,0,5,6,7,2,26,20,36,35,12,0,0,,0,,0,,0,,0,,4.2,8,65.5,12.2,76.9,97.2,43.5,6.9,19.8,33.3,138.8,17.7,16.9,207.5,42.4,95,311,313,480,18,4,100,40,11,122,40,11,122,389,1062,0,Defensive Coordinator
,0,1989,16,TB,186804,17,0,0,,1,0,0,0,0,0,0,0,0,0,0,0,0,0,0,0,0,0,0,475,376,561,376,10,4062,3558,6314,6062,2756,37,102.7,33,7.2,10.8,7.1,238.9,2000,4062,13,37,51,73,73,65,95,17,55,13,103,21,10,51,460,99,22,91,23,150,,,43,306,842,71,48,109,34,0,20,22,0,0,0,0,105,895,101,4515,33,30,211,0,77,1911,1,1,5,7,8,5,1,4,5,8,4,26,22,49,47,15,0,0,,0,,0,,0,,0,,4.2,7.2,67,10.8,84.6,95.9,44.7,7,24.8,27.9,117.6,20,22.1,238.9,35.1,113,419,423,397,13,3,95,49,9,132,49,9,132,387,1196,0,Defensive Coordinator
,0,1990,16,TB,186804,17,0,0,,1,0,0,0,0,0,0,0,0,0,0,0,0,0,0,0,0,0,0,541,400,563,400,8,4567,4013,6183,7025,2170,39,112.3,33.1,8.1,11.4,5.7,268.6,2458,4567,23,39,45,71,71,67,35,55,53,7,104,13,8,57,523,116,17,84,15,132,,,34,235,819,69,25,112,30,0,21,18,2,0,0,0,122,913,71,3304,29,30,133,1,90,1892,0,2,9,7,11,4,2,8,6,7,2,33,25,58,55,18,0,0,,0,,0,,0,,0,,4.5,8.1,71,11.4,75.8,94.8,46.5,4.4,21,31.8,144.6,21.1,23.5,268.6,43.5,130,520,528,475,11,5,114,46,13,174,46,13,174,414,570,626,Defensive Coordinator
,0,1991,16,TB,186804,1,0,0,,0,0,0,0,0,0,0,0,0,0,0,0,0,0,0,0,0,0,0,30,16,23,16,1,164,163,326,286,163,1,86.1,23,7.1,10.2,14.8,164,122,164,0,1,20,19,19,55,37,17,46,1,74,2,2,0,21,6,0,3,2,9,,,4,30,50,4,0,5,0,0,0,0,0,0,0,0,5,50,4,177,1,1,17,0,5,147,0,0,0,0,2,0,0,0,0,2,0,2,2,1,1,0,0,0,,0,,0,,0,,0,,4.1,7.1,69.6,10.2,100,100,44.2,17,29.4,30,122,26.7,16,164,56.2,7,13,13,20,0,0,8,0,0,9,0,0,9,15,24,23,
,0,1988,7,CIN,187430,17,0,1,,1,0,0,0,0,0,0,0,0,0,0,0,0,0,0,0,0,0,0,521,349,508,349,13,3873,2769,4792,5937,2023,30,100.1,29.9,7.6,11.1,5,227.8,2064,3873,19,30,47,74,74,62,96,62,53,12,205,19,8,30,463,84,19,76,10,120,,,27,227,789,94,19,101,29,0,22,23,4,0,0,1,91,789,84,3645,30,38,289,0,68,1625,1,3,8,6,9,2,3,7,5,7,2,28,24,52,52,19,0,0,,0,,0,,0,,0,,4,7.6,68.7,11.1,85.7,100,43.4,7.6,23.9,30.6,121.4,18.4,20.5,227.8,46.4,124,448,450,270,18,2,96,39,8,162,39,8,162,346,1086,0,DL Coach
,0,1989,7,CIN,187430,17,0,0,,0,0,0,0,0,0,0,0,0,0,0,0,0,0,0,0,0,0,0,344,291,672,291,15,3151,3659,6870,4011,3211,15,55.8,39.5,4.7,10.8,10.2,185.4,860,3151,2,15,31,72,72,59,103,19,46,15,275,20,7,3,470,133,65,89,44,270,,,76,499,874,71,19,119,35,0,12,18,0,0,0,1,96,851,139,6057,38,25,118,0,97,2231,1,2,2,7,7,4,2,2,5,6,0,22,15,18,17,2,0,0,,0,,0,,0,,0,,2.5,4.7,43.3,10.8,68.2,94.4,43.6,4.7,23,20.2,50.6,12.8,17.1,185.4,44,62,170,170,517,3,0,44,34,7,128,34,7,128,458,1402,0,DL Coach
,0,1990,7,CIN,187430,17,0,0,,1,0,0,0,0,0,0,0,0,0,0,0,0,0,0,0,0,0,0,377,420,629,420,9,4884,3015,5275,6381,2260,28,99,37,7.8,11.6,4.4,287.3,1497,4884,17,28,53,72,72,69,108,75,53,6,83,17,11,2,469,90,25,83,12,116,,,29,219,754,67,49,104,57,1,5,8,1,0,0,0,119,927,73,3555,26,32,292,0,80,1721,1,0,12,9,10,4,0,11,8,7,2,35,28,45,44,18,0,0,,0,,0,,0,,0,,4,7.8,66.8,11.6,80,97.8,48.7,9.1,21.5,22.2,88.1,19.6,24.7,287.3,43.1,128,410,414,380,11,2,74,61,15,181,61,15,181,352,631,592,DL Coach
,0,1991,7,CIN,187430,1,0,0,,0,0,0,0,0,0,0,0,0,0,0,0,0,0,0,0,0,0,0,30,22,35,22,1,204,148,367,332,219,4,104.9,35,5.8,9.3,0,204,128,204,0,4,18,38,38,52,33,0,0,0,0,1,0,17,19,4,2,5,0,10,,,0,0,53,5,5,5,5,0,1,2,0,0,0,0,7,57,5,205,1,0,0,0,5,142,0,0,1,0,0,0,0,0,0,0,0,1,0,4,4,1,0,0,,0,,0,,0,,0,,4.3,5.8,62.9,9.3,0,100,41,0,28.4,30,128,23.3,22,204,40.9,4,28,28,24,0,0,7,2,0,9,2,0,9,17,34,27,
,0,1988,20,LOU,192370,17,0,0,,1,0,0,0,0,0,0,0,0,0,0,0,0,0,0,0,0,0,0,453,396,549,396,13,4085,3735,6308,5925,2573,32,102.8,32.3,7.4,10.3,3.9,240.3,1840,4085,15,32,64,71,71,67,35,16,50,13,295,20,14,19,427,110,14,66,12,105,,,22,151,847,103,13,81,32,0,19,11,1,0,0,0,102,796,80,3830,30,23,122,0,83,1601,0,2,5,7,4,2,1,4,7,3,1,20,16,46,46,11,0,0,,0,,0,,0,,0,,4.1,7.4,72.1,10.3,80,100,47.9,5.3,19.3,26.6,108.2,19.4,23.3,240.3,40.9,94,382,382,439,7,2,88,40,11,162,40,11,162,423,1179,0,RB and Receivers Coach
,0,1989,20,LOU,192370,17,0,0,,0,0,0,0,0,0,0,0,0,0,0,0,0,0,0,0,0,0,0,431,476,691,476,7,4168,4102,6398,5957,2296,29,94.4,40.6,6,8.8,5.6,245.2,1789,4168,16,29,40,55,55,64,33,70,52,5,36,15,7,19,460,98,32,80,16,104,,,41,279,754,75,30,109,32,1,13,16,1,0,0,0,98,740,90,4145,32,28,334,0,81,1707,0,1,3,10,3,7,1,3,8,1,3,24,16,44,43,8,0,0,,0,,0,,0,,0,,4.2,6,68.9,8.8,66.7,97.7,46.1,11.9,21.1,25.4,105.2,20.9,28,245.2,42.9,91,367,373,455,8,0,90,31,2,204,31,2,204,432,1373,0,RB and Receivers Coach
,0,1990,20,LOU,192370,17,0,0,,0,0,0,0,0,0,0,0,0,0,0,0,0,0,0,0,0,0,0,429,480,656,480,10,4945,4260,6612,6934,2352,46,111.5,38.6,7.5,10.3,6.2,290.9,1989,4945,16,46,60,52,52,63,99,78,52,9,151,17,10,2,544,133,25,51,18,77,,,43,337,718,53,30,75,30,0,11,12,0,0,0,0,110,922,55,2404,21,23,281,0,92,2009,1,0,9,7,7,6,0,7,7,5,2,29,21,61,60,11,0,0,,0,,0,,0,,0,,4.6,7.5,73.2,10.3,72.4,98.4,43.7,12.2,21.8,25.2,117,23.5,28.2,290.9,41.7,123,501,503,498,13,2,101,44,10,200,44,10,200,424,655,624,RB and Receivers Coach
,0,1991,20,LOU,192370,1,0,0,,0,0,0,0,0,0,0,0,0,0,0,0,0,0,0,0,0,0,0,18,25,37,25,1,260,289,360,283,71,1,85.4,37,7,10.4,7.5,260,23,260,0,1,6,34,34,53,32,0,37,0,0,0,0,0,26,8,1,3,1,5,,,3,23,46,6,0,4,1,0,1,1,0,0,0,0,5,54,6,286,2,1,-2,0,7,138,0,0,0,1,0,1,0,0,1,0,0,2,1,1,1,0,0,0,,0,,0,,0,,0,,1.3,7,67.6,10.4,50,100,47.7,-2,19.7,18,23,5.6,25,260,48,4,10,10,34,0,0,1,3,0,12,3,0,12,28,36,42,
,0,1988,1,NYT,195031,17,0,0,,0,0,0,0,0,0,0,0,0,0,0,0,0,0,0,0,0,0,0,489,342,567,342,14,3487,3615,6065,5539,2450,23,81.2,33.4,6.1,10.2,7.4,205.1,2052,3487,15,23,34,81,81,66,39,32,49,6,118,29,13,22,505,113,36,36,31,142,,,45,314,839,109,18,58,14,0,19,28,1,0,0,1,92,814,94,4003,26,28,165,0,93,1577,0,0,3,6,9,4,0,3,5,7,0,22,15,35,34,13,0,0,,0,,0,,0,,0,,4.2,6.1,60.3,10.2,68.2,97.1,42.6,5.9,17,28.8,120.7,23.9,20.1,205.1,39.8,79,313,315,543,11,0,117,36,6,136,36,6,136,331,1012,0,Offensive Coordinator
,0,1989,1,NYT,195031,17,0,0,,0,0,0,0,0,0,0,0,0,0,0,0,0,0,0,0,0,0,0,386,404,656,404,13,4084,3400,6099,5679,2699,25,83.8,38.6,6.2,10.1,8.1,240.2,1595,4084,16,25,66,63,63,69,35,18,54,14,195,16,7,18,432,111,39,104,29,148,,,58,417,767,59,21,118,57,0,8,15,2,1,0,1,100,943,85,3951,23,32,185,0,79,1586,0,2,3,6,15,5,2,3,5,10,2,31,22,42,42,15,0,0,,0,,0,,0,,0,,4.1,6.2,61.6,10.1,71,100,46.5,5.8,20.1,22.7,93.8,21.2,23.8,240.2,40.3,108,366,366,444,7,1,82,41,8,163,41,8,163,378,1312,0,Offensive Coordinator
,0,1990,1,NYT,195031,17,0,0,,0,0,0,0,0,0,0,0,0,0,0,0,0,0,0,0,0,0,0,509,325,523,325,22,3358,3567,6239,5617,2672,20,75.8,30.8,6.4,10.3,5.6,197.5,2259,3358,15,20,74,64,64,62,75,70,49,3,4,16,8,51,408,101,25,50,10,128,,,31,213,823,71,42,84,42,1,18,20,0,0,0,0,127,988,77,3497,27,24,294,0,100,2409,0,2,6,9,20,3,2,5,7,13,0,40,27,32,32,12,0,0,,0,,0,,0,,0,,4.4,6.4,62.1,10.3,67.5,100,45.4,12.2,24.1,29.9,132.9,20.2,19.1,197.5,36.3,113,323,327,520,14,6,103,35,6,118,35,6,118,365,523,528,Offensive Coordinator
,0,1991,1,NYT,195031,1,0,0,,0,0,0,0,0,0,0,0,0,0,0,0,0,0,0,0,0,0,0,27,11,23,11,0,129,282,467,233,185,1,79.8,23,5.6,11.7,0,129,104,129,1,1,33,26,26,54,38,1,43,0,0,0,0,0,21,13,1,1,0,9,,,0,0,59,1,2,2,2,0,0,0,0,0,0,0,6,60,7,346,4,1,1,0,6,123,0,0,0,1,1,0,0,0,1,1,0,2,2,2,2,1,0,0,,0,,0,,0,,0,,3.9,5.6,47.8,11.7,100,100,49.4,1,20.5,27,104,7.4,11,129,45.5,8,20,20,31,1,0,2,1,0,5,1,0,5,21,23,27,
,0,1988,6,NYG,195505,17,0,0,,1,0,0,0,0,0,0,0,0,0,0,0,0,0,0,0,0,0,0,465,322,487,322,6,4040,3224,5101,6218,1877,34,109.9,28.6,8.3,12.5,9,237.6,2178,4040,24,34,54,65,65,62,39,64,53,16,323,11,4,22,539,64,19,76,28,119,,,48,364,790,98,26,89,37,1,8,14,1,0,0,2,88,797,82,3784,33,31,312,0,63,1371,0,2,8,6,10,3,2,7,5,6,2,29,22,57,57,21,0,0,,0,,0,,0,,0,,4.7,8.3,66.1,12.5,75.9,100,46.1,10.1,21.8,27.4,128.1,22.2,18.9,237.6,46,123,477,481,284,14,3,103,58,8,148,58,8,148,405,1111,0,DL Coach
,0,1989,6,NYG,195505,17,0,0,,0,0,0,0,0,0,0,0,0,0,0,0,0,0,0,0,0,0,0,321,338,572,338,20,4168,3721,5518,5698,1797,27,82.9,33.6,7.3,12.3,11.3,245.2,1530,4168,14,27,72,61,61,63,40,59,57,11,97,18,11,16,555,61,22,69,46,167,,,73,535,778,86,45,96,50,1,15,13,2,0,0,1,91,709,88,3869,23,40,326,0,75,1642,0,2,4,5,13,6,2,4,4,8,5,30,23,43,42,14,0,0,,0,,0,,0,,0,,4.8,7.3,59.1,12.3,76.7,97.7,44,8.2,21.9,18.9,90,21.2,19.9,245.2,46.2,111,369,371,413,12,2,68,58,9,156,58,9,156,391,1145,0,DL Coach
,0,1990,6,NYG,195505,17,0,1,,1,0,0,0,0,0,0,0,0,0,0,0,0,0,0,0,0,0,0,384,336,488,336,10,5377,3520,5379,7293,1859,56,135.1,28.7,11,16,11.1,316.3,1916,5377,24,56,64,80,80,63,97,19,55,18,445,19,12,52,662,43,18,63,34,85,,,61,466,810,90,53,84,30,0,34,25,5,0,0,1,103,799,52,2310,19,22,150,0,70,1462,1,2,6,7,12,4,2,4,3,6,1,31,16,84,81,24,0,0,,0,,0,,0,,0,,5,11,68.9,16,51.6,96.4,44.4,6.8,20.9,22.6,112.7,20.8,19.8,316.3,52.4,129,645,647,374,10,5,80,88,17,176,88,17,176,395,475,585,DL Coach
,0,1991,6,NYG,195505,1,0,0,,0,0,0,0,0,0,0,0,0,0,0,0,0,0,0,0,0,0,0,15,18,34,18,0,242,326,402,319,76,1,85.7,34,7.1,13.4,2.9,242,77,242,1,1,31,33,33,63,35,0,0,0,0,2,1,0,39,5,0,5,0,9,,,1,9,47,4,5,5,1,0,0,1,0,0,0,0,10,60,5,241,3,0,0,0,6,142,0,0,0,0,1,0,0,0,0,0,0,1,0,2,2,1,0,0,,0,,0,,0,,0,,5.1,7.1,52.9,13.4,0,100,48.2,0,23.7,15,77,26.7,18,242,44.4,2,14,14,19,1,0,4,3,0,8,3,0,8,20,32,34,
,0,1988,3,GB,196176,17,0,0,,0,0,0,0,0,0,0,0,0,0,0,0,0,0,0,0,0,0,0,526,312,462,312,15,3467,2837,5267,5988,2430,26,94.9,27.2,7.5,11.1,6.3,203.9,2521,3467,20,26,46,76,76,61,37,67,50,8,104,25,15,9,469,66,15,45,15,91,,,31,241,870,90,25,73,30,0,11,15,1,0,0,0,76,596,65,2933,25,26,174,0,72,1551,0,2,9,5,8,4,2,7,3,6,1,28,19,46,45,17,0,0,,0,,0,,0,,0,,4.8,7.5,67.5,11.1,67.9,97.8,45.1,6.7,21.5,30.9,148.3,23.6,18.4,203.9,45.2,102,384,384,330,15,1,124,42,9,141,42,9,141,362,1003,0,Defensive Coordinator
,0,1989,3,GB,196176,17,0,0,,0,0,0,0,0,0,0,0,0,0,0,0,0,0,0,0,0,0,0,406,348,649,348,5,3789,3902,6251,5428,2349,28,82.3,38.2,5.8,10.9,8.5,222.9,1639,3789,12,28,39,59,59,61,87,18,51,11,123,23,8,22,431,91,30,50,32,200,,,60,383,858,119,33,86,30,1,18,22,2,0,0,0,108,970,109,4852,40,31,162,0,95,2248,0,0,4,6,11,7,0,3,5,7,4,28,19,42,42,9,0,0,,0,,0,,0,,0,,4,5.8,53.6,10.9,67.9,100,44.5,5.2,23.7,23.9,96.4,17,20.5,222.9,41.7,99,351,353,520,15,0,69,35,8,145,35,8,145,399,1199,0,Defensive Coordinator
,0,1990,3,GB,196176,17,0,0,,0,0,0,0,0,0,0,0,0,0,0,0,0,0,0,0,0,0,0,577,297,469,297,10,3449,4664,7071,6001,2407,27,95.8,27.6,7.4,11.6,8.4,202.9,2552,3449,21,27,43,78,78,61,93,20,51,9,107,24,11,68,481,76,27,42,19,124,,,43,306,855,97,29,64,23,1,16,25,2,0,0,0,109,874,70,3117,29,20,181,0,106,2368,0,4,5,5,10,7,4,4,4,7,2,31,21,48,47,12,0,0,,0,,0,,0,,0,,4.4,7.4,63.3,11.6,67.7,97.9,44.5,9,22.3,33.9,150.1,23.6,17.5,202.9,41.8,110,410,414,593,15,1,136,39,11,124,39,11,124,454,466,593,Defensive Coordinator
,0,1991,3,GB,196176,1,0,0,,0,0,0,0,0,0,0,0,0,0,0,0,0,0,0,0,0,0,0,41,22,28,22,0,282,129,233,467,104,2,132.4,28,10.1,12.8,6.7,282,185,282,2,2,19,48,48,62,39,13,40,0,0,0,0,0,39,2,3,3,1,2,,,2,14,36,1,0,11,0,0,0,0,0,0,0,0,5,45,4,171,0,1,13,0,5,78,0,0,0,0,1,2,0,0,0,1,0,3,1,4,4,1,0,0,,0,,0,,0,,0,,4.5,10.1,78.6,12.8,33.3,100,42.8,13,15.6,41,185,24.4,22,282,54.5,7,31,31,20,0,0,10,3,1,12,3,1,12,14,28,26,
,0,1988,1,NYT,200035,17,0,0,,0,0,0,0,0,0,0,0,0,0,0,0,0,0,0,0,0,0,0,489,342,567,342,14,3487,3615,6065,5539,2450,23,81.2,33.4,6.1,10.2,7.4,205.1,2052,3487,15,23,34,81,81,66,39,32,49,6,118,29,13,22,505,113,36,36,31,142,,,45,314,839,109,18,58,14,0,19,28,1,0,0,1,92,814,94,4003,26,28,165,0,93,1577,0,0,3,6,9,4,0,3,5,7,0,22,15,35,34,13,0,0,,0,,0,,0,,0,,4.2,6.1,60.3,10.2,68.2,97.1,42.6,5.9,17,28.8,120.7,23.9,20.1,205.1,39.8,79,313,315,543,11,0,117,36,6,136,36,6,136,331,1012,0,QB Coach
,0,1989,1,NYT,200035,17,0,0,,0,0,0,0,0,0,0,0,0,0,0,0,0,0,0,0,0,0,0,386,404,656,404,13,4084,3400,6099,5679,2699,25,83.8,38.6,6.2,10.1,8.1,240.2,1595,4084,16,25,66,63,63,69,35,18,54,14,195,16,7,18,432,111,39,104,29,148,,,58,417,767,59,21,118,57,0,8,15,2,1,0,1,100,943,85,3951,23,32,185,0,79,1586,0,2,3,6,15,5,2,3,5,10,2,31,22,42,42,15,0,0,,0,,0,,0,,0,,4.1,6.2,61.6,10.1,71,100,46.5,5.8,20.1,22.7,93.8,21.2,23.8,240.2,40.3,108,366,366,444,7,1,82,41,8,163,41,8,163,378,1312,0,QB Coach
,0,1990,1,NYT,200035,17,0,0,,0,0,0,0,0,0,0,0,0,0,0,0,0,0,0,0,0,0,0,509,325,523,325,22,3358,3567,6239,5617,2672,20,75.8,30.8,6.4,10.3,5.6,197.5,2259,3358,15,20,74,64,64,62,75,70,49,3,4,16,8,51,408,101,25,50,10,128,,,31,213,823,71,42,84,42,1,18,20,0,0,0,0,127,988,77,3497,27,24,294,0,100,2409,0,2,6,9,20,3,2,5,7,13,0,40,27,32,32,12,0,0,,0,,0,,0,,0,,4.4,6.4,62.1,10.3,67.5,100,45.4,12.2,24.1,29.9,132.9,20.2,19.1,197.5,36.3,113,323,327,520,14,6,103,35,6,118,35,6,118,365,523,528,QB Coach
,0,1991,1,NYT,200035,1,0,0,,0,0,0,0,0,0,0,0,0,0,0,0,0,0,0,0,0,0,0,27,11,23,11,0,129,282,467,233,185,1,79.8,23,5.6,11.7,0,129,104,129,1,1,33,26,26,54,38,1,43,0,0,0,0,0,21,13,1,1,0,9,,,0,0,59,1,2,2,2,0,0,0,0,0,0,0,6,60,7,346,4,1,1,0,6,123,0,0,0,1,1,0,0,0,1,1,0,2,2,2,2,1,0,0,,0,,0,,0,,0,,3.9,5.6,47.8,11.7,100,100,49.4,1,20.5,27,104,7.4,11,129,45.5,8,20,20,31,1,0,2,1,0,5,1,0,5,21,23,27,
,0,1988,11,CHI,200242,17,0,0,,0,0,0,0,0,0,0,0,0,0,0,0,0,0,0,0,0,0,0,588,235,442,235,10,2418,4153,6587,5051,2434,15,71.1,26,5.5,10.3,6,142.2,2633,2418,16,15,64,58,58,64,100,79,46,10,182,8,5,5,440,85,31,66,19,163,,,28,191,944,96,27,97,19,1,18,15,2,0,0,0,132,1061,104,4704,48,29,354,0,86,2089,1,2,7,15,12,1,2,7,11,10,0,37,30,32,32,13,0,0,,0,,0,,0,,0,,4.5,5.5,53.2,10.3,81.1,100,45.2,12.2,24.3,34.6,154.9,18.5,13.8,142.2,39.6,122,326,332,468,22,10,109,28,3,93,28,3,93,445,1059,0,QB Coach
,0,1989,11,CHI,200242,17,0,0,,0,0,0,0,0,0,0,0,0,0,0,0,0,0,0,0,0,0,0,573,304,506,304,18,3239,4178,6145,5966,1967,13,72.6,29.8,6.4,10.7,4.9,190.5,2727,3239,27,13,85,56,56,65,40,19,52,11,237,25,9,4,527,80,33,63,11,151,,,26,184,914,104,63,98,29,0,19,20,1,0,0,0,99,783,94,4401,38,39,262,0,71,1477,0,0,5,8,12,5,0,4,5,7,3,30,19,36,34,19,0,0,,0,,0,,0,,0,,4.8,6.4,60.1,10.7,63.3,94.4,46.8,6.7,20.8,33.7,160.4,18.7,17.9,190.5,45.1,91,337,343,387,20,5,107,30,4,137,30,4,137,468,1187,0,QB Coach
,0,1990,11,CHI,200242,17,0,0,,1,0,0,0,0,0,0,0,0,0,0,0,0,0,0,0,0,0,0,470,440,646,440,9,4768,3590,5674,7277,2084,46,107.5,38,7.4,10.8,3.9,280.5,2509,4768,27,46,45,70,70,67,41,77,48,5,89,20,10,63,591,101,24,74,10,98,,,26,196,783,63,44,101,45,0,16,20,1,0,0,0,106,853,63,2766,22,29,241,0,79,1798,0,1,7,9,9,0,1,6,5,5,0,26,17,74,73,23,0,0,,0,,0,,0,,0,,5.3,7.4,68.1,10.8,65.4,98.6,43.9,8.3,22.8,27.6,147.6,27.7,25.9,280.5,48.2,124,568,568,386,14,1,130,42,7,212,42,7,212,398,651,617,QB Coach
,0,1991,11,CHI,200242,1,0,0,,0,0,0,0,0,0,0,0,0,0,0,0,0,0,0,0,0,0,0,23,24,36,24,0,302,247,410,411,163,3,120.4,36,8.4,12.6,0,302,109,302,0,3,49,68,68,67,31,0,43,1,38,1,1,8,30,10,2,4,0,7,,,0,0,53,3,6,8,0,0,5,3,1,0,0,0,8,56,4,231,2,1,0,0,5,122,0,0,2,0,1,1,0,2,0,1,0,4,3,4,4,1,0,0,,0,,0,,0,,0,,4.7,8.4,66.7,12.6,75,100,57.8,0,24.4,23,109,26.1,24,302,37.5,13,37,37,31,1,1,6,3,1,9,3,1,9,36,37,49,
,0,1988,14,ATL,202647,17,0,0,,1,0,0,0,0,0,0,0,0,0,0,0,0,0,0,0,0,0,0,533,269,411,269,8,3796,4169,6266,6082,2097,29,110.5,24.2,9.2,14.1,9.7,223.3,2286,3796,19,29,67,68,68,65,42,77,52,9,185,9,3,31,451,101,15,63,26,107,,,44,367,801,105,28,91,29,1,15,13,0,0,0,0,87,745,81,3604,27,25,305,1,77,1904,0,1,8,12,12,4,1,7,10,7,2,37,27,48,48,17,0,0,,0,,0,,0,,0,,4.3,9.2,65.5,14.1,73,100,44.5,12.2,24.7,31.4,134.5,19.9,15.8,223.3,47.2,129,423,427,398,13,6,106,56,15,127,56,15,127,408,974,0,DB Coach
,0,1989,14,ATL,202647,17,0,0,,0,0,0,0,0,0,0,0,0,0,0,0,0,0,0,0,0,0,0,459,283,474,283,10,4640,4509,6339,6450,1830,45,115.5,27.9,9.8,16.4,15.4,272.9,1810,4640,6,45,47,66,66,65,42,24,52,17,207,17,5,84,649,80,21,91,44,135,,,86,697,724,87,40,112,45,3,19,24,2,0,0,0,101,808,83,3957,28,36,317,0,73,1710,0,1,5,11,13,5,1,4,9,9,1,35,24,52,51,17,0,0,,0,,0,,0,,0,,3.9,9.8,59.7,16.4,68.6,98.1,47.7,8.8,23.4,27,106.5,16.6,16.6,272.9,47.7,123,441,449,445,12,2,76,83,24,135,83,24,135,429,1151,0,DB Coach
,0,1990,14,ATL,202647,17,0,0,,0,0,0,0,0,0,0,0,0,0,0,0,0,0,0,0,0,0,0,552,297,431,297,6,3211,4437,6826,5443,2389,23,102.5,25.4,7.5,10.8,5.9,188.9,2232,3211,22,23,53,62,62,67,92,41,52,9,101,18,11,35,383,89,15,57,9,81,,,27,192,790,86,25,93,24,0,15,16,1,0,0,0,88,643,84,4019,46,21,206,0,94,2224,0,0,8,12,5,4,0,7,12,4,3,29,26,45,44,13,0,0,,0,,0,,0,,0,,4,7.5,68.9,10.8,89.7,97.8,47.8,9.8,23.7,32.5,131.3,18.8,17.5,188.9,41.8,122,398,398,514,16,4,104,30,9,124,30,9,124,404,427,591,DB Coach
,0,1991,14,ATL,202647,1,0,0,,0,0,0,0,0,0,0,0,0,0,0,0,0,0,0,0,0,0,0,38,14,25,14,0,148,204,332,367,128,0,73.4,25,5.9,10.6,16.7,148,219,148,3,0,27,31,31,63,30,11,51,1,4,1,1,0,37,10,0,5,3,9,,,5,38,48,4,0,4,5,0,1,0,0,0,0,0,3,25,4,183,3,1,11,0,5,85,0,0,0,0,1,2,0,0,0,0,1,3,1,3,3,1,0,0,,0,,0,,0,,0,,5.8,5.9,56,10.6,33.3,100,45.8,11,17,38,219,23.7,14,148,42.9,6,24,24,28,1,0,9,1,0,6,1,0,6,31,21,47,
,0,1988,11,CHI,203211,17,0,0,,0,0,0,0,0,0,0,0,0,0,0,0,0,0,0,0,0,0,0,588,235,442,235,10,2418,4153,6587,5051,2434,15,71.1,26,5.5,10.3,6,142.2,2633,2418,16,15,64,58,58,64,100,79,46,10,182,8,5,5,440,85,31,66,19,163,,,28,191,944,96,27,97,19,1,18,15,2,0,0,0,132,1061,104,4704,48,29,354,0,86,2089,1,2,7,15,12,1,2,7,11,10,0,37,30,32,32,13,0,0,,0,,0,,0,,0,,4.5,5.5,53.2,10.3,81.1,100,45.2,12.2,24.3,34.6,154.9,18.5,13.8,142.2,39.6,122,326,332,468,22,10,109,28,3,93,28,3,93,445,1059,0,Special Teams Coach
,0,1989,11,CHI,203211,17,0,0,,0,0,0,0,0,0,0,0,0,0,0,0,0,0,0,0,0,0,0,573,304,506,304,18,3239,4178,6145,5966,1967,13,72.6,29.8,6.4,10.7,4.9,190.5,2727,3239,27,13,85,56,56,65,40,19,52,11,237,25,9,4,527,80,33,63,11,151,,,26,184,914,104,63,98,29,0,19,20,1,0,0,0,99,783,94,4401,38,39,262,0,71,1477,0,0,5,8,12,5,0,4,5,7,3,30,19,36,34,19,0,0,,0,,0,,0,,0,,4.8,6.4,60.1,10.7,63.3,94.4,46.8,6.7,20.8,33.7,160.4,18.7,17.9,190.5,45.1,91,337,343,387,20,5,107,30,4,137,30,4,137,468,1187,0,Special Teams Coach
,0,1990,11,CHI,203211,17,0,0,,1,0,0,0,0,0,0,0,0,0,0,0,0,0,0,0,0,0,0,470,440,646,440,9,4768,3590,5674,7277,2084,46,107.5,38,7.4,10.8,3.9,280.5,2509,4768,27,46,45,70,70,67,41,77,48,5,89,20,10,63,591,101,24,74,10,98,,,26,196,783,63,44,101,45,0,16,20,1,0,0,0,106,853,63,2766,22,29,241,0,79,1798,0,1,7,9,9,0,1,6,5,5,0,26,17,74,73,23,0,0,,0,,0,,0,,0,,5.3,7.4,68.1,10.8,65.4,98.6,43.9,8.3,22.8,27.6,147.6,27.7,25.9,280.5,48.2,124,568,568,386,14,1,130,42,7,212,42,7,212,398,651,617,Special Teams Coach
,0,1991,11,CHI,203211,1,0,0,,0,0,0,0,0,0,0,0,0,0,0,0,0,0,0,0,0,0,0,23,24,36,24,0,302,247,410,411,163,3,120.4,36,8.4,12.6,0,302,109,302,0,3,49,68,68,67,31,0,43,1,38,1,1,8,30,10,2,4,0,7,,,0,0,53,3,6,8,0,0,5,3,1,0,0,0,8,56,4,231,2,1,0,0,5,122,0,0,2,0,1,1,0,2,0,1,0,4,3,4,4,1,0,0,,0,,0,,0,,0,,4.7,8.4,66.7,12.6,75,100,57.8,0,24.4,23,109,26.1,24,302,37.5,13,37,37,31,1,1,6,3,1,9,3,1,9,36,37,49,
,0,1988,12,DET,203670,17,0,0,,1,0,0,0,0,0,0,0,0,0,0,0,0,0,0,0,0,0,0,637,342,475,342,6,3663,3027,5167,6420,2140,31,110.7,27.9,7.7,10.7,4.2,215.5,2757,3663,29,31,62,80,80,66,36,18,54,8,130,20,11,17,487,69,21,63,9,71,,,21,160,841,105,40,75,42,0,28,26,1,0,0,0,83,695,65,2927,19,31,264,0,69,1298,0,4,12,12,4,10,4,12,11,3,5,42,35,57,57,25,0,0,,0,,0,,0,,0,,4.3,7.7,72,10.7,83.3,100,45,8.5,18.8,37.5,162.2,19.8,20.1,215.5,47.7,162,528,532,301,13,4,126,33,5,163,33,5,163,349,1008,0,Head Scout
,0,1989,12,DET,203670,17,0,0,,1,0,0,0,0,0,0,0,0,0,0,0,0,0,0,0,0,0,0,510,350,512,350,13,4146,4001,5534,6515,1533,43,110.2,30.1,8.1,11.8,6.7,243.9,2369,4146,24,43,48,74,74,67,104,72,49,18,310,19,8,14,509,81,20,101,15,83,,,37,256,800,81,29,145,53,0,12,17,4,0,0,1,98,829,83,4066,38,32,442,0,76,1700,1,5,6,9,11,2,5,6,8,8,0,33,27,70,69,26,0,0,,0,,0,,0,,0,,4.6,8.1,68.4,11.8,81.8,98.6,49,13.8,22.4,30,139.4,22.4,20.6,243.9,40.9,150,582,584,329,12,3,114,48,12,143,48,12,143,441,1259,0,Head Scout
,0,1990,12,DET,203670,17,0,0,,0,0,0,0,0,0,0,0,0,0,0,0,0,0,0,0,0,0,0,436,419,616,419,9,4570,4060,6095,6306,2035,33,101.4,36.2,7.4,10.9,4.8,268.8,1736,4570,19,33,67,83,83,69,42,26,51,11,157,20,16,58,550,120,22,77,14,88,,,31,251,856,83,33,97,31,0,18,17,3,1,0,0,109,938,80,3635,30,27,232,0,83,1714,0,3,7,6,12,4,3,7,5,7,1,32,23,54,54,14,0,0,,0,,0,,0,,0,,4,7.4,68,10.9,71.9,100,45.4,8.6,20.7,25.6,102.1,17,24.6,268.8,43,123,453,455,436,10,2,74,45,12,180,45,12,180,444,611,644,Head Scout
,0,1991,12,DET,203670,1,0,0,,0,0,0,0,0,0,0,0,0,0,0,0,0,0,0,0,0,0,0,26,25,39,25,0,289,260,283,360,23,1,94.9,39,7.4,11.6,0,289,71,289,3,1,13,43,43,65,32,17,48,1,-2,1,1,0,32,3,3,5,0,5,,,0,0,45,6,3,6,2,0,0,0,0,0,0,0,5,35,4,179,1,2,29,0,3,58,0,0,0,0,2,0,0,0,0,2,0,2,2,4,4,2,0,0,,0,,0,,0,,0,,2.7,7.4,64.1,11.6,100,100,44.8,14.5,19.3,26,71,11.5,25,289,48,10,34,34,10,0,0,3,4,1,12,4,1,12,35,38,48,
,0,1988,3,GB,206137,17,0,0,,0,0,0,0,0,0,0,0,0,0,0,0,0,0,0,0,0,0,0,526,312,462,312,15,3467,2837,5267,5988,2430,26,94.9,27.2,7.5,11.1,6.3,203.9,2521,3467,20,26,46,76,76,61,37,67,50,8,104,25,15,9,469,66,15,45,15,91,,,31,241,870,90,25,73,30,0,11,15,1,0,0,0,76,596,65,2933,25,26,174,0,72,1551,0,2,9,5,8,4,2,7,3,6,1,28,19,46,45,17,0,0,,0,,0,,0,,0,,4.8,7.5,67.5,11.1,67.9,97.8,45.1,6.7,21.5,30.9,148.3,23.6,18.4,203.9,45.2,102,384,384,330,15,1,124,42,9,141,42,9,141,362,1003,0,RB and Receivers Coach
,0,1989,3,GB,206137,17,0,0,,0,0,0,0,0,0,0,0,0,0,0,0,0,0,0,0,0,0,0,406,348,649,348,5,3789,3902,6251,5428,2349,28,82.3,38.2,5.8,10.9,8.5,222.9,1639,3789,12,28,39,59,59,61,87,18,51,11,123,23,8,22,431,91,30,50,32,200,,,60,383,858,119,33,86,30,1,18,22,2,0,0,0,108,970,109,4852,40,31,162,0,95,2248,0,0,4,6,11,7,0,3,5,7,4,28,19,42,42,9,0,0,,0,,0,,0,,0,,4,5.8,53.6,10.9,67.9,100,44.5,5.2,23.7,23.9,96.4,17,20.5,222.9,41.7,99,351,353,520,15,0,69,35,8,145,35,8,145,399,1199,0,RB and Receivers Coach
,0,1990,3,GB,206137,17,0,0,,0,0,0,0,0,0,0,0,0,0,0,0,0,0,0,0,0,0,0,577,297,469,297,10,3449,4664,7071,6001,2407,27,95.8,27.6,7.4,11.6,8.4,202.9,2552,3449,21,27,43,78,78,61,93,20,51,9,107,24,11,68,481,76,27,42,19,124,,,43,306,855,97,29,64,23,1,16,25,2,0,0,0,109,874,70,3117,29,20,181,0,106,2368,0,4,5,5,10,7,4,4,4,7,2,31,21,48,47,12,0,0,,0,,0,,0,,0,,4.4,7.4,63.3,11.6,67.7,97.9,44.5,9,22.3,33.9,150.1,23.6,17.5,202.9,41.8,110,410,414,593,15,1,136,39,11,124,39,11,124,454,466,593,RB and Receivers Coach
,0,1991,3,GB,206137,1,0,0,,0,0,0,0,0,0,0,0,0,0,0,0,0,0,0,0,0,0,0,41,22,28,22,0,282,129,233,467,104,2,132.4,28,10.1,12.8,6.7,282,185,282,2,2,19,48,48,62,39,13,40,0,0,0,0,0,39,2,3,3,1,2,,,2,14,36,1,0,11,0,0,0,0,0,0,0,0,5,45,4,171,0,1,13,0,5,78,0,0,0,0,1,2,0,0,0,1,0,3,1,4,4,1,0,0,,0,,0,,0,,0,,4.5,10.1,78.6,12.8,33.3,100,42.8,13,15.6,41,185,24.4,22,282,54.5,7,31,31,20,0,0,10,3,1,12,3,1,12,14,28,26,
,0,1988,18,BAL,207369,17,0,0,,0,0,0,0,0,0,0,0,0,0,0,0,0,0,0,0,0,0,0,632,285,408,285,11,3029,4406,7864,6316,3458,25,100.4,24,7.4,10.6,2.6,178.2,3287,3029,28,25,76,58,58,69,42,20,57,13,215,23,10,50,450,117,22,64,3,113,,,11,84,870,69,23,75,35,0,25,28,2,1,0,0,102,898,70,3401,32,19,146,0,93,2028,0,1,5,8,8,6,1,4,8,5,5,28,23,52,49,17,0,0,,0,,0,,0,,0,,5.2,7.4,69.9,10.6,82.1,94.2,48.6,7.7,21.8,37.2,193.4,23.4,16.8,178.2,43.5,118,448,452,529,22,5,148,31,7,124,31,7,124,429,1006,0,Head Trainer
,0,1989,18,BAL,207369,17,0,0,,1,0,0,0,0,0,0,0,0,0,0,0,0,0,0,0,0,0,0,629,289,406,289,8,3032,3648,5197,5670,1549,21,101.5,23.9,7.5,10.5,5.1,178.4,2638,3032,18,21,60,54,54,70,103,20,52,13,140,12,3,72,436,73,8,89,11,75,,,22,174,775,82,35,106,44,1,22,21,3,0,0,1,86,692,67,3114,24,38,264,0,60,1400,1,0,5,14,19,7,0,4,12,14,4,45,34,41,40,25,0,0,,0,,0,,0,,0,,4.2,7.5,71.2,10.5,75.6,97.6,46.5,6.9,23.3,37,155.2,20.2,17,178.4,46.7,142,400,404,299,17,7,127,31,3,135,31,3,135,403,1032,0,Head Trainer
,0,1990,18,BAL,207369,17,0,0,,1,0,0,0,0,0,0,0,0,0,0,0,0,0,0,0,0,0,0,629,311,455,311,10,3281,3983,5906,6360,1923,32,103.4,26.8,7.2,10.5,4,193,3079,3281,27,32,70,59,59,67,98,17,56,17,279,12,6,30,516,94,9,88,10,91,,,19,149,789,66,27,105,31,0,11,11,2,0,0,2,110,935,65,3142,29,23,89,0,78,1938,0,0,8,9,13,6,0,7,8,8,3,36,26,60,60,26,0,0,,0,,0,,0,,0,,4.9,7.2,68.4,10.5,72.2,100,48.3,3.9,24.8,37,181.1,24,18.3,193,45.3,138,504,504,401,18,5,151,31,4,141,31,4,141,432,456,658,Head Trainer
,0,1991,18,BAL,207369,1,0,0,,0,0,0,0,0,0,0,0,0,0,0,0,0,0,0,0,0,0,0,30,23,34,23,1,247,302,411,410,109,2,96.1,34,7.3,10.7,15,247,163,247,2,2,22,47,47,60,39,10,45,0,0,5,3,3,37,9,1,6,3,7,,,6,43,44,5,0,11,1,0,1,3,0,0,0,0,5,30,4,208,3,3,20,0,8,219,0,0,0,0,1,0,0,0,0,1,0,1,1,4,4,1,0,0,,0,,0,,0,,0,,5.4,7.3,67.6,10.7,100,100,52,6.7,27.4,30,163,26.7,23,247,39.1,7,31,31,37,2,0,8,3,1,9,3,1,9,28,34,43,
,0,1988,20,LOU,207556,17,0,0,,1,0,0,0,0,0,0,0,0,0,0,0,0,0,0,0,0,0,0,453,396,549,396,13,4085,3735,6308,5925,2573,32,102.8,32.3,7.4,10.3,3.9,240.3,1840,4085,15,32,64,71,71,67,35,16,50,13,295,20,14,19,427,110,14,66,12,105,,,22,151,847,103,13,81,32,0,19,11,1,0,0,0,102,796,80,3830,30,23,122,0,83,1601,0,2,5,7,4,2,1,4,7,3,1,20,16,46,46,11,0,0,,0,,0,,0,,0,,4.1,7.4,72.1,10.3,80,100,47.9,5.3,19.3,26.6,108.2,19.4,23.3,240.3,40.9,94,382,382,439,7,2,88,40,11,162,40,11,162,423,1179,0,DL Coach
,0,1989,20,LOU,207556,17,0,0,,0,0,0,0,0,0,0,0,0,0,0,0,0,0,0,0,0,0,0,431,476,691,476,7,4168,4102,6398,5957,2296,29,94.4,40.6,6,8.8,5.6,245.2,1789,4168,16,29,40,55,55,64,33,70,52,5,36,15,7,19,460,98,32,80,16,104,,,41,279,754,75,30,109,32,1,13,16,1,0,0,0,98,740,90,4145,32,28,334,0,81,1707,0,1,3,10,3,7,1,3,8,1,3,24,16,44,43,8,0,0,,0,,0,,0,,0,,4.2,6,68.9,8.8,66.7,97.7,46.1,11.9,21.1,25.4,105.2,20.9,28,245.2,42.9,91,367,373,455,8,0,90,31,2,204,31,2,204,432,1373,0,DL Coach
,0,1990,20,LOU,207556,17,0,0,,0,0,0,0,0,0,0,0,0,0,0,0,0,0,0,0,0,0,0,429,480,656,480,10,4945,4260,6612,6934,2352,46,111.5,38.6,7.5,10.3,6.2,290.9,1989,4945,16,46,60,52,52,63,99,78,52,9,151,17,10,2,544,133,25,51,18,77,,,43,337,718,53,30,75,30,0,11,12,0,0,0,0,110,922,55,2404,21,23,281,0,92,2009,1,0,9,7,7,6,0,7,7,5,2,29,21,61,60,11,0,0,,0,,0,,0,,0,,4.6,7.5,73.2,10.3,72.4,98.4,43.7,12.2,21.8,25.2,117,23.5,28.2,290.9,41.7,123,501,503,498,13,2,101,44,10,200,44,10,200,424,655,624,DL Coach
,0,1991,20,LOU,207556,1,0,0,,0,0,0,0,0,0,0,0,0,0,0,0,0,0,0,0,0,0,0,18,25,37,25,1,260,289,360,283,71,1,85.4,37,7,10.4,7.5,260,23,260,0,1,6,34,34,53,32,0,37,0,0,0,0,0,26,8,1,3,1,5,,,3,23,46,6,0,4,1,0,1,1,0,0,0,0,5,54,6,286,2,1,-2,0,7,138,0,0,0,1,0,1,0,0,1,0,0,2,1,1,1,0,0,0,,0,,0,,0,,0,,1.3,7,67.6,10.4,50,100,47.7,-2,19.7,18,23,5.6,25,260,48,4,10,10,34,0,0,1,3,0,12,3,0,12,28,36,42,
,0,1988,3,GB,207599,17,0,0,,0,0,0,0,0,0,0,0,0,0,0,0,0,0,0,0,0,0,0,526,312,462,312,15,3467,2837,5267,5988,2430,26,94.9,27.2,7.5,11.1,6.3,203.9,2521,3467,20,26,46,76,76,61,37,67,50,8,104,25,15,9,469,66,15,45,15,91,,,31,241,870,90,25,73,30,0,11,15,1,0,0,0,76,596,65,2933,25,26,174,0,72,1551,0,2,9,5,8,4,2,7,3,6,1,28,19,46,45,17,0,0,,0,,0,,0,,0,,4.8,7.5,67.5,11.1,67.9,97.8,45.1,6.7,21.5,30.9,148.3,23.6,18.4,203.9,45.2,102,384,384,330,15,1,124,42,9,141,42,9,141,362,1003,0,Offensive Coordinator
,0,1989,3,GB,207599,17,0,0,,0,0,0,0,0,0,0,0,0,0,0,0,0,0,0,0,0,0,0,406,348,649,348,5,3789,3902,6251,5428,2349,28,82.3,38.2,5.8,10.9,8.5,222.9,1639,3789,12,28,39,59,59,61,87,18,51,11,123,23,8,22,431,91,30,50,32,200,,,60,383,858,119,33,86,30,1,18,22,2,0,0,0,108,970,109,4852,40,31,162,0,95,2248,0,0,4,6,11,7,0,3,5,7,4,28,19,42,42,9,0,0,,0,,0,,0,,0,,4,5.8,53.6,10.9,67.9,100,44.5,5.2,23.7,23.9,96.4,17,20.5,222.9,41.7,99,351,353,520,15,0,69,35,8,145,35,8,145,399,1199,0,Offensive Coordinator
,0,1990,3,GB,207599,17,0,0,,0,0,0,0,0,0,0,0,0,0,0,0,0,0,0,0,0,0,0,577,297,469,297,10,3449,4664,7071,6001,2407,27,95.8,27.6,7.4,11.6,8.4,202.9,2552,3449,21,27,43,78,78,61,93,20,51,9,107,24,11,68,481,76,27,42,19,124,,,43,306,855,97,29,64,23,1,16,25,2,0,0,0,109,874,70,3117,29,20,181,0,106,2368,0,4,5,5,10,7,4,4,4,7,2,31,21,48,47,12,0,0,,0,,0,,0,,0,,4.4,7.4,63.3,11.6,67.7,97.9,44.5,9,22.3,33.9,150.1,23.6,17.5,202.9,41.8,110,410,414,593,15,1,136,39,11,124,39,11,124,454,466,593,Offensive Coordinator
,0,1991,3,GB,207599,1,0,0,,0,0,0,0,0,0,0,0,0,0,0,0,0,0,0,0,0,0,0,41,22,28,22,0,282,129,233,467,104,2,132.4,28,10.1,12.8,6.7,282,185,282,2,2,19,48,48,62,39,13,40,0,0,0,0,0,39,2,3,3,1,2,,,2,14,36,1,0,11,0,0,0,0,0,0,0,0,5,45,4,171,0,1,13,0,5,78,0,0,0,0,1,2,0,0,0,1,0,3,1,4,4,1,0,0,,0,,0,,0,,0,,4.5,10.1,78.6,12.8,33.3,100,42.8,13,15.6,41,185,24.4,22,282,54.5,7,31,31,20,0,0,10,3,1,12,3,1,12,14,28,26,
,0,1988,11,CHI,214465,17,0,0,,0,0,0,0,0,0,0,0,0,0,0,0,0,0,0,0,0,0,0,588,235,442,235,10,2418,4153,6587,5051,2434,15,71.1,26,5.5,10.3,6,142.2,2633,2418,16,15,64,58,58,64,100,79,46,10,182,8,5,5,440,85,31,66,19,163,,,28,191,944,96,27,97,19,1,18,15,2,0,0,0,132,1061,104,4704,48,29,354,0,86,2089,1,2,7,15,12,1,2,7,11,10,0,37,30,32,32,13,0,0,,0,,0,,0,,0,,4.5,5.5,53.2,10.3,81.1,100,45.2,12.2,24.3,34.6,154.9,18.5,13.8,142.2,39.6,122,326,332,468,22,10,109,28,3,93,28,3,93,445,1059,0,DL Coach
,0,1989,11,CHI,214465,17,0,0,,0,0,0,0,0,0,0,0,0,0,0,0,0,0,0,0,0,0,0,573,304,506,304,18,3239,4178,6145,5966,1967,13,72.6,29.8,6.4,10.7,4.9,190.5,2727,3239,27,13,85,56,56,65,40,19,52,11,237,25,9,4,527,80,33,63,11,151,,,26,184,914,104,63,98,29,0,19,20,1,0,0,0,99,783,94,4401,38,39,262,0,71,1477,0,0,5,8,12,5,0,4,5,7,3,30,19,36,34,19,0,0,,0,,0,,0,,0,,4.8,6.4,60.1,10.7,63.3,94.4,46.8,6.7,20.8,33.7,160.4,18.7,17.9,190.5,45.1,91,337,343,387,20,5,107,30,4,137,30,4,137,468,1187,0,DL Coach
,0,1990,11,CHI,214465,17,0,0,,1,0,0,0,0,0,0,0,0,0,0,0,0,0,0,0,0,0,0,470,440,646,440,9,4768,3590,5674,7277,2084,46,107.5,38,7.4,10.8,3.9,280.5,2509,4768,27,46,45,70,70,67,41,77,48,5,89,20,10,63,591,101,24,74,10,98,,,26,196,783,63,44,101,45,0,16,20,1,0,0,0,106,853,63,2766,22,29,241,0,79,1798,0,1,7,9,9,0,1,6,5,5,0,26,17,74,73,23,0,0,,0,,0,,0,,0,,5.3,7.4,68.1,10.8,65.4,98.6,43.9,8.3,22.8,27.6,147.6,27.7,25.9,280.5,48.2,124,568,568,386,14,1,130,42,7,212,42,7,212,398,651,617,DL Coach
,0,1991,11,CHI,214465,1,0,0,,0,0,0,0,0,0,0,0,0,0,0,0,0,0,0,0,0,0,0,23,24,36,24,0,302,247,410,411,163,3,120.4,36,8.4,12.6,0,302,109,302,0,3,49,68,68,67,31,0,43,1,38,1,1,8,30,10,2,4,0,7,,,0,0,53,3,6,8,0,0,5,3,1,0,0,0,8,56,4,231,2,1,0,0,5,122,0,0,2,0,1,1,0,2,0,1,0,4,3,4,4,1,0,0,,0,,0,,0,,0,,4.7,8.4,66.7,12.6,75,100,57.8,0,24.4,23,109,26.1,24,302,37.5,13,37,37,31,1,1,6,3,1,9,3,1,9,36,37,49,
,0,1988,10,IND,215070,17,0,0,,1,0,0,0,0,0,0,0,0,0,0,0,0,0,0,0,0,0,0,573,282,453,282,15,3125,3550,6028,5663,2478,23,85.8,26.6,6.9,11.1,3.2,183.8,2538,3125,18,23,49,65,65,68,103,64,51,6,77,3,2,25,482,82,18,50,9,98,,,15,94,771,85,63,60,42,0,12,6,0,0,0,0,97,818,74,3437,32,38,355,0,72,1711,2,2,7,16,6,3,2,7,15,5,3,34,32,42,41,18,0,0,,0,,0,,0,,0,,4.4,6.9,62.3,11.1,94.1,97.6,46.4,9.3,23.8,33.7,149.3,20.9,16.6,183.8,47.5,137,395,397,429,13,1,120,29,8,134,29,8,134,322,898,0,Defensive Coordinator
,0,1989,10,IND,215070,17,0,1,,1,0,0,0,0,0,0,0,0,0,0,0,0,0,0,0,0,0,0,480,306,528,306,23,3755,3506,5219,5850,1713,26,78.3,31.1,7.1,12.3,4.3,220.9,2095,3755,19,26,61,56,56,69,36,52,50,6,137,6,3,22,516,46,14,62,9,82,,,24,164,761,78,96,69,74,5,19,12,1,0,0,0,78,707,81,3865,34,39,306,0,56,1211,0,3,7,8,11,1,3,7,8,8,1,30,27,45,45,26,0,0,,0,,0,,0,,0,,4.4,7.1,58,12.3,90,100,47.7,7.8,21.6,28.2,123.2,21.7,18,220.9,45.1,126,402,414,322,12,2,104,52,10,138,52,10,138,389,1105,0,Defensive Coordinator
,0,1990,10,IND,215070,17,0,0,,1,0,0,0,0,0,0,0,0,0,0,0,0,0,0,0,0,0,0,549,257,448,257,14,3384,4021,5850,5803,1829,30,90.7,26.4,7.6,13.2,6.3,199.1,2419,3384,20,30,76,56,56,71,42,64,51,11,187,6,4,17,497,76,22,70,13,94,,,30,218,839,81,64,85,63,0,19,12,2,0,0,0,102,840,81,3954,33,30,287,0,75,1570,0,2,6,11,13,6,2,4,11,8,3,38,28,49,49,23,0,0,,0,,0,,0,,0,,4.4,7.6,57.4,13.2,73.7,100,48.8,9.6,20.9,32.3,142.3,18.6,15.1,199.1,43.6,133,445,451,390,19,6,102,48,8,112,48,8,112,410,447,597,Defensive Coordinator
,0,1991,10,IND,215070,1,0,0,,0,0,0,0,0,0,0,0,0,0,0,0,0,0,0,0,0,0,0,40,14,23,14,1,163,164,286,326,122,0,64.2,23,7.1,11.6,0,163,163,163,2,0,20,42,42,54,15,8,52,1,-3,0,0,2,31,1,0,4,0,7,,,0,0,49,5,4,4,1,0,2,2,0,0,0,0,5,40,5,232,1,2,8,0,3,35,0,0,1,0,0,1,0,1,0,0,1,2,2,2,2,2,0,0,,0,,0,,0,,0,,4.1,7.1,60.9,11.6,100,100,46.4,4,11.7,40,163,22.5,14,163,50,8,20,20,13,0,0,9,1,1,7,1,1,7,26,22,35,
,0,1988,20,LOU,217664,17,0,0,,1,0,0,0,0,0,0,0,0,0,0,0,0,0,0,0,0,0,0,453,396,549,396,13,4085,3735,6308,5925,2573,32,102.8,32.3,7.4,10.3,3.9,240.3,1840,4085,15,32,64,71,71,67,35,16,50,13,295,20,14,19,427,110,14,66,12,105,,,22,151,847,103,13,81,32,0,19,11,1,0,0,0,102,796,80,3830,30,23,122,0,83,1601,0,2,5,7,4,2,1,4,7,3,1,20,16,46,46,11,0,0,,0,,0,,0,,0,,4.1,7.4,72.1,10.3,80,100,47.9,5.3,19.3,26.6,108.2,19.4,23.3,240.3,40.9,94,382,382,439,7,2,88,40,11,162,40,11,162,423,1179,0,Head Scout
,0,1989,20,LOU,217664,17,0,0,,0,0,0,0,0,0,0,0,0,0,0,0,0,0,0,0,0,0,0,431,476,691,476,7,4168,4102,6398,5957,2296,29,94.4,40.6,6,8.8,5.6,245.2,1789,4168,16,29,40,55,55,64,33,70,52,5,36,15,7,19,460,98,32,80,16,104,,,41,279,754,75,30,109,32,1,13,16,1,0,0,0,98,740,90,4145,32,28,334,0,81,1707,0,1,3,10,3,7,1,3,8,1,3,24,16,44,43,8,0,0,,0,,0,,0,,0,,4.2,6,68.9,8.8,66.7,97.7,46.1,11.9,21.1,25.4,105.2,20.9,28,245.2,42.9,91,367,373,455,8,0,90,31,2,204,31,2,204,432,1373,0,Head Scout
,0,1990,20,LOU,217664,17,0,0,,0,0,0,0,0,0,0,0,0,0,0,0,0,0,0,0,0,0,0,429,480,656,480,10,4945,4260,6612,6934,2352,46,111.5,38.6,7.5,10.3,6.2,290.9,1989,4945,16,46,60,52,52,63,99,78,52,9,151,17,10,2,544,133,25,51,18,77,,,43,337,718,53,30,75,30,0,11,12,0,0,0,0,110,922,55,2404,21,23,281,0,92,2009,1,0,9,7,7,6,0,7,7,5,2,29,21,61,60,11,0,0,,0,,0,,0,,0,,4.6,7.5,73.2,10.3,72.4,98.4,43.7,12.2,21.8,25.2,117,23.5,28.2,290.9,41.7,123,501,503,498,13,2,101,44,10,200,44,10,200,424,655,624,Head Scout
,0,1991,20,LOU,217664,1,0,0,,0,0,0,0,0,0,0,0,0,0,0,0,0,0,0,0,0,0,0,18,25,37,25,1,260,289,360,283,71,1,85.4,37,7,10.4,7.5,260,23,260,0,1,6,34,34,53,32,0,37,0,0,0,0,0,26,8,1,3,1,5,,,3,23,46,6,0,4,1,0,1,1,0,0,0,0,5,54,6,286,2,1,-2,0,7,138,0,0,0,1,0,1,0,0,1,0,0,2,1,1,1,0,0,0,,0,,0,,0,,0,,1.3,7,67.6,10.4,50,100,47.7,-2,19.7,18,23,5.6,25,260,48,4,10,10,34,0,0,1,3,0,12,3,0,12,28,36,42,
,0,1988,19,WAS,218827,17,0,0,,0,2,15,0,0.118,0,0,0,0,0,0,0,0,0,0,0,0,0,0,660,251,407,251,13,2625,3421,6965,5428,3544,19,82.6,23.9,6.4,10.5,6.9,154.4,2803,2625,21,19,55,49,49,62,43,17,48,9,110,16,9,34,396,115,21,48,17,144,,,30,206,861,88,10,67,22,1,18,16,1,0,0,1,93,708,82,3820,32,25,189,0,97,2393,0,1,3,6,17,2,1,1,3,8,0,29,13,39,38,10,0,0,,0,,0,,0,,0,,4.2,6.4,61.7,10.5,44.8,97.4,46.6,7.6,24.7,38.8,164.9,21.5,14.8,154.4,41.8,77,323,327,541,11,2,142,28,3,105,28,3,105,348,910,0,Head Coach
,0,1989,19,WAS,218827,17,0,0,,0,6,11,0,0.353,0,0,0,0,0,0,0,0,0,0,0,0,0,0,545,292,482,292,15,3137,4150,5930,5864,1780,19,79.9,28.4,6.5,10.7,6.9,184.5,2727,3137,16,19,56,66,66,61,43,18,52,7,104,12,9,47,481,89,23,63,21,149,,,36,221,790,92,45,86,40,0,21,11,3,1,0,0,110,874,70,3122,23,30,174,0,77,1637,0,3,8,9,7,4,3,6,6,5,2,31,22,38,38,16,0,0,,0,,0,,0,,0,,5,6.5,60.6,10.7,71,100,44.6,5.8,21.3,32.1,160.4,22.9,17.2,184.5,45.5,104,332,332,439,22,7,125,28,9,133,28,9,133,426,1089,0,Head Coach
,0,1990,19,WAS,218827,17,0,0,,0,4,13,0,0.235,0,0,0,0,0,0,0,0,0,0,0,0,0,0,553,274,506,274,16,2768,4523,7312,5270,2789,23,72,29.8,5.5,10.1,3.8,162.8,2502,2768,20,23,86,57,57,61,43,49,51,8,262,17,6,51,461,99,29,50,6,121,,,20,134,820,70,18,71,30,1,17,23,2,0,0,0,131,1040,83,3754,35,23,203,0,99,2581,0,2,3,8,13,4,2,2,7,13,2,30,26,44,43,14,0,0,,0,,0,,0,,0,,4.5,5.5,54.2,10.1,86.7,97.7,45.2,8.8,26.1,32.5,147.2,20.8,16.1,162.8,45.6,121,391,395,609,13,3,115,26,3,125,26,3,125,453,503,608,Head Coach
,0,1991,19,WAS,218827,1,0,0,,0,1,0,0,1,0,0,0,0,0,0,0,0,0,0,0,0,0,0,32,18,23,18,0,246,181,239,360,58,3,150.8,23,10.7,13.7,11.5,246,114,246,1,3,16,33,33,56,32,18,39,0,0,1,0,12,28,2,0,2,1,5,,,3,6,46,11,0,5,1,0,2,3,0,0,0,0,10,71,2,103,2,3,29,0,2,31,0,0,1,2,0,0,0,1,2,0,0,3,3,4,4,1,0,0,,0,,0,,0,,0,,3.6,10.7,78.3,13.7,100,100,51.5,9.7,15.5,32,114,25,18,246,55.6,13,37,37,13,0,0,8,3,0,10,3,0,10,20,27,28,
,0,1988,15,SF,222647,17,0,0,,0,0,0,0,0,0,0,0,0,0,0,0,0,0,0,0,0,0,0,585,325,493,325,16,3632,2930,5701,6280,2771,38,99.9,29,7.4,11.2,3.5,213.6,2648,3632,19,38,87,66,66,62,89,60,47,8,162,15,7,13,467,105,16,52,9,86,,,18,137,876,78,33,76,33,0,15,14,2,0,0,0,94,722,73,3297,26,32,320,0,83,1794,0,2,7,8,8,0,2,6,5,6,0,25,19,57,57,18,0,0,,0,,0,,0,,0,,4.5,7.4,65.9,11.2,76,100,45.2,10,21.6,34.4,155.8,21.5,19.1,213.6,40.9,114,468,470,434,21,8,126,41,14,133,41,14,133,340,999,0,RB and Receivers Coach
,0,1989,15,SF,222647,17,0,0,,1,0,0,0,0,0,0,0,0,0,0,0,0,0,0,0,0,0,0,539,386,584,386,3,4476,3411,5457,6928,2046,39,109.2,34.4,7.7,11.6,4.4,263.3,2452,4476,23,39,66,90,90,66,96,24,52,13,247,16,8,12,518,78,15,70,12,83,,,27,165,756,83,50,112,44,2,22,19,3,1,0,0,100,845,71,3421,26,34,209,0,60,1343,1,2,8,2,17,5,1,7,2,10,2,34,22,64,61,23,0,0,,0,,0,,0,,0,,4.5,7.7,66.1,11.6,64.7,95.3,48.2,6.1,22.4,31.7,144.2,22.8,22.7,263.3,42,127,523,531,305,15,2,123,51,14,162,51,14,162,365,1199,0,RB and Receivers Coach
,0,1990,15,SF,222647,17,0,0,,1,0,0,0,0,0,0,0,0,0,0,0,0,0,0,0,0,0,0,614,338,469,338,7,3499,3573,6374,6159,2801,26,105.5,27.6,7.5,10.4,4.7,205.8,2660,3499,27,26,67,84,84,66,37,78,51,12,193,12,9,9,430,127,7,77,6,68,,,23,163,792,71,25,110,34,0,7,6,3,0,0,0,100,929,77,3657,38,37,436,0,85,1604,0,1,7,5,10,4,1,6,4,9,2,27,22,51,51,14,0,0,,0,,0,,0,,0,,4.3,7.5,72.1,10.4,81.5,100,47.5,11.8,18.9,36.1,156.5,21.3,19.9,205.8,43.8,117,453,461,453,14,2,131,32,7,148,32,7,148,388,474,620,RB and Receivers Coach
,0,1991,15,SF,222647,1,0,0,,0,0,0,0,0,0,0,0,0,0,0,0,0,0,0,0,0,0,0,53,28,42,28,2,253,280,485,487,205,0,62.9,42,6,9,2.3,253,234,253,2,0,39,27,27,60,30,18,48,2,0,2,0,0,36,17,1,7,0,7,,,1,10,83,6,5,12,5,0,1,3,0,1,0,0,17,108,10,445,2,2,18,0,6,128,0,0,0,1,1,0,0,0,1,1,0,2,2,2,2,2,0,0,,0,,0,,0,,0,,4.4,6,66.7,9,100,100,44.5,9,21.3,53,234,20.8,28,253,53.6,8,20,20,31,1,0,11,2,0,15,2,0,15,27,41,46,
,0,1988,20,LOU,222684,17,0,0,,1,0,0,0,0,0,0,0,0,0,0,0,0,0,0,0,0,0,0,453,396,549,396,13,4085,3735,6308,5925,2573,32,102.8,32.3,7.4,10.3,3.9,240.3,1840,4085,15,32,64,71,71,67,35,16,50,13,295,20,14,19,427,110,14,66,12,105,,,22,151,847,103,13,81,32,0,19,11,1,0,0,0,102,796,80,3830,30,23,122,0,83,1601,0,2,5,7,4,2,1,4,7,3,1,20,16,46,46,11,0,0,,0,,0,,0,,0,,4.1,7.4,72.1,10.3,80,100,47.9,5.3,19.3,26.6,108.2,19.4,23.3,240.3,40.9,94,382,382,439,7,2,88,40,11,162,40,11,162,423,1179,0,LB Coach
,0,1989,20,LOU,222684,17,0,0,,0,0,0,0,0,0,0,0,0,0,0,0,0,0,0,0,0,0,0,431,476,691,476,7,4168,4102,6398,5957,2296,29,94.4,40.6,6,8.8,5.6,245.2,1789,4168,16,29,40,55,55,64,33,70,52,5,36,15,7,19,460,98,32,80,16,104,,,41,279,754,75,30,109,32,1,13,16,1,0,0,0,98,740,90,4145,32,28,334,0,81,1707,0,1,3,10,3,7,1,3,8,1,3,24,16,44,43,8,0,0,,0,,0,,0,,0,,4.2,6,68.9,8.8,66.7,97.7,46.1,11.9,21.1,25.4,105.2,20.9,28,245.2,42.9,91,367,373,455,8,0,90,31,2,204,31,2,204,432,1373,0,LB Coach
,0,1990,20,LOU,222684,17,0,0,,0,0,0,0,0,0,0,0,0,0,0,0,0,0,0,0,0,0,0,429,480,656,480,10,4945,4260,6612,6934,2352,46,111.5,38.6,7.5,10.3,6.2,290.9,1989,4945,16,46,60,52,52,63,99,78,52,9,151,17,10,2,544,133,25,51,18,77,,,43,337,718,53,30,75,30,0,11,12,0,0,0,0,110,922,55,2404,21,23,281,0,92,2009,1,0,9,7,7,6,0,7,7,5,2,29,21,61,60,11,0,0,,0,,0,,0,,0,,4.6,7.5,73.2,10.3,72.4,98.4,43.7,12.2,21.8,25.2,117,23.5,28.2,290.9,41.7,123,501,503,498,13,2,101,44,10,200,44,10,200,424,655,624,LB Coach
,0,1991,20,LOU,222684,1,0,0,,0,0,0,0,0,0,0,0,0,0,0,0,0,0,0,0,0,0,0,18,25,37,25,1,260,289,360,283,71,1,85.4,37,7,10.4,7.5,260,23,260,0,1,6,34,34,53,32,0,37,0,0,0,0,0,26,8,1,3,1,5,,,3,23,46,6,0,4,1,0,1,1,0,0,0,0,5,54,6,286,2,1,-2,0,7,138,0,0,0,1,0,1,0,0,1,0,0,2,1,1,1,0,0,0,,0,,0,,0,,0,,1.3,7,67.6,10.4,50,100,47.7,-2,19.7,18,23,5.6,25,260,48,4,10,10,34,0,0,1,3,0,12,3,0,12,28,36,42,
,0,1988,4,OAK,224798,17,0,0,,0,0,0,0,0,0,0,0,0,0,0,0,0,0,0,0,0,0,0,648,153,277,153,5,2451,3203,5898,5560,2695,28,111.2,16.3,8.8,16,17.1,144.2,3109,2451,20,28,76,60,60,60,41,59,55,17,450,16,8,13,499,105,21,62,37,85,,,57,425,917,111,27,79,27,0,17,16,6,0,0,1,100,923,92,4167,33,23,236,0,78,1859,0,2,6,10,7,5,2,6,5,5,5,30,23,52,51,13,0,0,,0,,0,,0,,0,,4.8,8.8,55.2,16,76.7,98.1,45.3,10.3,23.8,38.1,182.9,18.7,9,144.2,51.6,120,444,448,410,22,5,121,42,11,79,42,11,79,434,909,0,Special Teams Coach
,0,1989,4,OAK,224798,17,0,0,,0,0,0,0,0,0,0,0,0,0,0,0,0,0,0,0,0,0,0,608,305,497,305,15,3307,3839,6297,6381,2458,22,83.1,29.2,6.7,10.8,5.7,194.5,3074,3307,19,22,62,57,57,59,108,65,49,11,110,23,8,1,536,115,28,82,16,120,,,30,204,914,77,33,119,45,0,10,20,2,0,0,1,126,1018,99,4116,31,31,328,0,85,2043,2,4,5,14,11,1,3,5,12,6,0,35,26,45,45,14,0,0,,0,,0,,0,,0,,5.1,6.7,61.4,10.8,74.3,100,41.6,10.6,24,35.8,180.8,23.2,17.9,194.5,41.3,123,393,393,444,30,5,141,36,6,126,36,6,126,461,1222,0,Special Teams Coach
,0,1990,4,OAK,224798,17,0,0,,0,0,0,0,0,0,0,0,0,0,0,0,0,0,0,0,0,0,0,548,206,424,206,11,3166,3578,6024,5901,2446,26,83.3,24.9,7.5,15.4,14.9,186.2,2735,3166,25,26,62,77,77,60,94,17,55,8,74,9,5,0,674,83,34,78,49,153,,,74,548,878,71,34,118,48,0,11,7,2,0,0,0,122,1011,100,4344,27,23,130,0,97,2203,0,0,4,6,6,2,0,4,4,6,2,18,16,53,53,12,0,0,,0,,0,,0,,0,,5,7.5,48.6,15.4,88.9,100,43.4,5.7,22.7,32.2,160.9,23,12.1,186.2,55.3,101,419,419,465,12,4,126,54,9,114,54,9,114,449,422,705,Special Teams Coach
,0,1991,4,OAK,224798,1,0,0,,0,0,0,0,0,0,0,0,0,0,0,0,0,0,0,0,0,0,0,60,21,42,21,2,280,253,487,485,234,1,59.6,42,6.7,13.3,10.6,280,205,280,2,1,14,50,50,61,40,15,50,2,11,1,1,0,58,6,6,6,0,12,,,5,30,79,7,1,7,2,0,2,0,0,0,0,0,5,36,7,362,3,3,16,0,4,120,0,0,1,1,1,1,0,1,1,0,1,4,3,2,2,0,0,0,,0,,0,,0,,0,,3.4,6.7,50,13.3,75,100,51.7,5.3,30,60,205,21.7,21,280,47.6,11,29,31,20,0,0,13,4,1,10,4,1,10,28,42,41,
,0,1988,17,CHC,225997,17,0,0,,1,0,0,0,0,0,0,0,0,0,0,0,0,0,0,0,0,0,0,481,358,542,358,11,3941,3270,4906,5770,1636,19,90.7,31.9,7.3,11,7,231.8,1829,3941,17,19,55,83,83,63,36,57,52,9,185,12,4,11,403,72,21,58,26,134,,,41,308,781,100,57,91,37,0,9,11,2,0,0,0,108,933,79,3554,27,41,295,0,69,1506,0,1,11,16,8,2,1,9,16,7,1,38,34,36,36,19,0,0,,0,,0,,0,,0,,3.8,7.3,66.1,11,89.5,100,45,7.2,21.8,28.3,107.6,17.5,21.1,231.8,42.5,138,366,368,303,14,4,84,45,8,152,45,8,152,349,1108,0,Defensive Coordinator
,0,1989,17,CHC,225997,17,0,0,,0,0,0,0,0,0,0,0,0,0,0,0,0,0,0,0,0,0,0,362,390,608,390,11,3780,3874,6436,5246,2562,28,89.3,35.8,6.2,9.7,9.8,222.4,1466,3780,8,28,40,73,73,64,41,67,49,11,194,16,8,12,421,109,27,92,39,138,,,66,494,765,61,34,117,25,0,11,12,0,0,0,0,96,811,89,3935,27,25,177,0,92,1979,0,0,7,4,7,1,0,7,4,6,0,19,17,36,34,7,0,0,,0,,0,,0,,0,,4,6.2,64.1,9.7,89.5,94.4,44.2,7.1,21.5,21.3,86.2,21.8,22.9,222.4,39.7,85,301,301,551,7,0,79,33,6,155,33,6,155,413,1266,0,Defensive Coordinator
,0,1990,17,CHC,225997,17,0,0,,0,0,0,0,0,0,0,0,0,0,0,0,0,0,0,0,0,0,0,512,314,530,314,7,2795,4103,7541,4582,3438,15,77.4,31.2,5.3,8.9,8.5,164.4,1787,2795,16,15,65,41,41,64,97,18,57,14,214,8,4,27,426,103,17,74,23,151,,,49,366,771,51,20,87,35,0,9,9,1,0,0,0,120,893,93,4259,42,22,190,0,112,2576,1,1,6,8,12,6,1,6,8,8,6,33,29,31,31,9,0,0,,0,,0,,0,,0,,3.5,5.3,59.2,8.9,87.9,100,45.8,8.6,23,30.1,105.1,16,18.5,164.4,39.2,118,316,316,650,8,3,82,18,1,123,18,1,123,351,531,555,Defensive Coordinator
,0,1991,17,CHC,225997,1,0,0,,0,0,0,0,0,0,0,0,0,0,0,0,0,0,0,0,0,0,0,29,18,26,18,0,181,246,360,239,114,1,101.6,26,7,10.1,0,181,58,181,0,1,12,31,31,59,35,0,54,0,0,2,2,0,21,5,2,2,0,5,,,0,0,46,8,3,1,2,0,1,0,0,0,0,0,8,52,4,169,2,0,0,0,6,140,0,0,0,0,1,1,0,0,0,1,1,2,2,1,1,1,0,0,,0,,0,,0,,0,,2,7,69.2,10.1,100,100,42.2,0,23.3,29,58,20.7,18,181,55.6,7,13,13,37,0,0,6,2,0,10,2,0,10,29,26,35,
,0,1988,7,CIN,230641,17,0,1,,1,0,0,0,0,0,0,0,0,0,0,0,0,0,0,0,0,0,0,521,349,508,349,13,3873,2769,4792,5937,2023,30,100.1,29.9,7.6,11.1,5,227.8,2064,3873,19,30,47,74,74,62,96,62,53,12,205,19,8,30,463,84,19,76,10,120,,,27,227,789,94,19,101,29,0,22,23,4,0,0,1,91,789,84,3645,30,38,289,0,68,1625,1,3,8,6,9,2,3,7,5,7,2,28,24,52,52,19,0,0,,0,,0,,0,,0,,4,7.6,68.7,11.1,85.7,100,43.4,7.6,23.9,30.6,121.4,18.4,20.5,227.8,46.4,124,448,450,270,18,2,96,39,8,162,39,8,162,346,1086,0,RB and Receivers Coach
,0,1989,7,CIN,230641,17,0,0,,0,0,0,0,0,0,0,0,0,0,0,0,0,0,0,0,0,0,0,344,291,672,291,15,3151,3659,6870,4011,3211,15,55.8,39.5,4.7,10.8,10.2,185.4,860,3151,2,15,31,72,72,59,103,19,46,15,275,20,7,3,470,133,65,89,44,270,,,76,499,874,71,19,119,35,0,12,18,0,0,0,1,96,851,139,6057,38,25,118,0,97,2231,1,2,2,7,7,4,2,2,5,6,0,22,15,18,17,2,0,0,,0,,0,,0,,0,,2.5,4.7,43.3,10.8,68.2,94.4,43.6,4.7,23,20.2,50.6,12.8,17.1,185.4,44,62,170,170,517,3,0,44,34,7,128,34,7,128,458,1402,0,RB and Receivers Coach
,0,1990,7,CIN,230641,17,0,0,,1,0,0,0,0,0,0,0,0,0,0,0,0,0,0,0,0,0,0,377,420,629,420,9,4884,3015,5275,6381,2260,28,99,37,7.8,11.6,4.4,287.3,1497,4884,17,28,53,72,72,69,108,75,53,6,83,17,11,2,469,90,25,83,12,116,,,29,219,754,67,49,104,57,1,5,8,1,0,0,0,119,927,73,3555,26,32,292,0,80,1721,1,0,12,9,10,4,0,11,8,7,2,35,28,45,44,18,0,0,,0,,0,,0,,0,,4,7.8,66.8,11.6,80,97.8,48.7,9.1,21.5,22.2,88.1,19.6,24.7,287.3,43.1,128,410,414,380,11,2,74,61,15,181,61,15,181,352,631,592,RB and Receivers Coach
,0,1991,7,CIN,230641,1,0,0,,0,0,0,0,0,0,0,0,0,0,0,0,0,0,0,0,0,0,0,30,22,35,22,1,204,148,367,332,219,4,104.9,35,5.8,9.3,0,204,128,204,0,4,18,38,38,52,33,0,0,0,0,1,0,17,19,4,2,5,0,10,,,0,0,53,5,5,5,5,0,1,2,0,0,0,0,7,57,5,205,1,0,0,0,5,142,0,0,1,0,0,0,0,0,0,0,0,1,0,4,4,1,0,0,,0,,0,,0,,0,,4.3,5.8,62.9,9.3,0,100,41,0,28.4,30,128,23.3,22,204,40.9,4,28,28,24,0,0,7,2,0,9,2,0,9,17,34,27,
,0,1988,6,NYG,230675,17,0,0,,1,0,0,0,0,0,0,0,0,0,0,0,0,0,0,0,0,0,0,465,322,487,322,6,4040,3224,5101,6218,1877,34,109.9,28.6,8.3,12.5,9,237.6,2178,4040,24,34,54,65,65,62,39,64,53,16,323,11,4,22,539,64,19,76,28,119,,,48,364,790,98,26,89,37,1,8,14,1,0,0,2,88,797,82,3784,33,31,312,0,63,1371,0,2,8,6,10,3,2,7,5,6,2,29,22,57,57,21,0,0,,0,,0,,0,,0,,4.7,8.3,66.1,12.5,75.9,100,46.1,10.1,21.8,27.4,128.1,22.2,18.9,237.6,46,123,477,481,284,14,3,103,58,8,148,58,8,148,405,1111,0,LB Coach
,0,1989,6,NYG,230675,17,0,0,,0,0,0,0,0,0,0,0,0,0,0,0,0,0,0,0,0,0,0,321,338,572,338,20,4168,3721,5518,5698,1797,27,82.9,33.6,7.3,12.3,11.3,245.2,1530,4168,14,27,72,61,61,63,40,59,57,11,97,18,11,16,555,61,22,69,46,167,,,73,535,778,86,45,96,50,1,15,13,2,0,0,1,91,709,88,3869,23,40,326,0,75,1642,0,2,4,5,13,6,2,4,4,8,5,30,23,43,42,14,0,0,,0,,0,,0,,0,,4.8,7.3,59.1,12.3,76.7,97.7,44,8.2,21.9,18.9,90,21.2,19.9,245.2,46.2,111,369,371,413,12,2,68,58,9,156,58,9,156,391,1145,0,LB Coach
,0,1990,6,NYG,230675,17,0,1,,1,0,0,0,0,0,0,0,0,0,0,0,0,0,0,0,0,0,0,384,336,488,336,10,5377,3520,5379,7293,1859,56,135.1,28.7,11,16,11.1,316.3,1916,5377,24,56,64,80,80,63,97,19,55,18,445,19,12,52,662,43,18,63,34,85,,,61,466,810,90,53,84,30,0,34,25,5,0,0,1,103,799,52,2310,19,22,150,0,70,1462,1,2,6,7,12,4,2,4,3,6,1,31,16,84,81,24,0,0,,0,,0,,0,,0,,5,11,68.9,16,51.6,96.4,44.4,6.8,20.9,22.6,112.7,20.8,19.8,316.3,52.4,129,645,647,374,10,5,80,88,17,176,88,17,176,395,475,585,LB Coach
,0,1991,6,NYG,230675,1,0,0,,0,0,0,0,0,0,0,0,0,0,0,0,0,0,0,0,0,0,0,15,18,34,18,0,242,326,402,319,76,1,85.7,34,7.1,13.4,2.9,242,77,242,1,1,31,33,33,63,35,0,0,0,0,2,1,0,39,5,0,5,0,9,,,1,9,47,4,5,5,1,0,0,1,0,0,0,0,10,60,5,241,3,0,0,0,6,142,0,0,0,0,1,0,0,0,0,0,0,1,0,2,2,1,0,0,,0,,0,,0,,0,,5.1,7.1,52.9,13.4,0,100,48.2,0,23.7,15,77,26.7,18,242,44.4,2,14,14,19,1,0,4,3,0,8,3,0,8,20,32,34,
,0,1988,13,MIN,232441,17,0,0,,0,0,0,0,0,0,0,0,0,0,0,0,0,0,0,0,0,0,0,693,227,331,227,5,3238,3156,5948,6326,2792,20,113.8,19.5,9.8,14.3,6.8,190.5,3088,3238,33,20,50,87,87,61,95,66,56,12,91,7,4,14,591,91,13,76,7,57,,,24,197,757,77,16,103,36,0,12,9,1,0,0,0,90,763,73,3321,33,35,381,0,78,1817,1,1,10,9,9,6,1,8,9,4,4,35,26,54,52,19,0,0,,0,,0,,0,,0,,4.5,9.8,68.6,14.3,74.3,96.3,45.5,10.9,23.3,40.8,181.6,21.2,13.4,190.5,55.1,130,460,462,415,16,2,147,50,11,125,50,11,125,324,866,0,DL Coach
,0,1989,13,MIN,232441,17,0,0,,1,0,0,0,0,0,0,0,0,0,0,0,0,0,0,0,0,0,0,601,244,378,244,6,3467,3841,5715,6002,1874,22,106.9,22.2,9.2,14.2,10.4,203.9,2535,3467,27,22,57,72,72,61,43,35,49,8,143,11,8,28,623,56,20,91,26,95,,,44,326,737,76,29,108,58,0,19,11,1,0,0,0,70,581,69,3166,31,33,302,0,71,1513,0,3,4,14,13,2,3,3,11,10,0,36,27,49,47,15,0,0,,0,,0,,0,,0,,4.2,9.2,64.6,14.2,75,95.9,45.9,9.2,21.3,35.4,149.1,21.6,14.4,203.9,51.2,128,428,428,359,10,2,130,52,9,125,52,9,125,397,1034,0,DL Coach
,0,1990,13,MIN,232441,17,0,0,,0,0,0,0,0,0,0,0,0,0,0,0,0,0,0,0,0,0,0,468,292,465,292,8,4520,4403,6200,6507,1797,43,118.6,27.4,9.7,15.5,8.8,265.9,1987,4520,19,43,72,83,83,61,43,58,52,8,158,8,5,1,709,62,21,58,28,105,,,45,332,821,75,25,90,37,0,4,5,1,0,0,1,108,890,68,2992,19,21,261,0,87,2045,0,2,6,7,10,3,2,6,6,7,2,28,23,62,60,17,0,0,,0,,0,,0,,0,,4.2,9.7,62.8,15.5,82.1,96.8,44,12.4,23.5,27.5,116.9,20.7,17.2,265.9,49.7,129,507,509,460,11,2,97,78,16,145,78,16,145,450,457,615,DL Coach
,0,1991,13,MIN,232441,1,0,0,,0,0,0,0,0,0,0,0,0,0,0,0,0,0,0,0,0,0,0,32,17,22,17,0,228,223,363,366,140,3,149.2,22,10.4,13.4,4.3,228,138,228,1,3,24,48,48,64,39,0,17,0,0,0,0,2,22,10,0,4,1,4,,,1,11,56,4,2,6,2,0,2,1,0,0,0,0,2,20,3,145,2,1,0,0,7,167,0,1,0,0,0,0,1,0,0,0,0,1,1,4,4,2,0,0,,0,,0,,0,,0,,4.3,10.4,77.3,13.4,100,100,48.3,0,23.9,32,138,18.8,17,228,47.1,7,31,31,26,1,0,6,3,2,8,3,2,8,34,21,44,
,0,1988,8,SEA,233999,17,0,0,,0,0,0,0,0,0,0,0,0,0,0,0,0,0,0,0,0,0,0,460,402,587,402,7,4014,4095,6693,6165,2598,26,97.4,34.5,6.8,10,4.1,236.1,2151,4014,22,26,36,88,88,62,38,18,51,6,85,9,5,17,486,94,23,44,15,108,,,25,178,829,84,33,73,33,0,21,11,1,0,0,0,96,834,75,3428,33,36,263,0,73,1609,0,1,6,8,18,5,1,4,6,11,2,38,24,49,47,20,0,0,,0,,0,,0,,0,,4.7,6.8,68.5,10,63.2,95.9,45.7,7.3,22,27.1,126.5,22.6,23.6,236.1,42.8,119,413,413,476,9,0,104,29,8,172,29,8,172,407,1149,0,DB Coach
,0,1989,8,SEA,233999,17,0,0,,1,0,0,0,0,0,0,0,0,0,0,0,0,0,0,0,0,0,0,393,389,593,389,10,3826,3600,5867,5752,2267,32,94.6,34.9,6.5,9.8,4.5,225.1,1926,3826,17,32,60,61,61,65,103,27,54,9,194,17,10,1,444,96,12,80,10,122,,,28,221,833,70,46,113,59,0,14,9,2,0,0,0,98,733,71,3358,42,30,287,0,62,1567,1,1,5,9,14,2,1,2,7,9,2,31,21,51,49,21,0,0,,0,,0,,0,,0,,4.9,6.5,65.6,9.8,67.7,96.1,47.3,9.6,25.3,23.1,113.3,25.4,22.9,225.1,40.6,112,424,426,335,12,2,100,35,6,158,35,6,158,412,1268,0,DB Coach
,0,1990,8,SEA,233999,17,0,0,,0,0,0,0,0,0,0,0,0,0,0,0,0,0,0,0,0,0,0,564,332,487,332,4,3145,4679,6974,5841,2295,29,102.2,28.6,6.5,9.5,6.7,185,2696,3145,17,29,61,52,52,66,42,67,50,6,79,19,12,7,422,112,11,73,12,110,,,35,256,822,64,29,77,48,0,13,12,0,0,0,1,105,849,90,4359,40,32,368,0,94,1829,0,1,4,9,11,3,1,3,8,9,1,28,22,44,43,12,0,0,,0,,0,,0,,0,,4.8,6.5,68.2,9.5,78.6,97.7,48.4,11.5,19.5,33.2,158.6,22.9,19.5,185,40.7,109,385,387,468,17,2,129,22,2,135,22,2,135,491,485,697,DB Coach
,0,1991,8,SEA,233999,1,0,0,,0,0,0,0,0,0,0,0,0,0,0,0,0,0,0,0,0,0,0,29,27,36,27,0,223,228,366,363,138,1,99.7,36,6.2,8.3,5.3,223,140,223,1,1,17,17,17,35,40,0,52,0,0,2,1,0,19,8,1,2,1,8,,,2,6,46,3,1,2,3,0,0,1,0,0,0,0,3,35,1,35,0,0,0,0,5,154,0,0,1,0,2,1,0,1,0,2,1,4,4,2,2,0,0,0,,0,,0,,0,,0,,4.8,6.2,75,8.3,100,100,35,0,30.8,29,140,27.6,27,223,51.9,14,26,26,31,0,0,8,0,0,14,0,0,14,18,36,22,
,0,1988,12,DET,234798,17,0,0,,1,0,0,0,0,0,0,0,0,0,0,0,0,0,0,0,0,0,0,637,342,475,342,6,3663,3027,5167,6420,2140,31,110.7,27.9,7.7,10.7,4.2,215.5,2757,3663,29,31,62,80,80,66,36,18,54,8,130,20,11,17,487,69,21,63,9,71,,,21,160,841,105,40,75,42,0,28,26,1,0,0,0,83,695,65,2927,19,31,264,0,69,1298,0,4,12,12,4,10,4,12,11,3,5,42,35,57,57,25,0,0,,0,,0,,0,,0,,4.3,7.7,72,10.7,83.3,100,45,8.5,18.8,37.5,162.2,19.8,20.1,215.5,47.7,162,528,532,301,13,4,126,33,5,163,33,5,163,349,1008,0,Offensive Coordinator
,0,1989,12,DET,234798,17,0,0,,1,0,0,0,0,0,0,0,0,0,0,0,0,0,0,0,0,0,0,510,350,512,350,13,4146,4001,5534,6515,1533,43,110.2,30.1,8.1,11.8,6.7,243.9,2369,4146,24,43,48,74,74,67,104,72,49,18,310,19,8,14,509,81,20,101,15,83,,,37,256,800,81,29,145,53,0,12,17,4,0,0,1,98,829,83,4066,38,32,442,0,76,1700,1,5,6,9,11,2,5,6,8,8,0,33,27,70,69,26,0,0,,0,,0,,0,,0,,4.6,8.1,68.4,11.8,81.8,98.6,49,13.8,22.4,30,139.4,22.4,20.6,243.9,40.9,150,582,584,329,12,3,114,48,12,143,48,12,143,441,1259,0,Offensive Coordinator
,0,1990,12,DET,234798,17,0,0,,0,0,0,0,0,0,0,0,0,0,0,0,0,0,0,0,0,0,0,436,419,616,419,9,4570,4060,6095,6306,2035,33,101.4,36.2,7.4,10.9,4.8,268.8,1736,4570,19,33,67,83,83,69,42,26,51,11,157,20,16,58,550,120,22,77,14,88,,,31,251,856,83,33,97,31,0,18,17,3,1,0,0,109,938,80,3635,30,27,232,0,83,1714,0,3,7,6,12,4,3,7,5,7,1,32,23,54,54,14,0,0,,0,,0,,0,,0,,4,7.4,68,10.9,71.9,100,45.4,8.6,20.7,25.6,102.1,17,24.6,268.8,43,123,453,455,436,10,2,74,45,12,180,45,12,180,444,611,644,Offensive Coordinator
,0,1991,12,DET,234798,1,0,0,,0,0,0,0,0,0,0,0,0,0,0,0,0,0,0,0,0,0,0,26,25,39,25,0,289,260,283,360,23,1,94.9,39,7.4,11.6,0,289,71,289,3,1,13,43,43,65,32,17,48,1,-2,1,1,0,32,3,3,5,0,5,,,0,0,45,6,3,6,2,0,0,0,0,0,0,0,5,35,4,179,1,2,29,0,3,58,0,0,0,0,2,0,0,0,0,2,0,2,2,4,4,2,0,0,,0,,0,,0,,0,,2.7,7.4,64.1,11.6,100,100,44.8,14.5,19.3,26,71,11.5,25,289,48,10,34,34,10,0,0,3,4,1,12,4,1,12,35,38,48,
,0,1988,3,GB,236865,17,0,0,,0,0,0,0,0,0,0,0,0,0,0,0,0,0,0,0,0,0,0,526,312,462,312,15,3467,2837,5267,5988,2430,26,94.9,27.2,7.5,11.1,6.3,203.9,2521,3467,20,26,46,76,76,61,37,67,50,8,104,25,15,9,469,66,15,45,15,91,,,31,241,870,90,25,73,30,0,11,15,1,0,0,0,76,596,65,2933,25,26,174,0,72,1551,0,2,9,5,8,4,2,7,3,6,1,28,19,46,45,17,0,0,,0,,0,,0,,0,,4.8,7.5,67.5,11.1,67.9,97.8,45.1,6.7,21.5,30.9,148.3,23.6,18.4,203.9,45.2,102,384,384,330,15,1,124,42,9,141,42,9,141,362,1003,0,DL Coach
,0,1989,3,GB,236865,17,0,0,,0,0,0,0,0,0,0,0,0,0,0,0,0,0,0,0,0,0,0,406,348,649,348,5,3789,3902,6251,5428,2349,28,82.3,38.2,5.8,10.9,8.5,222.9,1639,3789,12,28,39,59,59,61,87,18,51,11,123,23,8,22,431,91,30,50,32,200,,,60,383,858,119,33,86,30,1,18,22,2,0,0,0,108,970,109,4852,40,31,162,0,95,2248,0,0,4,6,11,7,0,3,5,7,4,28,19,42,42,9,0,0,,0,,0,,0,,0,,4,5.8,53.6,10.9,67.9,100,44.5,5.2,23.7,23.9,96.4,17,20.5,222.9,41.7,99,351,353,520,15,0,69,35,8,145,35,8,145,399,1199,0,DL Coach
,0,1990,3,GB,236865,17,0,0,,0,0,0,0,0,0,0,0,0,0,0,0,0,0,0,0,0,0,0,577,297,469,297,10,3449,4664,7071,6001,2407,27,95.8,27.6,7.4,11.6,8.4,202.9,2552,3449,21,27,43,78,78,61,93,20,51,9,107,24,11,68,481,76,27,42,19,124,,,43,306,855,97,29,64,23,1,16,25,2,0,0,0,109,874,70,3117,29,20,181,0,106,2368,0,4,5,5,10,7,4,4,4,7,2,31,21,48,47,12,0,0,,0,,0,,0,,0,,4.4,7.4,63.3,11.6,67.7,97.9,44.5,9,22.3,33.9,150.1,23.6,17.5,202.9,41.8,110,410,414,593,15,1,136,39,11,124,39,11,124,454,466,593,DL Coach
,0,1991,3,GB,236865,1,0,0,,0,0,0,0,0,0,0,0,0,0,0,0,0,0,0,0,0,0,0,41,22,28,22,0,282,129,233,467,104,2,132.4,28,10.1,12.8,6.7,282,185,282,2,2,19,48,48,62,39,13,40,0,0,0,0,0,39,2,3,3,1,2,,,2,14,36,1,0,11,0,0,0,0,0,0,0,0,5,45,4,171,0,1,13,0,5,78,0,0,0,0,1,2,0,0,0,1,0,3,1,4,4,1,0,0,,0,,0,,0,,0,,4.5,10.1,78.6,12.8,33.3,100,42.8,13,15.6,41,185,24.4,22,282,54.5,7,31,31,20,0,0,10,3,1,12,3,1,12,14,28,26,
,0,1988,12,DET,239949,17,0,0,,1,0,0,0,0,0,0,0,0,0,0,0,0,0,0,0,0,0,0,637,342,475,342,6,3663,3027,5167,6420,2140,31,110.7,27.9,7.7,10.7,4.2,215.5,2757,3663,29,31,62,80,80,66,36,18,54,8,130,20,11,17,487,69,21,63,9,71,,,21,160,841,105,40,75,42,0,28,26,1,0,0,0,83,695,65,2927,19,31,264,0,69,1298,0,4,12,12,4,10,4,12,11,3,5,42,35,57,57,25,0,0,,0,,0,,0,,0,,4.3,7.7,72,10.7,83.3,100,45,8.5,18.8,37.5,162.2,19.8,20.1,215.5,47.7,162,528,532,301,13,4,126,33,5,163,33,5,163,349,1008,0,Defensive Coordinator
,0,1989,12,DET,239949,17,0,0,,1,0,0,0,0,0,0,0,0,0,0,0,0,0,0,0,0,0,0,510,350,512,350,13,4146,4001,5534,6515,1533,43,110.2,30.1,8.1,11.8,6.7,243.9,2369,4146,24,43,48,74,74,67,104,72,49,18,310,19,8,14,509,81,20,101,15,83,,,37,256,800,81,29,145,53,0,12,17,4,0,0,1,98,829,83,4066,38,32,442,0,76,1700,1,5,6,9,11,2,5,6,8,8,0,33,27,70,69,26,0,0,,0,,0,,0,,0,,4.6,8.1,68.4,11.8,81.8,98.6,49,13.8,22.4,30,139.4,22.4,20.6,243.9,40.9,150,582,584,329,12,3,114,48,12,143,48,12,143,441,1259,0,Defensive Coordinator
,0,1990,12,DET,239949,17,0,0,,0,0,0,0,0,0,0,0,0,0,0,0,0,0,0,0,0,0,0,436,419,616,419,9,4570,4060,6095,6306,2035,33,101.4,36.2,7.4,10.9,4.8,268.8,1736,4570,19,33,67,83,83,69,42,26,51,11,157,20,16,58,550,120,22,77,14,88,,,31,251,856,83,33,97,31,0,18,17,3,1,0,0,109,938,80,3635,30,27,232,0,83,1714,0,3,7,6,12,4,3,7,5,7,1,32,23,54,54,14,0,0,,0,,0,,0,,0,,4,7.4,68,10.9,71.9,100,45.4,8.6,20.7,25.6,102.1,17,24.6,268.8,43,123,453,455,436,10,2,74,45,12,180,45,12,180,444,611,644,Defensive Coordinator
,0,1991,12,DET,239949,1,0,0,,0,0,0,0,0,0,0,0,0,0,0,0,0,0,0,0,0,0,0,26,25,39,25,0,289,260,283,360,23,1,94.9,39,7.4,11.6,0,289,71,289,3,1,13,43,43,65,32,17,48,1,-2,1,1,0,32,3,3,5,0,5,,,0,0,45,6,3,6,2,0,0,0,0,0,0,0,5,35,4,179,1,2,29,0,3,58,0,0,0,0,2,0,0,0,0,2,0,2,2,4,4,2,0,0,,0,,0,,0,,0,,2.7,7.4,64.1,11.6,100,100,44.8,14.5,19.3,26,71,11.5,25,289,48,10,34,34,10,0,0,3,4,1,12,4,1,12,35,38,48,
,0,1988,2,MIA,242045,17,0,0,,1,0,0,0,0,0,0,0,0,0,0,0,0,0,0,0,0,0,0,466,323,469,323,10,4011,3099,5703,5994,2604,36,111.8,27.6,8.6,12.4,5.8,235.9,1983,4011,16,36,75,72,72,62,34,17,47,7,150,18,8,15,400,119,11,67,7,99,,,29,220,835,108,30,79,36,1,15,17,1,0,0,0,98,851,77,3581,31,26,60,0,72,1435,0,1,5,7,6,2,1,4,4,6,0,21,15,49,49,17,0,0,,0,,0,,0,,0,,4.3,8.6,68.9,12.4,71.4,100,46.5,2.3,19.9,27.4,116.6,17.8,19,235.9,42.7,94,412,420,386,15,4,83,51,15,138,51,15,138,348,1016,0,Offensive Coordinator
,0,1989,2,MIA,242045,17,0,0,,1,0,0,0,0,0,0,0,0,0,0,0,0,0,0,0,0,0,0,399,389,580,389,14,4514,3817,5922,5975,2105,33,99.3,34.1,7.8,11.6,8.1,265.5,1461,4514,12,33,57,77,77,54,35,18,52,13,182,6,2,37,503,93,20,73,20,136,,,51,427,784,55,51,85,48,0,16,11,2,0,0,0,104,875,86,3567,25,28,167,0,68,1439,0,2,5,5,14,9,2,4,5,9,4,35,24,46,45,16,0,0,,0,,0,,0,,0,,3.7,7.8,67.1,11.6,68.6,97.8,41.5,6,21.2,23.5,85.9,16.5,22.9,265.5,44.5,117,399,401,383,5,2,66,56,16,173,56,16,173,411,1239,0,Offensive Coordinator
,0,1990,2,MIA,242045,17,0,0,,1,0,0,0,0,0,0,0,0,0,0,0,0,0,0,0,0,0,0,439,406,593,406,10,4626,3732,5726,6535,1994,34,103.7,34.9,7.8,11.4,4.8,272.1,1909,4626,22,34,69,76,76,68,98,19,52,8,125,10,4,13,491,89,17,73,7,89,,,30,239,777,75,39,75,47,0,11,12,2,0,0,1,127,964,62,3083,32,22,210,0,70,1557,1,1,6,13,10,3,1,4,8,5,2,33,20,57,57,20,0,0,,0,,0,,0,,0,,4.3,7.8,68.5,11.4,60.6,100,49.7,9.5,22.2,25.8,112.3,18,23.9,272.1,43.3,117,471,473,386,19,3,79,58,10,176,58,10,176,416,587,615,Offensive Coordinator
,0,1991,2,MIA,242045,1,0,0,,0,0,0,0,0,0,0,0,0,0,0,0,0,0,0,0,0,0,0,20,25,38,25,0,254,203,353,318,150,2,102.3,38,6.7,10.2,7.3,254,64,254,1,2,12,45,45,63,24,8,49,0,0,1,0,6,37,5,1,6,1,11,,,3,33,47,3,2,7,0,0,1,2,0,0,0,0,7,40,5,263,2,1,8,0,4,74,0,0,1,0,1,0,0,1,0,1,0,2,2,2,2,1,0,0,,0,,0,,0,,0,,3.2,6.7,65.8,10.2,100,100,52.6,8,18.5,20,64,25,25,254,40,8,26,28,21,0,0,5,4,1,10,4,1,10,38,35,52,
,0,1988,2,MIA,244230,17,0,0,,1,0,0,0,0,0,0,0,0,0,0,0,0,0,0,0,0,0,0,466,323,469,323,10,4011,3099,5703,5994,2604,36,111.8,27.6,8.6,12.4,5.8,235.9,1983,4011,16,36,75,72,72,62,34,17,47,7,150,18,8,15,400,119,11,67,7,99,,,29,220,835,108,30,79,36,1,15,17,1,0,0,0,98,851,77,3581,31,26,60,0,72,1435,0,1,5,7,6,2,1,4,4,6,0,21,15,49,49,17,0,0,,0,,0,,0,,0,,4.3,8.6,68.9,12.4,71.4,100,46.5,2.3,19.9,27.4,116.6,17.8,19,235.9,42.7,94,412,420,386,15,4,83,51,15,138,51,15,138,348,1016,0,OL Coach
,0,1989,2,MIA,244230,17,0,0,,1,0,0,0,0,0,0,0,0,0,0,0,0,0,0,0,0,0,0,399,389,580,389,14,4514,3817,5922,5975,2105,33,99.3,34.1,7.8,11.6,8.1,265.5,1461,4514,12,33,57,77,77,54,35,18,52,13,182,6,2,37,503,93,20,73,20,136,,,51,427,784,55,51,85,48,0,16,11,2,0,0,0,104,875,86,3567,25,28,167,0,68,1439,0,2,5,5,14,9,2,4,5,9,4,35,24,46,45,16,0,0,,0,,0,,0,,0,,3.7,7.8,67.1,11.6,68.6,97.8,41.5,6,21.2,23.5,85.9,16.5,22.9,265.5,44.5,117,399,401,383,5,2,66,56,16,173,56,16,173,411,1239,0,OL Coach
,0,1990,2,MIA,244230,17,0,0,,1,0,0,0,0,0,0,0,0,0,0,0,0,0,0,0,0,0,0,439,406,593,406,10,4626,3732,5726,6535,1994,34,103.7,34.9,7.8,11.4,4.8,272.1,1909,4626,22,34,69,76,76,68,98,19,52,8,125,10,4,13,491,89,17,73,7,89,,,30,239,777,75,39,75,47,0,11,12,2,0,0,1,127,964,62,3083,32,22,210,0,70,1557,1,1,6,13,10,3,1,4,8,5,2,33,20,57,57,20,0,0,,0,,0,,0,,0,,4.3,7.8,68.5,11.4,60.6,100,49.7,9.5,22.2,25.8,112.3,18,23.9,272.1,43.3,117,471,473,386,19,3,79,58,10,176,58,10,176,416,587,615,OL Coach
,0,1991,2,MIA,244230,1,0,0,,0,0,0,0,0,0,0,0,0,0,0,0,0,0,0,0,0,0,0,20,25,38,25,0,254,203,353,318,150,2,102.3,38,6.7,10.2,7.3,254,64,254,1,2,12,45,45,63,24,8,49,0,0,1,0,6,37,5,1,6,1,11,,,3,33,47,3,2,7,0,0,1,2,0,0,0,0,7,40,5,263,2,1,8,0,4,74,0,0,1,0,1,0,0,1,0,1,0,2,2,2,2,1,0,0,,0,,0,,0,,0,,3.2,6.7,65.8,10.2,100,100,52.6,8,18.5,20,64,25,25,254,40,8,26,28,21,0,0,5,4,1,10,4,1,10,38,35,52,
,0,1988,17,CHC,246523,17,0,0,,1,0,0,0,0,0,0,0,0,0,0,0,0,0,0,0,0,0,0,481,358,542,358,11,3941,3270,4906,5770,1636,19,90.7,31.9,7.3,11,7,231.8,1829,3941,17,19,55,83,83,63,36,57,52,9,185,12,4,11,403,72,21,58,26,134,,,41,308,781,100,57,91,37,0,9,11,2,0,0,0,108,933,79,3554,27,41,295,0,69,1506,0,1,11,16,8,2,1,9,16,7,1,38,34,36,36,19,0,0,,0,,0,,0,,0,,3.8,7.3,66.1,11,89.5,100,45,7.2,21.8,28.3,107.6,17.5,21.1,231.8,42.5,138,366,368,303,14,4,84,45,8,152,45,8,152,349,1108,0,Offensive Coordinator
,0,1989,17,CHC,246523,17,0,0,,0,0,0,0,0,0,0,0,0,0,0,0,0,0,0,0,0,0,0,362,390,608,390,11,3780,3874,6436,5246,2562,28,89.3,35.8,6.2,9.7,9.8,222.4,1466,3780,8,28,40,73,73,64,41,67,49,11,194,16,8,12,421,109,27,92,39,138,,,66,494,765,61,34,117,25,0,11,12,0,0,0,0,96,811,89,3935,27,25,177,0,92,1979,0,0,7,4,7,1,0,7,4,6,0,19,17,36,34,7,0,0,,0,,0,,0,,0,,4,6.2,64.1,9.7,89.5,94.4,44.2,7.1,21.5,21.3,86.2,21.8,22.9,222.4,39.7,85,301,301,551,7,0,79,33,6,155,33,6,155,413,1266,0,Offensive Coordinator
,0,1990,17,CHC,246523,17,0,0,,0,0,0,0,0,0,0,0,0,0,0,0,0,0,0,0,0,0,0,512,314,530,314,7,2795,4103,7541,4582,3438,15,77.4,31.2,5.3,8.9,8.5,164.4,1787,2795,16,15,65,41,41,64,97,18,57,14,214,8,4,27,426,103,17,74,23,151,,,49,366,771,51,20,87,35,0,9,9,1,0,0,0,120,893,93,4259,42,22,190,0,112,2576,1,1,6,8,12,6,1,6,8,8,6,33,29,31,31,9,0,0,,0,,0,,0,,0,,3.5,5.3,59.2,8.9,87.9,100,45.8,8.6,23,30.1,105.1,16,18.5,164.4,39.2,118,316,316,650,8,3,82,18,1,123,18,1,123,351,531,555,Offensive Coordinator
,0,1991,17,CHC,246523,1,0,0,,0,0,0,0,0,0,0,0,0,0,0,0,0,0,0,0,0,0,0,29,18,26,18,0,181,246,360,239,114,1,101.6,26,7,10.1,0,181,58,181,0,1,12,31,31,59,35,0,54,0,0,2,2,0,21,5,2,2,0,5,,,0,0,46,8,3,1,2,0,1,0,0,0,0,0,8,52,4,169,2,0,0,0,6,140,0,0,0,0,1,1,0,0,0,1,1,2,2,1,1,1,0,0,,0,,0,,0,,0,,2,7,69.2,10.1,100,100,42.2,0,23.3,29,58,20.7,18,181,55.6,7,13,13,37,0,0,6,2,0,10,2,0,10,29,26,35,
,0,1988,9,LON,247570,17,0,0,,1,9,8,0,0.529,0,1,0,0,0,0,0,0,0,0,0,0,0,0,672,247,375,247,2,3512,3731,6147,6456,2416,26,116.9,22.1,9.4,14.2,6.7,206.6,2944,3512,18,26,71,54,54,70,34,46,57,8,96,28,16,13,550,98,12,51,13,103,,,27,202,842,93,47,69,23,1,13,19,0,0,0,0,103,897,86,4185,35,39,393,0,70,1430,0,1,8,9,11,4,1,6,7,8,3,33,25,44,44,18,0,0,,0,,0,,0,,0,,4.4,9.4,65.9,14.2,75.8,100,48.7,10.1,20.4,39.5,173.2,20.8,14.5,206.6,52.2,119,383,385,422,16,3,140,61,11,129,61,11,129,400,911,0,Head Coach
,0,1989,9,LON,247570,17,0,0,,1,11,6,0,0.647,0,1,0,0,0,0,0,0,0,0,0,0,0,0,561,240,391,240,5,3967,3792,5582,6358,1790,32,117.5,23,10.1,16.5,10.7,233.4,2391,3967,17,32,55,82,82,70,94,20,52,11,172,11,5,27,521,105,26,84,21,97,,,47,386,849,110,42,108,30,1,12,10,3,1,0,1,87,663,85,4033,31,39,262,0,67,1495,0,9,4,8,9,7,9,4,6,8,2,37,29,49,47,22,0,0,,0,,0,,0,,0,,4.3,10.1,61.4,16.5,78.4,95.9,47.4,6.7,22.3,33,140.6,17.3,14.1,233.4,54.6,134,446,452,367,16,6,97,63,17,131,63,17,131,468,1072,0,Head Coach
,0,1990,9,LON,247570,17,0,0,,1,12,5,0,0.706,0,0,0,1,0,1,1,0,1,0,1,0,0,0,393,339,539,339,5,6080,4446,6414,7997,1968,57,132.9,31.7,11.3,17.9,9.6,357.6,1917,6080,22,57,58,88,88,72,59,65,55,13,261,9,3,45,708,100,21,77,17,84,,,57,448,945,77,43,123,27,0,16,17,3,0,0,1,117,1030,70,3358,28,18,175,0,79,1636,0,0,4,12,12,6,0,2,11,10,3,34,26,81,79,25,0,0,,0,,0,,0,,0,,4.9,11.3,62.9,17.9,76.5,97.5,48,9.7,20.7,23.1,112.8,17.3,19.9,357.6,53.7,157,649,649,407,14,4,68,99,31,182,99,31,182,536,520,801,Head Coach
,0,1991,9,LON,247570,1,0,0,,0,1,0,0,1,0,0,0,0,0,0,0,0,0,0,0,0,0,0,29,17,29,17,0,326,242,319,402,77,1,109.3,29,11.2,19.2,14.7,326,76,326,0,1,20,68,68,56,32,14,51,0,0,0,0,0,42,1,0,9,1,5,,,5,45,31,3,1,6,7,0,2,1,0,0,0,0,3,15,3,152,1,2,14,0,3,61,0,0,1,2,1,1,0,1,1,1,1,5,4,1,1,1,0,0,,0,,0,,0,,0,,2.6,11.2,58.6,19.2,80,100,50.7,7,20.3,29,76,17.2,17,326,76.5,13,19,19,14,0,0,5,6,1,13,6,1,13,18,28,32,
,0,1988,18,BAL,248914,17,0,0,,0,5,12,0,0.294,0,0,0,0,0,0,0,0,0,0,0,0,0,0,632,285,408,285,11,3029,4406,7864,6316,3458,25,100.4,24,7.4,10.6,2.6,178.2,3287,3029,28,25,76,58,58,69,42,20,57,13,215,23,10,50,450,117,22,64,3,113,,,11,84,870,69,23,75,35,0,25,28,2,1,0,0,102,898,70,3401,32,19,146,0,93,2028,0,1,5,8,8,6,1,4,8,5,5,28,23,52,49,17,0,0,,0,,0,,0,,0,,5.2,7.4,69.9,10.6,82.1,94.2,48.6,7.7,21.8,37.2,193.4,23.4,16.8,178.2,43.5,118,448,452,529,22,5,148,31,7,124,31,7,124,429,1006,0,Head Coach
,0,1989,18,BAL,248914,17,0,0,,1,13,4,0,0.765,0,0,0,0,1,0,0,0,0,0,0,0,0,0,629,289,406,289,8,3032,3648,5197,5670,1549,21,101.5,23.9,7.5,10.5,5.1,178.4,2638,3032,18,21,60,54,54,70,103,20,52,13,140,12,3,72,436,73,8,89,11,75,,,22,174,775,82,35,106,44,1,22,21,3,0,0,1,86,692,67,3114,24,38,264,0,60,1400,1,0,5,14,19,7,0,4,12,14,4,45,34,41,40,25,0,0,,0,,0,,0,,0,,4.2,7.5,71.2,10.5,75.6,97.6,46.5,6.9,23.3,37,155.2,20.2,17,178.4,46.7,142,400,404,299,17,7,127,31,3,135,31,3,135,403,1032,0,Head Coach
,0,1990,18,BAL,248914,17,0,0,,1,13,4,0,0.765,0,0,0,1,0,1,0,1,0,0,0,0,0,0,629,311,455,311,10,3281,3983,5906,6360,1923,32,103.4,26.8,7.2,10.5,4,193,3079,3281,27,32,70,59,59,67,98,17,56,17,279,12,6,30,516,94,9,88,10,91,,,19,149,789,66,27,105,31,0,11,11,2,0,0,2,110,935,65,3142,29,23,89,0,78,1938,0,0,8,9,13,6,0,7,8,8,3,36,26,60,60,26,0,0,,0,,0,,0,,0,,4.9,7.2,68.4,10.5,72.2,100,48.3,3.9,24.8,37,181.1,24,18.3,193,45.3,138,504,504,401,18,5,151,31,4,141,31,4,141,432,456,658,Head Coach
,0,1991,18,BAL,248914,1,0,0,,0,0,1,0,0,0,0,0,0,0,0,0,0,0,0,0,0,0,0,30,23,34,23,1,247,302,411,410,109,2,96.1,34,7.3,10.7,15,247,163,247,2,2,22,47,47,60,39,10,45,0,0,5,3,3,37,9,1,6,3,7,,,6,43,44,5,0,11,1,0,1,3,0,0,0,0,5,30,4,208,3,3,20,0,8,219,0,0,0,0,1,0,0,0,0,1,0,1,1,4,4,1,0,0,,0,,0,,0,,0,,5.4,7.3,67.6,10.7,100,100,52,6.7,27.4,30,163,26.7,23,247,39.1,7,31,31,37,2,0,8,3,1,9,3,1,9,28,34,43,
,0,1988,9,LON,249416,17,0,0,,1,0,0,0,0,0,0,0,0,0,0,0,0,0,0,0,0,0,0,672,247,375,247,2,3512,3731,6147,6456,2416,26,116.9,22.1,9.4,14.2,6.7,206.6,2944,3512,18,26,71,54,54,70,34,46,57,8,96,28,16,13,550,98,12,51,13,103,,,27,202,842,93,47,69,23,1,13,19,0,0,0,0,103,897,86,4185,35,39,393,0,70,1430,0,1,8,9,11,4,1,6,7,8,3,33,25,44,44,18,0,0,,0,,0,,0,,0,,4.4,9.4,65.9,14.2,75.8,100,48.7,10.1,20.4,39.5,173.2,20.8,14.5,206.6,52.2,119,383,385,422,16,3,140,61,11,129,61,11,129,400,911,0,Offensive Coordinator
,0,1989,9,LON,249416,17,0,0,,1,0,0,0,0,0,0,0,0,0,0,0,0,0,0,0,0,0,0,561,240,391,240,5,3967,3792,5582,6358,1790,32,117.5,23,10.1,16.5,10.7,233.4,2391,3967,17,32,55,82,82,70,94,20,52,11,172,11,5,27,521,105,26,84,21,97,,,47,386,849,110,42,108,30,1,12,10,3,1,0,1,87,663,85,4033,31,39,262,0,67,1495,0,9,4,8,9,7,9,4,6,8,2,37,29,49,47,22,0,0,,0,,0,,0,,0,,4.3,10.1,61.4,16.5,78.4,95.9,47.4,6.7,22.3,33,140.6,17.3,14.1,233.4,54.6,134,446,452,367,16,6,97,63,17,131,63,17,131,468,1072,0,Offensive Coordinator
,0,1990,9,LON,249416,17,0,0,,1,0,0,0,0,0,0,0,0,0,0,0,0,0,0,0,0,0,0,393,339,539,339,5,6080,4446,6414,7997,1968,57,132.9,31.7,11.3,17.9,9.6,357.6,1917,6080,22,57,58,88,88,72,59,65,55,13,261,9,3,45,708,100,21,77,17,84,,,57,448,945,77,43,123,27,0,16,17,3,0,0,1,117,1030,70,3358,28,18,175,0,79,1636,0,0,4,12,12,6,0,2,11,10,3,34,26,81,79,25,0,0,,0,,0,,0,,0,,4.9,11.3,62.9,17.9,76.5,97.5,48,9.7,20.7,23.1,112.8,17.3,19.9,357.6,53.7,157,649,649,407,14,4,68,99,31,182,99,31,182,536,520,801,Offensive Coordinator
,0,1991,9,LON,249416,1,0,0,,0,0,0,0,0,0,0,0,0,0,0,0,0,0,0,0,0,0,0,29,17,29,17,0,326,242,319,402,77,1,109.3,29,11.2,19.2,14.7,326,76,326,0,1,20,68,68,56,32,14,51,0,0,0,0,0,42,1,0,9,1,5,,,5,45,31,3,1,6,7,0,2,1,0,0,0,0,3,15,3,152,1,2,14,0,3,61,0,0,1,2,1,1,0,1,1,1,1,5,4,1,1,1,0,0,,0,,0,,0,,0,,2.6,11.2,58.6,19.2,80,100,50.7,7,20.3,29,76,17.2,17,326,76.5,13,19,19,14,0,0,5,6,1,13,6,1,13,18,28,32,
,0,1988,19,WAS,254088,17,0,0,,0,0,0,0,0,0,0,0,0,0,0,0,0,0,0,0,0,0,0,660,251,407,251,13,2625,3421,6965,5428,3544,19,82.6,23.9,6.4,10.5,6.9,154.4,2803,2625,21,19,55,49,49,62,43,17,48,9,110,16,9,34,396,115,21,48,17,144,,,30,206,861,88,10,67,22,1,18,16,1,0,0,1,93,708,82,3820,32,25,189,0,97,2393,0,1,3,6,17,2,1,1,3,8,0,29,13,39,38,10,0,0,,0,,0,,0,,0,,4.2,6.4,61.7,10.5,44.8,97.4,46.6,7.6,24.7,38.8,164.9,21.5,14.8,154.4,41.8,77,323,327,541,11,2,142,28,3,105,28,3,105,348,910,0,DL Coach
,0,1989,19,WAS,254088,17,0,0,,0,0,0,0,0,0,0,0,0,0,0,0,0,0,0,0,0,0,0,545,292,482,292,15,3137,4150,5930,5864,1780,19,79.9,28.4,6.5,10.7,6.9,184.5,2727,3137,16,19,56,66,66,61,43,18,52,7,104,12,9,47,481,89,23,63,21,149,,,36,221,790,92,45,86,40,0,21,11,3,1,0,0,110,874,70,3122,23,30,174,0,77,1637,0,3,8,9,7,4,3,6,6,5,2,31,22,38,38,16,0,0,,0,,0,,0,,0,,5,6.5,60.6,10.7,71,100,44.6,5.8,21.3,32.1,160.4,22.9,17.2,184.5,45.5,104,332,332,439,22,7,125,28,9,133,28,9,133,426,1089,0,DL Coach
,0,1990,19,WAS,254088,17,0,0,,0,0,0,0,0,0,0,0,0,0,0,0,0,0,0,0,0,0,0,553,274,506,274,16,2768,4523,7312,5270,2789,23,72,29.8,5.5,10.1,3.8,162.8,2502,2768,20,23,86,57,57,61,43,49,51,8,262,17,6,51,461,99,29,50,6,121,,,20,134,820,70,18,71,30,1,17,23,2,0,0,0,131,1040,83,3754,35,23,203,0,99,2581,0,2,3,8,13,4,2,2,7,13,2,30,26,44,43,14,0,0,,0,,0,,0,,0,,4.5,5.5,54.2,10.1,86.7,97.7,45.2,8.8,26.1,32.5,147.2,20.8,16.1,162.8,45.6,121,391,395,609,13,3,115,26,3,125,26,3,125,453,503,608,DL Coach
,0,1991,19,WAS,254088,1,0,0,,0,0,0,0,0,0,0,0,0,0,0,0,0,0,0,0,0,0,0,32,18,23,18,0,246,181,239,360,58,3,150.8,23,10.7,13.7,11.5,246,114,246,1,3,16,33,33,56,32,18,39,0,0,1,0,12,28,2,0,2,1,5,,,3,6,46,11,0,5,1,0,2,3,0,0,0,0,10,71,2,103,2,3,29,0,2,31,0,0,1,2,0,0,0,1,2,0,0,3,3,4,4,1,0,0,,0,,0,,0,,0,,3.6,10.7,78.3,13.7,100,100,51.5,9.7,15.5,32,114,25,18,246,55.6,13,37,37,13,0,0,8,3,0,10,3,0,10,20,27,28,
,0,1988,8,SEA,262205,17,0,0,,0,0,0,0,0,0,0,0,0,0,0,0,0,0,0,0,0,0,0,460,402,587,402,7,4014,4095,6693,6165,2598,26,97.4,34.5,6.8,10,4.1,236.1,2151,4014,22,26,36,88,88,62,38,18,51,6,85,9,5,17,486,94,23,44,15,108,,,25,178,829,84,33,73,33,0,21,11,1,0,0,0,96,834,75,3428,33,36,263,0,73,1609,0,1,6,8,18,5,1,4,6,11,2,38,24,49,47,20,0,0,,0,,0,,0,,0,,4.7,6.8,68.5,10,63.2,95.9,45.7,7.3,22,27.1,126.5,22.6,23.6,236.1,42.8,119,413,413,476,9,0,104,29,8,172,29,8,172,407,1149,0,LB Coach
,0,1989,8,SEA,262205,17,0,0,,1,0,0,0,0,0,0,0,0,0,0,0,0,0,0,0,0,0,0,393,389,593,389,10,3826,3600,5867,5752,2267,32,94.6,34.9,6.5,9.8,4.5,225.1,1926,3826,17,32,60,61,61,65,103,27,54,9,194,17,10,1,444,96,12,80,10,122,,,28,221,833,70,46,113,59,0,14,9,2,0,0,0,98,733,71,3358,42,30,287,0,62,1567,1,1,5,9,14,2,1,2,7,9,2,31,21,51,49,21,0,0,,0,,0,,0,,0,,4.9,6.5,65.6,9.8,67.7,96.1,47.3,9.6,25.3,23.1,113.3,25.4,22.9,225.1,40.6,112,424,426,335,12,2,100,35,6,158,35,6,158,412,1268,0,LB Coach
,0,1990,8,SEA,262205,17,0,0,,0,0,0,0,0,0,0,0,0,0,0,0,0,0,0,0,0,0,0,564,332,487,332,4,3145,4679,6974,5841,2295,29,102.2,28.6,6.5,9.5,6.7,185,2696,3145,17,29,61,52,52,66,42,67,50,6,79,19,12,7,422,112,11,73,12,110,,,35,256,822,64,29,77,48,0,13,12,0,0,0,1,105,849,90,4359,40,32,368,0,94,1829,0,1,4,9,11,3,1,3,8,9,1,28,22,44,43,12,0,0,,0,,0,,0,,0,,4.8,6.5,68.2,9.5,78.6,97.7,48.4,11.5,19.5,33.2,158.6,22.9,19.5,185,40.7,109,385,387,468,17,2,129,22,2,135,22,2,135,491,485,697,LB Coach
,0,1991,8,SEA,262205,1,0,0,,0,0,0,0,0,0,0,0,0,0,0,0,0,0,0,0,0,0,0,29,27,36,27,0,223,228,366,363,138,1,99.7,36,6.2,8.3,5.3,223,140,223,1,1,17,17,17,35,40,0,52,0,0,2,1,0,19,8,1,2,1,8,,,2,6,46,3,1,2,3,0,0,1,0,0,0,0,3,35,1,35,0,0,0,0,5,154,0,0,1,0,2,1,0,1,0,2,1,4,4,2,2,0,0,0,,0,,0,,0,,0,,4.8,6.2,75,8.3,100,100,35,0,30.8,29,140,27.6,27,223,51.9,14,26,26,31,0,0,8,0,0,14,0,0,14,18,36,22,
,0,1988,17,CHC,262319,17,0,0,,1,0,0,0,0,0,0,0,0,0,0,0,0,0,0,0,0,0,0,481,358,542,358,11,3941,3270,4906,5770,1636,19,90.7,31.9,7.3,11,7,231.8,1829,3941,17,19,55,83,83,63,36,57,52,9,185,12,4,11,403,72,21,58,26,134,,,41,308,781,100,57,91,37,0,9,11,2,0,0,0,108,933,79,3554,27,41,295,0,69,1506,0,1,11,16,8,2,1,9,16,7,1,38,34,36,36,19,0,0,,0,,0,,0,,0,,3.8,7.3,66.1,11,89.5,100,45,7.2,21.8,28.3,107.6,17.5,21.1,231.8,42.5,138,366,368,303,14,4,84,45,8,152,45,8,152,349,1108,0,OL Coach
,0,1989,17,CHC,262319,17,0,0,,0,0,0,0,0,0,0,0,0,0,0,0,0,0,0,0,0,0,0,362,390,608,390,11,3780,3874,6436,5246,2562,28,89.3,35.8,6.2,9.7,9.8,222.4,1466,3780,8,28,40,73,73,64,41,67,49,11,194,16,8,12,421,109,27,92,39,138,,,66,494,765,61,34,117,25,0,11,12,0,0,0,0,96,811,89,3935,27,25,177,0,92,1979,0,0,7,4,7,1,0,7,4,6,0,19,17,36,34,7,0,0,,0,,0,,0,,0,,4,6.2,64.1,9.7,89.5,94.4,44.2,7.1,21.5,21.3,86.2,21.8,22.9,222.4,39.7,85,301,301,551,7,0,79,33,6,155,33,6,155,413,1266,0,OL Coach
,0,1990,17,CHC,262319,17,0,0,,0,0,0,0,0,0,0,0,0,0,0,0,0,0,0,0,0,0,0,512,314,530,314,7,2795,4103,7541,4582,3438,15,77.4,31.2,5.3,8.9,8.5,164.4,1787,2795,16,15,65,41,41,64,97,18,57,14,214,8,4,27,426,103,17,74,23,151,,,49,366,771,51,20,87,35,0,9,9,1,0,0,0,120,893,93,4259,42,22,190,0,112,2576,1,1,6,8,12,6,1,6,8,8,6,33,29,31,31,9,0,0,,0,,0,,0,,0,,3.5,5.3,59.2,8.9,87.9,100,45.8,8.6,23,30.1,105.1,16,18.5,164.4,39.2,118,316,316,650,8,3,82,18,1,123,18,1,123,351,531,555,OL Coach
,0,1991,17,CHC,262319,1,0,0,,0,0,0,0,0,0,0,0,0,0,0,0,0,0,0,0,0,0,0,29,18,26,18,0,181,246,360,239,114,1,101.6,26,7,10.1,0,181,58,181,0,1,12,31,31,59,35,0,54,0,0,2,2,0,21,5,2,2,0,5,,,0,0,46,8,3,1,2,0,1,0,0,0,0,0,8,52,4,169,2,0,0,0,6,140,0,0,0,0,1,1,0,0,0,1,1,2,2,1,1,1,0,0,,0,,0,,0,,0,,2,7,69.2,10.1,100,100,42.2,0,23.3,29,58,20.7,18,181,55.6,7,13,13,37,0,0,6,2,0,10,2,0,10,29,26,35,
,0,1988,11,CHI,262379,17,0,0,,0,0,0,0,0,0,0,0,0,0,0,0,0,0,0,0,0,0,0,588,235,442,235,10,2418,4153,6587,5051,2434,15,71.1,26,5.5,10.3,6,142.2,2633,2418,16,15,64,58,58,64,100,79,46,10,182,8,5,5,440,85,31,66,19,163,,,28,191,944,96,27,97,19,1,18,15,2,0,0,0,132,1061,104,4704,48,29,354,0,86,2089,1,2,7,15,12,1,2,7,11,10,0,37,30,32,32,13,0,0,,0,,0,,0,,0,,4.5,5.5,53.2,10.3,81.1,100,45.2,12.2,24.3,34.6,154.9,18.5,13.8,142.2,39.6,122,326,332,468,22,10,109,28,3,93,28,3,93,445,1059,0,OL Coach
,0,1989,11,CHI,262379,17,0,0,,0,0,0,0,0,0,0,0,0,0,0,0,0,0,0,0,0,0,0,573,304,506,304,18,3239,4178,6145,5966,1967,13,72.6,29.8,6.4,10.7,4.9,190.5,2727,3239,27,13,85,56,56,65,40,19,52,11,237,25,9,4,527,80,33,63,11,151,,,26,184,914,104,63,98,29,0,19,20,1,0,0,0,99,783,94,4401,38,39,262,0,71,1477,0,0,5,8,12,5,0,4,5,7,3,30,19,36,34,19,0,0,,0,,0,,0,,0,,4.8,6.4,60.1,10.7,63.3,94.4,46.8,6.7,20.8,33.7,160.4,18.7,17.9,190.5,45.1,91,337,343,387,20,5,107,30,4,137,30,4,137,468,1187,0,OL Coach
,0,1990,11,CHI,262379,17,0,0,,1,0,0,0,0,0,0,0,0,0,0,0,0,0,0,0,0,0,0,470,440,646,440,9,4768,3590,5674,7277,2084,46,107.5,38,7.4,10.8,3.9,280.5,2509,4768,27,46,45,70,70,67,41,77,48,5,89,20,10,63,591,101,24,74,10,98,,,26,196,783,63,44,101,45,0,16,20,1,0,0,0,106,853,63,2766,22,29,241,0,79,1798,0,1,7,9,9,0,1,6,5,5,0,26,17,74,73,23,0,0,,0,,0,,0,,0,,5.3,7.4,68.1,10.8,65.4,98.6,43.9,8.3,22.8,27.6,147.6,27.7,25.9,280.5,48.2,124,568,568,386,14,1,130,42,7,212,42,7,212,398,651,617,OL Coach
,0,1991,11,CHI,262379,1,0,0,,0,0,0,0,0,0,0,0,0,0,0,0,0,0,0,0,0,0,0,23,24,36,24,0,302,247,410,411,163,3,120.4,36,8.4,12.6,0,302,109,302,0,3,49,68,68,67,31,0,43,1,38,1,1,8,30,10,2,4,0,7,,,0,0,53,3,6,8,0,0,5,3,1,0,0,0,8,56,4,231,2,1,0,0,5,122,0,0,2,0,1,1,0,2,0,1,0,4,3,4,4,1,0,0,,0,,0,,0,,0,,4.7,8.4,66.7,12.6,75,100,57.8,0,24.4,23,109,26.1,24,302,37.5,13,37,37,31,1,1,6,3,1,9,3,1,9,36,37,49,
,0,1988,15,SF,269540,17,0,0,,0,9,8,0,0.529,0,0,0,0,0,0,0,0,0,0,0,0,0,0,585,325,493,325,16,3632,2930,5701,6280,2771,38,99.9,29,7.4,11.2,3.5,213.6,2648,3632,19,38,87,66,66,62,89,60,47,8,162,15,7,13,467,105,16,52,9,86,,,18,137,876,78,33,76,33,0,15,14,2,0,0,0,94,722,73,3297,26,32,320,0,83,1794,0,2,7,8,8,0,2,6,5,6,0,25,19,57,57,18,0,0,,0,,0,,0,,0,,4.5,7.4,65.9,11.2,76,100,45.2,10,21.6,34.4,155.8,21.5,19.1,213.6,40.9,114,468,470,434,21,8,126,41,14,133,41,14,133,340,999,0,Head Coach
,0,1989,15,SF,269540,17,0,0,,1,13,4,0,0.765,0,0,0,0,1,0,0,0,0,0,0,0,0,0,539,386,584,386,3,4476,3411,5457,6928,2046,39,109.2,34.4,7.7,11.6,4.4,263.3,2452,4476,23,39,66,90,90,66,96,24,52,13,247,16,8,12,518,78,15,70,12,83,,,27,165,756,83,50,112,44,2,22,19,3,1,0,0,100,845,71,3421,26,34,209,0,60,1343,1,2,8,2,17,5,1,7,2,10,2,34,22,64,61,23,0,0,,0,,0,,0,,0,,4.5,7.7,66.1,11.6,64.7,95.3,48.2,6.1,22.4,31.7,144.2,22.8,22.7,263.3,42,127,523,531,305,15,2,123,51,14,162,51,14,162,365,1199,0,Head Coach
,0,1990,15,SF,269540,17,0,0,,1,9,8,0,0.529,1,0,1,0,1,0,0,0,0,0,0,0,0,0,614,338,469,338,7,3499,3573,6374,6159,2801,26,105.5,27.6,7.5,10.4,4.7,205.8,2660,3499,27,26,67,84,84,66,37,78,51,12,193,12,9,9,430,127,7,77,6,68,,,23,163,792,71,25,110,34,0,7,6,3,0,0,0,100,929,77,3657,38,37,436,0,85,1604,0,1,7,5,10,4,1,6,4,9,2,27,22,51,51,14,0,0,,0,,0,,0,,0,,4.3,7.5,72.1,10.4,81.5,100,47.5,11.8,18.9,36.1,156.5,21.3,19.9,205.8,43.8,117,453,461,453,14,2,131,32,7,148,32,7,148,388,474,620,Head Coach
,0,1991,15,SF,269540,1,0,0,,0,0,1,0,0,0,0,0,0,0,0,0,0,0,0,0,0,0,0,53,28,42,28,2,253,280,485,487,205,0,62.9,42,6,9,2.3,253,234,253,2,0,39,27,27,60,30,18,48,2,0,2,0,0,36,17,1,7,0,7,,,1,10,83,6,5,12,5,0,1,3,0,1,0,0,17,108,10,445,2,2,18,0,6,128,0,0,0,1,1,0,0,0,1,1,0,2,2,2,2,2,0,0,,0,,0,,0,,0,,4.4,6,66.7,9,100,100,44.5,9,21.3,53,234,20.8,28,253,53.6,8,20,20,31,1,0,11,2,0,15,2,0,15,27,41,46,
,0,1988,5,BUF,270723,17,0,0,,1,0,0,0,0,0,0,0,0,0,0,0,0,0,0,0,0,0,0,741,273,386,273,8,2753,2941,5797,6402,2856,26,104.6,22.7,7.1,10.1,2.8,161.9,3649,2753,32,26,64,81,81,58,40,19,52,14,214,23,10,61,403,97,16,46,3,75,,,11,81,891,92,48,57,35,0,28,27,1,0,0,1,98,862,73,3162,28,34,240,0,77,1668,0,3,13,8,8,3,3,12,5,5,3,35,28,57,53,23,0,0,,0,,0,,0,,0,,4.9,7.1,70.7,10.1,80,93,43.3,7.1,21.7,43.6,214.6,25,16.1,161.9,38.5,137,491,491,391,24,3,185,26,9,105,26,9,105,346,888,0,Defensive Coordinator
,0,1989,5,BUF,270723,17,0,0,,1,0,0,0,0,0,0,0,0,0,0,0,0,0,0,0,0,0,0,598,317,518,317,10,3260,3460,4724,6022,1264,30,90.6,30.5,6.3,10.3,4.4,191.8,2762,3260,21,30,52,63,63,60,37,65,53,14,307,24,13,28,474,52,25,75,3,123,,,24,155,791,89,110,104,44,2,26,25,3,0,0,1,83,761,86,3764,27,45,327,1,61,1254,0,1,12,8,10,7,1,9,7,5,3,38,25,53,52,30,0,0,,0,,0,,0,,0,,4.6,6.3,61.2,10.3,65.8,98.1,43.8,7.3,20.6,35.2,162.5,20.9,18.6,191.8,42.9,127,457,463,266,24,3,125,32,5,136,32,5,136,364,1089,0,Defensive Coordinator
,0,1990,5,BUF,270723,17,0,0,,1,0,0,0,0,0,0,0,0,0,0,0,0,0,0,0,0,0,0,522,410,599,410,6,4477,4703,6264,6707,1561,32,103.9,35.2,7.5,10.9,5.4,263.4,2230,4477,22,32,58,92,92,61,55,18,53,9,107,16,11,9,485,68,17,67,12,117,,,34,251,858,85,87,102,51,2,18,15,2,1,0,0,115,949,87,3757,35,27,194,0,84,1995,0,0,8,7,17,7,0,7,7,15,4,39,33,53,52,23,0,0,,0,,0,,0,,0,,4.3,7.5,68.4,10.9,84.6,98.1,43.2,7.2,23.8,30.7,131.2,19.7,24.1,263.4,42,151,487,495,448,16,1,103,50,9,172,50,9,172,427,599,601,Defensive Coordinator
,0,1991,5,BUF,270723,1,0,0,,0,0,0,0,0,0,0,0,0,0,0,0,0,0,0,0,0,0,0,23,25,37,25,0,203,254,318,353,64,1,90.3,37,5.5,8.1,5.1,203,150,203,2,1,49,22,22,55,35,4,0,0,0,1,1,0,22,4,0,3,1,5,,,2,17,45,3,3,9,4,0,1,0,0,0,0,0,9,70,5,202,1,3,-4,0,5,122,0,0,0,0,0,0,0,0,0,0,0,0,0,3,3,1,0,0,,0,,0,,0,,0,,6.5,5.5,67.6,8.1,0,100,40.4,-1.3,24.4,23,150,21.7,25,203,28,3,21,21,28,1,1,5,1,0,7,1,0,7,31,40,41,
,0,1988,2,MIA,271598,17,0,0,,1,0,0,0,0,0,0,0,0,0,0,0,0,0,0,0,0,0,0,466,323,469,323,10,4011,3099,5703,5994,2604,36,111.8,27.6,8.6,12.4,5.8,235.9,1983,4011,16,36,75,72,72,62,34,17,47,7,150,18,8,15,400,119,11,67,7,99,,,29,220,835,108,30,79,36,1,15,17,1,0,0,0,98,851,77,3581,31,26,60,0,72,1435,0,1,5,7,6,2,1,4,4,6,0,21,15,49,49,17,0,0,,0,,0,,0,,0,,4.3,8.6,68.9,12.4,71.4,100,46.5,2.3,19.9,27.4,116.6,17.8,19,235.9,42.7,94,412,420,386,15,4,83,51,15,138,51,15,138,348,1016,0,QB Coach
,0,1989,2,MIA,271598,17,0,0,,1,0,0,0,0,0,0,0,0,0,0,0,0,0,0,0,0,0,0,399,389,580,389,14,4514,3817,5922,5975,2105,33,99.3,34.1,7.8,11.6,8.1,265.5,1461,4514,12,33,57,77,77,54,35,18,52,13,182,6,2,37,503,93,20,73,20,136,,,51,427,784,55,51,85,48,0,16,11,2,0,0,0,104,875,86,3567,25,28,167,0,68,1439,0,2,5,5,14,9,2,4,5,9,4,35,24,46,45,16,0,0,,0,,0,,0,,0,,3.7,7.8,67.1,11.6,68.6,97.8,41.5,6,21.2,23.5,85.9,16.5,22.9,265.5,44.5,117,399,401,383,5,2,66,56,16,173,56,16,173,411,1239,0,QB Coach
,0,1990,2,MIA,271598,17,0,0,,1,0,0,0,0,0,0,0,0,0,0,0,0,0,0,0,0,0,0,439,406,593,406,10,4626,3732,5726,6535,1994,34,103.7,34.9,7.8,11.4,4.8,272.1,1909,4626,22,34,69,76,76,68,98,19,52,8,125,10,4,13,491,89,17,73,7,89,,,30,239,777,75,39,75,47,0,11,12,2,0,0,1,127,964,62,3083,32,22,210,0,70,1557,1,1,6,13,10,3,1,4,8,5,2,33,20,57,57,20,0,0,,0,,0,,0,,0,,4.3,7.8,68.5,11.4,60.6,100,49.7,9.5,22.2,25.8,112.3,18,23.9,272.1,43.3,117,471,473,386,19,3,79,58,10,176,58,10,176,416,587,615,QB Coach
,0,1991,2,MIA,271598,1,0,0,,0,0,0,0,0,0,0,0,0,0,0,0,0,0,0,0,0,0,0,20,25,38,25,0,254,203,353,318,150,2,102.3,38,6.7,10.2,7.3,254,64,254,1,2,12,45,45,63,24,8,49,0,0,1,0,6,37,5,1,6,1,11,,,3,33,47,3,2,7,0,0,1,2,0,0,0,0,7,40,5,263,2,1,8,0,4,74,0,0,1,0,1,0,0,1,0,1,0,2,2,2,2,1,0,0,,0,,0,,0,,0,,3.2,6.7,65.8,10.2,100,100,52.6,8,18.5,20,64,25,25,254,40,8,26,28,21,0,0,5,4,1,10,4,1,10,38,35,52,
,0,1988,15,SF,272824,17,0,0,,0,0,0,0,0,0,0,0,0,0,0,0,0,0,0,0,0,0,0,585,325,493,325,16,3632,2930,5701,6280,2771,38,99.9,29,7.4,11.2,3.5,213.6,2648,3632,19,38,87,66,66,62,89,60,47,8,162,15,7,13,467,105,16,52,9,86,,,18,137,876,78,33,76,33,0,15,14,2,0,0,0,94,722,73,3297,26,32,320,0,83,1794,0,2,7,8,8,0,2,6,5,6,0,25,19,57,57,18,0,0,,0,,0,,0,,0,,4.5,7.4,65.9,11.2,76,100,45.2,10,21.6,34.4,155.8,21.5,19.1,213.6,40.9,114,468,470,434,21,8,126,41,14,133,41,14,133,340,999,0,Head Scout
,0,1989,15,SF,272824,17,0,0,,1,0,0,0,0,0,0,0,0,0,0,0,0,0,0,0,0,0,0,539,386,584,386,3,4476,3411,5457,6928,2046,39,109.2,34.4,7.7,11.6,4.4,263.3,2452,4476,23,39,66,90,90,66,96,24,52,13,247,16,8,12,518,78,15,70,12,83,,,27,165,756,83,50,112,44,2,22,19,3,1,0,0,100,845,71,3421,26,34,209,0,60,1343,1,2,8,2,17,5,1,7,2,10,2,34,22,64,61,23,0,0,,0,,0,,0,,0,,4.5,7.7,66.1,11.6,64.7,95.3,48.2,6.1,22.4,31.7,144.2,22.8,22.7,263.3,42,127,523,531,305,15,2,123,51,14,162,51,14,162,365,1199,0,Head Scout
,0,1990,15,SF,272824,17,0,0,,1,0,0,0,0,0,0,0,0,0,0,0,0,0,0,0,0,0,0,614,338,469,338,7,3499,3573,6374,6159,2801,26,105.5,27.6,7.5,10.4,4.7,205.8,2660,3499,27,26,67,84,84,66,37,78,51,12,193,12,9,9,430,127,7,77,6,68,,,23,163,792,71,25,110,34,0,7,6,3,0,0,0,100,929,77,3657,38,37,436,0,85,1604,0,1,7,5,10,4,1,6,4,9,2,27,22,51,51,14,0,0,,0,,0,,0,,0,,4.3,7.5,72.1,10.4,81.5,100,47.5,11.8,18.9,36.1,156.5,21.3,19.9,205.8,43.8,117,453,461,453,14,2,131,32,7,148,32,7,148,388,474,620,Head Scout
,0,1991,15,SF,272824,1,0,0,,0,0,0,0,0,0,0,0,0,0,0,0,0,0,0,0,0,0,0,53,28,42,28,2,253,280,485,487,205,0,62.9,42,6,9,2.3,253,234,253,2,0,39,27,27,60,30,18,48,2,0,2,0,0,36,17,1,7,0,7,,,1,10,83,6,5,12,5,0,1,3,0,1,0,0,17,108,10,445,2,2,18,0,6,128,0,0,0,1,1,0,0,0,1,1,0,2,2,2,2,2,0,0,,0,,0,,0,,0,,4.4,6,66.7,9,100,100,44.5,9,21.3,53,234,20.8,28,253,53.6,8,20,20,31,1,0,11,2,0,15,2,0,15,27,41,46,
,0,1988,10,IND,273368,17,0,0,,1,0,0,0,0,0,0,0,0,0,0,0,0,0,0,0,0,0,0,573,282,453,282,15,3125,3550,6028,5663,2478,23,85.8,26.6,6.9,11.1,3.2,183.8,2538,3125,18,23,49,65,65,68,103,64,51,6,77,3,2,25,482,82,18,50,9,98,,,15,94,771,85,63,60,42,0,12,6,0,0,0,0,97,818,74,3437,32,38,355,0,72,1711,2,2,7,16,6,3,2,7,15,5,3,34,32,42,41,18,0,0,,0,,0,,0,,0,,4.4,6.9,62.3,11.1,94.1,97.6,46.4,9.3,23.8,33.7,149.3,20.9,16.6,183.8,47.5,137,395,397,429,13,1,120,29,8,134,29,8,134,322,898,0,QB Coach
,0,1989,10,IND,273368,17,0,1,,1,0,0,0,0,0,0,0,0,0,0,0,0,0,0,0,0,0,0,480,306,528,306,23,3755,3506,5219,5850,1713,26,78.3,31.1,7.1,12.3,4.3,220.9,2095,3755,19,26,61,56,56,69,36,52,50,6,137,6,3,22,516,46,14,62,9,82,,,24,164,761,78,96,69,74,5,19,12,1,0,0,0,78,707,81,3865,34,39,306,0,56,1211,0,3,7,8,11,1,3,7,8,8,1,30,27,45,45,26,0,0,,0,,0,,0,,0,,4.4,7.1,58,12.3,90,100,47.7,7.8,21.6,28.2,123.2,21.7,18,220.9,45.1,126,402,414,322,12,2,104,52,10,138,52,10,138,389,1105,0,QB Coach
,0,1990,10,IND,273368,17,0,0,,1,0,0,0,0,0,0,0,0,0,0,0,0,0,0,0,0,0,0,549,257,448,257,14,3384,4021,5850,5803,1829,30,90.7,26.4,7.6,13.2,6.3,199.1,2419,3384,20,30,76,56,56,71,42,64,51,11,187,6,4,17,497,76,22,70,13,94,,,30,218,839,81,64,85,63,0,19,12,2,0,0,0,102,840,81,3954,33,30,287,0,75,1570,0,2,6,11,13,6,2,4,11,8,3,38,28,49,49,23,0,0,,0,,0,,0,,0,,4.4,7.6,57.4,13.2,73.7,100,48.8,9.6,20.9,32.3,142.3,18.6,15.1,199.1,43.6,133,445,451,390,19,6,102,48,8,112,48,8,112,410,447,597,QB Coach
,0,1991,10,IND,273368,1,0,0,,0,0,0,0,0,0,0,0,0,0,0,0,0,0,0,0,0,0,0,40,14,23,14,1,163,164,286,326,122,0,64.2,23,7.1,11.6,0,163,163,163,2,0,20,42,42,54,15,8,52,1,-3,0,0,2,31,1,0,4,0,7,,,0,0,49,5,4,4,1,0,2,2,0,0,0,0,5,40,5,232,1,2,8,0,3,35,0,0,1,0,0,1,0,1,0,0,1,2,2,2,2,2,0,0,,0,,0,,0,,0,,4.1,7.1,60.9,11.6,100,100,46.4,4,11.7,40,163,22.5,14,163,50,8,20,20,13,0,0,9,1,1,7,1,1,7,26,22,35,
,0,1988,10,IND,273724,17,0,0,,1,10,7,0,0.588,0,0,0,1,0,1,1,0,1,0,1,0,0,0,573,282,453,282,15,3125,3550,6028,5663,2478,23,85.8,26.6,6.9,11.1,3.2,183.8,2538,3125,18,23,49,65,65,68,103,64,51,6,77,3,2,25,482,82,18,50,9,98,,,15,94,771,85,63,60,42,0,12,6,0,0,0,0,97,818,74,3437,32,38,355,0,72,1711,2,2,7,16,6,3,2,7,15,5,3,34,32,42,41,18,0,0,,0,,0,,0,,0,,4.4,6.9,62.3,11.1,94.1,97.6,46.4,9.3,23.8,33.7,149.3,20.9,16.6,183.8,47.5,137,395,397,429,13,1,120,29,8,134,29,8,134,322,898,0,Head Coach
,0,1989,10,IND,273724,17,0,1,,1,13,4,0,0.765,0,0,0,1,0,1,1,0,1,1,0,1,0,0,480,306,528,306,23,3755,3506,5219,5850,1713,26,78.3,31.1,7.1,12.3,4.3,220.9,2095,3755,19,26,61,56,56,69,36,52,50,6,137,6,3,22,516,46,14,62,9,82,,,24,164,761,78,96,69,74,5,19,12,1,0,0,0,78,707,81,3865,34,39,306,0,56,1211,0,3,7,8,11,1,3,7,8,8,1,30,27,45,45,26,0,0,,0,,0,,0,,0,,4.4,7.1,58,12.3,90,100,47.7,7.8,21.6,28.2,123.2,21.7,18,220.9,45.1,126,402,414,322,12,2,104,52,10,138,52,10,138,389,1105,0,Head Coach
,0,1990,10,IND,273724,17,0,0,,1,11,6,0,0.647,0,1,0,0,0,0,0,0,0,0,0,0,0,0,549,257,448,257,14,3384,4021,5850,5803,1829,30,90.7,26.4,7.6,13.2,6.3,199.1,2419,3384,20,30,76,56,56,71,42,64,51,11,187,6,4,17,497,76,22,70,13,94,,,30,218,839,81,64,85,63,0,19,12,2,0,0,0,102,840,81,3954,33,30,287,0,75,1570,0,2,6,11,13,6,2,4,11,8,3,38,28,49,49,23,0,0,,0,,0,,0,,0,,4.4,7.6,57.4,13.2,73.7,100,48.8,9.6,20.9,32.3,142.3,18.6,15.1,199.1,43.6,133,445,451,390,19,6,102,48,8,112,48,8,112,410,447,597,Head Coach
,0,1991,10,IND,273724,1,0,0,,0,1,0,0,1,0,0,0,0,0,0,0,0,0,0,0,0,0,0,40,14,23,14,1,163,164,286,326,122,0,64.2,23,7.1,11.6,0,163,163,163,2,0,20,42,42,54,15,8,52,1,-3,0,0,2,31,1,0,4,0,7,,,0,0,49,5,4,4,1,0,2,2,0,0,0,0,5,40,5,232,1,2,8,0,3,35,0,0,1,0,0,1,0,1,0,0,1,2,2,2,2,2,0,0,,0,,0,,0,,0,,4.1,7.1,60.9,11.6,100,100,46.4,4,11.7,40,163,22.5,14,163,50,8,20,20,13,0,0,9,1,1,7,1,1,7,26,22,35,
,0,1988,0,,274082,0,0,0,,0,0,0,0,0,0,0,0,0,0,0,0,0,0,0,0,0,0,0,0,0,0,0,0,0,0,0,0,0,0,0,0,0,0,0,0,0,0,0,0,0,0,0,0,0,0,0,0,0,0,0,0,0,0,0,0,0,0,,,0,0,0,0,0,0,0,0,0,0,0,0,0,0,0,0,0,0,0,0,0,0,0,0,0,0,0,0,0,0,0,0,0,0,0,0,0,0,0,0,0,0,,0,,0,,0,,0,,0,0,0,0,0,0,0,0,0,0,0,0,0,0,0,0,0,0,0,0,0,0,0,0,0,0,0,0,0,0,0,
,0,1991,0,,274082,0,0,0,,0,0,0,0,0,0,0,0,0,0,0,0,0,0,0,0,0,0,0,0,0,0,0,0,0,0,0,0,0,0,0,0,0,0,0,0,0,0,0,0,0,0,0,0,0,0,0,0,0,0,0,0,0,0,0,0,0,0,,,0,0,0,0,0,0,0,0,0,0,0,0,0,0,0,0,0,0,0,0,0,0,0,0,0,0,0,0,0,0,0,0,0,0,0,0,0,0,0,0,0,0,,0,,0,,0,,0,,0,0,0,0,0,0,0,0,0,0,0,0,0,0,0,0,0,0,0,0,0,0,0,0,0,0,0,0,0,0,0,
,0,1988,14,ATL,278233,17,0,0,,1,0,0,0,0,0,0,0,0,0,0,0,0,0,0,0,0,0,0,533,269,411,269,8,3796,4169,6266,6082,2097,29,110.5,24.2,9.2,14.1,9.7,223.3,2286,3796,19,29,67,68,68,65,42,77,52,9,185,9,3,31,451,101,15,63,26,107,,,44,367,801,105,28,91,29,1,15,13,0,0,0,0,87,745,81,3604,27,25,305,1,77,1904,0,1,8,12,12,4,1,7,10,7,2,37,27,48,48,17,0,0,,0,,0,,0,,0,,4.3,9.2,65.5,14.1,73,100,44.5,12.2,24.7,31.4,134.5,19.9,15.8,223.3,47.2,129,423,427,398,13,6,106,56,15,127,56,15,127,408,974,0,QB Coach
,0,1989,14,ATL,278233,17,0,0,,0,0,0,0,0,0,0,0,0,0,0,0,0,0,0,0,0,0,0,459,283,474,283,10,4640,4509,6339,6450,1830,45,115.5,27.9,9.8,16.4,15.4,272.9,1810,4640,6,45,47,66,66,65,42,24,52,17,207,17,5,84,649,80,21,91,44,135,,,86,697,724,87,40,112,45,3,19,24,2,0,0,0,101,808,83,3957,28,36,317,0,73,1710,0,1,5,11,13,5,1,4,9,9,1,35,24,52,51,17,0,0,,0,,0,,0,,0,,3.9,9.8,59.7,16.4,68.6,98.1,47.7,8.8,23.4,27,106.5,16.6,16.6,272.9,47.7,123,441,449,445,12,2,76,83,24,135,83,24,135,429,1151,0,QB Coach
,0,1990,14,ATL,278233,17,0,0,,0,0,0,0,0,0,0,0,0,0,0,0,0,0,0,0,0,0,0,552,297,431,297,6,3211,4437,6826,5443,2389,23,102.5,25.4,7.5,10.8,5.9,188.9,2232,3211,22,23,53,62,62,67,92,41,52,9,101,18,11,35,383,89,15,57,9,81,,,27,192,790,86,25,93,24,0,15,16,1,0,0,0,88,643,84,4019,46,21,206,0,94,2224,0,0,8,12,5,4,0,7,12,4,3,29,26,45,44,13,0,0,,0,,0,,0,,0,,4,7.5,68.9,10.8,89.7,97.8,47.8,9.8,23.7,32.5,131.3,18.8,17.5,188.9,41.8,122,398,398,514,16,4,104,30,9,124,30,9,124,404,427,591,QB Coach
,0,1991,14,ATL,278233,1,0,0,,0,0,0,0,0,0,0,0,0,0,0,0,0,0,0,0,0,0,0,38,14,25,14,0,148,204,332,367,128,0,73.4,25,5.9,10.6,16.7,148,219,148,3,0,27,31,31,63,30,11,51,1,4,1,1,0,37,10,0,5,3,9,,,5,38,48,4,0,4,5,0,1,0,0,0,0,0,3,25,4,183,3,1,11,0,5,85,0,0,0,0,1,2,0,0,0,0,1,3,1,3,3,1,0,0,,0,,0,,0,,0,,5.8,5.9,56,10.6,33.3,100,45.8,11,17,38,219,23.7,14,148,42.9,6,24,24,28,1,0,9,1,0,6,1,0,6,31,21,47,
,0,1988,7,CIN,281078,17,0,1,,1,0,0,0,0,0,0,0,0,0,0,0,0,0,0,0,0,0,0,521,349,508,349,13,3873,2769,4792,5937,2023,30,100.1,29.9,7.6,11.1,5,227.8,2064,3873,19,30,47,74,74,62,96,62,53,12,205,19,8,30,463,84,19,76,10,120,,,27,227,789,94,19,101,29,0,22,23,4,0,0,1,91,789,84,3645,30,38,289,0,68,1625,1,3,8,6,9,2,3,7,5,7,2,28,24,52,52,19,0,0,,0,,0,,0,,0,,4,7.6,68.7,11.1,85.7,100,43.4,7.6,23.9,30.6,121.4,18.4,20.5,227.8,46.4,124,448,450,270,18,2,96,39,8,162,39,8,162,346,1086,0,OL Coach
,0,1989,7,CIN,281078,17,0,0,,0,0,0,0,0,0,0,0,0,0,0,0,0,0,0,0,0,0,0,344,291,672,291,15,3151,3659,6870,4011,3211,15,55.8,39.5,4.7,10.8,10.2,185.4,860,3151,2,15,31,72,72,59,103,19,46,15,275,20,7,3,470,133,65,89,44,270,,,76,499,874,71,19,119,35,0,12,18,0,0,0,1,96,851,139,6057,38,25,118,0,97,2231,1,2,2,7,7,4,2,2,5,6,0,22,15,18,17,2,0,0,,0,,0,,0,,0,,2.5,4.7,43.3,10.8,68.2,94.4,43.6,4.7,23,20.2,50.6,12.8,17.1,185.4,44,62,170,170,517,3,0,44,34,7,128,34,7,128,458,1402,0,OL Coach
,0,1990,7,CIN,281078,17,0,0,,1,0,0,0,0,0,0,0,0,0,0,0,0,0,0,0,0,0,0,377,420,629,420,9,4884,3015,5275,6381,2260,28,99,37,7.8,11.6,4.4,287.3,1497,4884,17,28,53,72,72,69,108,75,53,6,83,17,11,2,469,90,25,83,12,116,,,29,219,754,67,49,104,57,1,5,8,1,0,0,0,119,927,73,3555,26,32,292,0,80,1721,1,0,12,9,10,4,0,11,8,7,2,35,28,45,44,18,0,0,,0,,0,,0,,0,,4,7.8,66.8,11.6,80,97.8,48.7,9.1,21.5,22.2,88.1,19.6,24.7,287.3,43.1,128,410,414,380,11,2,74,61,15,181,61,15,181,352,631,592,OL Coach
,0,1991,7,CIN,281078,1,0,0,,0,0,0,0,0,0,0,0,0,0,0,0,0,0,0,0,0,0,0,30,22,35,22,1,204,148,367,332,219,4,104.9,35,5.8,9.3,0,204,128,204,0,4,18,38,38,52,33,0,0,0,0,1,0,17,19,4,2,5,0,10,,,0,0,53,5,5,5,5,0,1,2,0,0,0,0,7,57,5,205,1,0,0,0,5,142,0,0,1,0,0,0,0,0,0,0,0,1,0,4,4,1,0,0,,0,,0,,0,,0,,4.3,5.8,62.9,9.3,0,100,41,0,28.4,30,128,23.3,22,204,40.9,4,28,28,24,0,0,7,2,0,9,2,0,9,17,34,27,
,0,1988,15,SF,285007,17,0,0,,0,0,0,0,0,0,0,0,0,0,0,0,0,0,0,0,0,0,0,585,325,493,325,16,3632,2930,5701,6280,2771,38,99.9,29,7.4,11.2,3.5,213.6,2648,3632,19,38,87,66,66,62,89,60,47,8,162,15,7,13,467,105,16,52,9,86,,,18,137,876,78,33,76,33,0,15,14,2,0,0,0,94,722,73,3297,26,32,320,0,83,1794,0,2,7,8,8,0,2,6,5,6,0,25,19,57,57,18,0,0,,0,,0,,0,,0,,4.5,7.4,65.9,11.2,76,100,45.2,10,21.6,34.4,155.8,21.5,19.1,213.6,40.9,114,468,470,434,21,8,126,41,14,133,41,14,133,340,999,0,Defensive Coordinator
,0,1989,15,SF,285007,17,0,0,,1,0,0,0,0,0,0,0,0,0,0,0,0,0,0,0,0,0,0,539,386,584,386,3,4476,3411,5457,6928,2046,39,109.2,34.4,7.7,11.6,4.4,263.3,2452,4476,23,39,66,90,90,66,96,24,52,13,247,16,8,12,518,78,15,70,12,83,,,27,165,756,83,50,112,44,2,22,19,3,1,0,0,100,845,71,3421,26,34,209,0,60,1343,1,2,8,2,17,5,1,7,2,10,2,34,22,64,61,23,0,0,,0,,0,,0,,0,,4.5,7.7,66.1,11.6,64.7,95.3,48.2,6.1,22.4,31.7,144.2,22.8,22.7,263.3,42,127,523,531,305,15,2,123,51,14,162,51,14,162,365,1199,0,Defensive Coordinator
,0,1990,15,SF,285007,17,0,0,,1,0,0,0,0,0,0,0,0,0,0,0,0,0,0,0,0,0,0,614,338,469,338,7,3499,3573,6374,6159,2801,26,105.5,27.6,7.5,10.4,4.7,205.8,2660,3499,27,26,67,84,84,66,37,78,51,12,193,12,9,9,430,127,7,77,6,68,,,23,163,792,71,25,110,34,0,7,6,3,0,0,0,100,929,77,3657,38,37,436,0,85,1604,0,1,7,5,10,4,1,6,4,9,2,27,22,51,51,14,0,0,,0,,0,,0,,0,,4.3,7.5,72.1,10.4,81.5,100,47.5,11.8,18.9,36.1,156.5,21.3,19.9,205.8,43.8,117,453,461,453,14,2,131,32,7,148,32,7,148,388,474,620,Defensive Coordinator
,0,1991,15,SF,285007,1,0,0,,0,0,0,0,0,0,0,0,0,0,0,0,0,0,0,0,0,0,0,53,28,42,28,2,253,280,485,487,205,0,62.9,42,6,9,2.3,253,234,253,2,0,39,27,27,60,30,18,48,2,0,2,0,0,36,17,1,7,0,7,,,1,10,83,6,5,12,5,0,1,3,0,1,0,0,17,108,10,445,2,2,18,0,6,128,0,0,0,1,1,0,0,0,1,1,0,2,2,2,2,2,0,0,,0,,0,,0,,0,,4.4,6,66.7,9,100,100,44.5,9,21.3,53,234,20.8,28,253,53.6,8,20,20,31,1,0,11,2,0,15,2,0,15,27,41,46,
,0,1988,16,TB,285223,17,0,0,,0,0,0,0,0,0,0,0,0,0,0,0,0,0,0,0,0,0,0,566,288,440,288,11,3527,3356,6204,5887,2848,24,97.8,25.9,8,12.2,10.2,207.5,2360,3527,11,24,68,87,87,62,42,21,53,8,142,21,12,3,399,131,27,81,35,133,,,50,390,843,84,21,105,27,1,7,13,1,0,0,2,97,753,102,4439,35,33,229,0,90,1785,0,0,5,7,10,4,0,5,6,7,2,26,20,36,35,12,0,0,,0,,0,,0,,0,,4.2,8,65.5,12.2,76.9,97.2,43.5,6.9,19.8,33.3,138.8,17.7,16.9,207.5,42.4,95,311,313,480,18,4,100,40,11,122,40,11,122,389,1062,0,LB Coach
,0,1989,16,TB,285223,17,0,0,,1,0,0,0,0,0,0,0,0,0,0,0,0,0,0,0,0,0,0,475,376,561,376,10,4062,3558,6314,6062,2756,37,102.7,33,7.2,10.8,7.1,238.9,2000,4062,13,37,51,73,73,65,95,17,55,13,103,21,10,51,460,99,22,91,23,150,,,43,306,842,71,48,109,34,0,20,22,0,0,0,0,105,895,101,4515,33,30,211,0,77,1911,1,1,5,7,8,5,1,4,5,8,4,26,22,49,47,15,0,0,,0,,0,,0,,0,,4.2,7.2,67,10.8,84.6,95.9,44.7,7,24.8,27.9,117.6,20,22.1,238.9,35.1,113,419,423,397,13,3,95,49,9,132,49,9,132,387,1196,0,LB Coach
,0,1990,16,TB,285223,17,0,0,,1,0,0,0,0,0,0,0,0,0,0,0,0,0,0,0,0,0,0,541,400,563,400,8,4567,4013,6183,7025,2170,39,112.3,33.1,8.1,11.4,5.7,268.6,2458,4567,23,39,45,71,71,67,35,55,53,7,104,13,8,57,523,116,17,84,15,132,,,34,235,819,69,25,112,30,0,21,18,2,0,0,0,122,913,71,3304,29,30,133,1,90,1892,0,2,9,7,11,4,2,8,6,7,2,33,25,58,55,18,0,0,,0,,0,,0,,0,,4.5,8.1,71,11.4,75.8,94.8,46.5,4.4,21,31.8,144.6,21.1,23.5,268.6,43.5,130,520,528,475,11,5,114,46,13,174,46,13,174,414,570,626,LB Coach
,0,1991,16,TB,285223,1,0,0,,0,0,0,0,0,0,0,0,0,0,0,0,0,0,0,0,0,0,0,30,16,23,16,1,164,163,326,286,163,1,86.1,23,7.1,10.2,14.8,164,122,164,0,1,20,19,19,55,37,17,46,1,74,2,2,0,21,6,0,3,2,9,,,4,30,50,4,0,5,0,0,0,0,0,0,0,0,5,50,4,177,1,1,17,0,5,147,0,0,0,0,2,0,0,0,0,2,0,2,2,1,1,0,0,0,,0,,0,,0,,0,,4.1,7.1,69.6,10.2,100,100,44.2,17,29.4,30,122,26.7,16,164,56.2,7,13,13,20,0,0,8,0,0,9,0,0,9,15,24,23,
,0,1988,3,GB,287146,17,0,0,,0,0,0,0,0,0,0,0,0,0,0,0,0,0,0,0,0,0,0,526,312,462,312,15,3467,2837,5267,5988,2430,26,94.9,27.2,7.5,11.1,6.3,203.9,2521,3467,20,26,46,76,76,61,37,67,50,8,104,25,15,9,469,66,15,45,15,91,,,31,241,870,90,25,73,30,0,11,15,1,0,0,0,76,596,65,2933,25,26,174,0,72,1551,0,2,9,5,8,4,2,7,3,6,1,28,19,46,45,17,0,0,,0,,0,,0,,0,,4.8,7.5,67.5,11.1,67.9,97.8,45.1,6.7,21.5,30.9,148.3,23.6,18.4,203.9,45.2,102,384,384,330,15,1,124,42,9,141,42,9,141,362,1003,0,OL Coach
,0,1989,3,GB,287146,17,0,0,,0,0,0,0,0,0,0,0,0,0,0,0,0,0,0,0,0,0,0,406,348,649,348,5,3789,3902,6251,5428,2349,28,82.3,38.2,5.8,10.9,8.5,222.9,1639,3789,12,28,39,59,59,61,87,18,51,11,123,23,8,22,431,91,30,50,32,200,,,60,383,858,119,33,86,30,1,18,22,2,0,0,0,108,970,109,4852,40,31,162,0,95,2248,0,0,4,6,11,7,0,3,5,7,4,28,19,42,42,9,0,0,,0,,0,,0,,0,,4,5.8,53.6,10.9,67.9,100,44.5,5.2,23.7,23.9,96.4,17,20.5,222.9,41.7,99,351,353,520,15,0,69,35,8,145,35,8,145,399,1199,0,OL Coach
,0,1990,3,GB,287146,17,0,0,,0,0,0,0,0,0,0,0,0,0,0,0,0,0,0,0,0,0,0,577,297,469,297,10,3449,4664,7071,6001,2407,27,95.8,27.6,7.4,11.6,8.4,202.9,2552,3449,21,27,43,78,78,61,93,20,51,9,107,24,11,68,481,76,27,42,19,124,,,43,306,855,97,29,64,23,1,16,25,2,0,0,0,109,874,70,3117,29,20,181,0,106,2368,0,4,5,5,10,7,4,4,4,7,2,31,21,48,47,12,0,0,,0,,0,,0,,0,,4.4,7.4,63.3,11.6,67.7,97.9,44.5,9,22.3,33.9,150.1,23.6,17.5,202.9,41.8,110,410,414,593,15,1,136,39,11,124,39,11,124,454,466,593,OL Coach
,0,1991,3,GB,287146,1,0,0,,0,0,0,0,0,0,0,0,0,0,0,0,0,0,0,0,0,0,0,41,22,28,22,0,282,129,233,467,104,2,132.4,28,10.1,12.8,6.7,282,185,282,2,2,19,48,48,62,39,13,40,0,0,0,0,0,39,2,3,3,1,2,,,2,14,36,1,0,11,0,0,0,0,0,0,0,0,5,45,4,171,0,1,13,0,5,78,0,0,0,0,1,2,0,0,0,1,0,3,1,4,4,1,0,0,,0,,0,,0,,0,,4.5,10.1,78.6,12.8,33.3,100,42.8,13,15.6,41,185,24.4,22,282,54.5,7,31,31,20,0,0,10,3,1,12,3,1,12,14,28,26,
,0,1988,8,SEA,288420,17,0,0,,0,0,0,0,0,0,0,0,0,0,0,0,0,0,0,0,0,0,0,460,402,587,402,7,4014,4095,6693,6165,2598,26,97.4,34.5,6.8,10,4.1,236.1,2151,4014,22,26,36,88,88,62,38,18,51,6,85,9,5,17,486,94,23,44,15,108,,,25,178,829,84,33,73,33,0,21,11,1,0,0,0,96,834,75,3428,33,36,263,0,73,1609,0,1,6,8,18,5,1,4,6,11,2,38,24,49,47,20,0,0,,0,,0,,0,,0,,4.7,6.8,68.5,10,63.2,95.9,45.7,7.3,22,27.1,126.5,22.6,23.6,236.1,42.8,119,413,413,476,9,0,104,29,8,172,29,8,172,407,1149,0,Head Scout
,0,1989,8,SEA,288420,17,0,0,,1,0,0,0,0,0,0,0,0,0,0,0,0,0,0,0,0,0,0,393,389,593,389,10,3826,3600,5867,5752,2267,32,94.6,34.9,6.5,9.8,4.5,225.1,1926,3826,17,32,60,61,61,65,103,27,54,9,194,17,10,1,444,96,12,80,10,122,,,28,221,833,70,46,113,59,0,14,9,2,0,0,0,98,733,71,3358,42,30,287,0,62,1567,1,1,5,9,14,2,1,2,7,9,2,31,21,51,49,21,0,0,,0,,0,,0,,0,,4.9,6.5,65.6,9.8,67.7,96.1,47.3,9.6,25.3,23.1,113.3,25.4,22.9,225.1,40.6,112,424,426,335,12,2,100,35,6,158,35,6,158,412,1268,0,Head Scout
,0,1990,8,SEA,288420,17,0,0,,0,0,0,0,0,0,0,0,0,0,0,0,0,0,0,0,0,0,0,564,332,487,332,4,3145,4679,6974,5841,2295,29,102.2,28.6,6.5,9.5,6.7,185,2696,3145,17,29,61,52,52,66,42,67,50,6,79,19,12,7,422,112,11,73,12,110,,,35,256,822,64,29,77,48,0,13,12,0,0,0,1,105,849,90,4359,40,32,368,0,94,1829,0,1,4,9,11,3,1,3,8,9,1,28,22,44,43,12,0,0,,0,,0,,0,,0,,4.8,6.5,68.2,9.5,78.6,97.7,48.4,11.5,19.5,33.2,158.6,22.9,19.5,185,40.7,109,385,387,468,17,2,129,22,2,135,22,2,135,491,485,697,Head Scout
,0,1991,8,SEA,288420,1,0,0,,0,0,0,0,0,0,0,0,0,0,0,0,0,0,0,0,0,0,0,29,27,36,27,0,223,228,366,363,138,1,99.7,36,6.2,8.3,5.3,223,140,223,1,1,17,17,17,35,40,0,52,0,0,2,1,0,19,8,1,2,1,8,,,2,6,46,3,1,2,3,0,0,1,0,0,0,0,3,35,1,35,0,0,0,0,5,154,0,0,1,0,2,1,0,1,0,2,1,4,4,2,2,0,0,0,,0,,0,,0,,0,,4.8,6.2,75,8.3,100,100,35,0,30.8,29,140,27.6,27,223,51.9,14,26,26,31,0,0,8,0,0,14,0,0,14,18,36,22,
,0,1988,9,LON,288554,17,0,0,,1,0,0,0,0,0,0,0,0,0,0,0,0,0,0,0,0,0,0,672,247,375,247,2,3512,3731,6147,6456,2416,26,116.9,22.1,9.4,14.2,6.7,206.6,2944,3512,18,26,71,54,54,70,34,46,57,8,96,28,16,13,550,98,12,51,13,103,,,27,202,842,93,47,69,23,1,13,19,0,0,0,0,103,897,86,4185,35,39,393,0,70,1430,0,1,8,9,11,4,1,6,7,8,3,33,25,44,44,18,0,0,,0,,0,,0,,0,,4.4,9.4,65.9,14.2,75.8,100,48.7,10.1,20.4,39.5,173.2,20.8,14.5,206.6,52.2,119,383,385,422,16,3,140,61,11,129,61,11,129,400,911,0,DB Coach
,0,1989,9,LON,288554,17,0,0,,1,0,0,0,0,0,0,0,0,0,0,0,0,0,0,0,0,0,0,561,240,391,240,5,3967,3792,5582,6358,1790,32,117.5,23,10.1,16.5,10.7,233.4,2391,3967,17,32,55,82,82,70,94,20,52,11,172,11,5,27,521,105,26,84,21,97,,,47,386,849,110,42,108,30,1,12,10,3,1,0,1,87,663,85,4033,31,39,262,0,67,1495,0,9,4,8,9,7,9,4,6,8,2,37,29,49,47,22,0,0,,0,,0,,0,,0,,4.3,10.1,61.4,16.5,78.4,95.9,47.4,6.7,22.3,33,140.6,17.3,14.1,233.4,54.6,134,446,452,367,16,6,97,63,17,131,63,17,131,468,1072,0,DB Coach
,0,1990,9,LON,288554,17,0,0,,1,0,0,0,0,0,0,0,0,0,0,0,0,0,0,0,0,0,0,393,339,539,339,5,6080,4446,6414,7997,1968,57,132.9,31.7,11.3,17.9,9.6,357.6,1917,6080,22,57,58,88,88,72,59,65,55,13,261,9,3,45,708,100,21,77,17,84,,,57,448,945,77,43,123,27,0,16,17,3,0,0,1,117,1030,70,3358,28,18,175,0,79,1636,0,0,4,12,12,6,0,2,11,10,3,34,26,81,79,25,0,0,,0,,0,,0,,0,,4.9,11.3,62.9,17.9,76.5,97.5,48,9.7,20.7,23.1,112.8,17.3,19.9,357.6,53.7,157,649,649,407,14,4,68,99,31,182,99,31,182,536,520,801,DB Coach
,0,1991,9,LON,288554,1,0,0,,0,0,0,0,0,0,0,0,0,0,0,0,0,0,0,0,0,0,0,29,17,29,17,0,326,242,319,402,77,1,109.3,29,11.2,19.2,14.7,326,76,326,0,1,20,68,68,56,32,14,51,0,0,0,0,0,42,1,0,9,1,5,,,5,45,31,3,1,6,7,0,2,1,0,0,0,0,3,15,3,152,1,2,14,0,3,61,0,0,1,2,1,1,0,1,1,1,1,5,4,1,1,1,0,0,,0,,0,,0,,0,,2.6,11.2,58.6,19.2,80,100,50.7,7,20.3,29,76,17.2,17,326,76.5,13,19,19,14,0,0,5,6,1,13,6,1,13,18,28,32,
,0,1988,19,WAS,289680,17,0,0,,0,0,0,0,0,0,0,0,0,0,0,0,0,0,0,0,0,0,0,660,251,407,251,13,2625,3421,6965,5428,3544,19,82.6,23.9,6.4,10.5,6.9,154.4,2803,2625,21,19,55,49,49,62,43,17,48,9,110,16,9,34,396,115,21,48,17,144,,,30,206,861,88,10,67,22,1,18,16,1,0,0,1,93,708,82,3820,32,25,189,0,97,2393,0,1,3,6,17,2,1,1,3,8,0,29,13,39,38,10,0,0,,0,,0,,0,,0,,4.2,6.4,61.7,10.5,44.8,97.4,46.6,7.6,24.7,38.8,164.9,21.5,14.8,154.4,41.8,77,323,327,541,11,2,142,28,3,105,28,3,105,348,910,0,Special Teams Coach
,0,1989,19,WAS,289680,17,0,0,,0,0,0,0,0,0,0,0,0,0,0,0,0,0,0,0,0,0,0,545,292,482,292,15,3137,4150,5930,5864,1780,19,79.9,28.4,6.5,10.7,6.9,184.5,2727,3137,16,19,56,66,66,61,43,18,52,7,104,12,9,47,481,89,23,63,21,149,,,36,221,790,92,45,86,40,0,21,11,3,1,0,0,110,874,70,3122,23,30,174,0,77,1637,0,3,8,9,7,4,3,6,6,5,2,31,22,38,38,16,0,0,,0,,0,,0,,0,,5,6.5,60.6,10.7,71,100,44.6,5.8,21.3,32.1,160.4,22.9,17.2,184.5,45.5,104,332,332,439,22,7,125,28,9,133,28,9,133,426,1089,0,Special Teams Coach
,0,1990,19,WAS,289680,17,0,0,,0,0,0,0,0,0,0,0,0,0,0,0,0,0,0,0,0,0,0,553,274,506,274,16,2768,4523,7312,5270,2789,23,72,29.8,5.5,10.1,3.8,162.8,2502,2768,20,23,86,57,57,61,43,49,51,8,262,17,6,51,461,99,29,50,6,121,,,20,134,820,70,18,71,30,1,17,23,2,0,0,0,131,1040,83,3754,35,23,203,0,99,2581,0,2,3,8,13,4,2,2,7,13,2,30,26,44,43,14,0,0,,0,,0,,0,,0,,4.5,5.5,54.2,10.1,86.7,97.7,45.2,8.8,26.1,32.5,147.2,20.8,16.1,162.8,45.6,121,391,395,609,13,3,115,26,3,125,26,3,125,453,503,608,Special Teams Coach
,0,1991,19,WAS,289680,1,0,0,,0,0,0,0,0,0,0,0,0,0,0,0,0,0,0,0,0,0,0,32,18,23,18,0,246,181,239,360,58,3,150.8,23,10.7,13.7,11.5,246,114,246,1,3,16,33,33,56,32,18,39,0,0,1,0,12,28,2,0,2,1,5,,,3,6,46,11,0,5,1,0,2,3,0,0,0,0,10,71,2,103,2,3,29,0,2,31,0,0,1,2,0,0,0,1,2,0,0,3,3,4,4,1,0,0,,0,,0,,0,,0,,3.6,10.7,78.3,13.7,100,100,51.5,9.7,15.5,32,114,25,18,246,55.6,13,37,37,13,0,0,8,3,0,10,3,0,10,20,27,28,
,0,1988,4,OAK,296434,17,0,0,,0,8,9,0,0.471,0,0,0,0,0,0,0,0,0,0,0,0,0,0,648,153,277,153,5,2451,3203,5898,5560,2695,28,111.2,16.3,8.8,16,17.1,144.2,3109,2451,20,28,76,60,60,60,41,59,55,17,450,16,8,13,499,105,21,62,37,85,,,57,425,917,111,27,79,27,0,17,16,6,0,0,1,100,923,92,4167,33,23,236,0,78,1859,0,2,6,10,7,5,2,6,5,5,5,30,23,52,51,13,0,0,,0,,0,,0,,0,,4.8,8.8,55.2,16,76.7,98.1,45.3,10.3,23.8,38.1,182.9,18.7,9,144.2,51.6,120,444,448,410,22,5,121,42,11,79,42,11,79,434,909,0,Head Coach
,0,1989,4,OAK,296434,17,0,0,,0,7,10,0,0.412,0,0,0,0,0,0,0,0,0,0,0,0,0,0,608,305,497,305,15,3307,3839,6297,6381,2458,22,83.1,29.2,6.7,10.8,5.7,194.5,3074,3307,19,22,62,57,57,59,108,65,49,11,110,23,8,1,536,115,28,82,16,120,,,30,204,914,77,33,119,45,0,10,20,2,0,0,1,126,1018,99,4116,31,31,328,0,85,2043,2,4,5,14,11,1,3,5,12,6,0,35,26,45,45,14,0,0,,0,,0,,0,,0,,5.1,6.7,61.4,10.8,74.3,100,41.6,10.6,24,35.8,180.8,23.2,17.9,194.5,41.3,123,393,393,444,30,5,141,36,6,126,36,6,126,461,1222,0,Head Coach
,0,1990,4,OAK,296434,17,0,0,,0,6,11,0,0.353,0,0,0,0,0,0,0,0,0,0,0,0,0,0,548,206,424,206,11,3166,3578,6024,5901,2446,26,83.3,24.9,7.5,15.4,14.9,186.2,2735,3166,25,26,62,77,77,60,94,17,55,8,74,9,5,0,674,83,34,78,49,153,,,74,548,878,71,34,118,48,0,11,7,2,0,0,0,122,1011,100,4344,27,23,130,0,97,2203,0,0,4,6,6,2,0,4,4,6,2,18,16,53,53,12,0,0,,0,,0,,0,,0,,5,7.5,48.6,15.4,88.9,100,43.4,5.7,22.7,32.2,160.9,23,12.1,186.2,55.3,101,419,419,465,12,4,126,54,9,114,54,9,114,449,422,705,Head Coach
,0,1991,4,OAK,296434,1,0,0,,0,1,0,0,1,0,0,0,0,0,0,0,0,0,0,0,0,0,0,60,21,42,21,2,280,253,487,485,234,1,59.6,42,6.7,13.3,10.6,280,205,280,2,1,14,50,50,61,40,15,50,2,11,1,1,0,58,6,6,6,0,12,,,5,30,79,7,1,7,2,0,2,0,0,0,0,0,5,36,7,362,3,3,16,0,4,120,0,0,1,1,1,1,0,1,1,0,1,4,3,2,2,0,0,0,,0,,0,,0,,0,,3.4,6.7,50,13.3,75,100,51.7,5.3,30,60,205,21.7,21,280,47.6,11,29,31,20,0,0,13,4,1,10,4,1,10,28,42,41,
,0,1988,11,CHI,296794,17,0,0,,0,0,0,0,0,0,0,0,0,0,0,0,0,0,0,0,0,0,0,588,235,442,235,10,2418,4153,6587,5051,2434,15,71.1,26,5.5,10.3,6,142.2,2633,2418,16,15,64,58,58,64,100,79,46,10,182,8,5,5,440,85,31,66,19,163,,,28,191,944,96,27,97,19,1,18,15,2,0,0,0,132,1061,104,4704,48,29,354,0,86,2089,1,2,7,15,12,1,2,7,11,10,0,37,30,32,32,13,0,0,,0,,0,,0,,0,,4.5,5.5,53.2,10.3,81.1,100,45.2,12.2,24.3,34.6,154.9,18.5,13.8,142.2,39.6,122,326,332,468,22,10,109,28,3,93,28,3,93,445,1059,0,DB Coach
,0,1989,11,CHI,296794,17,0,0,,0,0,0,0,0,0,0,0,0,0,0,0,0,0,0,0,0,0,0,573,304,506,304,18,3239,4178,6145,5966,1967,13,72.6,29.8,6.4,10.7,4.9,190.5,2727,3239,27,13,85,56,56,65,40,19,52,11,237,25,9,4,527,80,33,63,11,151,,,26,184,914,104,63,98,29,0,19,20,1,0,0,0,99,783,94,4401,38,39,262,0,71,1477,0,0,5,8,12,5,0,4,5,7,3,30,19,36,34,19,0,0,,0,,0,,0,,0,,4.8,6.4,60.1,10.7,63.3,94.4,46.8,6.7,20.8,33.7,160.4,18.7,17.9,190.5,45.1,91,337,343,387,20,5,107,30,4,137,30,4,137,468,1187,0,DB Coach
,0,1990,11,CHI,296794,17,0,0,,1,0,0,0,0,0,0,0,0,0,0,0,0,0,0,0,0,0,0,470,440,646,440,9,4768,3590,5674,7277,2084,46,107.5,38,7.4,10.8,3.9,280.5,2509,4768,27,46,45,70,70,67,41,77,48,5,89,20,10,63,591,101,24,74,10,98,,,26,196,783,63,44,101,45,0,16,20,1,0,0,0,106,853,63,2766,22,29,241,0,79,1798,0,1,7,9,9,0,1,6,5,5,0,26,17,74,73,23,0,0,,0,,0,,0,,0,,5.3,7.4,68.1,10.8,65.4,98.6,43.9,8.3,22.8,27.6,147.6,27.7,25.9,280.5,48.2,124,568,568,386,14,1,130,42,7,212,42,7,212,398,651,617,DB Coach
,0,1991,11,CHI,296794,1,0,0,,0,0,0,0,0,0,0,0,0,0,0,0,0,0,0,0,0,0,0,23,24,36,24,0,302,247,410,411,163,3,120.4,36,8.4,12.6,0,302,109,302,0,3,49,68,68,67,31,0,43,1,38,1,1,8,30,10,2,4,0,7,,,0,0,53,3,6,8,0,0,5,3,1,0,0,0,8,56,4,231,2,1,0,0,5,122,0,0,2,0,1,1,0,2,0,1,0,4,3,4,4,1,0,0,,0,,0,,0,,0,,4.7,8.4,66.7,12.6,75,100,57.8,0,24.4,23,109,26.1,24,302,37.5,13,37,37,31,1,1,6,3,1,9,3,1,9,36,37,49,
,0,1988,17,CHC,300035,17,0,0,,1,0,0,0,0,0,0,0,0,0,0,0,0,0,0,0,0,0,0,481,358,542,358,11,3941,3270,4906,5770,1636,19,90.7,31.9,7.3,11,7,231.8,1829,3941,17,19,55,83,83,63,36,57,52,9,185,12,4,11,403,72,21,58,26,134,,,41,308,781,100,57,91,37,0,9,11,2,0,0,0,108,933,79,3554,27,41,295,0,69,1506,0,1,11,16,8,2,1,9,16,7,1,38,34,36,36,19,0,0,,0,,0,,0,,0,,3.8,7.3,66.1,11,89.5,100,45,7.2,21.8,28.3,107.6,17.5,21.1,231.8,42.5,138,366,368,303,14,4,84,45,8,152,45,8,152,349,1108,0,DL Coach
,0,1989,17,CHC,300035,17,0,0,,0,0,0,0,0,0,0,0,0,0,0,0,0,0,0,0,0,0,0,362,390,608,390,11,3780,3874,6436,5246,2562,28,89.3,35.8,6.2,9.7,9.8,222.4,1466,3780,8,28,40,73,73,64,41,67,49,11,194,16,8,12,421,109,27,92,39,138,,,66,494,765,61,34,117,25,0,11,12,0,0,0,0,96,811,89,3935,27,25,177,0,92,1979,0,0,7,4,7,1,0,7,4,6,0,19,17,36,34,7,0,0,,0,,0,,0,,0,,4,6.2,64.1,9.7,89.5,94.4,44.2,7.1,21.5,21.3,86.2,21.8,22.9,222.4,39.7,85,301,301,551,7,0,79,33,6,155,33,6,155,413,1266,0,DL Coach
,0,1990,17,CHC,300035,17,0,0,,0,0,0,0,0,0,0,0,0,0,0,0,0,0,0,0,0,0,0,512,314,530,314,7,2795,4103,7541,4582,3438,15,77.4,31.2,5.3,8.9,8.5,164.4,1787,2795,16,15,65,41,41,64,97,18,57,14,214,8,4,27,426,103,17,74,23,151,,,49,366,771,51,20,87,35,0,9,9,1,0,0,0,120,893,93,4259,42,22,190,0,112,2576,1,1,6,8,12,6,1,6,8,8,6,33,29,31,31,9,0,0,,0,,0,,0,,0,,3.5,5.3,59.2,8.9,87.9,100,45.8,8.6,23,30.1,105.1,16,18.5,164.4,39.2,118,316,316,650,8,3,82,18,1,123,18,1,123,351,531,555,DL Coach
,0,1991,17,CHC,300035,1,0,0,,0,0,0,0,0,0,0,0,0,0,0,0,0,0,0,0,0,0,0,29,18,26,18,0,181,246,360,239,114,1,101.6,26,7,10.1,0,181,58,181,0,1,12,31,31,59,35,0,54,0,0,2,2,0,21,5,2,2,0,5,,,0,0,46,8,3,1,2,0,1,0,0,0,0,0,8,52,4,169,2,0,0,0,6,140,0,0,0,0,1,1,0,0,0,1,1,2,2,1,1,1,0,0,,0,,0,,0,,0,,2,7,69.2,10.1,100,100,42.2,0,23.3,29,58,20.7,18,181,55.6,7,13,13,37,0,0,6,2,0,10,2,0,10,29,26,35,
,0,1988,1,NYT,301080,17,0,0,,0,0,0,0,0,0,0,0,0,0,0,0,0,0,0,0,0,0,0,489,342,567,342,14,3487,3615,6065,5539,2450,23,81.2,33.4,6.1,10.2,7.4,205.1,2052,3487,15,23,34,81,81,66,39,32,49,6,118,29,13,22,505,113,36,36,31,142,,,45,314,839,109,18,58,14,0,19,28,1,0,0,1,92,814,94,4003,26,28,165,0,93,1577,0,0,3,6,9,4,0,3,5,7,0,22,15,35,34,13,0,0,,0,,0,,0,,0,,4.2,6.1,60.3,10.2,68.2,97.1,42.6,5.9,17,28.8,120.7,23.9,20.1,205.1,39.8,79,313,315,543,11,0,117,36,6,136,36,6,136,331,1012,0,OL Coach
,0,1989,1,NYT,301080,17,0,0,,0,0,0,0,0,0,0,0,0,0,0,0,0,0,0,0,0,0,0,386,404,656,404,13,4084,3400,6099,5679,2699,25,83.8,38.6,6.2,10.1,8.1,240.2,1595,4084,16,25,66,63,63,69,35,18,54,14,195,16,7,18,432,111,39,104,29,148,,,58,417,767,59,21,118,57,0,8,15,2,1,0,1,100,943,85,3951,23,32,185,0,79,1586,0,2,3,6,15,5,2,3,5,10,2,31,22,42,42,15,0,0,,0,,0,,0,,0,,4.1,6.2,61.6,10.1,71,100,46.5,5.8,20.1,22.7,93.8,21.2,23.8,240.2,40.3,108,366,366,444,7,1,82,41,8,163,41,8,163,378,1312,0,OL Coach
,0,1990,1,NYT,301080,17,0,0,,0,0,0,0,0,0,0,0,0,0,0,0,0,0,0,0,0,0,0,509,325,523,325,22,3358,3567,6239,5617,2672,20,75.8,30.8,6.4,10.3,5.6,197.5,2259,3358,15,20,74,64,64,62,75,70,49,3,4,16,8,51,408,101,25,50,10,128,,,31,213,823,71,42,84,42,1,18,20,0,0,0,0,127,988,77,3497,27,24,294,0,100,2409,0,2,6,9,20,3,2,5,7,13,0,40,27,32,32,12,0,0,,0,,0,,0,,0,,4.4,6.4,62.1,10.3,67.5,100,45.4,12.2,24.1,29.9,132.9,20.2,19.1,197.5,36.3,113,323,327,520,14,6,103,35,6,118,35,6,118,365,523,528,OL Coach
,0,1991,1,NYT,301080,1,0,0,,0,0,0,0,0,0,0,0,0,0,0,0,0,0,0,0,0,0,0,27,11,23,11,0,129,282,467,233,185,1,79.8,23,5.6,11.7,0,129,104,129,1,1,33,26,26,54,38,1,43,0,0,0,0,0,21,13,1,1,0,9,,,0,0,59,1,2,2,2,0,0,0,0,0,0,0,6,60,7,346,4,1,1,0,6,123,0,0,0,1,1,0,0,0,1,1,0,2,2,2,2,1,0,0,,0,,0,,0,,0,,3.9,5.6,47.8,11.7,100,100,49.4,1,20.5,27,104,7.4,11,129,45.5,8,20,20,31,1,0,2,1,0,5,1,0,5,21,23,27,
,0,1988,5,BUF,302320,17,0,0,,1,0,0,0,0,0,0,0,0,0,0,0,0,0,0,0,0,0,0,741,273,386,273,8,2753,2941,5797,6402,2856,26,104.6,22.7,7.1,10.1,2.8,161.9,3649,2753,32,26,64,81,81,58,40,19,52,14,214,23,10,61,403,97,16,46,3,75,,,11,81,891,92,48,57,35,0,28,27,1,0,0,1,98,862,73,3162,28,34,240,0,77,1668,0,3,13,8,8,3,3,12,5,5,3,35,28,57,53,23,0,0,,0,,0,,0,,0,,4.9,7.1,70.7,10.1,80,93,43.3,7.1,21.7,43.6,214.6,25,16.1,161.9,38.5,137,491,491,391,24,3,185,26,9,105,26,9,105,346,888,0,QB Coach
,0,1989,5,BUF,302320,17,0,0,,1,0,0,0,0,0,0,0,0,0,0,0,0,0,0,0,0,0,0,598,317,518,317,10,3260,3460,4724,6022,1264,30,90.6,30.5,6.3,10.3,4.4,191.8,2762,3260,21,30,52,63,63,60,37,65,53,14,307,24,13,28,474,52,25,75,3,123,,,24,155,791,89,110,104,44,2,26,25,3,0,0,1,83,761,86,3764,27,45,327,1,61,1254,0,1,12,8,10,7,1,9,7,5,3,38,25,53,52,30,0,0,,0,,0,,0,,0,,4.6,6.3,61.2,10.3,65.8,98.1,43.8,7.3,20.6,35.2,162.5,20.9,18.6,191.8,42.9,127,457,463,266,24,3,125,32,5,136,32,5,136,364,1089,0,QB Coach
,0,1990,5,BUF,302320,17,0,0,,1,0,0,0,0,0,0,0,0,0,0,0,0,0,0,0,0,0,0,522,410,599,410,6,4477,4703,6264,6707,1561,32,103.9,35.2,7.5,10.9,5.4,263.4,2230,4477,22,32,58,92,92,61,55,18,53,9,107,16,11,9,485,68,17,67,12,117,,,34,251,858,85,87,102,51,2,18,15,2,1,0,0,115,949,87,3757,35,27,194,0,84,1995,0,0,8,7,17,7,0,7,7,15,4,39,33,53,52,23,0,0,,0,,0,,0,,0,,4.3,7.5,68.4,10.9,84.6,98.1,43.2,7.2,23.8,30.7,131.2,19.7,24.1,263.4,42,151,487,495,448,16,1,103,50,9,172,50,9,172,427,599,601,QB Coach
,0,1991,5,BUF,302320,1,0,0,,0,0,0,0,0,0,0,0,0,0,0,0,0,0,0,0,0,0,0,23,25,37,25,0,203,254,318,353,64,1,90.3,37,5.5,8.1,5.1,203,150,203,2,1,49,22,22,55,35,4,0,0,0,1,1,0,22,4,0,3,1,5,,,2,17,45,3,3,9,4,0,1,0,0,0,0,0,9,70,5,202,1,3,-4,0,5,122,0,0,0,0,0,0,0,0,0,0,0,0,0,3,3,1,0,0,,0,,0,,0,,0,,6.5,5.5,67.6,8.1,0,100,40.4,-1.3,24.4,23,150,21.7,25,203,28,3,21,21,28,1,1,5,1,0,7,1,0,7,31,40,41,
,0,1988,15,SF,303602,17,0,0,,0,0,0,0,0,0,0,0,0,0,0,0,0,0,0,0,0,0,0,585,325,493,325,16,3632,2930,5701,6280,2771,38,99.9,29,7.4,11.2,3.5,213.6,2648,3632,19,38,87,66,66,62,89,60,47,8,162,15,7,13,467,105,16,52,9,86,,,18,137,876,78,33,76,33,0,15,14,2,0,0,0,94,722,73,3297,26,32,320,0,83,1794,0,2,7,8,8,0,2,6,5,6,0,25,19,57,57,18,0,0,,0,,0,,0,,0,,4.5,7.4,65.9,11.2,76,100,45.2,10,21.6,34.4,155.8,21.5,19.1,213.6,40.9,114,468,470,434,21,8,126,41,14,133,41,14,133,340,999,0,OL Coach
,0,1989,15,SF,303602,17,0,0,,1,0,0,0,0,0,0,0,0,0,0,0,0,0,0,0,0,0,0,539,386,584,386,3,4476,3411,5457,6928,2046,39,109.2,34.4,7.7,11.6,4.4,263.3,2452,4476,23,39,66,90,90,66,96,24,52,13,247,16,8,12,518,78,15,70,12,83,,,27,165,756,83,50,112,44,2,22,19,3,1,0,0,100,845,71,3421,26,34,209,0,60,1343,1,2,8,2,17,5,1,7,2,10,2,34,22,64,61,23,0,0,,0,,0,,0,,0,,4.5,7.7,66.1,11.6,64.7,95.3,48.2,6.1,22.4,31.7,144.2,22.8,22.7,263.3,42,127,523,531,305,15,2,123,51,14,162,51,14,162,365,1199,0,OL Coach
,0,1990,15,SF,303602,17,0,0,,1,0,0,0,0,0,0,0,0,0,0,0,0,0,0,0,0,0,0,614,338,469,338,7,3499,3573,6374,6159,2801,26,105.5,27.6,7.5,10.4,4.7,205.8,2660,3499,27,26,67,84,84,66,37,78,51,12,193,12,9,9,430,127,7,77,6,68,,,23,163,792,71,25,110,34,0,7,6,3,0,0,0,100,929,77,3657,38,37,436,0,85,1604,0,1,7,5,10,4,1,6,4,9,2,27,22,51,51,14,0,0,,0,,0,,0,,0,,4.3,7.5,72.1,10.4,81.5,100,47.5,11.8,18.9,36.1,156.5,21.3,19.9,205.8,43.8,117,453,461,453,14,2,131,32,7,148,32,7,148,388,474,620,OL Coach
,0,1991,15,SF,303602,1,0,0,,0,0,0,0,0,0,0,0,0,0,0,0,0,0,0,0,0,0,0,53,28,42,28,2,253,280,485,487,205,0,62.9,42,6,9,2.3,253,234,253,2,0,39,27,27,60,30,18,48,2,0,2,0,0,36,17,1,7,0,7,,,1,10,83,6,5,12,5,0,1,3,0,1,0,0,17,108,10,445,2,2,18,0,6,128,0,0,0,1,1,0,0,0,1,1,0,2,2,2,2,2,0,0,,0,,0,,0,,0,,4.4,6,66.7,9,100,100,44.5,9,21.3,53,234,20.8,28,253,53.6,8,20,20,31,1,0,11,2,0,15,2,0,15,27,41,46,
,0,1988,12,DET,304289,17,0,0,,1,0,0,0,0,0,0,0,0,0,0,0,0,0,0,0,0,0,0,637,342,475,342,6,3663,3027,5167,6420,2140,31,110.7,27.9,7.7,10.7,4.2,215.5,2757,3663,29,31,62,80,80,66,36,18,54,8,130,20,11,17,487,69,21,63,9,71,,,21,160,841,105,40,75,42,0,28,26,1,0,0,0,83,695,65,2927,19,31,264,0,69,1298,0,4,12,12,4,10,4,12,11,3,5,42,35,57,57,25,0,0,,0,,0,,0,,0,,4.3,7.7,72,10.7,83.3,100,45,8.5,18.8,37.5,162.2,19.8,20.1,215.5,47.7,162,528,532,301,13,4,126,33,5,163,33,5,163,349,1008,0,DL Coach
,0,1989,12,DET,304289,17,0,0,,1,0,0,0,0,0,0,0,0,0,0,0,0,0,0,0,0,0,0,510,350,512,350,13,4146,4001,5534,6515,1533,43,110.2,30.1,8.1,11.8,6.7,243.9,2369,4146,24,43,48,74,74,67,104,72,49,18,310,19,8,14,509,81,20,101,15,83,,,37,256,800,81,29,145,53,0,12,17,4,0,0,1,98,829,83,4066,38,32,442,0,76,1700,1,5,6,9,11,2,5,6,8,8,0,33,27,70,69,26,0,0,,0,,0,,0,,0,,4.6,8.1,68.4,11.8,81.8,98.6,49,13.8,22.4,30,139.4,22.4,20.6,243.9,40.9,150,582,584,329,12,3,114,48,12,143,48,12,143,441,1259,0,DL Coach
,0,1990,12,DET,304289,17,0,0,,0,0,0,0,0,0,0,0,0,0,0,0,0,0,0,0,0,0,0,436,419,616,419,9,4570,4060,6095,6306,2035,33,101.4,36.2,7.4,10.9,4.8,268.8,1736,4570,19,33,67,83,83,69,42,26,51,11,157,20,16,58,550,120,22,77,14,88,,,31,251,856,83,33,97,31,0,18,17,3,1,0,0,109,938,80,3635,30,27,232,0,83,1714,0,3,7,6,12,4,3,7,5,7,1,32,23,54,54,14,0,0,,0,,0,,0,,0,,4,7.4,68,10.9,71.9,100,45.4,8.6,20.7,25.6,102.1,17,24.6,268.8,43,123,453,455,436,10,2,74,45,12,180,45,12,180,444,611,644,DL Coach
,0,1991,12,DET,304289,1,0,0,,0,0,0,0,0,0,0,0,0,0,0,0,0,0,0,0,0,0,0,26,25,39,25,0,289,260,283,360,23,1,94.9,39,7.4,11.6,0,289,71,289,3,1,13,43,43,65,32,17,48,1,-2,1,1,0,32,3,3,5,0,5,,,0,0,45,6,3,6,2,0,0,0,0,0,0,0,5,35,4,179,1,2,29,0,3,58,0,0,0,0,2,0,0,0,0,2,0,2,2,4,4,2,0,0,,0,,0,,0,,0,,2.7,7.4,64.1,11.6,100,100,44.8,14.5,19.3,26,71,11.5,25,289,48,10,34,34,10,0,0,3,4,1,12,4,1,12,35,38,48,
,0,1988,13,MIN,306036,17,0,0,,0,0,0,0,0,0,0,0,0,0,0,0,0,0,0,0,0,0,0,693,227,331,227,5,3238,3156,5948,6326,2792,20,113.8,19.5,9.8,14.3,6.8,190.5,3088,3238,33,20,50,87,87,61,95,66,56,12,91,7,4,14,591,91,13,76,7,57,,,24,197,757,77,16,103,36,0,12,9,1,0,0,0,90,763,73,3321,33,35,381,0,78,1817,1,1,10,9,9,6,1,8,9,4,4,35,26,54,52,19,0,0,,0,,0,,0,,0,,4.5,9.8,68.6,14.3,74.3,96.3,45.5,10.9,23.3,40.8,181.6,21.2,13.4,190.5,55.1,130,460,462,415,16,2,147,50,11,125,50,11,125,324,866,0,QB Coach
,0,1989,13,MIN,306036,17,0,0,,1,0,0,0,0,0,0,0,0,0,0,0,0,0,0,0,0,0,0,601,244,378,244,6,3467,3841,5715,6002,1874,22,106.9,22.2,9.2,14.2,10.4,203.9,2535,3467,27,22,57,72,72,61,43,35,49,8,143,11,8,28,623,56,20,91,26,95,,,44,326,737,76,29,108,58,0,19,11,1,0,0,0,70,581,69,3166,31,33,302,0,71,1513,0,3,4,14,13,2,3,3,11,10,0,36,27,49,47,15,0,0,,0,,0,,0,,0,,4.2,9.2,64.6,14.2,75,95.9,45.9,9.2,21.3,35.4,149.1,21.6,14.4,203.9,51.2,128,428,428,359,10,2,130,52,9,125,52,9,125,397,1034,0,QB Coach
,0,1990,13,MIN,306036,17,0,0,,0,0,0,0,0,0,0,0,0,0,0,0,0,0,0,0,0,0,0,468,292,465,292,8,4520,4403,6200,6507,1797,43,118.6,27.4,9.7,15.5,8.8,265.9,1987,4520,19,43,72,83,83,61,43,58,52,8,158,8,5,1,709,62,21,58,28,105,,,45,332,821,75,25,90,37,0,4,5,1,0,0,1,108,890,68,2992,19,21,261,0,87,2045,0,2,6,7,10,3,2,6,6,7,2,28,23,62,60,17,0,0,,0,,0,,0,,0,,4.2,9.7,62.8,15.5,82.1,96.8,44,12.4,23.5,27.5,116.9,20.7,17.2,265.9,49.7,129,507,509,460,11,2,97,78,16,145,78,16,145,450,457,615,QB Coach
,0,1991,13,MIN,306036,1,0,0,,0,0,0,0,0,0,0,0,0,0,0,0,0,0,0,0,0,0,0,32,17,22,17,0,228,223,363,366,140,3,149.2,22,10.4,13.4,4.3,228,138,228,1,3,24,48,48,64,39,0,17,0,0,0,0,2,22,10,0,4,1,4,,,1,11,56,4,2,6,2,0,2,1,0,0,0,0,2,20,3,145,2,1,0,0,7,167,0,1,0,0,0,0,1,0,0,0,0,1,1,4,4,2,0,0,,0,,0,,0,,0,,4.3,10.4,77.3,13.4,100,100,48.3,0,23.9,32,138,18.8,17,228,47.1,7,31,31,26,1,0,6,3,2,8,3,2,8,34,21,44,
,0,1988,18,BAL,306652,17,0,0,,0,0,0,0,0,0,0,0,0,0,0,0,0,0,0,0,0,0,0,632,285,408,285,11,3029,4406,7864,6316,3458,25,100.4,24,7.4,10.6,2.6,178.2,3287,3029,28,25,76,58,58,69,42,20,57,13,215,23,10,50,450,117,22,64,3,113,,,11,84,870,69,23,75,35,0,25,28,2,1,0,0,102,898,70,3401,32,19,146,0,93,2028,0,1,5,8,8,6,1,4,8,5,5,28,23,52,49,17,0,0,,0,,0,,0,,0,,5.2,7.4,69.9,10.6,82.1,94.2,48.6,7.7,21.8,37.2,193.4,23.4,16.8,178.2,43.5,118,448,452,529,22,5,148,31,7,124,31,7,124,429,1006,0,LB Coach
,0,1989,18,BAL,306652,17,0,0,,1,0,0,0,0,0,0,0,0,0,0,0,0,0,0,0,0,0,0,629,289,406,289,8,3032,3648,5197,5670,1549,21,101.5,23.9,7.5,10.5,5.1,178.4,2638,3032,18,21,60,54,54,70,103,20,52,13,140,12,3,72,436,73,8,89,11,75,,,22,174,775,82,35,106,44,1,22,21,3,0,0,1,86,692,67,3114,24,38,264,0,60,1400,1,0,5,14,19,7,0,4,12,14,4,45,34,41,40,25,0,0,,0,,0,,0,,0,,4.2,7.5,71.2,10.5,75.6,97.6,46.5,6.9,23.3,37,155.2,20.2,17,178.4,46.7,142,400,404,299,17,7,127,31,3,135,31,3,135,403,1032,0,LB Coach
,0,1990,18,BAL,306652,17,0,0,,1,0,0,0,0,0,0,0,0,0,0,0,0,0,0,0,0,0,0,629,311,455,311,10,3281,3983,5906,6360,1923,32,103.4,26.8,7.2,10.5,4,193,3079,3281,27,32,70,59,59,67,98,17,56,17,279,12,6,30,516,94,9,88,10,91,,,19,149,789,66,27,105,31,0,11,11,2,0,0,2,110,935,65,3142,29,23,89,0,78,1938,0,0,8,9,13,6,0,7,8,8,3,36,26,60,60,26,0,0,,0,,0,,0,,0,,4.9,7.2,68.4,10.5,72.2,100,48.3,3.9,24.8,37,181.1,24,18.3,193,45.3,138,504,504,401,18,5,151,31,4,141,31,4,141,432,456,658,LB Coach
,0,1991,18,BAL,306652,1,0,0,,0,0,0,0,0,0,0,0,0,0,0,0,0,0,0,0,0,0,0,30,23,34,23,1,247,302,411,410,109,2,96.1,34,7.3,10.7,15,247,163,247,2,2,22,47,47,60,39,10,45,0,0,5,3,3,37,9,1,6,3,7,,,6,43,44,5,0,11,1,0,1,3,0,0,0,0,5,30,4,208,3,3,20,0,8,219,0,0,0,0,1,0,0,0,0,1,0,1,1,4,4,1,0,0,,0,,0,,0,,0,,5.4,7.3,67.6,10.7,100,100,52,6.7,27.4,30,163,26.7,23,247,39.1,7,31,31,37,2,0,8,3,1,9,3,1,9,28,34,43,
,0,1988,18,BAL,310714,17,0,0,,0,0,0,0,0,0,0,0,0,0,0,0,0,0,0,0,0,0,0,632,285,408,285,11,3029,4406,7864,6316,3458,25,100.4,24,7.4,10.6,2.6,178.2,3287,3029,28,25,76,58,58,69,42,20,57,13,215,23,10,50,450,117,22,64,3,113,,,11,84,870,69,23,75,35,0,25,28,2,1,0,0,102,898,70,3401,32,19,146,0,93,2028,0,1,5,8,8,6,1,4,8,5,5,28,23,52,49,17,0,0,,0,,0,,0,,0,,5.2,7.4,69.9,10.6,82.1,94.2,48.6,7.7,21.8,37.2,193.4,23.4,16.8,178.2,43.5,118,448,452,529,22,5,148,31,7,124,31,7,124,429,1006,0,DL Coach
,0,1989,18,BAL,310714,17,0,0,,1,0,0,0,0,0,0,0,0,0,0,0,0,0,0,0,0,0,0,629,289,406,289,8,3032,3648,5197,5670,1549,21,101.5,23.9,7.5,10.5,5.1,178.4,2638,3032,18,21,60,54,54,70,103,20,52,13,140,12,3,72,436,73,8,89,11,75,,,22,174,775,82,35,106,44,1,22,21,3,0,0,1,86,692,67,3114,24,38,264,0,60,1400,1,0,5,14,19,7,0,4,12,14,4,45,34,41,40,25,0,0,,0,,0,,0,,0,,4.2,7.5,71.2,10.5,75.6,97.6,46.5,6.9,23.3,37,155.2,20.2,17,178.4,46.7,142,400,404,299,17,7,127,31,3,135,31,3,135,403,1032,0,DL Coach
,0,1990,18,BAL,310714,17,0,0,,1,0,0,0,0,0,0,0,0,0,0,0,0,0,0,0,0,0,0,629,311,455,311,10,3281,3983,5906,6360,1923,32,103.4,26.8,7.2,10.5,4,193,3079,3281,27,32,70,59,59,67,98,17,56,17,279,12,6,30,516,94,9,88,10,91,,,19,149,789,66,27,105,31,0,11,11,2,0,0,2,110,935,65,3142,29,23,89,0,78,1938,0,0,8,9,13,6,0,7,8,8,3,36,26,60,60,26,0,0,,0,,0,,0,,0,,4.9,7.2,68.4,10.5,72.2,100,48.3,3.9,24.8,37,181.1,24,18.3,193,45.3,138,504,504,401,18,5,151,31,4,141,31,4,141,432,456,658,DL Coach
,0,1991,18,BAL,310714,1,0,0,,0,0,0,0,0,0,0,0,0,0,0,0,0,0,0,0,0,0,0,30,23,34,23,1,247,302,411,410,109,2,96.1,34,7.3,10.7,15,247,163,247,2,2,22,47,47,60,39,10,45,0,0,5,3,3,37,9,1,6,3,7,,,6,43,44,5,0,11,1,0,1,3,0,0,0,0,5,30,4,208,3,3,20,0,8,219,0,0,0,0,1,0,0,0,0,1,0,1,1,4,4,1,0,0,,0,,0,,0,,0,,5.4,7.3,67.6,10.7,100,100,52,6.7,27.4,30,163,26.7,23,247,39.1,7,31,31,37,2,0,8,3,1,9,3,1,9,28,34,43,
,0,1988,9,LON,314578,17,0,0,,1,0,0,0,0,0,0,0,0,0,0,0,0,0,0,0,0,0,0,672,247,375,247,2,3512,3731,6147,6456,2416,26,116.9,22.1,9.4,14.2,6.7,206.6,2944,3512,18,26,71,54,54,70,34,46,57,8,96,28,16,13,550,98,12,51,13,103,,,27,202,842,93,47,69,23,1,13,19,0,0,0,0,103,897,86,4185,35,39,393,0,70,1430,0,1,8,9,11,4,1,6,7,8,3,33,25,44,44,18,0,0,,0,,0,,0,,0,,4.4,9.4,65.9,14.2,75.8,100,48.7,10.1,20.4,39.5,173.2,20.8,14.5,206.6,52.2,119,383,385,422,16,3,140,61,11,129,61,11,129,400,911,0,LB Coach
,0,1989,9,LON,314578,17,0,0,,1,0,0,0,0,0,0,0,0,0,0,0,0,0,0,0,0,0,0,561,240,391,240,5,3967,3792,5582,6358,1790,32,117.5,23,10.1,16.5,10.7,233.4,2391,3967,17,32,55,82,82,70,94,20,52,11,172,11,5,27,521,105,26,84,21,97,,,47,386,849,110,42,108,30,1,12,10,3,1,0,1,87,663,85,4033,31,39,262,0,67,1495,0,9,4,8,9,7,9,4,6,8,2,37,29,49,47,22,0,0,,0,,0,,0,,0,,4.3,10.1,61.4,16.5,78.4,95.9,47.4,6.7,22.3,33,140.6,17.3,14.1,233.4,54.6,134,446,452,367,16,6,97,63,17,131,63,17,131,468,1072,0,LB Coach
,0,1990,9,LON,314578,17,0,0,,1,0,0,0,0,0,0,0,0,0,0,0,0,0,0,0,0,0,0,393,339,539,339,5,6080,4446,6414,7997,1968,57,132.9,31.7,11.3,17.9,9.6,357.6,1917,6080,22,57,58,88,88,72,59,65,55,13,261,9,3,45,708,100,21,77,17,84,,,57,448,945,77,43,123,27,0,16,17,3,0,0,1,117,1030,70,3358,28,18,175,0,79,1636,0,0,4,12,12,6,0,2,11,10,3,34,26,81,79,25,0,0,,0,,0,,0,,0,,4.9,11.3,62.9,17.9,76.5,97.5,48,9.7,20.7,23.1,112.8,17.3,19.9,357.6,53.7,157,649,649,407,14,4,68,99,31,182,99,31,182,536,520,801,LB Coach
,0,1991,9,LON,314578,1,0,0,,0,0,0,0,0,0,0,0,0,0,0,0,0,0,0,0,0,0,0,29,17,29,17,0,326,242,319,402,77,1,109.3,29,11.2,19.2,14.7,326,76,326,0,1,20,68,68,56,32,14,51,0,0,0,0,0,42,1,0,9,1,5,,,5,45,31,3,1,6,7,0,2,1,0,0,0,0,3,15,3,152,1,2,14,0,3,61,0,0,1,2,1,1,0,1,1,1,1,5,4,1,1,1,0,0,,0,,0,,0,,0,,2.6,11.2,58.6,19.2,80,100,50.7,7,20.3,29,76,17.2,17,326,76.5,13,19,19,14,0,0,5,6,1,13,6,1,13,18,28,32,
,0,1988,18,BAL,318412,17,0,0,,0,0,0,0,0,0,0,0,0,0,0,0,0,0,0,0,0,0,0,632,285,408,285,11,3029,4406,7864,6316,3458,25,100.4,24,7.4,10.6,2.6,178.2,3287,3029,28,25,76,58,58,69,42,20,57,13,215,23,10,50,450,117,22,64,3,113,,,11,84,870,69,23,75,35,0,25,28,2,1,0,0,102,898,70,3401,32,19,146,0,93,2028,0,1,5,8,8,6,1,4,8,5,5,28,23,52,49,17,0,0,,0,,0,,0,,0,,5.2,7.4,69.9,10.6,82.1,94.2,48.6,7.7,21.8,37.2,193.4,23.4,16.8,178.2,43.5,118,448,452,529,22,5,148,31,7,124,31,7,124,429,1006,0,QB Coach
,0,1989,18,BAL,318412,17,0,0,,1,0,0,0,0,0,0,0,0,0,0,0,0,0,0,0,0,0,0,629,289,406,289,8,3032,3648,5197,5670,1549,21,101.5,23.9,7.5,10.5,5.1,178.4,2638,3032,18,21,60,54,54,70,103,20,52,13,140,12,3,72,436,73,8,89,11,75,,,22,174,775,82,35,106,44,1,22,21,3,0,0,1,86,692,67,3114,24,38,264,0,60,1400,1,0,5,14,19,7,0,4,12,14,4,45,34,41,40,25,0,0,,0,,0,,0,,0,,4.2,7.5,71.2,10.5,75.6,97.6,46.5,6.9,23.3,37,155.2,20.2,17,178.4,46.7,142,400,404,299,17,7,127,31,3,135,31,3,135,403,1032,0,QB Coach
,0,1990,18,BAL,318412,17,0,0,,1,0,0,0,0,0,0,0,0,0,0,0,0,0,0,0,0,0,0,629,311,455,311,10,3281,3983,5906,6360,1923,32,103.4,26.8,7.2,10.5,4,193,3079,3281,27,32,70,59,59,67,98,17,56,17,279,12,6,30,516,94,9,88,10,91,,,19,149,789,66,27,105,31,0,11,11,2,0,0,2,110,935,65,3142,29,23,89,0,78,1938,0,0,8,9,13,6,0,7,8,8,3,36,26,60,60,26,0,0,,0,,0,,0,,0,,4.9,7.2,68.4,10.5,72.2,100,48.3,3.9,24.8,37,181.1,24,18.3,193,45.3,138,504,504,401,18,5,151,31,4,141,31,4,141,432,456,658,QB Coach
,0,1991,18,BAL,318412,1,0,0,,0,0,0,0,0,0,0,0,0,0,0,0,0,0,0,0,0,0,0,30,23,34,23,1,247,302,411,410,109,2,96.1,34,7.3,10.7,15,247,163,247,2,2,22,47,47,60,39,10,45,0,0,5,3,3,37,9,1,6,3,7,,,6,43,44,5,0,11,1,0,1,3,0,0,0,0,5,30,4,208,3,3,20,0,8,219,0,0,0,0,1,0,0,0,0,1,0,1,1,4,4,1,0,0,,0,,0,,0,,0,,5.4,7.3,67.6,10.7,100,100,52,6.7,27.4,30,163,26.7,23,247,39.1,7,31,31,37,2,0,8,3,1,9,3,1,9,28,34,43,
,0,1988,7,CIN,320351,17,0,1,,1,0,0,0,0,0,0,0,0,0,0,0,0,0,0,0,0,0,0,521,349,508,349,13,3873,2769,4792,5937,2023,30,100.1,29.9,7.6,11.1,5,227.8,2064,3873,19,30,47,74,74,62,96,62,53,12,205,19,8,30,463,84,19,76,10,120,,,27,227,789,94,19,101,29,0,22,23,4,0,0,1,91,789,84,3645,30,38,289,0,68,1625,1,3,8,6,9,2,3,7,5,7,2,28,24,52,52,19,0,0,,0,,0,,0,,0,,4,7.6,68.7,11.1,85.7,100,43.4,7.6,23.9,30.6,121.4,18.4,20.5,227.8,46.4,124,448,450,270,18,2,96,39,8,162,39,8,162,346,1086,0,Offensive Coordinator
,0,1989,7,CIN,320351,17,0,0,,0,0,0,0,0,0,0,0,0,0,0,0,0,0,0,0,0,0,0,344,291,672,291,15,3151,3659,6870,4011,3211,15,55.8,39.5,4.7,10.8,10.2,185.4,860,3151,2,15,31,72,72,59,103,19,46,15,275,20,7,3,470,133,65,89,44,270,,,76,499,874,71,19,119,35,0,12,18,0,0,0,1,96,851,139,6057,38,25,118,0,97,2231,1,2,2,7,7,4,2,2,5,6,0,22,15,18,17,2,0,0,,0,,0,,0,,0,,2.5,4.7,43.3,10.8,68.2,94.4,43.6,4.7,23,20.2,50.6,12.8,17.1,185.4,44,62,170,170,517,3,0,44,34,7,128,34,7,128,458,1402,0,Offensive Coordinator
,0,1990,7,CIN,320351,17,0,0,,1,0,0,0,0,0,0,0,0,0,0,0,0,0,0,0,0,0,0,377,420,629,420,9,4884,3015,5275,6381,2260,28,99,37,7.8,11.6,4.4,287.3,1497,4884,17,28,53,72,72,69,108,75,53,6,83,17,11,2,469,90,25,83,12,116,,,29,219,754,67,49,104,57,1,5,8,1,0,0,0,119,927,73,3555,26,32,292,0,80,1721,1,0,12,9,10,4,0,11,8,7,2,35,28,45,44,18,0,0,,0,,0,,0,,0,,4,7.8,66.8,11.6,80,97.8,48.7,9.1,21.5,22.2,88.1,19.6,24.7,287.3,43.1,128,410,414,380,11,2,74,61,15,181,61,15,181,352,631,592,Offensive Coordinator
,0,1991,7,CIN,320351,1,0,0,,0,0,0,0,0,0,0,0,0,0,0,0,0,0,0,0,0,0,0,30,22,35,22,1,204,148,367,332,219,4,104.9,35,5.8,9.3,0,204,128,204,0,4,18,38,38,52,33,0,0,0,0,1,0,17,19,4,2,5,0,10,,,0,0,53,5,5,5,5,0,1,2,0,0,0,0,7,57,5,205,1,0,0,0,5,142,0,0,1,0,0,0,0,0,0,0,0,1,0,4,4,1,0,0,,0,,0,,0,,0,,4.3,5.8,62.9,9.3,0,100,41,0,28.4,30,128,23.3,22,204,40.9,4,28,28,24,0,0,7,2,0,9,2,0,9,17,34,27,
,0,1988,15,SF,322886,17,0,0,,0,0,0,0,0,0,0,0,0,0,0,0,0,0,0,0,0,0,0,585,325,493,325,16,3632,2930,5701,6280,2771,38,99.9,29,7.4,11.2,3.5,213.6,2648,3632,19,38,87,66,66,62,89,60,47,8,162,15,7,13,467,105,16,52,9,86,,,18,137,876,78,33,76,33,0,15,14,2,0,0,0,94,722,73,3297,26,32,320,0,83,1794,0,2,7,8,8,0,2,6,5,6,0,25,19,57,57,18,0,0,,0,,0,,0,,0,,4.5,7.4,65.9,11.2,76,100,45.2,10,21.6,34.4,155.8,21.5,19.1,213.6,40.9,114,468,470,434,21,8,126,41,14,133,41,14,133,340,999,0,LB Coach
,0,1989,15,SF,322886,17,0,0,,1,0,0,0,0,0,0,0,0,0,0,0,0,0,0,0,0,0,0,539,386,584,386,3,4476,3411,5457,6928,2046,39,109.2,34.4,7.7,11.6,4.4,263.3,2452,4476,23,39,66,90,90,66,96,24,52,13,247,16,8,12,518,78,15,70,12,83,,,27,165,756,83,50,112,44,2,22,19,3,1,0,0,100,845,71,3421,26,34,209,0,60,1343,1,2,8,2,17,5,1,7,2,10,2,34,22,64,61,23,0,0,,0,,0,,0,,0,,4.5,7.7,66.1,11.6,64.7,95.3,48.2,6.1,22.4,31.7,144.2,22.8,22.7,263.3,42,127,523,531,305,15,2,123,51,14,162,51,14,162,365,1199,0,LB Coach
,0,1990,15,SF,322886,17,0,0,,1,0,0,0,0,0,0,0,0,0,0,0,0,0,0,0,0,0,0,614,338,469,338,7,3499,3573,6374,6159,2801,26,105.5,27.6,7.5,10.4,4.7,205.8,2660,3499,27,26,67,84,84,66,37,78,51,12,193,12,9,9,430,127,7,77,6,68,,,23,163,792,71,25,110,34,0,7,6,3,0,0,0,100,929,77,3657,38,37,436,0,85,1604,0,1,7,5,10,4,1,6,4,9,2,27,22,51,51,14,0,0,,0,,0,,0,,0,,4.3,7.5,72.1,10.4,81.5,100,47.5,11.8,18.9,36.1,156.5,21.3,19.9,205.8,43.8,117,453,461,453,14,2,131,32,7,148,32,7,148,388,474,620,LB Coach
,0,1991,15,SF,322886,1,0,0,,0,0,0,0,0,0,0,0,0,0,0,0,0,0,0,0,0,0,0,53,28,42,28,2,253,280,485,487,205,0,62.9,42,6,9,2.3,253,234,253,2,0,39,27,27,60,30,18,48,2,0,2,0,0,36,17,1,7,0,7,,,1,10,83,6,5,12,5,0,1,3,0,1,0,0,17,108,10,445,2,2,18,0,6,128,0,0,0,1,1,0,0,0,1,1,0,2,2,2,2,2,0,0,,0,,0,,0,,0,,4.4,6,66.7,9,100,100,44.5,9,21.3,53,234,20.8,28,253,53.6,8,20,20,31,1,0,11,2,0,15,2,0,15,27,41,46,
,0,1988,3,GB,324239,17,0,0,,0,0,0,0,0,0,0,0,0,0,0,0,0,0,0,0,0,0,0,526,312,462,312,15,3467,2837,5267,5988,2430,26,94.9,27.2,7.5,11.1,6.3,203.9,2521,3467,20,26,46,76,76,61,37,67,50,8,104,25,15,9,469,66,15,45,15,91,,,31,241,870,90,25,73,30,0,11,15,1,0,0,0,76,596,65,2933,25,26,174,0,72,1551,0,2,9,5,8,4,2,7,3,6,1,28,19,46,45,17,0,0,,0,,0,,0,,0,,4.8,7.5,67.5,11.1,67.9,97.8,45.1,6.7,21.5,30.9,148.3,23.6,18.4,203.9,45.2,102,384,384,330,15,1,124,42,9,141,42,9,141,362,1003,0,Head Scout
,0,1989,3,GB,324239,17,0,0,,0,0,0,0,0,0,0,0,0,0,0,0,0,0,0,0,0,0,0,406,348,649,348,5,3789,3902,6251,5428,2349,28,82.3,38.2,5.8,10.9,8.5,222.9,1639,3789,12,28,39,59,59,61,87,18,51,11,123,23,8,22,431,91,30,50,32,200,,,60,383,858,119,33,86,30,1,18,22,2,0,0,0,108,970,109,4852,40,31,162,0,95,2248,0,0,4,6,11,7,0,3,5,7,4,28,19,42,42,9,0,0,,0,,0,,0,,0,,4,5.8,53.6,10.9,67.9,100,44.5,5.2,23.7,23.9,96.4,17,20.5,222.9,41.7,99,351,353,520,15,0,69,35,8,145,35,8,145,399,1199,0,Head Scout
,0,1990,3,GB,324239,17,0,0,,0,0,0,0,0,0,0,0,0,0,0,0,0,0,0,0,0,0,0,577,297,469,297,10,3449,4664,7071,6001,2407,27,95.8,27.6,7.4,11.6,8.4,202.9,2552,3449,21,27,43,78,78,61,93,20,51,9,107,24,11,68,481,76,27,42,19,124,,,43,306,855,97,29,64,23,1,16,25,2,0,0,0,109,874,70,3117,29,20,181,0,106,2368,0,4,5,5,10,7,4,4,4,7,2,31,21,48,47,12,0,0,,0,,0,,0,,0,,4.4,7.4,63.3,11.6,67.7,97.9,44.5,9,22.3,33.9,150.1,23.6,17.5,202.9,41.8,110,410,414,593,15,1,136,39,11,124,39,11,124,454,466,593,Head Scout
,0,1991,3,GB,324239,1,0,0,,0,0,0,0,0,0,0,0,0,0,0,0,0,0,0,0,0,0,0,41,22,28,22,0,282,129,233,467,104,2,132.4,28,10.1,12.8,6.7,282,185,282,2,2,19,48,48,62,39,13,40,0,0,0,0,0,39,2,3,3,1,2,,,2,14,36,1,0,11,0,0,0,0,0,0,0,0,5,45,4,171,0,1,13,0,5,78,0,0,0,0,1,2,0,0,0,1,0,3,1,4,4,1,0,0,,0,,0,,0,,0,,4.5,10.1,78.6,12.8,33.3,100,42.8,13,15.6,41,185,24.4,22,282,54.5,7,31,31,20,0,0,10,3,1,12,3,1,12,14,28,26,
,0,1988,4,OAK,331354,17,0,0,,0,0,0,0,0,0,0,0,0,0,0,0,0,0,0,0,0,0,0,648,153,277,153,5,2451,3203,5898,5560,2695,28,111.2,16.3,8.8,16,17.1,144.2,3109,2451,20,28,76,60,60,60,41,59,55,17,450,16,8,13,499,105,21,62,37,85,,,57,425,917,111,27,79,27,0,17,16,6,0,0,1,100,923,92,4167,33,23,236,0,78,1859,0,2,6,10,7,5,2,6,5,5,5,30,23,52,51,13,0,0,,0,,0,,0,,0,,4.8,8.8,55.2,16,76.7,98.1,45.3,10.3,23.8,38.1,182.9,18.7,9,144.2,51.6,120,444,448,410,22,5,121,42,11,79,42,11,79,434,909,0,DB Coach
,0,1989,4,OAK,331354,17,0,0,,0,0,0,0,0,0,0,0,0,0,0,0,0,0,0,0,0,0,0,608,305,497,305,15,3307,3839,6297,6381,2458,22,83.1,29.2,6.7,10.8,5.7,194.5,3074,3307,19,22,62,57,57,59,108,65,49,11,110,23,8,1,536,115,28,82,16,120,,,30,204,914,77,33,119,45,0,10,20,2,0,0,1,126,1018,99,4116,31,31,328,0,85,2043,2,4,5,14,11,1,3,5,12,6,0,35,26,45,45,14,0,0,,0,,0,,0,,0,,5.1,6.7,61.4,10.8,74.3,100,41.6,10.6,24,35.8,180.8,23.2,17.9,194.5,41.3,123,393,393,444,30,5,141,36,6,126,36,6,126,461,1222,0,DB Coach
,0,1990,4,OAK,331354,17,0,0,,0,0,0,0,0,0,0,0,0,0,0,0,0,0,0,0,0,0,0,548,206,424,206,11,3166,3578,6024,5901,2446,26,83.3,24.9,7.5,15.4,14.9,186.2,2735,3166,25,26,62,77,77,60,94,17,55,8,74,9,5,0,674,83,34,78,49,153,,,74,548,878,71,34,118,48,0,11,7,2,0,0,0,122,1011,100,4344,27,23,130,0,97,2203,0,0,4,6,6,2,0,4,4,6,2,18,16,53,53,12,0,0,,0,,0,,0,,0,,5,7.5,48.6,15.4,88.9,100,43.4,5.7,22.7,32.2,160.9,23,12.1,186.2,55.3,101,419,419,465,12,4,126,54,9,114,54,9,114,449,422,705,DB Coach
,0,1991,4,OAK,331354,1,0,0,,0,0,0,0,0,0,0,0,0,0,0,0,0,0,0,0,0,0,0,60,21,42,21,2,280,253,487,485,234,1,59.6,42,6.7,13.3,10.6,280,205,280,2,1,14,50,50,61,40,15,50,2,11,1,1,0,58,6,6,6,0,12,,,5,30,79,7,1,7,2,0,2,0,0,0,0,0,5,36,7,362,3,3,16,0,4,120,0,0,1,1,1,1,0,1,1,0,1,4,3,2,2,0,0,0,,0,,0,,0,,0,,3.4,6.7,50,13.3,75,100,51.7,5.3,30,60,205,21.7,21,280,47.6,11,29,31,20,0,0,13,4,1,10,4,1,10,28,42,41,
,0,1988,8,SEA,331638,17,0,0,,0,0,0,0,0,0,0,0,0,0,0,0,0,0,0,0,0,0,0,460,402,587,402,7,4014,4095,6693,6165,2598,26,97.4,34.5,6.8,10,4.1,236.1,2151,4014,22,26,36,88,88,62,38,18,51,6,85,9,5,17,486,94,23,44,15,108,,,25,178,829,84,33,73,33,0,21,11,1,0,0,0,96,834,75,3428,33,36,263,0,73,1609,0,1,6,8,18,5,1,4,6,11,2,38,24,49,47,20,0,0,,0,,0,,0,,0,,4.7,6.8,68.5,10,63.2,95.9,45.7,7.3,22,27.1,126.5,22.6,23.6,236.1,42.8,119,413,413,476,9,0,104,29,8,172,29,8,172,407,1149,0,OL Coach
,0,1989,8,SEA,331638,17,0,0,,1,0,0,0,0,0,0,0,0,0,0,0,0,0,0,0,0,0,0,393,389,593,389,10,3826,3600,5867,5752,2267,32,94.6,34.9,6.5,9.8,4.5,225.1,1926,3826,17,32,60,61,61,65,103,27,54,9,194,17,10,1,444,96,12,80,10,122,,,28,221,833,70,46,113,59,0,14,9,2,0,0,0,98,733,71,3358,42,30,287,0,62,1567,1,1,5,9,14,2,1,2,7,9,2,31,21,51,49,21,0,0,,0,,0,,0,,0,,4.9,6.5,65.6,9.8,67.7,96.1,47.3,9.6,25.3,23.1,113.3,25.4,22.9,225.1,40.6,112,424,426,335,12,2,100,35,6,158,35,6,158,412,1268,0,OL Coach
,0,1990,8,SEA,331638,17,0,0,,0,0,0,0,0,0,0,0,0,0,0,0,0,0,0,0,0,0,0,564,332,487,332,4,3145,4679,6974,5841,2295,29,102.2,28.6,6.5,9.5,6.7,185,2696,3145,17,29,61,52,52,66,42,67,50,6,79,19,12,7,422,112,11,73,12,110,,,35,256,822,64,29,77,48,0,13,12,0,0,0,1,105,849,90,4359,40,32,368,0,94,1829,0,1,4,9,11,3,1,3,8,9,1,28,22,44,43,12,0,0,,0,,0,,0,,0,,4.8,6.5,68.2,9.5,78.6,97.7,48.4,11.5,19.5,33.2,158.6,22.9,19.5,185,40.7,109,385,387,468,17,2,129,22,2,135,22,2,135,491,485,697,OL Coach
,0,1991,8,SEA,331638,1,0,0,,0,0,0,0,0,0,0,0,0,0,0,0,0,0,0,0,0,0,0,29,27,36,27,0,223,228,366,363,138,1,99.7,36,6.2,8.3,5.3,223,140,223,1,1,17,17,17,35,40,0,52,0,0,2,1,0,19,8,1,2,1,8,,,2,6,46,3,1,2,3,0,0,1,0,0,0,0,3,35,1,35,0,0,0,0,5,154,0,0,1,0,2,1,0,1,0,2,1,4,4,2,2,0,0,0,,0,,0,,0,,0,,4.8,6.2,75,8.3,100,100,35,0,30.8,29,140,27.6,27,223,51.9,14,26,26,31,0,0,8,0,0,14,0,0,14,18,36,22,
,0,1988,19,WAS,332100,17,0,0,,0,0,0,0,0,0,0,0,0,0,0,0,0,0,0,0,0,0,0,660,251,407,251,13,2625,3421,6965,5428,3544,19,82.6,23.9,6.4,10.5,6.9,154.4,2803,2625,21,19,55,49,49,62,43,17,48,9,110,16,9,34,396,115,21,48,17,144,,,30,206,861,88,10,67,22,1,18,16,1,0,0,1,93,708,82,3820,32,25,189,0,97,2393,0,1,3,6,17,2,1,1,3,8,0,29,13,39,38,10,0,0,,0,,0,,0,,0,,4.2,6.4,61.7,10.5,44.8,97.4,46.6,7.6,24.7,38.8,164.9,21.5,14.8,154.4,41.8,77,323,327,541,11,2,142,28,3,105,28,3,105,348,910,0,Head Scout
,0,1989,19,WAS,332100,17,0,0,,0,0,0,0,0,0,0,0,0,0,0,0,0,0,0,0,0,0,0,545,292,482,292,15,3137,4150,5930,5864,1780,19,79.9,28.4,6.5,10.7,6.9,184.5,2727,3137,16,19,56,66,66,61,43,18,52,7,104,12,9,47,481,89,23,63,21,149,,,36,221,790,92,45,86,40,0,21,11,3,1,0,0,110,874,70,3122,23,30,174,0,77,1637,0,3,8,9,7,4,3,6,6,5,2,31,22,38,38,16,0,0,,0,,0,,0,,0,,5,6.5,60.6,10.7,71,100,44.6,5.8,21.3,32.1,160.4,22.9,17.2,184.5,45.5,104,332,332,439,22,7,125,28,9,133,28,9,133,426,1089,0,Head Scout
,0,1990,19,WAS,332100,17,0,0,,0,0,0,0,0,0,0,0,0,0,0,0,0,0,0,0,0,0,0,553,274,506,274,16,2768,4523,7312,5270,2789,23,72,29.8,5.5,10.1,3.8,162.8,2502,2768,20,23,86,57,57,61,43,49,51,8,262,17,6,51,461,99,29,50,6,121,,,20,134,820,70,18,71,30,1,17,23,2,0,0,0,131,1040,83,3754,35,23,203,0,99,2581,0,2,3,8,13,4,2,2,7,13,2,30,26,44,43,14,0,0,,0,,0,,0,,0,,4.5,5.5,54.2,10.1,86.7,97.7,45.2,8.8,26.1,32.5,147.2,20.8,16.1,162.8,45.6,121,391,395,609,13,3,115,26,3,125,26,3,125,453,503,608,Head Scout
,0,1991,19,WAS,332100,1,0,0,,0,0,0,0,0,0,0,0,0,0,0,0,0,0,0,0,0,0,0,32,18,23,18,0,246,181,239,360,58,3,150.8,23,10.7,13.7,11.5,246,114,246,1,3,16,33,33,56,32,18,39,0,0,1,0,12,28,2,0,2,1,5,,,3,6,46,11,0,5,1,0,2,3,0,0,0,0,10,71,2,103,2,3,29,0,2,31,0,0,1,2,0,0,0,1,2,0,0,3,3,4,4,1,0,0,,0,,0,,0,,0,,3.6,10.7,78.3,13.7,100,100,51.5,9.7,15.5,32,114,25,18,246,55.6,13,37,37,13,0,0,8,3,0,10,3,0,10,20,27,28,
,0,1988,14,ATL,339519,17,0,0,,1,10,7,0,0.588,0,1,0,0,0,0,0,0,0,0,0,0,0,0,533,269,411,269,8,3796,4169,6266,6082,2097,29,110.5,24.2,9.2,14.1,9.7,223.3,2286,3796,19,29,67,68,68,65,42,77,52,9,185,9,3,31,451,101,15,63,26,107,,,44,367,801,105,28,91,29,1,15,13,0,0,0,0,87,745,81,3604,27,25,305,1,77,1904,0,1,8,12,12,4,1,7,10,7,2,37,27,48,48,17,0,0,,0,,0,,0,,0,,4.3,9.2,65.5,14.1,73,100,44.5,12.2,24.7,31.4,134.5,19.9,15.8,223.3,47.2,129,423,427,398,13,6,106,56,15,127,56,15,127,408,974,0,Head Coach
,0,1989,14,ATL,339519,17,0,0,,0,7,10,0,0.412,0,0,0,0,0,0,0,0,0,0,0,0,0,0,459,283,474,283,10,4640,4509,6339,6450,1830,45,115.5,27.9,9.8,16.4,15.4,272.9,1810,4640,6,45,47,66,66,65,42,24,52,17,207,17,5,84,649,80,21,91,44,135,,,86,697,724,87,40,112,45,3,19,24,2,0,0,0,101,808,83,3957,28,36,317,0,73,1710,0,1,5,11,13,5,1,4,9,9,1,35,24,52,51,17,0,0,,0,,0,,0,,0,,3.9,9.8,59.7,16.4,68.6,98.1,47.7,8.8,23.4,27,106.5,16.6,16.6,272.9,47.7,123,441,449,445,12,2,76,83,24,135,83,24,135,429,1151,0,Head Coach
,0,1990,14,ATL,339519,17,0,0,,0,6,11,0,0.353,0,0,0,0,0,0,0,0,0,0,0,0,0,0,552,297,431,297,6,3211,4437,6826,5443,2389,23,102.5,25.4,7.5,10.8,5.9,188.9,2232,3211,22,23,53,62,62,67,92,41,52,9,101,18,11,35,383,89,15,57,9,81,,,27,192,790,86,25,93,24,0,15,16,1,0,0,0,88,643,84,4019,46,21,206,0,94,2224,0,0,8,12,5,4,0,7,12,4,3,29,26,45,44,13,0,0,,0,,0,,0,,0,,4,7.5,68.9,10.8,89.7,97.8,47.8,9.8,23.7,32.5,131.3,18.8,17.5,188.9,41.8,122,398,398,514,16,4,104,30,9,124,30,9,124,404,427,591,Head Coach
,0,1991,14,ATL,339519,1,0,0,,0,0,1,0,0,0,0,0,0,0,0,0,0,0,0,0,0,0,0,38,14,25,14,0,148,204,332,367,128,0,73.4,25,5.9,10.6,16.7,148,219,148,3,0,27,31,31,63,30,11,51,1,4,1,1,0,37,10,0,5,3,9,,,5,38,48,4,0,4,5,0,1,0,0,0,0,0,3,25,4,183,3,1,11,0,5,85,0,0,0,0,1,2,0,0,0,0,1,3,1,3,3,1,0,0,,0,,0,,0,,0,,5.8,5.9,56,10.6,33.3,100,45.8,11,17,38,219,23.7,14,148,42.9,6,24,24,28,1,0,9,1,0,6,1,0,6,31,21,47,
,0,1988,19,WAS,340495,17,0,0,,0,0,0,0,0,0,0,0,0,0,0,0,0,0,0,0,0,0,0,660,251,407,251,13,2625,3421,6965,5428,3544,19,82.6,23.9,6.4,10.5,6.9,154.4,2803,2625,21,19,55,49,49,62,43,17,48,9,110,16,9,34,396,115,21,48,17,144,,,30,206,861,88,10,67,22,1,18,16,1,0,0,1,93,708,82,3820,32,25,189,0,97,2393,0,1,3,6,17,2,1,1,3,8,0,29,13,39,38,10,0,0,,0,,0,,0,,0,,4.2,6.4,61.7,10.5,44.8,97.4,46.6,7.6,24.7,38.8,164.9,21.5,14.8,154.4,41.8,77,323,327,541,11,2,142,28,3,105,28,3,105,348,910,0,QB Coach
,0,1989,19,WAS,340495,17,0,0,,0,0,0,0,0,0,0,0,0,0,0,0,0,0,0,0,0,0,0,545,292,482,292,15,3137,4150,5930,5864,1780,19,79.9,28.4,6.5,10.7,6.9,184.5,2727,3137,16,19,56,66,66,61,43,18,52,7,104,12,9,47,481,89,23,63,21,149,,,36,221,790,92,45,86,40,0,21,11,3,1,0,0,110,874,70,3122,23,30,174,0,77,1637,0,3,8,9,7,4,3,6,6,5,2,31,22,38,38,16,0,0,,0,,0,,0,,0,,5,6.5,60.6,10.7,71,100,44.6,5.8,21.3,32.1,160.4,22.9,17.2,184.5,45.5,104,332,332,439,22,7,125,28,9,133,28,9,133,426,1089,0,QB Coach
,0,1990,19,WAS,340495,17,0,0,,0,0,0,0,0,0,0,0,0,0,0,0,0,0,0,0,0,0,0,553,274,506,274,16,2768,4523,7312,5270,2789,23,72,29.8,5.5,10.1,3.8,162.8,2502,2768,20,23,86,57,57,61,43,49,51,8,262,17,6,51,461,99,29,50,6,121,,,20,134,820,70,18,71,30,1,17,23,2,0,0,0,131,1040,83,3754,35,23,203,0,99,2581,0,2,3,8,13,4,2,2,7,13,2,30,26,44,43,14,0,0,,0,,0,,0,,0,,4.5,5.5,54.2,10.1,86.7,97.7,45.2,8.8,26.1,32.5,147.2,20.8,16.1,162.8,45.6,121,391,395,609,13,3,115,26,3,125,26,3,125,453,503,608,QB Coach
,0,1991,19,WAS,340495,1,0,0,,0,0,0,0,0,0,0,0,0,0,0,0,0,0,0,0,0,0,0,32,18,23,18,0,246,181,239,360,58,3,150.8,23,10.7,13.7,11.5,246,114,246,1,3,16,33,33,56,32,18,39,0,0,1,0,12,28,2,0,2,1,5,,,3,6,46,11,0,5,1,0,2,3,0,0,0,0,10,71,2,103,2,3,29,0,2,31,0,0,1,2,0,0,0,1,2,0,0,3,3,4,4,1,0,0,,0,,0,,0,,0,,3.6,10.7,78.3,13.7,100,100,51.5,9.7,15.5,32,114,25,18,246,55.6,13,37,37,13,0,0,8,3,0,10,3,0,10,20,27,28,
,0,1988,5,BUF,344244,17,0,0,,1,0,0,0,0,0,0,0,0,0,0,0,0,0,0,0,0,0,0,741,273,386,273,8,2753,2941,5797,6402,2856,26,104.6,22.7,7.1,10.1,2.8,161.9,3649,2753,32,26,64,81,81,58,40,19,52,14,214,23,10,61,403,97,16,46,3,75,,,11,81,891,92,48,57,35,0,28,27,1,0,0,1,98,862,73,3162,28,34,240,0,77,1668,0,3,13,8,8,3,3,12,5,5,3,35,28,57,53,23,0,0,,0,,0,,0,,0,,4.9,7.1,70.7,10.1,80,93,43.3,7.1,21.7,43.6,214.6,25,16.1,161.9,38.5,137,491,491,391,24,3,185,26,9,105,26,9,105,346,888,0,DB Coach
,0,1989,5,BUF,344244,17,0,0,,1,0,0,0,0,0,0,0,0,0,0,0,0,0,0,0,0,0,0,598,317,518,317,10,3260,3460,4724,6022,1264,30,90.6,30.5,6.3,10.3,4.4,191.8,2762,3260,21,30,52,63,63,60,37,65,53,14,307,24,13,28,474,52,25,75,3,123,,,24,155,791,89,110,104,44,2,26,25,3,0,0,1,83,761,86,3764,27,45,327,1,61,1254,0,1,12,8,10,7,1,9,7,5,3,38,25,53,52,30,0,0,,0,,0,,0,,0,,4.6,6.3,61.2,10.3,65.8,98.1,43.8,7.3,20.6,35.2,162.5,20.9,18.6,191.8,42.9,127,457,463,266,24,3,125,32,5,136,32,5,136,364,1089,0,DB Coach
,0,1990,5,BUF,344244,17,0,0,,1,0,0,0,0,0,0,0,0,0,0,0,0,0,0,0,0,0,0,522,410,599,410,6,4477,4703,6264,6707,1561,32,103.9,35.2,7.5,10.9,5.4,263.4,2230,4477,22,32,58,92,92,61,55,18,53,9,107,16,11,9,485,68,17,67,12,117,,,34,251,858,85,87,102,51,2,18,15,2,1,0,0,115,949,87,3757,35,27,194,0,84,1995,0,0,8,7,17,7,0,7,7,15,4,39,33,53,52,23,0,0,,0,,0,,0,,0,,4.3,7.5,68.4,10.9,84.6,98.1,43.2,7.2,23.8,30.7,131.2,19.7,24.1,263.4,42,151,487,495,448,16,1,103,50,9,172,50,9,172,427,599,601,DB Coach
,0,1991,5,BUF,344244,1,0,0,,0,0,0,0,0,0,0,0,0,0,0,0,0,0,0,0,0,0,0,23,25,37,25,0,203,254,318,353,64,1,90.3,37,5.5,8.1,5.1,203,150,203,2,1,49,22,22,55,35,4,0,0,0,1,1,0,22,4,0,3,1,5,,,2,17,45,3,3,9,4,0,1,0,0,0,0,0,9,70,5,202,1,3,-4,0,5,122,0,0,0,0,0,0,0,0,0,0,0,0,0,3,3,1,0,0,,0,,0,,0,,0,,6.5,5.5,67.6,8.1,0,100,40.4,-1.3,24.4,23,150,21.7,25,203,28,3,21,21,28,1,1,5,1,0,7,1,0,7,31,40,41,
,0,1988,1,NYT,345085,17,0,0,,0,0,0,0,0,0,0,0,0,0,0,0,0,0,0,0,0,0,0,489,342,567,342,14,3487,3615,6065,5539,2450,23,81.2,33.4,6.1,10.2,7.4,205.1,2052,3487,15,23,34,81,81,66,39,32,49,6,118,29,13,22,505,113,36,36,31,142,,,45,314,839,109,18,58,14,0,19,28,1,0,0,1,92,814,94,4003,26,28,165,0,93,1577,0,0,3,6,9,4,0,3,5,7,0,22,15,35,34,13,0,0,,0,,0,,0,,0,,4.2,6.1,60.3,10.2,68.2,97.1,42.6,5.9,17,28.8,120.7,23.9,20.1,205.1,39.8,79,313,315,543,11,0,117,36,6,136,36,6,136,331,1012,0,DB Coach
,0,1989,1,NYT,345085,17,0,0,,0,0,0,0,0,0,0,0,0,0,0,0,0,0,0,0,0,0,0,386,404,656,404,13,4084,3400,6099,5679,2699,25,83.8,38.6,6.2,10.1,8.1,240.2,1595,4084,16,25,66,63,63,69,35,18,54,14,195,16,7,18,432,111,39,104,29,148,,,58,417,767,59,21,118,57,0,8,15,2,1,0,1,100,943,85,3951,23,32,185,0,79,1586,0,2,3,6,15,5,2,3,5,10,2,31,22,42,42,15,0,0,,0,,0,,0,,0,,4.1,6.2,61.6,10.1,71,100,46.5,5.8,20.1,22.7,93.8,21.2,23.8,240.2,40.3,108,366,366,444,7,1,82,41,8,163,41,8,163,378,1312,0,DB Coach
,0,1990,1,NYT,345085,17,0,0,,0,0,0,0,0,0,0,0,0,0,0,0,0,0,0,0,0,0,0,509,325,523,325,22,3358,3567,6239,5617,2672,20,75.8,30.8,6.4,10.3,5.6,197.5,2259,3358,15,20,74,64,64,62,75,70,49,3,4,16,8,51,408,101,25,50,10,128,,,31,213,823,71,42,84,42,1,18,20,0,0,0,0,127,988,77,3497,27,24,294,0,100,2409,0,2,6,9,20,3,2,5,7,13,0,40,27,32,32,12,0,0,,0,,0,,0,,0,,4.4,6.4,62.1,10.3,67.5,100,45.4,12.2,24.1,29.9,132.9,20.2,19.1,197.5,36.3,113,323,327,520,14,6,103,35,6,118,35,6,118,365,523,528,DB Coach
,0,1991,1,NYT,345085,1,0,0,,0,0,0,0,0,0,0,0,0,0,0,0,0,0,0,0,0,0,0,27,11,23,11,0,129,282,467,233,185,1,79.8,23,5.6,11.7,0,129,104,129,1,1,33,26,26,54,38,1,43,0,0,0,0,0,21,13,1,1,0,9,,,0,0,59,1,2,2,2,0,0,0,0,0,0,0,6,60,7,346,4,1,1,0,6,123,0,0,0,1,1,0,0,0,1,1,0,2,2,2,2,1,0,0,,0,,0,,0,,0,,3.9,5.6,47.8,11.7,100,100,49.4,1,20.5,27,104,7.4,11,129,45.5,8,20,20,31,1,0,2,1,0,5,1,0,5,21,23,27,
,0,1988,0,,345942,17,0,0,,0,0,0,0,0,0,0,0,0,0,0,0,0,0,0,0,0,0,0,566,288,440,288,11,3527,3356,6204,5887,2848,24,97.8,25.9,8,12.2,10.2,207.5,2360,3527,11,24,68,87,87,62,42,21,53,8,142,21,12,3,399,131,27,81,35,133,,,50,390,843,84,21,105,27,1,7,13,1,0,0,2,97,753,102,4439,35,33,229,0,90,1785,0,0,5,7,10,4,0,5,6,7,2,26,20,36,35,12,0,0,,0,,0,,0,,0,,4.2,8,65.5,12.2,76.9,97.2,43.5,6.9,19.8,33.3,138.8,17.7,16.9,207.5,42.4,95,311,313,480,18,4,100,40,11,122,40,11,122,389,1062,0,DB Coach
,0,1988,6,NYG,346494,17,0,0,,1,0,0,0,0,0,0,0,0,0,0,0,0,0,0,0,0,0,0,465,322,487,322,6,4040,3224,5101,6218,1877,34,109.9,28.6,8.3,12.5,9,237.6,2178,4040,24,34,54,65,65,62,39,64,53,16,323,11,4,22,539,64,19,76,28,119,,,48,364,790,98,26,89,37,1,8,14,1,0,0,2,88,797,82,3784,33,31,312,0,63,1371,0,2,8,6,10,3,2,7,5,6,2,29,22,57,57,21,0,0,,0,,0,,0,,0,,4.7,8.3,66.1,12.5,75.9,100,46.1,10.1,21.8,27.4,128.1,22.2,18.9,237.6,46,123,477,481,284,14,3,103,58,8,148,58,8,148,405,1111,0,Defensive Coordinator
,0,1989,6,NYG,346494,17,0,0,,0,0,0,0,0,0,0,0,0,0,0,0,0,0,0,0,0,0,0,321,338,572,338,20,4168,3721,5518,5698,1797,27,82.9,33.6,7.3,12.3,11.3,245.2,1530,4168,14,27,72,61,61,63,40,59,57,11,97,18,11,16,555,61,22,69,46,167,,,73,535,778,86,45,96,50,1,15,13,2,0,0,1,91,709,88,3869,23,40,326,0,75,1642,0,2,4,5,13,6,2,4,4,8,5,30,23,43,42,14,0,0,,0,,0,,0,,0,,4.8,7.3,59.1,12.3,76.7,97.7,44,8.2,21.9,18.9,90,21.2,19.9,245.2,46.2,111,369,371,413,12,2,68,58,9,156,58,9,156,391,1145,0,Defensive Coordinator
,0,1990,6,NYG,346494,17,0,1,,1,0,0,0,0,0,0,0,0,0,0,0,0,0,0,0,0,0,0,384,336,488,336,10,5377,3520,5379,7293,1859,56,135.1,28.7,11,16,11.1,316.3,1916,5377,24,56,64,80,80,63,97,19,55,18,445,19,12,52,662,43,18,63,34,85,,,61,466,810,90,53,84,30,0,34,25,5,0,0,1,103,799,52,2310,19,22,150,0,70,1462,1,2,6,7,12,4,2,4,3,6,1,31,16,84,81,24,0,0,,0,,0,,0,,0,,5,11,68.9,16,51.6,96.4,44.4,6.8,20.9,22.6,112.7,20.8,19.8,316.3,52.4,129,645,647,374,10,5,80,88,17,176,88,17,176,395,475,585,Defensive Coordinator
,0,1991,6,NYG,346494,1,0,0,,0,0,0,0,0,0,0,0,0,0,0,0,0,0,0,0,0,0,0,15,18,34,18,0,242,326,402,319,76,1,85.7,34,7.1,13.4,2.9,242,77,242,1,1,31,33,33,63,35,0,0,0,0,2,1,0,39,5,0,5,0,9,,,1,9,47,4,5,5,1,0,0,1,0,0,0,0,10,60,5,241,3,0,0,0,6,142,0,0,0,0,1,0,0,0,0,0,0,1,0,2,2,1,0,0,,0,,0,,0,,0,,5.1,7.1,52.9,13.4,0,100,48.2,0,23.7,15,77,26.7,18,242,44.4,2,14,14,19,1,0,4,3,0,8,3,0,8,20,32,34,
,0,1988,3,GB,349242,17,0,0,,0,0,0,0,0,0,0,0,0,0,0,0,0,0,0,0,0,0,0,526,312,462,312,15,3467,2837,5267,5988,2430,26,94.9,27.2,7.5,11.1,6.3,203.9,2521,3467,20,26,46,76,76,61,37,67,50,8,104,25,15,9,469,66,15,45,15,91,,,31,241,870,90,25,73,30,0,11,15,1,0,0,0,76,596,65,2933,25,26,174,0,72,1551,0,2,9,5,8,4,2,7,3,6,1,28,19,46,45,17,0,0,,0,,0,,0,,0,,4.8,7.5,67.5,11.1,67.9,97.8,45.1,6.7,21.5,30.9,148.3,23.6,18.4,203.9,45.2,102,384,384,330,15,1,124,42,9,141,42,9,141,362,1003,0,DB Coach
,0,1989,3,GB,349242,17,0,0,,0,0,0,0,0,0,0,0,0,0,0,0,0,0,0,0,0,0,0,406,348,649,348,5,3789,3902,6251,5428,2349,28,82.3,38.2,5.8,10.9,8.5,222.9,1639,3789,12,28,39,59,59,61,87,18,51,11,123,23,8,22,431,91,30,50,32,200,,,60,383,858,119,33,86,30,1,18,22,2,0,0,0,108,970,109,4852,40,31,162,0,95,2248,0,0,4,6,11,7,0,3,5,7,4,28,19,42,42,9,0,0,,0,,0,,0,,0,,4,5.8,53.6,10.9,67.9,100,44.5,5.2,23.7,23.9,96.4,17,20.5,222.9,41.7,99,351,353,520,15,0,69,35,8,145,35,8,145,399,1199,0,DB Coach
,0,1990,3,GB,349242,17,0,0,,0,0,0,0,0,0,0,0,0,0,0,0,0,0,0,0,0,0,0,577,297,469,297,10,3449,4664,7071,6001,2407,27,95.8,27.6,7.4,11.6,8.4,202.9,2552,3449,21,27,43,78,78,61,93,20,51,9,107,24,11,68,481,76,27,42,19,124,,,43,306,855,97,29,64,23,1,16,25,2,0,0,0,109,874,70,3117,29,20,181,0,106,2368,0,4,5,5,10,7,4,4,4,7,2,31,21,48,47,12,0,0,,0,,0,,0,,0,,4.4,7.4,63.3,11.6,67.7,97.9,44.5,9,22.3,33.9,150.1,23.6,17.5,202.9,41.8,110,410,414,593,15,1,136,39,11,124,39,11,124,454,466,593,DB Coach
,0,1991,3,GB,349242,1,0,0,,0,0,0,0,0,0,0,0,0,0,0,0,0,0,0,0,0,0,0,41,22,28,22,0,282,129,233,467,104,2,132.4,28,10.1,12.8,6.7,282,185,282,2,2,19,48,48,62,39,13,40,0,0,0,0,0,39,2,3,3,1,2,,,2,14,36,1,0,11,0,0,0,0,0,0,0,0,5,45,4,171,0,1,13,0,5,78,0,0,0,0,1,2,0,0,0,1,0,3,1,4,4,1,0,0,,0,,0,,0,,0,,4.5,10.1,78.6,12.8,33.3,100,42.8,13,15.6,41,185,24.4,22,282,54.5,7,31,31,20,0,0,10,3,1,12,3,1,12,14,28,26,
,0,1988,19,WAS,351548,17,0,0,,0,0,0,0,0,0,0,0,0,0,0,0,0,0,0,0,0,0,0,660,251,407,251,13,2625,3421,6965,5428,3544,19,82.6,23.9,6.4,10.5,6.9,154.4,2803,2625,21,19,55,49,49,62,43,17,48,9,110,16,9,34,396,115,21,48,17,144,,,30,206,861,88,10,67,22,1,18,16,1,0,0,1,93,708,82,3820,32,25,189,0,97,2393,0,1,3,6,17,2,1,1,3,8,0,29,13,39,38,10,0,0,,0,,0,,0,,0,,4.2,6.4,61.7,10.5,44.8,97.4,46.6,7.6,24.7,38.8,164.9,21.5,14.8,154.4,41.8,77,323,327,541,11,2,142,28,3,105,28,3,105,348,910,0,Head Trainer
,0,1989,19,WAS,351548,17,0,0,,0,0,0,0,0,0,0,0,0,0,0,0,0,0,0,0,0,0,0,545,292,482,292,15,3137,4150,5930,5864,1780,19,79.9,28.4,6.5,10.7,6.9,184.5,2727,3137,16,19,56,66,66,61,43,18,52,7,104,12,9,47,481,89,23,63,21,149,,,36,221,790,92,45,86,40,0,21,11,3,1,0,0,110,874,70,3122,23,30,174,0,77,1637,0,3,8,9,7,4,3,6,6,5,2,31,22,38,38,16,0,0,,0,,0,,0,,0,,5,6.5,60.6,10.7,71,100,44.6,5.8,21.3,32.1,160.4,22.9,17.2,184.5,45.5,104,332,332,439,22,7,125,28,9,133,28,9,133,426,1089,0,Head Trainer
,0,1990,19,WAS,351548,17,0,0,,0,0,0,0,0,0,0,0,0,0,0,0,0,0,0,0,0,0,0,553,274,506,274,16,2768,4523,7312,5270,2789,23,72,29.8,5.5,10.1,3.8,162.8,2502,2768,20,23,86,57,57,61,43,49,51,8,262,17,6,51,461,99,29,50,6,121,,,20,134,820,70,18,71,30,1,17,23,2,0,0,0,131,1040,83,3754,35,23,203,0,99,2581,0,2,3,8,13,4,2,2,7,13,2,30,26,44,43,14,0,0,,0,,0,,0,,0,,4.5,5.5,54.2,10.1,86.7,97.7,45.2,8.8,26.1,32.5,147.2,20.8,16.1,162.8,45.6,121,391,395,609,13,3,115,26,3,125,26,3,125,453,503,608,Head Trainer
,0,1991,19,WAS,351548,1,0,0,,0,0,0,0,0,0,0,0,0,0,0,0,0,0,0,0,0,0,0,32,18,23,18,0,246,181,239,360,58,3,150.8,23,10.7,13.7,11.5,246,114,246,1,3,16,33,33,56,32,18,39,0,0,1,0,12,28,2,0,2,1,5,,,3,6,46,11,0,5,1,0,2,3,0,0,0,0,10,71,2,103,2,3,29,0,2,31,0,0,1,2,0,0,0,1,2,0,0,3,3,4,4,1,0,0,,0,,0,,0,,0,,3.6,10.7,78.3,13.7,100,100,51.5,9.7,15.5,32,114,25,18,246,55.6,13,37,37,13,0,0,8,3,0,10,3,0,10,20,27,28,
,0,1988,16,TB,353048,17,0,0,,0,0,0,0,0,0,0,0,0,0,0,0,0,0,0,0,0,0,0,566,288,440,288,11,3527,3356,6204,5887,2848,24,97.8,25.9,8,12.2,10.2,207.5,2360,3527,11,24,68,87,87,62,42,21,53,8,142,21,12,3,399,131,27,81,35,133,,,50,390,843,84,21,105,27,1,7,13,1,0,0,2,97,753,102,4439,35,33,229,0,90,1785,0,0,5,7,10,4,0,5,6,7,2,26,20,36,35,12,0,0,,0,,0,,0,,0,,4.2,8,65.5,12.2,76.9,97.2,43.5,6.9,19.8,33.3,138.8,17.7,16.9,207.5,42.4,95,311,313,480,18,4,100,40,11,122,40,11,122,389,1062,0,Offensive Coordinator
,0,1989,16,TB,353048,17,0,0,,1,0,0,0,0,0,0,0,0,0,0,0,0,0,0,0,0,0,0,475,376,561,376,10,4062,3558,6314,6062,2756,37,102.7,33,7.2,10.8,7.1,238.9,2000,4062,13,37,51,73,73,65,95,17,55,13,103,21,10,51,460,99,22,91,23,150,,,43,306,842,71,48,109,34,0,20,22,0,0,0,0,105,895,101,4515,33,30,211,0,77,1911,1,1,5,7,8,5,1,4,5,8,4,26,22,49,47,15,0,0,,0,,0,,0,,0,,4.2,7.2,67,10.8,84.6,95.9,44.7,7,24.8,27.9,117.6,20,22.1,238.9,35.1,113,419,423,397,13,3,95,49,9,132,49,9,132,387,1196,0,Offensive Coordinator
,0,1990,16,TB,353048,17,0,0,,1,0,0,0,0,0,0,0,0,0,0,0,0,0,0,0,0,0,0,541,400,563,400,8,4567,4013,6183,7025,2170,39,112.3,33.1,8.1,11.4,5.7,268.6,2458,4567,23,39,45,71,71,67,35,55,53,7,104,13,8,57,523,116,17,84,15,132,,,34,235,819,69,25,112,30,0,21,18,2,0,0,0,122,913,71,3304,29,30,133,1,90,1892,0,2,9,7,11,4,2,8,6,7,2,33,25,58,55,18,0,0,,0,,0,,0,,0,,4.5,8.1,71,11.4,75.8,94.8,46.5,4.4,21,31.8,144.6,21.1,23.5,268.6,43.5,130,520,528,475,11,5,114,46,13,174,46,13,174,414,570,626,Offensive Coordinator
,0,1991,16,TB,353048,1,0,0,,0,0,0,0,0,0,0,0,0,0,0,0,0,0,0,0,0,0,0,30,16,23,16,1,164,163,326,286,163,1,86.1,23,7.1,10.2,14.8,164,122,164,0,1,20,19,19,55,37,17,46,1,74,2,2,0,21,6,0,3,2,9,,,4,30,50,4,0,5,0,0,0,0,0,0,0,0,5,50,4,177,1,1,17,0,5,147,0,0,0,0,2,0,0,0,0,2,0,2,2,1,1,0,0,0,,0,,0,,0,,0,,4.1,7.1,69.6,10.2,100,100,44.2,17,29.4,30,122,26.7,16,164,56.2,7,13,13,20,0,0,8,0,0,9,0,0,9,15,24,23,
,0,1988,14,ATL,353782,17,0,0,,1,0,0,0,0,0,0,0,0,0,0,0,0,0,0,0,0,0,0,533,269,411,269,8,3796,4169,6266,6082,2097,29,110.5,24.2,9.2,14.1,9.7,223.3,2286,3796,19,29,67,68,68,65,42,77,52,9,185,9,3,31,451,101,15,63,26,107,,,44,367,801,105,28,91,29,1,15,13,0,0,0,0,87,745,81,3604,27,25,305,1,77,1904,0,1,8,12,12,4,1,7,10,7,2,37,27,48,48,17,0,0,,0,,0,,0,,0,,4.3,9.2,65.5,14.1,73,100,44.5,12.2,24.7,31.4,134.5,19.9,15.8,223.3,47.2,129,423,427,398,13,6,106,56,15,127,56,15,127,408,974,0,RB and Receivers Coach
,0,1989,14,ATL,353782,17,0,0,,0,0,0,0,0,0,0,0,0,0,0,0,0,0,0,0,0,0,0,459,283,474,283,10,4640,4509,6339,6450,1830,45,115.5,27.9,9.8,16.4,15.4,272.9,1810,4640,6,45,47,66,66,65,42,24,52,17,207,17,5,84,649,80,21,91,44,135,,,86,697,724,87,40,112,45,3,19,24,2,0,0,0,101,808,83,3957,28,36,317,0,73,1710,0,1,5,11,13,5,1,4,9,9,1,35,24,52,51,17,0,0,,0,,0,,0,,0,,3.9,9.8,59.7,16.4,68.6,98.1,47.7,8.8,23.4,27,106.5,16.6,16.6,272.9,47.7,123,441,449,445,12,2,76,83,24,135,83,24,135,429,1151,0,RB and Receivers Coach
,0,1990,14,ATL,353782,17,0,0,,0,0,0,0,0,0,0,0,0,0,0,0,0,0,0,0,0,0,0,552,297,431,297,6,3211,4437,6826,5443,2389,23,102.5,25.4,7.5,10.8,5.9,188.9,2232,3211,22,23,53,62,62,67,92,41,52,9,101,18,11,35,383,89,15,57,9,81,,,27,192,790,86,25,93,24,0,15,16,1,0,0,0,88,643,84,4019,46,21,206,0,94,2224,0,0,8,12,5,4,0,7,12,4,3,29,26,45,44,13,0,0,,0,,0,,0,,0,,4,7.5,68.9,10.8,89.7,97.8,47.8,9.8,23.7,32.5,131.3,18.8,17.5,188.9,41.8,122,398,398,514,16,4,104,30,9,124,30,9,124,404,427,591,RB and Receivers Coach
,0,1991,14,ATL,353782,1,0,0,,0,0,0,0,0,0,0,0,0,0,0,0,0,0,0,0,0,0,0,38,14,25,14,0,148,204,332,367,128,0,73.4,25,5.9,10.6,16.7,148,219,148,3,0,27,31,31,63,30,11,51,1,4,1,1,0,37,10,0,5,3,9,,,5,38,48,4,0,4,5,0,1,0,0,0,0,0,3,25,4,183,3,1,11,0,5,85,0,0,0,0,1,2,0,0,0,0,1,3,1,3,3,1,0,0,,0,,0,,0,,0,,5.8,5.9,56,10.6,33.3,100,45.8,11,17,38,219,23.7,14,148,42.9,6,24,24,28,1,0,9,1,0,6,1,0,6,31,21,47,
,0,1988,4,OAK,359292,17,0,0,,0,0,0,0,0,0,0,0,0,0,0,0,0,0,0,0,0,0,0,648,153,277,153,5,2451,3203,5898,5560,2695,28,111.2,16.3,8.8,16,17.1,144.2,3109,2451,20,28,76,60,60,60,41,59,55,17,450,16,8,13,499,105,21,62,37,85,,,57,425,917,111,27,79,27,0,17,16,6,0,0,1,100,923,92,4167,33,23,236,0,78,1859,0,2,6,10,7,5,2,6,5,5,5,30,23,52,51,13,0,0,,0,,0,,0,,0,,4.8,8.8,55.2,16,76.7,98.1,45.3,10.3,23.8,38.1,182.9,18.7,9,144.2,51.6,120,444,448,410,22,5,121,42,11,79,42,11,79,434,909,0,LB Coach
,0,1989,4,OAK,359292,17,0,0,,0,0,0,0,0,0,0,0,0,0,0,0,0,0,0,0,0,0,0,608,305,497,305,15,3307,3839,6297,6381,2458,22,83.1,29.2,6.7,10.8,5.7,194.5,3074,3307,19,22,62,57,57,59,108,65,49,11,110,23,8,1,536,115,28,82,16,120,,,30,204,914,77,33,119,45,0,10,20,2,0,0,1,126,1018,99,4116,31,31,328,0,85,2043,2,4,5,14,11,1,3,5,12,6,0,35,26,45,45,14,0,0,,0,,0,,0,,0,,5.1,6.7,61.4,10.8,74.3,100,41.6,10.6,24,35.8,180.8,23.2,17.9,194.5,41.3,123,393,393,444,30,5,141,36,6,126,36,6,126,461,1222,0,LB Coach
,0,1990,4,OAK,359292,17,0,0,,0,0,0,0,0,0,0,0,0,0,0,0,0,0,0,0,0,0,0,548,206,424,206,11,3166,3578,6024,5901,2446,26,83.3,24.9,7.5,15.4,14.9,186.2,2735,3166,25,26,62,77,77,60,94,17,55,8,74,9,5,0,674,83,34,78,49,153,,,74,548,878,71,34,118,48,0,11,7,2,0,0,0,122,1011,100,4344,27,23,130,0,97,2203,0,0,4,6,6,2,0,4,4,6,2,18,16,53,53,12,0,0,,0,,0,,0,,0,,5,7.5,48.6,15.4,88.9,100,43.4,5.7,22.7,32.2,160.9,23,12.1,186.2,55.3,101,419,419,465,12,4,126,54,9,114,54,9,114,449,422,705,LB Coach
,0,1991,4,OAK,359292,1,0,0,,0,0,0,0,0,0,0,0,0,0,0,0,0,0,0,0,0,0,0,60,21,42,21,2,280,253,487,485,234,1,59.6,42,6.7,13.3,10.6,280,205,280,2,1,14,50,50,61,40,15,50,2,11,1,1,0,58,6,6,6,0,12,,,5,30,79,7,1,7,2,0,2,0,0,0,0,0,5,36,7,362,3,3,16,0,4,120,0,0,1,1,1,1,0,1,1,0,1,4,3,2,2,0,0,0,,0,,0,,0,,0,,3.4,6.7,50,13.3,75,100,51.7,5.3,30,60,205,21.7,21,280,47.6,11,29,31,20,0,0,13,4,1,10,4,1,10,28,42,41,
,0,1988,20,LOU,361299,17,0,0,,1,0,0,0,0,0,0,0,0,0,0,0,0,0,0,0,0,0,0,453,396,549,396,13,4085,3735,6308,5925,2573,32,102.8,32.3,7.4,10.3,3.9,240.3,1840,4085,15,32,64,71,71,67,35,16,50,13,295,20,14,19,427,110,14,66,12,105,,,22,151,847,103,13,81,32,0,19,11,1,0,0,0,102,796,80,3830,30,23,122,0,83,1601,0,2,5,7,4,2,1,4,7,3,1,20,16,46,46,11,0,0,,0,,0,,0,,0,,4.1,7.4,72.1,10.3,80,100,47.9,5.3,19.3,26.6,108.2,19.4,23.3,240.3,40.9,94,382,382,439,7,2,88,40,11,162,40,11,162,423,1179,0,DB Coach
,0,1989,20,LOU,361299,17,0,0,,0,0,0,0,0,0,0,0,0,0,0,0,0,0,0,0,0,0,0,431,476,691,476,7,4168,4102,6398,5957,2296,29,94.4,40.6,6,8.8,5.6,245.2,1789,4168,16,29,40,55,55,64,33,70,52,5,36,15,7,19,460,98,32,80,16,104,,,41,279,754,75,30,109,32,1,13,16,1,0,0,0,98,740,90,4145,32,28,334,0,81,1707,0,1,3,10,3,7,1,3,8,1,3,24,16,44,43,8,0,0,,0,,0,,0,,0,,4.2,6,68.9,8.8,66.7,97.7,46.1,11.9,21.1,25.4,105.2,20.9,28,245.2,42.9,91,367,373,455,8,0,90,31,2,204,31,2,204,432,1373,0,DB Coach
,0,1990,20,LOU,361299,17,0,0,,0,0,0,0,0,0,0,0,0,0,0,0,0,0,0,0,0,0,0,429,480,656,480,10,4945,4260,6612,6934,2352,46,111.5,38.6,7.5,10.3,6.2,290.9,1989,4945,16,46,60,52,52,63,99,78,52,9,151,17,10,2,544,133,25,51,18,77,,,43,337,718,53,30,75,30,0,11,12,0,0,0,0,110,922,55,2404,21,23,281,0,92,2009,1,0,9,7,7,6,0,7,7,5,2,29,21,61,60,11,0,0,,0,,0,,0,,0,,4.6,7.5,73.2,10.3,72.4,98.4,43.7,12.2,21.8,25.2,117,23.5,28.2,290.9,41.7,123,501,503,498,13,2,101,44,10,200,44,10,200,424,655,624,DB Coach
,0,1991,20,LOU,361299,1,0,0,,0,0,0,0,0,0,0,0,0,0,0,0,0,0,0,0,0,0,0,18,25,37,25,1,260,289,360,283,71,1,85.4,37,7,10.4,7.5,260,23,260,0,1,6,34,34,53,32,0,37,0,0,0,0,0,26,8,1,3,1,5,,,3,23,46,6,0,4,1,0,1,1,0,0,0,0,5,54,6,286,2,1,-2,0,7,138,0,0,0,1,0,1,0,0,1,0,0,2,1,1,1,0,0,0,,0,,0,,0,,0,,1.3,7,67.6,10.4,50,100,47.7,-2,19.7,18,23,5.6,25,260,48,4,10,10,34,0,0,1,3,0,12,3,0,12,28,36,42,
,0,1988,2,MIA,361637,17,0,0,,1,0,0,0,0,0,0,0,0,0,0,0,0,0,0,0,0,0,0,466,323,469,323,10,4011,3099,5703,5994,2604,36,111.8,27.6,8.6,12.4,5.8,235.9,1983,4011,16,36,75,72,72,62,34,17,47,7,150,18,8,15,400,119,11,67,7,99,,,29,220,835,108,30,79,36,1,15,17,1,0,0,0,98,851,77,3581,31,26,60,0,72,1435,0,1,5,7,6,2,1,4,4,6,0,21,15,49,49,17,0,0,,0,,0,,0,,0,,4.3,8.6,68.9,12.4,71.4,100,46.5,2.3,19.9,27.4,116.6,17.8,19,235.9,42.7,94,412,420,386,15,4,83,51,15,138,51,15,138,348,1016,0,LB Coach
,0,1989,2,MIA,361637,17,0,0,,1,0,0,0,0,0,0,0,0,0,0,0,0,0,0,0,0,0,0,399,389,580,389,14,4514,3817,5922,5975,2105,33,99.3,34.1,7.8,11.6,8.1,265.5,1461,4514,12,33,57,77,77,54,35,18,52,13,182,6,2,37,503,93,20,73,20,136,,,51,427,784,55,51,85,48,0,16,11,2,0,0,0,104,875,86,3567,25,28,167,0,68,1439,0,2,5,5,14,9,2,4,5,9,4,35,24,46,45,16,0,0,,0,,0,,0,,0,,3.7,7.8,67.1,11.6,68.6,97.8,41.5,6,21.2,23.5,85.9,16.5,22.9,265.5,44.5,117,399,401,383,5,2,66,56,16,173,56,16,173,411,1239,0,LB Coach
,0,1990,2,MIA,361637,17,0,0,,1,0,0,0,0,0,0,0,0,0,0,0,0,0,0,0,0,0,0,439,406,593,406,10,4626,3732,5726,6535,1994,34,103.7,34.9,7.8,11.4,4.8,272.1,1909,4626,22,34,69,76,76,68,98,19,52,8,125,10,4,13,491,89,17,73,7,89,,,30,239,777,75,39,75,47,0,11,12,2,0,0,1,127,964,62,3083,32,22,210,0,70,1557,1,1,6,13,10,3,1,4,8,5,2,33,20,57,57,20,0,0,,0,,0,,0,,0,,4.3,7.8,68.5,11.4,60.6,100,49.7,9.5,22.2,25.8,112.3,18,23.9,272.1,43.3,117,471,473,386,19,3,79,58,10,176,58,10,176,416,587,615,LB Coach
,0,1991,2,MIA,361637,1,0,0,,0,0,0,0,0,0,0,0,0,0,0,0,0,0,0,0,0,0,0,20,25,38,25,0,254,203,353,318,150,2,102.3,38,6.7,10.2,7.3,254,64,254,1,2,12,45,45,63,24,8,49,0,0,1,0,6,37,5,1,6,1,11,,,3,33,47,3,2,7,0,0,1,2,0,0,0,0,7,40,5,263,2,1,8,0,4,74,0,0,1,0,1,0,0,1,0,1,0,2,2,2,2,1,0,0,,0,,0,,0,,0,,3.2,6.7,65.8,10.2,100,100,52.6,8,18.5,20,64,25,25,254,40,8,26,28,21,0,0,5,4,1,10,4,1,10,38,35,52,
,0,1988,19,WAS,362095,17,0,0,,0,0,0,0,0,0,0,0,0,0,0,0,0,0,0,0,0,0,0,660,251,407,251,13,2625,3421,6965,5428,3544,19,82.6,23.9,6.4,10.5,6.9,154.4,2803,2625,21,19,55,49,49,62,43,17,48,9,110,16,9,34,396,115,21,48,17,144,,,30,206,861,88,10,67,22,1,18,16,1,0,0,1,93,708,82,3820,32,25,189,0,97,2393,0,1,3,6,17,2,1,1,3,8,0,29,13,39,38,10,0,0,,0,,0,,0,,0,,4.2,6.4,61.7,10.5,44.8,97.4,46.6,7.6,24.7,38.8,164.9,21.5,14.8,154.4,41.8,77,323,327,541,11,2,142,28,3,105,28,3,105,348,910,0,LB Coach
,0,1989,19,WAS,362095,17,0,0,,0,0,0,0,0,0,0,0,0,0,0,0,0,0,0,0,0,0,0,545,292,482,292,15,3137,4150,5930,5864,1780,19,79.9,28.4,6.5,10.7,6.9,184.5,2727,3137,16,19,56,66,66,61,43,18,52,7,104,12,9,47,481,89,23,63,21,149,,,36,221,790,92,45,86,40,0,21,11,3,1,0,0,110,874,70,3122,23,30,174,0,77,1637,0,3,8,9,7,4,3,6,6,5,2,31,22,38,38,16,0,0,,0,,0,,0,,0,,5,6.5,60.6,10.7,71,100,44.6,5.8,21.3,32.1,160.4,22.9,17.2,184.5,45.5,104,332,332,439,22,7,125,28,9,133,28,9,133,426,1089,0,LB Coach
,0,1990,19,WAS,362095,17,0,0,,0,0,0,0,0,0,0,0,0,0,0,0,0,0,0,0,0,0,0,553,274,506,274,16,2768,4523,7312,5270,2789,23,72,29.8,5.5,10.1,3.8,162.8,2502,2768,20,23,86,57,57,61,43,49,51,8,262,17,6,51,461,99,29,50,6,121,,,20,134,820,70,18,71,30,1,17,23,2,0,0,0,131,1040,83,3754,35,23,203,0,99,2581,0,2,3,8,13,4,2,2,7,13,2,30,26,44,43,14,0,0,,0,,0,,0,,0,,4.5,5.5,54.2,10.1,86.7,97.7,45.2,8.8,26.1,32.5,147.2,20.8,16.1,162.8,45.6,121,391,395,609,13,3,115,26,3,125,26,3,125,453,503,608,LB Coach
,0,1991,19,WAS,362095,1,0,0,,0,0,0,0,0,0,0,0,0,0,0,0,0,0,0,0,0,0,0,32,18,23,18,0,246,181,239,360,58,3,150.8,23,10.7,13.7,11.5,246,114,246,1,3,16,33,33,56,32,18,39,0,0,1,0,12,28,2,0,2,1,5,,,3,6,46,11,0,5,1,0,2,3,0,0,0,0,10,71,2,103,2,3,29,0,2,31,0,0,1,2,0,0,0,1,2,0,0,3,3,4,4,1,0,0,,0,,0,,0,,0,,3.6,10.7,78.3,13.7,100,100,51.5,9.7,15.5,32,114,25,18,246,55.6,13,37,37,13,0,0,8,3,0,10,3,0,10,20,27,28,
,0,1988,11,CHI,367876,17,0,0,,0,0,0,0,0,0,0,0,0,0,0,0,0,0,0,0,0,0,0,588,235,442,235,10,2418,4153,6587,5051,2434,15,71.1,26,5.5,10.3,6,142.2,2633,2418,16,15,64,58,58,64,100,79,46,10,182,8,5,5,440,85,31,66,19,163,,,28,191,944,96,27,97,19,1,18,15,2,0,0,0,132,1061,104,4704,48,29,354,0,86,2089,1,2,7,15,12,1,2,7,11,10,0,37,30,32,32,13,0,0,,0,,0,,0,,0,,4.5,5.5,53.2,10.3,81.1,100,45.2,12.2,24.3,34.6,154.9,18.5,13.8,142.2,39.6,122,326,332,468,22,10,109,28,3,93,28,3,93,445,1059,0,RB and Receivers Coach
,0,1989,11,CHI,367876,17,0,0,,0,0,0,0,0,0,0,0,0,0,0,0,0,0,0,0,0,0,0,573,304,506,304,18,3239,4178,6145,5966,1967,13,72.6,29.8,6.4,10.7,4.9,190.5,2727,3239,27,13,85,56,56,65,40,19,52,11,237,25,9,4,527,80,33,63,11,151,,,26,184,914,104,63,98,29,0,19,20,1,0,0,0,99,783,94,4401,38,39,262,0,71,1477,0,0,5,8,12,5,0,4,5,7,3,30,19,36,34,19,0,0,,0,,0,,0,,0,,4.8,6.4,60.1,10.7,63.3,94.4,46.8,6.7,20.8,33.7,160.4,18.7,17.9,190.5,45.1,91,337,343,387,20,5,107,30,4,137,30,4,137,468,1187,0,RB and Receivers Coach
,0,1990,11,CHI,367876,17,0,0,,1,0,0,0,0,0,0,0,0,0,0,0,0,0,0,0,0,0,0,470,440,646,440,9,4768,3590,5674,7277,2084,46,107.5,38,7.4,10.8,3.9,280.5,2509,4768,27,46,45,70,70,67,41,77,48,5,89,20,10,63,591,101,24,74,10,98,,,26,196,783,63,44,101,45,0,16,20,1,0,0,0,106,853,63,2766,22,29,241,0,79,1798,0,1,7,9,9,0,1,6,5,5,0,26,17,74,73,23,0,0,,0,,0,,0,,0,,5.3,7.4,68.1,10.8,65.4,98.6,43.9,8.3,22.8,27.6,147.6,27.7,25.9,280.5,48.2,124,568,568,386,14,1,130,42,7,212,42,7,212,398,651,617,RB and Receivers Coach
,0,1991,11,CHI,367876,1,0,0,,0,0,0,0,0,0,0,0,0,0,0,0,0,0,0,0,0,0,0,23,24,36,24,0,302,247,410,411,163,3,120.4,36,8.4,12.6,0,302,109,302,0,3,49,68,68,67,31,0,43,1,38,1,1,8,30,10,2,4,0,7,,,0,0,53,3,6,8,0,0,5,3,1,0,0,0,8,56,4,231,2,1,0,0,5,122,0,0,2,0,1,1,0,2,0,1,0,4,3,4,4,1,0,0,,0,,0,,0,,0,,4.7,8.4,66.7,12.6,75,100,57.8,0,24.4,23,109,26.1,24,302,37.5,13,37,37,31,1,1,6,3,1,9,3,1,9,36,37,49,
,0,1988,1,NYT,368990,17,0,0,,0,0,0,0,0,0,0,0,0,0,0,0,0,0,0,0,0,0,0,489,342,567,342,14,3487,3615,6065,5539,2450,23,81.2,33.4,6.1,10.2,7.4,205.1,2052,3487,15,23,34,81,81,66,39,32,49,6,118,29,13,22,505,113,36,36,31,142,,,45,314,839,109,18,58,14,0,19,28,1,0,0,1,92,814,94,4003,26,28,165,0,93,1577,0,0,3,6,9,4,0,3,5,7,0,22,15,35,34,13,0,0,,0,,0,,0,,0,,4.2,6.1,60.3,10.2,68.2,97.1,42.6,5.9,17,28.8,120.7,23.9,20.1,205.1,39.8,79,313,315,543,11,0,117,36,6,136,36,6,136,331,1012,0,DL Coach
,0,1989,1,NYT,368990,17,0,0,,0,0,0,0,0,0,0,0,0,0,0,0,0,0,0,0,0,0,0,386,404,656,404,13,4084,3400,6099,5679,2699,25,83.8,38.6,6.2,10.1,8.1,240.2,1595,4084,16,25,66,63,63,69,35,18,54,14,195,16,7,18,432,111,39,104,29,148,,,58,417,767,59,21,118,57,0,8,15,2,1,0,1,100,943,85,3951,23,32,185,0,79,1586,0,2,3,6,15,5,2,3,5,10,2,31,22,42,42,15,0,0,,0,,0,,0,,0,,4.1,6.2,61.6,10.1,71,100,46.5,5.8,20.1,22.7,93.8,21.2,23.8,240.2,40.3,108,366,366,444,7,1,82,41,8,163,41,8,163,378,1312,0,DL Coach
,0,1990,1,NYT,368990,17,0,0,,0,0,0,0,0,0,0,0,0,0,0,0,0,0,0,0,0,0,0,509,325,523,325,22,3358,3567,6239,5617,2672,20,75.8,30.8,6.4,10.3,5.6,197.5,2259,3358,15,20,74,64,64,62,75,70,49,3,4,16,8,51,408,101,25,50,10,128,,,31,213,823,71,42,84,42,1,18,20,0,0,0,0,127,988,77,3497,27,24,294,0,100,2409,0,2,6,9,20,3,2,5,7,13,0,40,27,32,32,12,0,0,,0,,0,,0,,0,,4.4,6.4,62.1,10.3,67.5,100,45.4,12.2,24.1,29.9,132.9,20.2,19.1,197.5,36.3,113,323,327,520,14,6,103,35,6,118,35,6,118,365,523,528,DL Coach
,0,1991,1,NYT,368990,1,0,0,,0,0,0,0,0,0,0,0,0,0,0,0,0,0,0,0,0,0,0,27,11,23,11,0,129,282,467,233,185,1,79.8,23,5.6,11.7,0,129,104,129,1,1,33,26,26,54,38,1,43,0,0,0,0,0,21,13,1,1,0,9,,,0,0,59,1,2,2,2,0,0,0,0,0,0,0,6,60,7,346,4,1,1,0,6,123,0,0,0,1,1,0,0,0,1,1,0,2,2,2,2,1,0,0,,0,,0,,0,,0,,3.9,5.6,47.8,11.7,100,100,49.4,1,20.5,27,104,7.4,11,129,45.5,8,20,20,31,1,0,2,1,0,5,1,0,5,21,23,27,
,0,1988,16,TB,369052,17,0,0,,0,0,0,0,0,0,0,0,0,0,0,0,0,0,0,0,0,0,0,566,288,440,288,11,3527,3356,6204,5887,2848,24,97.8,25.9,8,12.2,10.2,207.5,2360,3527,11,24,68,87,87,62,42,21,53,8,142,21,12,3,399,131,27,81,35,133,,,50,390,843,84,21,105,27,1,7,13,1,0,0,2,97,753,102,4439,35,33,229,0,90,1785,0,0,5,7,10,4,0,5,6,7,2,26,20,36,35,12,0,0,,0,,0,,0,,0,,4.2,8,65.5,12.2,76.9,97.2,43.5,6.9,19.8,33.3,138.8,17.7,16.9,207.5,42.4,95,311,313,480,18,4,100,40,11,122,40,11,122,389,1062,0,RB and Receivers Coach
,0,1989,16,TB,369052,17,0,0,,1,0,0,0,0,0,0,0,0,0,0,0,0,0,0,0,0,0,0,475,376,561,376,10,4062,3558,6314,6062,2756,37,102.7,33,7.2,10.8,7.1,238.9,2000,4062,13,37,51,73,73,65,95,17,55,13,103,21,10,51,460,99,22,91,23,150,,,43,306,842,71,48,109,34,0,20,22,0,0,0,0,105,895,101,4515,33,30,211,0,77,1911,1,1,5,7,8,5,1,4,5,8,4,26,22,49,47,15,0,0,,0,,0,,0,,0,,4.2,7.2,67,10.8,84.6,95.9,44.7,7,24.8,27.9,117.6,20,22.1,238.9,35.1,113,419,423,397,13,3,95,49,9,132,49,9,132,387,1196,0,RB and Receivers Coach
,0,1990,16,TB,369052,17,0,0,,1,0,0,0,0,0,0,0,0,0,0,0,0,0,0,0,0,0,0,541,400,563,400,8,4567,4013,6183,7025,2170,39,112.3,33.1,8.1,11.4,5.7,268.6,2458,4567,23,39,45,71,71,67,35,55,53,7,104,13,8,57,523,116,17,84,15,132,,,34,235,819,69,25,112,30,0,21,18,2,0,0,0,122,913,71,3304,29,30,133,1,90,1892,0,2,9,7,11,4,2,8,6,7,2,33,25,58,55,18,0,0,,0,,0,,0,,0,,4.5,8.1,71,11.4,75.8,94.8,46.5,4.4,21,31.8,144.6,21.1,23.5,268.6,43.5,130,520,528,475,11,5,114,46,13,174,46,13,174,414,570,626,RB and Receivers Coach
,0,1991,16,TB,369052,1,0,0,,0,0,0,0,0,0,0,0,0,0,0,0,0,0,0,0,0,0,0,30,16,23,16,1,164,163,326,286,163,1,86.1,23,7.1,10.2,14.8,164,122,164,0,1,20,19,19,55,37,17,46,1,74,2,2,0,21,6,0,3,2,9,,,4,30,50,4,0,5,0,0,0,0,0,0,0,0,5,50,4,177,1,1,17,0,5,147,0,0,0,0,2,0,0,0,0,2,0,2,2,1,1,0,0,0,,0,,0,,0,,0,,4.1,7.1,69.6,10.2,100,100,44.2,17,29.4,30,122,26.7,16,164,56.2,7,13,13,20,0,0,8,0,0,9,0,0,9,15,24,23,
,0,1988,6,NYG,374709,17,0,0,,1,0,0,0,0,0,0,0,0,0,0,0,0,0,0,0,0,0,0,465,322,487,322,6,4040,3224,5101,6218,1877,34,109.9,28.6,8.3,12.5,9,237.6,2178,4040,24,34,54,65,65,62,39,64,53,16,323,11,4,22,539,64,19,76,28,119,,,48,364,790,98,26,89,37,1,8,14,1,0,0,2,88,797,82,3784,33,31,312,0,63,1371,0,2,8,6,10,3,2,7,5,6,2,29,22,57,57,21,0,0,,0,,0,,0,,0,,4.7,8.3,66.1,12.5,75.9,100,46.1,10.1,21.8,27.4,128.1,22.2,18.9,237.6,46,123,477,481,284,14,3,103,58,8,148,58,8,148,405,1111,0,Offensive Coordinator
,0,1989,6,NYG,374709,17,0,0,,0,0,0,0,0,0,0,0,0,0,0,0,0,0,0,0,0,0,0,321,338,572,338,20,4168,3721,5518,5698,1797,27,82.9,33.6,7.3,12.3,11.3,245.2,1530,4168,14,27,72,61,61,63,40,59,57,11,97,18,11,16,555,61,22,69,46,167,,,73,535,778,86,45,96,50,1,15,13,2,0,0,1,91,709,88,3869,23,40,326,0,75,1642,0,2,4,5,13,6,2,4,4,8,5,30,23,43,42,14,0,0,,0,,0,,0,,0,,4.8,7.3,59.1,12.3,76.7,97.7,44,8.2,21.9,18.9,90,21.2,19.9,245.2,46.2,111,369,371,413,12,2,68,58,9,156,58,9,156,391,1145,0,Offensive Coordinator
,0,1990,6,NYG,374709,17,0,1,,1,0,0,0,0,0,0,0,0,0,0,0,0,0,0,0,0,0,0,384,336,488,336,10,5377,3520,5379,7293,1859,56,135.1,28.7,11,16,11.1,316.3,1916,5377,24,56,64,80,80,63,97,19,55,18,445,19,12,52,662,43,18,63,34,85,,,61,466,810,90,53,84,30,0,34,25,5,0,0,1,103,799,52,2310,19,22,150,0,70,1462,1,2,6,7,12,4,2,4,3,6,1,31,16,84,81,24,0,0,,0,,0,,0,,0,,5,11,68.9,16,51.6,96.4,44.4,6.8,20.9,22.6,112.7,20.8,19.8,316.3,52.4,129,645,647,374,10,5,80,88,17,176,88,17,176,395,475,585,Offensive Coordinator
,0,1991,6,NYG,374709,1,0,0,,0,0,0,0,0,0,0,0,0,0,0,0,0,0,0,0,0,0,0,15,18,34,18,0,242,326,402,319,76,1,85.7,34,7.1,13.4,2.9,242,77,242,1,1,31,33,33,63,35,0,0,0,0,2,1,0,39,5,0,5,0,9,,,1,9,47,4,5,5,1,0,0,1,0,0,0,0,10,60,5,241,3,0,0,0,6,142,0,0,0,0,1,0,0,0,0,0,0,1,0,2,2,1,0,0,,0,,0,,0,,0,,5.1,7.1,52.9,13.4,0,100,48.2,0,23.7,15,77,26.7,18,242,44.4,2,14,14,19,1,0,4,3,0,8,3,0,8,20,32,34,
,0,1988,1,NYT,375890,17,0,0,,0,0,0,0,0,0,0,0,0,0,0,0,0,0,0,0,0,0,0,489,342,567,342,14,3487,3615,6065,5539,2450,23,81.2,33.4,6.1,10.2,7.4,205.1,2052,3487,15,23,34,81,81,66,39,32,49,6,118,29,13,22,505,113,36,36,31,142,,,45,314,839,109,18,58,14,0,19,28,1,0,0,1,92,814,94,4003,26,28,165,0,93,1577,0,0,3,6,9,4,0,3,5,7,0,22,15,35,34,13,0,0,,0,,0,,0,,0,,4.2,6.1,60.3,10.2,68.2,97.1,42.6,5.9,17,28.8,120.7,23.9,20.1,205.1,39.8,79,313,315,543,11,0,117,36,6,136,36,6,136,331,1012,0,Head Scout
,0,1989,1,NYT,375890,17,0,0,,0,0,0,0,0,0,0,0,0,0,0,0,0,0,0,0,0,0,0,386,404,656,404,13,4084,3400,6099,5679,2699,25,83.8,38.6,6.2,10.1,8.1,240.2,1595,4084,16,25,66,63,63,69,35,18,54,14,195,16,7,18,432,111,39,104,29,148,,,58,417,767,59,21,118,57,0,8,15,2,1,0,1,100,943,85,3951,23,32,185,0,79,1586,0,2,3,6,15,5,2,3,5,10,2,31,22,42,42,15,0,0,,0,,0,,0,,0,,4.1,6.2,61.6,10.1,71,100,46.5,5.8,20.1,22.7,93.8,21.2,23.8,240.2,40.3,108,366,366,444,7,1,82,41,8,163,41,8,163,378,1312,0,Head Scout
,0,1990,1,NYT,375890,17,0,0,,0,0,0,0,0,0,0,0,0,0,0,0,0,0,0,0,0,0,0,509,325,523,325,22,3358,3567,6239,5617,2672,20,75.8,30.8,6.4,10.3,5.6,197.5,2259,3358,15,20,74,64,64,62,75,70,49,3,4,16,8,51,408,101,25,50,10,128,,,31,213,823,71,42,84,42,1,18,20,0,0,0,0,127,988,77,3497,27,24,294,0,100,2409,0,2,6,9,20,3,2,5,7,13,0,40,27,32,32,12,0,0,,0,,0,,0,,0,,4.4,6.4,62.1,10.3,67.5,100,45.4,12.2,24.1,29.9,132.9,20.2,19.1,197.5,36.3,113,323,327,520,14,6,103,35,6,118,35,6,118,365,523,528,Head Scout
,0,1991,1,NYT,375890,1,0,0,,0,0,0,0,0,0,0,0,0,0,0,0,0,0,0,0,0,0,0,27,11,23,11,0,129,282,467,233,185,1,79.8,23,5.6,11.7,0,129,104,129,1,1,33,26,26,54,38,1,43,0,0,0,0,0,21,13,1,1,0,9,,,0,0,59,1,2,2,2,0,0,0,0,0,0,0,6,60,7,346,4,1,1,0,6,123,0,0,0,1,1,0,0,0,1,1,0,2,2,2,2,1,0,0,,0,,0,,0,,0,,3.9,5.6,47.8,11.7,100,100,49.4,1,20.5,27,104,7.4,11,129,45.5,8,20,20,31,1,0,2,1,0,5,1,0,5,21,23,27,
,0,1988,15,SF,377186,17,0,0,,0,0,0,0,0,0,0,0,0,0,0,0,0,0,0,0,0,0,0,585,325,493,325,16,3632,2930,5701,6280,2771,38,99.9,29,7.4,11.2,3.5,213.6,2648,3632,19,38,87,66,66,62,89,60,47,8,162,15,7,13,467,105,16,52,9,86,,,18,137,876,78,33,76,33,0,15,14,2,0,0,0,94,722,73,3297,26,32,320,0,83,1794,0,2,7,8,8,0,2,6,5,6,0,25,19,57,57,18,0,0,,0,,0,,0,,0,,4.5,7.4,65.9,11.2,76,100,45.2,10,21.6,34.4,155.8,21.5,19.1,213.6,40.9,114,468,470,434,21,8,126,41,14,133,41,14,133,340,999,0,DB Coach
,0,1989,15,SF,377186,17,0,0,,1,0,0,0,0,0,0,0,0,0,0,0,0,0,0,0,0,0,0,539,386,584,386,3,4476,3411,5457,6928,2046,39,109.2,34.4,7.7,11.6,4.4,263.3,2452,4476,23,39,66,90,90,66,96,24,52,13,247,16,8,12,518,78,15,70,12,83,,,27,165,756,83,50,112,44,2,22,19,3,1,0,0,100,845,71,3421,26,34,209,0,60,1343,1,2,8,2,17,5,1,7,2,10,2,34,22,64,61,23,0,0,,0,,0,,0,,0,,4.5,7.7,66.1,11.6,64.7,95.3,48.2,6.1,22.4,31.7,144.2,22.8,22.7,263.3,42,127,523,531,305,15,2,123,51,14,162,51,14,162,365,1199,0,DB Coach
,0,1990,15,SF,377186,17,0,0,,1,0,0,0,0,0,0,0,0,0,0,0,0,0,0,0,0,0,0,614,338,469,338,7,3499,3573,6374,6159,2801,26,105.5,27.6,7.5,10.4,4.7,205.8,2660,3499,27,26,67,84,84,66,37,78,51,12,193,12,9,9,430,127,7,77,6,68,,,23,163,792,71,25,110,34,0,7,6,3,0,0,0,100,929,77,3657,38,37,436,0,85,1604,0,1,7,5,10,4,1,6,4,9,2,27,22,51,51,14,0,0,,0,,0,,0,,0,,4.3,7.5,72.1,10.4,81.5,100,47.5,11.8,18.9,36.1,156.5,21.3,19.9,205.8,43.8,117,453,461,453,14,2,131,32,7,148,32,7,148,388,474,620,DB Coach
,0,1991,15,SF,377186,1,0,0,,0,0,0,0,0,0,0,0,0,0,0,0,0,0,0,0,0,0,0,53,28,42,28,2,253,280,485,487,205,0,62.9,42,6,9,2.3,253,234,253,2,0,39,27,27,60,30,18,48,2,0,2,0,0,36,17,1,7,0,7,,,1,10,83,6,5,12,5,0,1,3,0,1,0,0,17,108,10,445,2,2,18,0,6,128,0,0,0,1,1,0,0,0,1,1,0,2,2,2,2,2,0,0,,0,,0,,0,,0,,4.4,6,66.7,9,100,100,44.5,9,21.3,53,234,20.8,28,253,53.6,8,20,20,31,1,0,11,2,0,15,2,0,15,27,41,46,
,0,1988,1,NYT,377626,17,0,0,,0,0,0,0,0,0,0,0,0,0,0,0,0,0,0,0,0,0,0,489,342,567,342,14,3487,3615,6065,5539,2450,23,81.2,33.4,6.1,10.2,7.4,205.1,2052,3487,15,23,34,81,81,66,39,32,49,6,118,29,13,22,505,113,36,36,31,142,,,45,314,839,109,18,58,14,0,19,28,1,0,0,1,92,814,94,4003,26,28,165,0,93,1577,0,0,3,6,9,4,0,3,5,7,0,22,15,35,34,13,0,0,,0,,0,,0,,0,,4.2,6.1,60.3,10.2,68.2,97.1,42.6,5.9,17,28.8,120.7,23.9,20.1,205.1,39.8,79,313,315,543,11,0,117,36,6,136,36,6,136,331,1012,0,RB and Receivers Coach
,0,1989,1,NYT,377626,17,0,0,,0,0,0,0,0,0,0,0,0,0,0,0,0,0,0,0,0,0,0,386,404,656,404,13,4084,3400,6099,5679,2699,25,83.8,38.6,6.2,10.1,8.1,240.2,1595,4084,16,25,66,63,63,69,35,18,54,14,195,16,7,18,432,111,39,104,29,148,,,58,417,767,59,21,118,57,0,8,15,2,1,0,1,100,943,85,3951,23,32,185,0,79,1586,0,2,3,6,15,5,2,3,5,10,2,31,22,42,42,15,0,0,,0,,0,,0,,0,,4.1,6.2,61.6,10.1,71,100,46.5,5.8,20.1,22.7,93.8,21.2,23.8,240.2,40.3,108,366,366,444,7,1,82,41,8,163,41,8,163,378,1312,0,RB and Receivers Coach
,0,1990,1,NYT,377626,17,0,0,,0,0,0,0,0,0,0,0,0,0,0,0,0,0,0,0,0,0,0,509,325,523,325,22,3358,3567,6239,5617,2672,20,75.8,30.8,6.4,10.3,5.6,197.5,2259,3358,15,20,74,64,64,62,75,70,49,3,4,16,8,51,408,101,25,50,10,128,,,31,213,823,71,42,84,42,1,18,20,0,0,0,0,127,988,77,3497,27,24,294,0,100,2409,0,2,6,9,20,3,2,5,7,13,0,40,27,32,32,12,0,0,,0,,0,,0,,0,,4.4,6.4,62.1,10.3,67.5,100,45.4,12.2,24.1,29.9,132.9,20.2,19.1,197.5,36.3,113,323,327,520,14,6,103,35,6,118,35,6,118,365,523,528,RB and Receivers Coach
,0,1991,1,NYT,377626,1,0,0,,0,0,0,0,0,0,0,0,0,0,0,0,0,0,0,0,0,0,0,27,11,23,11,0,129,282,467,233,185,1,79.8,23,5.6,11.7,0,129,104,129,1,1,33,26,26,54,38,1,43,0,0,0,0,0,21,13,1,1,0,9,,,0,0,59,1,2,2,2,0,0,0,0,0,0,0,6,60,7,346,4,1,1,0,6,123,0,0,0,1,1,0,0,0,1,1,0,2,2,2,2,1,0,0,,0,,0,,0,,0,,3.9,5.6,47.8,11.7,100,100,49.4,1,20.5,27,104,7.4,11,129,45.5,8,20,20,31,1,0,2,1,0,5,1,0,5,21,23,27,
,0,1988,14,ATL,378890,17,0,0,,1,0,0,0,0,0,0,0,0,0,0,0,0,0,0,0,0,0,0,533,269,411,269,8,3796,4169,6266,6082,2097,29,110.5,24.2,9.2,14.1,9.7,223.3,2286,3796,19,29,67,68,68,65,42,77,52,9,185,9,3,31,451,101,15,63,26,107,,,44,367,801,105,28,91,29,1,15,13,0,0,0,0,87,745,81,3604,27,25,305,1,77,1904,0,1,8,12,12,4,1,7,10,7,2,37,27,48,48,17,0,0,,0,,0,,0,,0,,4.3,9.2,65.5,14.1,73,100,44.5,12.2,24.7,31.4,134.5,19.9,15.8,223.3,47.2,129,423,427,398,13,6,106,56,15,127,56,15,127,408,974,0,DL Coach
,0,1989,14,ATL,378890,17,0,0,,0,0,0,0,0,0,0,0,0,0,0,0,0,0,0,0,0,0,0,459,283,474,283,10,4640,4509,6339,6450,1830,45,115.5,27.9,9.8,16.4,15.4,272.9,1810,4640,6,45,47,66,66,65,42,24,52,17,207,17,5,84,649,80,21,91,44,135,,,86,697,724,87,40,112,45,3,19,24,2,0,0,0,101,808,83,3957,28,36,317,0,73,1710,0,1,5,11,13,5,1,4,9,9,1,35,24,52,51,17,0,0,,0,,0,,0,,0,,3.9,9.8,59.7,16.4,68.6,98.1,47.7,8.8,23.4,27,106.5,16.6,16.6,272.9,47.7,123,441,449,445,12,2,76,83,24,135,83,24,135,429,1151,0,DL Coach
,0,1990,14,ATL,378890,17,0,0,,0,0,0,0,0,0,0,0,0,0,0,0,0,0,0,0,0,0,0,552,297,431,297,6,3211,4437,6826,5443,2389,23,102.5,25.4,7.5,10.8,5.9,188.9,2232,3211,22,23,53,62,62,67,92,41,52,9,101,18,11,35,383,89,15,57,9,81,,,27,192,790,86,25,93,24,0,15,16,1,0,0,0,88,643,84,4019,46,21,206,0,94,2224,0,0,8,12,5,4,0,7,12,4,3,29,26,45,44,13,0,0,,0,,0,,0,,0,,4,7.5,68.9,10.8,89.7,97.8,47.8,9.8,23.7,32.5,131.3,18.8,17.5,188.9,41.8,122,398,398,514,16,4,104,30,9,124,30,9,124,404,427,591,DL Coach
,0,1991,14,ATL,378890,1,0,0,,0,0,0,0,0,0,0,0,0,0,0,0,0,0,0,0,0,0,0,38,14,25,14,0,148,204,332,367,128,0,73.4,25,5.9,10.6,16.7,148,219,148,3,0,27,31,31,63,30,11,51,1,4,1,1,0,37,10,0,5,3,9,,,5,38,48,4,0,4,5,0,1,0,0,0,0,0,3,25,4,183,3,1,11,0,5,85,0,0,0,0,1,2,0,0,0,0,1,3,1,3,3,1,0,0,,0,,0,,0,,0,,5.8,5.9,56,10.6,33.3,100,45.8,11,17,38,219,23.7,14,148,42.9,6,24,24,28,1,0,9,1,0,6,1,0,6,31,21,47,
,0,1988,11,CHI,379702,17,0,0,,0,0,0,0,0,0,0,0,0,0,0,0,0,0,0,0,0,0,0,588,235,442,235,10,2418,4153,6587,5051,2434,15,71.1,26,5.5,10.3,6,142.2,2633,2418,16,15,64,58,58,64,100,79,46,10,182,8,5,5,440,85,31,66,19,163,,,28,191,944,96,27,97,19,1,18,15,2,0,0,0,132,1061,104,4704,48,29,354,0,86,2089,1,2,7,15,12,1,2,7,11,10,0,37,30,32,32,13,0,0,,0,,0,,0,,0,,4.5,5.5,53.2,10.3,81.1,100,45.2,12.2,24.3,34.6,154.9,18.5,13.8,142.2,39.6,122,326,332,468,22,10,109,28,3,93,28,3,93,445,1059,0,Defensive Coordinator
,0,1989,11,CHI,379702,17,0,0,,0,0,0,0,0,0,0,0,0,0,0,0,0,0,0,0,0,0,0,573,304,506,304,18,3239,4178,6145,5966,1967,13,72.6,29.8,6.4,10.7,4.9,190.5,2727,3239,27,13,85,56,56,65,40,19,52,11,237,25,9,4,527,80,33,63,11,151,,,26,184,914,104,63,98,29,0,19,20,1,0,0,0,99,783,94,4401,38,39,262,0,71,1477,0,0,5,8,12,5,0,4,5,7,3,30,19,36,34,19,0,0,,0,,0,,0,,0,,4.8,6.4,60.1,10.7,63.3,94.4,46.8,6.7,20.8,33.7,160.4,18.7,17.9,190.5,45.1,91,337,343,387,20,5,107,30,4,137,30,4,137,468,1187,0,Defensive Coordinator
,0,1990,11,CHI,379702,17,0,0,,1,0,0,0,0,0,0,0,0,0,0,0,0,0,0,0,0,0,0,470,440,646,440,9,4768,3590,5674,7277,2084,46,107.5,38,7.4,10.8,3.9,280.5,2509,4768,27,46,45,70,70,67,41,77,48,5,89,20,10,63,591,101,24,74,10,98,,,26,196,783,63,44,101,45,0,16,20,1,0,0,0,106,853,63,2766,22,29,241,0,79,1798,0,1,7,9,9,0,1,6,5,5,0,26,17,74,73,23,0,0,,0,,0,,0,,0,,5.3,7.4,68.1,10.8,65.4,98.6,43.9,8.3,22.8,27.6,147.6,27.7,25.9,280.5,48.2,124,568,568,386,14,1,130,42,7,212,42,7,212,398,651,617,Defensive Coordinator
,0,1991,11,CHI,379702,1,0,0,,0,0,0,0,0,0,0,0,0,0,0,0,0,0,0,0,0,0,0,23,24,36,24,0,302,247,410,411,163,3,120.4,36,8.4,12.6,0,302,109,302,0,3,49,68,68,67,31,0,43,1,38,1,1,8,30,10,2,4,0,7,,,0,0,53,3,6,8,0,0,5,3,1,0,0,0,8,56,4,231,2,1,0,0,5,122,0,0,2,0,1,1,0,2,0,1,0,4,3,4,4,1,0,0,,0,,0,,0,,0,,4.7,8.4,66.7,12.6,75,100,57.8,0,24.4,23,109,26.1,24,302,37.5,13,37,37,31,1,1,6,3,1,9,3,1,9,36,37,49,
,0,1988,9,LON,381420,17,0,0,,1,0,0,0,0,0,0,0,0,0,0,0,0,0,0,0,0,0,0,672,247,375,247,2,3512,3731,6147,6456,2416,26,116.9,22.1,9.4,14.2,6.7,206.6,2944,3512,18,26,71,54,54,70,34,46,57,8,96,28,16,13,550,98,12,51,13,103,,,27,202,842,93,47,69,23,1,13,19,0,0,0,0,103,897,86,4185,35,39,393,0,70,1430,0,1,8,9,11,4,1,6,7,8,3,33,25,44,44,18,0,0,,0,,0,,0,,0,,4.4,9.4,65.9,14.2,75.8,100,48.7,10.1,20.4,39.5,173.2,20.8,14.5,206.6,52.2,119,383,385,422,16,3,140,61,11,129,61,11,129,400,911,0,QB Coach
,0,1989,9,LON,381420,17,0,0,,1,0,0,0,0,0,0,0,0,0,0,0,0,0,0,0,0,0,0,561,240,391,240,5,3967,3792,5582,6358,1790,32,117.5,23,10.1,16.5,10.7,233.4,2391,3967,17,32,55,82,82,70,94,20,52,11,172,11,5,27,521,105,26,84,21,97,,,47,386,849,110,42,108,30,1,12,10,3,1,0,1,87,663,85,4033,31,39,262,0,67,1495,0,9,4,8,9,7,9,4,6,8,2,37,29,49,47,22,0,0,,0,,0,,0,,0,,4.3,10.1,61.4,16.5,78.4,95.9,47.4,6.7,22.3,33,140.6,17.3,14.1,233.4,54.6,134,446,452,367,16,6,97,63,17,131,63,17,131,468,1072,0,QB Coach
,0,1990,9,LON,381420,17,0,0,,1,0,0,0,0,0,0,0,0,0,0,0,0,0,0,0,0,0,0,393,339,539,339,5,6080,4446,6414,7997,1968,57,132.9,31.7,11.3,17.9,9.6,357.6,1917,6080,22,57,58,88,88,72,59,65,55,13,261,9,3,45,708,100,21,77,17,84,,,57,448,945,77,43,123,27,0,16,17,3,0,0,1,117,1030,70,3358,28,18,175,0,79,1636,0,0,4,12,12,6,0,2,11,10,3,34,26,81,79,25,0,0,,0,,0,,0,,0,,4.9,11.3,62.9,17.9,76.5,97.5,48,9.7,20.7,23.1,112.8,17.3,19.9,357.6,53.7,157,649,649,407,14,4,68,99,31,182,99,31,182,536,520,801,QB Coach
,0,1991,9,LON,381420,1,0,0,,0,0,0,0,0,0,0,0,0,0,0,0,0,0,0,0,0,0,0,29,17,29,17,0,326,242,319,402,77,1,109.3,29,11.2,19.2,14.7,326,76,326,0,1,20,68,68,56,32,14,51,0,0,0,0,0,42,1,0,9,1,5,,,5,45,31,3,1,6,7,0,2,1,0,0,0,0,3,15,3,152,1,2,14,0,3,61,0,0,1,2,1,1,0,1,1,1,1,5,4,1,1,1,0,0,,0,,0,,0,,0,,2.6,11.2,58.6,19.2,80,100,50.7,7,20.3,29,76,17.2,17,326,76.5,13,19,19,14,0,0,5,6,1,13,6,1,13,18,28,32,
,0,1988,15,SF,383628,17,0,0,,0,0,0,0,0,0,0,0,0,0,0,0,0,0,0,0,0,0,0,585,325,493,325,16,3632,2930,5701,6280,2771,38,99.9,29,7.4,11.2,3.5,213.6,2648,3632,19,38,87,66,66,62,89,60,47,8,162,15,7,13,467,105,16,52,9,86,,,18,137,876,78,33,76,33,0,15,14,2,0,0,0,94,722,73,3297,26,32,320,0,83,1794,0,2,7,8,8,0,2,6,5,6,0,25,19,57,57,18,0,0,,0,,0,,0,,0,,4.5,7.4,65.9,11.2,76,100,45.2,10,21.6,34.4,155.8,21.5,19.1,213.6,40.9,114,468,470,434,21,8,126,41,14,133,41,14,133,340,999,0,Special Teams Coach
,0,1989,15,SF,383628,17,0,0,,1,0,0,0,0,0,0,0,0,0,0,0,0,0,0,0,0,0,0,539,386,584,386,3,4476,3411,5457,6928,2046,39,109.2,34.4,7.7,11.6,4.4,263.3,2452,4476,23,39,66,90,90,66,96,24,52,13,247,16,8,12,518,78,15,70,12,83,,,27,165,756,83,50,112,44,2,22,19,3,1,0,0,100,845,71,3421,26,34,209,0,60,1343,1,2,8,2,17,5,1,7,2,10,2,34,22,64,61,23,0,0,,0,,0,,0,,0,,4.5,7.7,66.1,11.6,64.7,95.3,48.2,6.1,22.4,31.7,144.2,22.8,22.7,263.3,42,127,523,531,305,15,2,123,51,14,162,51,14,162,365,1199,0,Special Teams Coach
,0,1990,15,SF,383628,17,0,0,,1,0,0,0,0,0,0,0,0,0,0,0,0,0,0,0,0,0,0,614,338,469,338,7,3499,3573,6374,6159,2801,26,105.5,27.6,7.5,10.4,4.7,205.8,2660,3499,27,26,67,84,84,66,37,78,51,12,193,12,9,9,430,127,7,77,6,68,,,23,163,792,71,25,110,34,0,7,6,3,0,0,0,100,929,77,3657,38,37,436,0,85,1604,0,1,7,5,10,4,1,6,4,9,2,27,22,51,51,14,0,0,,0,,0,,0,,0,,4.3,7.5,72.1,10.4,81.5,100,47.5,11.8,18.9,36.1,156.5,21.3,19.9,205.8,43.8,117,453,461,453,14,2,131,32,7,148,32,7,148,388,474,620,Special Teams Coach
,0,1991,15,SF,383628,1,0,0,,0,0,0,0,0,0,0,0,0,0,0,0,0,0,0,0,0,0,0,53,28,42,28,2,253,280,485,487,205,0,62.9,42,6,9,2.3,253,234,253,2,0,39,27,27,60,30,18,48,2,0,2,0,0,36,17,1,7,0,7,,,1,10,83,6,5,12,5,0,1,3,0,1,0,0,17,108,10,445,2,2,18,0,6,128,0,0,0,1,1,0,0,0,1,1,0,2,2,2,2,2,0,0,,0,,0,,0,,0,,4.4,6,66.7,9,100,100,44.5,9,21.3,53,234,20.8,28,253,53.6,8,20,20,31,1,0,11,2,0,15,2,0,15,27,41,46,
,0,1988,13,MIN,384316,17,0,0,,0,0,0,0,0,0,0,0,0,0,0,0,0,0,0,0,0,0,0,693,227,331,227,5,3238,3156,5948,6326,2792,20,113.8,19.5,9.8,14.3,6.8,190.5,3088,3238,33,20,50,87,87,61,95,66,56,12,91,7,4,14,591,91,13,76,7,57,,,24,197,757,77,16,103,36,0,12,9,1,0,0,0,90,763,73,3321,33,35,381,0,78,1817,1,1,10,9,9,6,1,8,9,4,4,35,26,54,52,19,0,0,,0,,0,,0,,0,,4.5,9.8,68.6,14.3,74.3,96.3,45.5,10.9,23.3,40.8,181.6,21.2,13.4,190.5,55.1,130,460,462,415,16,2,147,50,11,125,50,11,125,324,866,0,Head Trainer
,0,1989,13,MIN,384316,17,0,0,,1,0,0,0,0,0,0,0,0,0,0,0,0,0,0,0,0,0,0,601,244,378,244,6,3467,3841,5715,6002,1874,22,106.9,22.2,9.2,14.2,10.4,203.9,2535,3467,27,22,57,72,72,61,43,35,49,8,143,11,8,28,623,56,20,91,26,95,,,44,326,737,76,29,108,58,0,19,11,1,0,0,0,70,581,69,3166,31,33,302,0,71,1513,0,3,4,14,13,2,3,3,11,10,0,36,27,49,47,15,0,0,,0,,0,,0,,0,,4.2,9.2,64.6,14.2,75,95.9,45.9,9.2,21.3,35.4,149.1,21.6,14.4,203.9,51.2,128,428,428,359,10,2,130,52,9,125,52,9,125,397,1034,0,Head Trainer
,0,1990,13,MIN,384316,17,0,0,,0,0,0,0,0,0,0,0,0,0,0,0,0,0,0,0,0,0,0,468,292,465,292,8,4520,4403,6200,6507,1797,43,118.6,27.4,9.7,15.5,8.8,265.9,1987,4520,19,43,72,83,83,61,43,58,52,8,158,8,5,1,709,62,21,58,28,105,,,45,332,821,75,25,90,37,0,4,5,1,0,0,1,108,890,68,2992,19,21,261,0,87,2045,0,2,6,7,10,3,2,6,6,7,2,28,23,62,60,17,0,0,,0,,0,,0,,0,,4.2,9.7,62.8,15.5,82.1,96.8,44,12.4,23.5,27.5,116.9,20.7,17.2,265.9,49.7,129,507,509,460,11,2,97,78,16,145,78,16,145,450,457,615,Head Trainer
,0,1991,13,MIN,384316,1,0,0,,0,0,0,0,0,0,0,0,0,0,0,0,0,0,0,0,0,0,0,32,17,22,17,0,228,223,363,366,140,3,149.2,22,10.4,13.4,4.3,228,138,228,1,3,24,48,48,64,39,0,17,0,0,0,0,2,22,10,0,4,1,4,,,1,11,56,4,2,6,2,0,2,1,0,0,0,0,2,20,3,145,2,1,0,0,7,167,0,1,0,0,0,0,1,0,0,0,0,1,1,4,4,2,0,0,,0,,0,,0,,0,,4.3,10.4,77.3,13.4,100,100,48.3,0,23.9,32,138,18.8,17,228,47.1,7,31,31,26,1,0,6,3,2,8,3,2,8,34,21,44,
,0,1988,1,NYT,386779,17,0,0,,0,4,13,0,0.235,0,0,0,0,0,0,0,0,0,0,0,0,0,0,489,342,567,342,14,3487,3615,6065,5539,2450,23,81.2,33.4,6.1,10.2,7.4,205.1,2052,3487,15,23,34,81,81,66,39,32,49,6,118,29,13,22,505,113,36,36,31,142,,,45,314,839,109,18,58,14,0,19,28,1,0,0,1,92,814,94,4003,26,28,165,0,93,1577,0,0,3,6,9,4,0,3,5,7,0,22,15,35,34,13,0,0,,0,,0,,0,,0,,4.2,6.1,60.3,10.2,68.2,97.1,42.6,5.9,17,28.8,120.7,23.9,20.1,205.1,39.8,79,313,315,543,11,0,117,36,6,136,36,6,136,331,1012,0,Head Coach
,0,1989,1,NYT,386779,17,0,0,,0,7,10,0,0.412,0,0,0,0,0,0,0,0,0,0,0,0,0,0,386,404,656,404,13,4084,3400,6099,5679,2699,25,83.8,38.6,6.2,10.1,8.1,240.2,1595,4084,16,25,66,63,63,69,35,18,54,14,195,16,7,18,432,111,39,104,29,148,,,58,417,767,59,21,118,57,0,8,15,2,1,0,1,100,943,85,3951,23,32,185,0,79,1586,0,2,3,6,15,5,2,3,5,10,2,31,22,42,42,15,0,0,,0,,0,,0,,0,,4.1,6.2,61.6,10.1,71,100,46.5,5.8,20.1,22.7,93.8,21.2,23.8,240.2,40.3,108,366,366,444,7,1,82,41,8,163,41,8,163,378,1312,0,Head Coach
,0,1990,1,NYT,386779,17,0,0,,0,4,13,0,0.235,0,0,0,0,0,0,0,0,0,0,0,0,0,0,509,325,523,325,22,3358,3567,6239,5617,2672,20,75.8,30.8,6.4,10.3,5.6,197.5,2259,3358,15,20,74,64,64,62,75,70,49,3,4,16,8,51,408,101,25,50,10,128,,,31,213,823,71,42,84,42,1,18,20,0,0,0,0,127,988,77,3497,27,24,294,0,100,2409,0,2,6,9,20,3,2,5,7,13,0,40,27,32,32,12,0,0,,0,,0,,0,,0,,4.4,6.4,62.1,10.3,67.5,100,45.4,12.2,24.1,29.9,132.9,20.2,19.1,197.5,36.3,113,323,327,520,14,6,103,35,6,118,35,6,118,365,523,528,Head Coach
,0,1991,1,NYT,386779,1,0,0,,0,0,1,0,0,0,0,0,0,0,0,0,0,0,0,0,0,0,0,27,11,23,11,0,129,282,467,233,185,1,79.8,23,5.6,11.7,0,129,104,129,1,1,33,26,26,54,38,1,43,0,0,0,0,0,21,13,1,1,0,9,,,0,0,59,1,2,2,2,0,0,0,0,0,0,0,6,60,7,346,4,1,1,0,6,123,0,0,0,1,1,0,0,0,1,1,0,2,2,2,2,1,0,0,,0,,0,,0,,0,,3.9,5.6,47.8,11.7,100,100,49.4,1,20.5,27,104,7.4,11,129,45.5,8,20,20,31,1,0,2,1,0,5,1,0,5,21,23,27,
,0,1988,17,CHC,387244,17,0,0,,1,0,0,0,0,0,0,0,0,0,0,0,0,0,0,0,0,0,0,481,358,542,358,11,3941,3270,4906,5770,1636,19,90.7,31.9,7.3,11,7,231.8,1829,3941,17,19,55,83,83,63,36,57,52,9,185,12,4,11,403,72,21,58,26,134,,,41,308,781,100,57,91,37,0,9,11,2,0,0,0,108,933,79,3554,27,41,295,0,69,1506,0,1,11,16,8,2,1,9,16,7,1,38,34,36,36,19,0,0,,0,,0,,0,,0,,3.8,7.3,66.1,11,89.5,100,45,7.2,21.8,28.3,107.6,17.5,21.1,231.8,42.5,138,366,368,303,14,4,84,45,8,152,45,8,152,349,1108,0,RB and Receivers Coach
,0,1989,17,CHC,387244,17,0,0,,0,0,0,0,0,0,0,0,0,0,0,0,0,0,0,0,0,0,0,362,390,608,390,11,3780,3874,6436,5246,2562,28,89.3,35.8,6.2,9.7,9.8,222.4,1466,3780,8,28,40,73,73,64,41,67,49,11,194,16,8,12,421,109,27,92,39,138,,,66,494,765,61,34,117,25,0,11,12,0,0,0,0,96,811,89,3935,27,25,177,0,92,1979,0,0,7,4,7,1,0,7,4,6,0,19,17,36,34,7,0,0,,0,,0,,0,,0,,4,6.2,64.1,9.7,89.5,94.4,44.2,7.1,21.5,21.3,86.2,21.8,22.9,222.4,39.7,85,301,301,551,7,0,79,33,6,155,33,6,155,413,1266,0,RB and Receivers Coach
,0,1990,17,CHC,387244,17,0,0,,0,0,0,0,0,0,0,0,0,0,0,0,0,0,0,0,0,0,0,512,314,530,314,7,2795,4103,7541,4582,3438,15,77.4,31.2,5.3,8.9,8.5,164.4,1787,2795,16,15,65,41,41,64,97,18,57,14,214,8,4,27,426,103,17,74,23,151,,,49,366,771,51,20,87,35,0,9,9,1,0,0,0,120,893,93,4259,42,22,190,0,112,2576,1,1,6,8,12,6,1,6,8,8,6,33,29,31,31,9,0,0,,0,,0,,0,,0,,3.5,5.3,59.2,8.9,87.9,100,45.8,8.6,23,30.1,105.1,16,18.5,164.4,39.2,118,316,316,650,8,3,82,18,1,123,18,1,123,351,531,555,RB and Receivers Coach
,0,1991,17,CHC,387244,1,0,0,,0,0,0,0,0,0,0,0,0,0,0,0,0,0,0,0,0,0,0,29,18,26,18,0,181,246,360,239,114,1,101.6,26,7,10.1,0,181,58,181,0,1,12,31,31,59,35,0,54,0,0,2,2,0,21,5,2,2,0,5,,,0,0,46,8,3,1,2,0,1,0,0,0,0,0,8,52,4,169,2,0,0,0,6,140,0,0,0,0,1,1,0,0,0,1,1,2,2,1,1,1,0,0,,0,,0,,0,,0,,2,7,69.2,10.1,100,100,42.2,0,23.3,29,58,20.7,18,181,55.6,7,13,13,37,0,0,6,2,0,10,2,0,10,29,26,35,
,0,1988,11,CHI,387639,17,0,0,,0,0,0,0,0,0,0,0,0,0,0,0,0,0,0,0,0,0,0,588,235,442,235,10,2418,4153,6587,5051,2434,15,71.1,26,5.5,10.3,6,142.2,2633,2418,16,15,64,58,58,64,100,79,46,10,182,8,5,5,440,85,31,66,19,163,,,28,191,944,96,27,97,19,1,18,15,2,0,0,0,132,1061,104,4704,48,29,354,0,86,2089,1,2,7,15,12,1,2,7,11,10,0,37,30,32,32,13,0,0,,0,,0,,0,,0,,4.5,5.5,53.2,10.3,81.1,100,45.2,12.2,24.3,34.6,154.9,18.5,13.8,142.2,39.6,122,326,332,468,22,10,109,28,3,93,28,3,93,445,1059,0,Head Scout
,0,1989,11,CHI,387639,17,0,0,,0,0,0,0,0,0,0,0,0,0,0,0,0,0,0,0,0,0,0,573,304,506,304,18,3239,4178,6145,5966,1967,13,72.6,29.8,6.4,10.7,4.9,190.5,2727,3239,27,13,85,56,56,65,40,19,52,11,237,25,9,4,527,80,33,63,11,151,,,26,184,914,104,63,98,29,0,19,20,1,0,0,0,99,783,94,4401,38,39,262,0,71,1477,0,0,5,8,12,5,0,4,5,7,3,30,19,36,34,19,0,0,,0,,0,,0,,0,,4.8,6.4,60.1,10.7,63.3,94.4,46.8,6.7,20.8,33.7,160.4,18.7,17.9,190.5,45.1,91,337,343,387,20,5,107,30,4,137,30,4,137,468,1187,0,Head Scout
,0,1990,11,CHI,387639,17,0,0,,1,0,0,0,0,0,0,0,0,0,0,0,0,0,0,0,0,0,0,470,440,646,440,9,4768,3590,5674,7277,2084,46,107.5,38,7.4,10.8,3.9,280.5,2509,4768,27,46,45,70,70,67,41,77,48,5,89,20,10,63,591,101,24,74,10,98,,,26,196,783,63,44,101,45,0,16,20,1,0,0,0,106,853,63,2766,22,29,241,0,79,1798,0,1,7,9,9,0,1,6,5,5,0,26,17,74,73,23,0,0,,0,,0,,0,,0,,5.3,7.4,68.1,10.8,65.4,98.6,43.9,8.3,22.8,27.6,147.6,27.7,25.9,280.5,48.2,124,568,568,386,14,1,130,42,7,212,42,7,212,398,651,617,Head Scout
,0,1991,11,CHI,387639,1,0,0,,0,0,0,0,0,0,0,0,0,0,0,0,0,0,0,0,0,0,0,23,24,36,24,0,302,247,410,411,163,3,120.4,36,8.4,12.6,0,302,109,302,0,3,49,68,68,67,31,0,43,1,38,1,1,8,30,10,2,4,0,7,,,0,0,53,3,6,8,0,0,5,3,1,0,0,0,8,56,4,231,2,1,0,0,5,122,0,0,2,0,1,1,0,2,0,1,0,4,3,4,4,1,0,0,,0,,0,,0,,0,,4.7,8.4,66.7,12.6,75,100,57.8,0,24.4,23,109,26.1,24,302,37.5,13,37,37,31,1,1,6,3,1,9,3,1,9,36,37,49,
,0,1988,5,BUF,387897,17,0,0,,1,0,0,0,0,0,0,0,0,0,0,0,0,0,0,0,0,0,0,741,273,386,273,8,2753,2941,5797,6402,2856,26,104.6,22.7,7.1,10.1,2.8,161.9,3649,2753,32,26,64,81,81,58,40,19,52,14,214,23,10,61,403,97,16,46,3,75,,,11,81,891,92,48,57,35,0,28,27,1,0,0,1,98,862,73,3162,28,34,240,0,77,1668,0,3,13,8,8,3,3,12,5,5,3,35,28,57,53,23,0,0,,0,,0,,0,,0,,4.9,7.1,70.7,10.1,80,93,43.3,7.1,21.7,43.6,214.6,25,16.1,161.9,38.5,137,491,491,391,24,3,185,26,9,105,26,9,105,346,888,0,Head Scout
,0,1989,5,BUF,387897,17,0,0,,1,0,0,0,0,0,0,0,0,0,0,0,0,0,0,0,0,0,0,598,317,518,317,10,3260,3460,4724,6022,1264,30,90.6,30.5,6.3,10.3,4.4,191.8,2762,3260,21,30,52,63,63,60,37,65,53,14,307,24,13,28,474,52,25,75,3,123,,,24,155,791,89,110,104,44,2,26,25,3,0,0,1,83,761,86,3764,27,45,327,1,61,1254,0,1,12,8,10,7,1,9,7,5,3,38,25,53,52,30,0,0,,0,,0,,0,,0,,4.6,6.3,61.2,10.3,65.8,98.1,43.8,7.3,20.6,35.2,162.5,20.9,18.6,191.8,42.9,127,457,463,266,24,3,125,32,5,136,32,5,136,364,1089,0,Head Scout
,0,1990,5,BUF,387897,17,0,0,,1,0,0,0,0,0,0,0,0,0,0,0,0,0,0,0,0,0,0,522,410,599,410,6,4477,4703,6264,6707,1561,32,103.9,35.2,7.5,10.9,5.4,263.4,2230,4477,22,32,58,92,92,61,55,18,53,9,107,16,11,9,485,68,17,67,12,117,,,34,251,858,85,87,102,51,2,18,15,2,1,0,0,115,949,87,3757,35,27,194,0,84,1995,0,0,8,7,17,7,0,7,7,15,4,39,33,53,52,23,0,0,,0,,0,,0,,0,,4.3,7.5,68.4,10.9,84.6,98.1,43.2,7.2,23.8,30.7,131.2,19.7,24.1,263.4,42,151,487,495,448,16,1,103,50,9,172,50,9,172,427,599,601,Head Scout
,0,1991,5,BUF,387897,1,0,0,,0,0,0,0,0,0,0,0,0,0,0,0,0,0,0,0,0,0,0,23,25,37,25,0,203,254,318,353,64,1,90.3,37,5.5,8.1,5.1,203,150,203,2,1,49,22,22,55,35,4,0,0,0,1,1,0,22,4,0,3,1,5,,,2,17,45,3,3,9,4,0,1,0,0,0,0,0,9,70,5,202,1,3,-4,0,5,122,0,0,0,0,0,0,0,0,0,0,0,0,0,3,3,1,0,0,,0,,0,,0,,0,,6.5,5.5,67.6,8.1,0,100,40.4,-1.3,24.4,23,150,21.7,25,203,28,3,21,21,28,1,1,5,1,0,7,1,0,7,31,40,41,
,0,1988,3,GB,388140,17,0,0,,0,0,0,0,0,0,0,0,0,0,0,0,0,0,0,0,0,0,0,526,312,462,312,15,3467,2837,5267,5988,2430,26,94.9,27.2,7.5,11.1,6.3,203.9,2521,3467,20,26,46,76,76,61,37,67,50,8,104,25,15,9,469,66,15,45,15,91,,,31,241,870,90,25,73,30,0,11,15,1,0,0,0,76,596,65,2933,25,26,174,0,72,1551,0,2,9,5,8,4,2,7,3,6,1,28,19,46,45,17,0,0,,0,,0,,0,,0,,4.8,7.5,67.5,11.1,67.9,97.8,45.1,6.7,21.5,30.9,148.3,23.6,18.4,203.9,45.2,102,384,384,330,15,1,124,42,9,141,42,9,141,362,1003,0,LB Coach
,0,1989,3,GB,388140,17,0,0,,0,0,0,0,0,0,0,0,0,0,0,0,0,0,0,0,0,0,0,406,348,649,348,5,3789,3902,6251,5428,2349,28,82.3,38.2,5.8,10.9,8.5,222.9,1639,3789,12,28,39,59,59,61,87,18,51,11,123,23,8,22,431,91,30,50,32,200,,,60,383,858,119,33,86,30,1,18,22,2,0,0,0,108,970,109,4852,40,31,162,0,95,2248,0,0,4,6,11,7,0,3,5,7,4,28,19,42,42,9,0,0,,0,,0,,0,,0,,4,5.8,53.6,10.9,67.9,100,44.5,5.2,23.7,23.9,96.4,17,20.5,222.9,41.7,99,351,353,520,15,0,69,35,8,145,35,8,145,399,1199,0,LB Coach
,0,1990,3,GB,388140,17,0,0,,0,0,0,0,0,0,0,0,0,0,0,0,0,0,0,0,0,0,0,577,297,469,297,10,3449,4664,7071,6001,2407,27,95.8,27.6,7.4,11.6,8.4,202.9,2552,3449,21,27,43,78,78,61,93,20,51,9,107,24,11,68,481,76,27,42,19,124,,,43,306,855,97,29,64,23,1,16,25,2,0,0,0,109,874,70,3117,29,20,181,0,106,2368,0,4,5,5,10,7,4,4,4,7,2,31,21,48,47,12,0,0,,0,,0,,0,,0,,4.4,7.4,63.3,11.6,67.7,97.9,44.5,9,22.3,33.9,150.1,23.6,17.5,202.9,41.8,110,410,414,593,15,1,136,39,11,124,39,11,124,454,466,593,LB Coach
,0,1991,3,GB,388140,1,0,0,,0,0,0,0,0,0,0,0,0,0,0,0,0,0,0,0,0,0,0,41,22,28,22,0,282,129,233,467,104,2,132.4,28,10.1,12.8,6.7,282,185,282,2,2,19,48,48,62,39,13,40,0,0,0,0,0,39,2,3,3,1,2,,,2,14,36,1,0,11,0,0,0,0,0,0,0,0,5,45,4,171,0,1,13,0,5,78,0,0,0,0,1,2,0,0,0,1,0,3,1,4,4,1,0,0,,0,,0,,0,,0,,4.5,10.1,78.6,12.8,33.3,100,42.8,13,15.6,41,185,24.4,22,282,54.5,7,31,31,20,0,0,10,3,1,12,3,1,12,14,28,26,
,0,1988,17,CHC,390490,17,0,0,,1,0,0,0,0,0,0,0,0,0,0,0,0,0,0,0,0,0,0,481,358,542,358,11,3941,3270,4906,5770,1636,19,90.7,31.9,7.3,11,7,231.8,1829,3941,17,19,55,83,83,63,36,57,52,9,185,12,4,11,403,72,21,58,26,134,,,41,308,781,100,57,91,37,0,9,11,2,0,0,0,108,933,79,3554,27,41,295,0,69,1506,0,1,11,16,8,2,1,9,16,7,1,38,34,36,36,19,0,0,,0,,0,,0,,0,,3.8,7.3,66.1,11,89.5,100,45,7.2,21.8,28.3,107.6,17.5,21.1,231.8,42.5,138,366,368,303,14,4,84,45,8,152,45,8,152,349,1108,0,Head Trainer
,0,1989,17,CHC,390490,17,0,0,,0,0,0,0,0,0,0,0,0,0,0,0,0,0,0,0,0,0,0,362,390,608,390,11,3780,3874,6436,5246,2562,28,89.3,35.8,6.2,9.7,9.8,222.4,1466,3780,8,28,40,73,73,64,41,67,49,11,194,16,8,12,421,109,27,92,39,138,,,66,494,765,61,34,117,25,0,11,12,0,0,0,0,96,811,89,3935,27,25,177,0,92,1979,0,0,7,4,7,1,0,7,4,6,0,19,17,36,34,7,0,0,,0,,0,,0,,0,,4,6.2,64.1,9.7,89.5,94.4,44.2,7.1,21.5,21.3,86.2,21.8,22.9,222.4,39.7,85,301,301,551,7,0,79,33,6,155,33,6,155,413,1266,0,Head Trainer
,0,1990,17,CHC,390490,17,0,0,,0,0,0,0,0,0,0,0,0,0,0,0,0,0,0,0,0,0,0,512,314,530,314,7,2795,4103,7541,4582,3438,15,77.4,31.2,5.3,8.9,8.5,164.4,1787,2795,16,15,65,41,41,64,97,18,57,14,214,8,4,27,426,103,17,74,23,151,,,49,366,771,51,20,87,35,0,9,9,1,0,0,0,120,893,93,4259,42,22,190,0,112,2576,1,1,6,8,12,6,1,6,8,8,6,33,29,31,31,9,0,0,,0,,0,,0,,0,,3.5,5.3,59.2,8.9,87.9,100,45.8,8.6,23,30.1,105.1,16,18.5,164.4,39.2,118,316,316,650,8,3,82,18,1,123,18,1,123,351,531,555,Head Trainer
,0,1991,17,CHC,390490,1,0,0,,0,0,0,0,0,0,0,0,0,0,0,0,0,0,0,0,0,0,0,29,18,26,18,0,181,246,360,239,114,1,101.6,26,7,10.1,0,181,58,181,0,1,12,31,31,59,35,0,54,0,0,2,2,0,21,5,2,2,0,5,,,0,0,46,8,3,1,2,0,1,0,0,0,0,0,8,52,4,169,2,0,0,0,6,140,0,0,0,0,1,1,0,0,0,1,1,2,2,1,1,1,0,0,,0,,0,,0,,0,,2,7,69.2,10.1,100,100,42.2,0,23.3,29,58,20.7,18,181,55.6,7,13,13,37,0,0,6,2,0,10,2,0,10,29,26,35,
,0,1988,4,OAK,396550,17,0,0,,0,0,0,0,0,0,0,0,0,0,0,0,0,0,0,0,0,0,0,648,153,277,153,5,2451,3203,5898,5560,2695,28,111.2,16.3,8.8,16,17.1,144.2,3109,2451,20,28,76,60,60,60,41,59,55,17,450,16,8,13,499,105,21,62,37,85,,,57,425,917,111,27,79,27,0,17,16,6,0,0,1,100,923,92,4167,33,23,236,0,78,1859,0,2,6,10,7,5,2,6,5,5,5,30,23,52,51,13,0,0,,0,,0,,0,,0,,4.8,8.8,55.2,16,76.7,98.1,45.3,10.3,23.8,38.1,182.9,18.7,9,144.2,51.6,120,444,448,410,22,5,121,42,11,79,42,11,79,434,909,0,Head Scout
,0,1989,4,OAK,396550,17,0,0,,0,0,0,0,0,0,0,0,0,0,0,0,0,0,0,0,0,0,0,608,305,497,305,15,3307,3839,6297,6381,2458,22,83.1,29.2,6.7,10.8,5.7,194.5,3074,3307,19,22,62,57,57,59,108,65,49,11,110,23,8,1,536,115,28,82,16,120,,,30,204,914,77,33,119,45,0,10,20,2,0,0,1,126,1018,99,4116,31,31,328,0,85,2043,2,4,5,14,11,1,3,5,12,6,0,35,26,45,45,14,0,0,,0,,0,,0,,0,,5.1,6.7,61.4,10.8,74.3,100,41.6,10.6,24,35.8,180.8,23.2,17.9,194.5,41.3,123,393,393,444,30,5,141,36,6,126,36,6,126,461,1222,0,Head Scout
,0,1990,4,OAK,396550,17,0,0,,0,0,0,0,0,0,0,0,0,0,0,0,0,0,0,0,0,0,0,548,206,424,206,11,3166,3578,6024,5901,2446,26,83.3,24.9,7.5,15.4,14.9,186.2,2735,3166,25,26,62,77,77,60,94,17,55,8,74,9,5,0,674,83,34,78,49,153,,,74,548,878,71,34,118,48,0,11,7,2,0,0,0,122,1011,100,4344,27,23,130,0,97,2203,0,0,4,6,6,2,0,4,4,6,2,18,16,53,53,12,0,0,,0,,0,,0,,0,,5,7.5,48.6,15.4,88.9,100,43.4,5.7,22.7,32.2,160.9,23,12.1,186.2,55.3,101,419,419,465,12,4,126,54,9,114,54,9,114,449,422,705,Head Scout
,0,1991,4,OAK,396550,1,0,0,,0,0,0,0,0,0,0,0,0,0,0,0,0,0,0,0,0,0,0,60,21,42,21,2,280,253,487,485,234,1,59.6,42,6.7,13.3,10.6,280,205,280,2,1,14,50,50,61,40,15,50,2,11,1,1,0,58,6,6,6,0,12,,,5,30,79,7,1,7,2,0,2,0,0,0,0,0,5,36,7,362,3,3,16,0,4,120,0,0,1,1,1,1,0,1,1,0,1,4,3,2,2,0,0,0,,0,,0,,0,,0,,3.4,6.7,50,13.3,75,100,51.7,5.3,30,60,205,21.7,21,280,47.6,11,29,31,20,0,0,13,4,1,10,4,1,10,28,42,41,
,0,1988,13,MIN,400360,17,0,0,,0,9,8,0,0.529,0,0,0,0,0,0,0,0,0,0,0,0,0,0,693,227,331,227,5,3238,3156,5948,6326,2792,20,113.8,19.5,9.8,14.3,6.8,190.5,3088,3238,33,20,50,87,87,61,95,66,56,12,91,7,4,14,591,91,13,76,7,57,,,24,197,757,77,16,103,36,0,12,9,1,0,0,0,90,763,73,3321,33,35,381,0,78,1817,1,1,10,9,9,6,1,8,9,4,4,35,26,54,52,19,0,0,,0,,0,,0,,0,,4.5,9.8,68.6,14.3,74.3,96.3,45.5,10.9,23.3,40.8,181.6,21.2,13.4,190.5,55.1,130,460,462,415,16,2,147,50,11,125,50,11,125,324,866,0,Head Coach
,0,1989,13,MIN,400360,17,0,0,,1,11,6,0,0.647,1,0,1,1,0,1,0,1,0,0,0,0,0,0,601,244,378,244,6,3467,3841,5715,6002,1874,22,106.9,22.2,9.2,14.2,10.4,203.9,2535,3467,27,22,57,72,72,61,43,35,49,8,143,11,8,28,623,56,20,91,26,95,,,44,326,737,76,29,108,58,0,19,11,1,0,0,0,70,581,69,3166,31,33,302,0,71,1513,0,3,4,14,13,2,3,3,11,10,0,36,27,49,47,15,0,0,,0,,0,,0,,0,,4.2,9.2,64.6,14.2,75,95.9,45.9,9.2,21.3,35.4,149.1,21.6,14.4,203.9,51.2,128,428,428,359,10,2,130,52,9,125,52,9,125,397,1034,0,Head Coach
,0,1990,13,MIN,400360,17,0,0,,0,9,8,0,0.529,0,0,0,0,0,0,0,0,0,0,0,0,0,0,468,292,465,292,8,4520,4403,6200,6507,1797,43,118.6,27.4,9.7,15.5,8.8,265.9,1987,4520,19,43,72,83,83,61,43,58,52,8,158,8,5,1,709,62,21,58,28,105,,,45,332,821,75,25,90,37,0,4,5,1,0,0,1,108,890,68,2992,19,21,261,0,87,2045,0,2,6,7,10,3,2,6,6,7,2,28,23,62,60,17,0,0,,0,,0,,0,,0,,4.2,9.7,62.8,15.5,82.1,96.8,44,12.4,23.5,27.5,116.9,20.7,17.2,265.9,49.7,129,507,509,460,11,2,97,78,16,145,78,16,145,450,457,615,Head Coach
,0,1991,13,MIN,400360,1,0,0,,0,1,0,0,1,0,0,0,0,0,0,0,0,0,0,0,0,0,0,32,17,22,17,0,228,223,363,366,140,3,149.2,22,10.4,13.4,4.3,228,138,228,1,3,24,48,48,64,39,0,17,0,0,0,0,2,22,10,0,4,1,4,,,1,11,56,4,2,6,2,0,2,1,0,0,0,0,2,20,3,145,2,1,0,0,7,167,0,1,0,0,0,0,1,0,0,0,0,1,1,4,4,2,0,0,,0,,0,,0,,0,,4.3,10.4,77.3,13.4,100,100,48.3,0,23.9,32,138,18.8,17,228,47.1,7,31,31,26,1,0,6,3,2,8,3,2,8,34,21,44,
,0,1988,14,ATL,405422,17,0,0,,1,0,0,0,0,0,0,0,0,0,0,0,0,0,0,0,0,0,0,533,269,411,269,8,3796,4169,6266,6082,2097,29,110.5,24.2,9.2,14.1,9.7,223.3,2286,3796,19,29,67,68,68,65,42,77,52,9,185,9,3,31,451,101,15,63,26,107,,,44,367,801,105,28,91,29,1,15,13,0,0,0,0,87,745,81,3604,27,25,305,1,77,1904,0,1,8,12,12,4,1,7,10,7,2,37,27,48,48,17,0,0,,0,,0,,0,,0,,4.3,9.2,65.5,14.1,73,100,44.5,12.2,24.7,31.4,134.5,19.9,15.8,223.3,47.2,129,423,427,398,13,6,106,56,15,127,56,15,127,408,974,0,Special Teams Coach
,0,1989,14,ATL,405422,17,0,0,,0,0,0,0,0,0,0,0,0,0,0,0,0,0,0,0,0,0,0,459,283,474,283,10,4640,4509,6339,6450,1830,45,115.5,27.9,9.8,16.4,15.4,272.9,1810,4640,6,45,47,66,66,65,42,24,52,17,207,17,5,84,649,80,21,91,44,135,,,86,697,724,87,40,112,45,3,19,24,2,0,0,0,101,808,83,3957,28,36,317,0,73,1710,0,1,5,11,13,5,1,4,9,9,1,35,24,52,51,17,0,0,,0,,0,,0,,0,,3.9,9.8,59.7,16.4,68.6,98.1,47.7,8.8,23.4,27,106.5,16.6,16.6,272.9,47.7,123,441,449,445,12,2,76,83,24,135,83,24,135,429,1151,0,Special Teams Coach
,0,1990,14,ATL,405422,17,0,0,,0,0,0,0,0,0,0,0,0,0,0,0,0,0,0,0,0,0,0,552,297,431,297,6,3211,4437,6826,5443,2389,23,102.5,25.4,7.5,10.8,5.9,188.9,2232,3211,22,23,53,62,62,67,92,41,52,9,101,18,11,35,383,89,15,57,9,81,,,27,192,790,86,25,93,24,0,15,16,1,0,0,0,88,643,84,4019,46,21,206,0,94,2224,0,0,8,12,5,4,0,7,12,4,3,29,26,45,44,13,0,0,,0,,0,,0,,0,,4,7.5,68.9,10.8,89.7,97.8,47.8,9.8,23.7,32.5,131.3,18.8,17.5,188.9,41.8,122,398,398,514,16,4,104,30,9,124,30,9,124,404,427,591,Special Teams Coach
,0,1991,14,ATL,405422,1,0,0,,0,0,0,0,0,0,0,0,0,0,0,0,0,0,0,0,0,0,0,38,14,25,14,0,148,204,332,367,128,0,73.4,25,5.9,10.6,16.7,148,219,148,3,0,27,31,31,63,30,11,51,1,4,1,1,0,37,10,0,5,3,9,,,5,38,48,4,0,4,5,0,1,0,0,0,0,0,3,25,4,183,3,1,11,0,5,85,0,0,0,0,1,2,0,0,0,0,1,3,1,3,3,1,0,0,,0,,0,,0,,0,,5.8,5.9,56,10.6,33.3,100,45.8,11,17,38,219,23.7,14,148,42.9,6,24,24,28,1,0,9,1,0,6,1,0,6,31,21,47,
,0,1988,15,SF,405657,17,0,0,,0,0,0,0,0,0,0,0,0,0,0,0,0,0,0,0,0,0,0,585,325,493,325,16,3632,2930,5701,6280,2771,38,99.9,29,7.4,11.2,3.5,213.6,2648,3632,19,38,87,66,66,62,89,60,47,8,162,15,7,13,467,105,16,52,9,86,,,18,137,876,78,33,76,33,0,15,14,2,0,0,0,94,722,73,3297,26,32,320,0,83,1794,0,2,7,8,8,0,2,6,5,6,0,25,19,57,57,18,0,0,,0,,0,,0,,0,,4.5,7.4,65.9,11.2,76,100,45.2,10,21.6,34.4,155.8,21.5,19.1,213.6,40.9,114,468,470,434,21,8,126,41,14,133,41,14,133,340,999,0,QB Coach
,0,1989,15,SF,405657,17,0,0,,1,0,0,0,0,0,0,0,0,0,0,0,0,0,0,0,0,0,0,539,386,584,386,3,4476,3411,5457,6928,2046,39,109.2,34.4,7.7,11.6,4.4,263.3,2452,4476,23,39,66,90,90,66,96,24,52,13,247,16,8,12,518,78,15,70,12,83,,,27,165,756,83,50,112,44,2,22,19,3,1,0,0,100,845,71,3421,26,34,209,0,60,1343,1,2,8,2,17,5,1,7,2,10,2,34,22,64,61,23,0,0,,0,,0,,0,,0,,4.5,7.7,66.1,11.6,64.7,95.3,48.2,6.1,22.4,31.7,144.2,22.8,22.7,263.3,42,127,523,531,305,15,2,123,51,14,162,51,14,162,365,1199,0,QB Coach
,0,1990,15,SF,405657,17,0,0,,1,0,0,0,0,0,0,0,0,0,0,0,0,0,0,0,0,0,0,614,338,469,338,7,3499,3573,6374,6159,2801,26,105.5,27.6,7.5,10.4,4.7,205.8,2660,3499,27,26,67,84,84,66,37,78,51,12,193,12,9,9,430,127,7,77,6,68,,,23,163,792,71,25,110,34,0,7,6,3,0,0,0,100,929,77,3657,38,37,436,0,85,1604,0,1,7,5,10,4,1,6,4,9,2,27,22,51,51,14,0,0,,0,,0,,0,,0,,4.3,7.5,72.1,10.4,81.5,100,47.5,11.8,18.9,36.1,156.5,21.3,19.9,205.8,43.8,117,453,461,453,14,2,131,32,7,148,32,7,148,388,474,620,QB Coach
,0,1991,15,SF,405657,1,0,0,,0,0,0,0,0,0,0,0,0,0,0,0,0,0,0,0,0,0,0,53,28,42,28,2,253,280,485,487,205,0,62.9,42,6,9,2.3,253,234,253,2,0,39,27,27,60,30,18,48,2,0,2,0,0,36,17,1,7,0,7,,,1,10,83,6,5,12,5,0,1,3,0,1,0,0,17,108,10,445,2,2,18,0,6,128,0,0,0,1,1,0,0,0,1,1,0,2,2,2,2,2,0,0,,0,,0,,0,,0,,4.4,6,66.7,9,100,100,44.5,9,21.3,53,234,20.8,28,253,53.6,8,20,20,31,1,0,11,2,0,15,2,0,15,27,41,46,
,0,1988,20,LOU,405873,17,0,0,,1,0,0,0,0,0,0,0,0,0,0,0,0,0,0,0,0,0,0,453,396,549,396,13,4085,3735,6308,5925,2573,32,102.8,32.3,7.4,10.3,3.9,240.3,1840,4085,15,32,64,71,71,67,35,16,50,13,295,20,14,19,427,110,14,66,12,105,,,22,151,847,103,13,81,32,0,19,11,1,0,0,0,102,796,80,3830,30,23,122,0,83,1601,0,2,5,7,4,2,1,4,7,3,1,20,16,46,46,11,0,0,,0,,0,,0,,0,,4.1,7.4,72.1,10.3,80,100,47.9,5.3,19.3,26.6,108.2,19.4,23.3,240.3,40.9,94,382,382,439,7,2,88,40,11,162,40,11,162,423,1179,0,OL Coach
,0,1989,20,LOU,405873,17,0,0,,0,0,0,0,0,0,0,0,0,0,0,0,0,0,0,0,0,0,0,431,476,691,476,7,4168,4102,6398,5957,2296,29,94.4,40.6,6,8.8,5.6,245.2,1789,4168,16,29,40,55,55,64,33,70,52,5,36,15,7,19,460,98,32,80,16,104,,,41,279,754,75,30,109,32,1,13,16,1,0,0,0,98,740,90,4145,32,28,334,0,81,1707,0,1,3,10,3,7,1,3,8,1,3,24,16,44,43,8,0,0,,0,,0,,0,,0,,4.2,6,68.9,8.8,66.7,97.7,46.1,11.9,21.1,25.4,105.2,20.9,28,245.2,42.9,91,367,373,455,8,0,90,31,2,204,31,2,204,432,1373,0,OL Coach
,0,1990,20,LOU,405873,17,0,0,,0,0,0,0,0,0,0,0,0,0,0,0,0,0,0,0,0,0,0,429,480,656,480,10,4945,4260,6612,6934,2352,46,111.5,38.6,7.5,10.3,6.2,290.9,1989,4945,16,46,60,52,52,63,99,78,52,9,151,17,10,2,544,133,25,51,18,77,,,43,337,718,53,30,75,30,0,11,12,0,0,0,0,110,922,55,2404,21,23,281,0,92,2009,1,0,9,7,7,6,0,7,7,5,2,29,21,61,60,11,0,0,,0,,0,,0,,0,,4.6,7.5,73.2,10.3,72.4,98.4,43.7,12.2,21.8,25.2,117,23.5,28.2,290.9,41.7,123,501,503,498,13,2,101,44,10,200,44,10,200,424,655,624,OL Coach
,0,1991,20,LOU,405873,1,0,0,,0,0,0,0,0,0,0,0,0,0,0,0,0,0,0,0,0,0,0,18,25,37,25,1,260,289,360,283,71,1,85.4,37,7,10.4,7.5,260,23,260,0,1,6,34,34,53,32,0,37,0,0,0,0,0,26,8,1,3,1,5,,,3,23,46,6,0,4,1,0,1,1,0,0,0,0,5,54,6,286,2,1,-2,0,7,138,0,0,0,1,0,1,0,0,1,0,0,2,1,1,1,0,0,0,,0,,0,,0,,0,,1.3,7,67.6,10.4,50,100,47.7,-2,19.7,18,23,5.6,25,260,48,4,10,10,34,0,0,1,3,0,12,3,0,12,28,36,42,
,0,1988,7,CIN,406991,17,0,1,,1,0,0,0,0,0,0,0,0,0,0,0,0,0,0,0,0,0,0,521,349,508,349,13,3873,2769,4792,5937,2023,30,100.1,29.9,7.6,11.1,5,227.8,2064,3873,19,30,47,74,74,62,96,62,53,12,205,19,8,30,463,84,19,76,10,120,,,27,227,789,94,19,101,29,0,22,23,4,0,0,1,91,789,84,3645,30,38,289,0,68,1625,1,3,8,6,9,2,3,7,5,7,2,28,24,52,52,19,0,0,,0,,0,,0,,0,,4,7.6,68.7,11.1,85.7,100,43.4,7.6,23.9,30.6,121.4,18.4,20.5,227.8,46.4,124,448,450,270,18,2,96,39,8,162,39,8,162,346,1086,0,Head Scout
,0,1989,7,CIN,406991,17,0,0,,0,0,0,0,0,0,0,0,0,0,0,0,0,0,0,0,0,0,0,344,291,672,291,15,3151,3659,6870,4011,3211,15,55.8,39.5,4.7,10.8,10.2,185.4,860,3151,2,15,31,72,72,59,103,19,46,15,275,20,7,3,470,133,65,89,44,270,,,76,499,874,71,19,119,35,0,12,18,0,0,0,1,96,851,139,6057,38,25,118,0,97,2231,1,2,2,7,7,4,2,2,5,6,0,22,15,18,17,2,0,0,,0,,0,,0,,0,,2.5,4.7,43.3,10.8,68.2,94.4,43.6,4.7,23,20.2,50.6,12.8,17.1,185.4,44,62,170,170,517,3,0,44,34,7,128,34,7,128,458,1402,0,Head Scout
,0,1990,7,CIN,406991,17,0,0,,1,0,0,0,0,0,0,0,0,0,0,0,0,0,0,0,0,0,0,377,420,629,420,9,4884,3015,5275,6381,2260,28,99,37,7.8,11.6,4.4,287.3,1497,4884,17,28,53,72,72,69,108,75,53,6,83,17,11,2,469,90,25,83,12,116,,,29,219,754,67,49,104,57,1,5,8,1,0,0,0,119,927,73,3555,26,32,292,0,80,1721,1,0,12,9,10,4,0,11,8,7,2,35,28,45,44,18,0,0,,0,,0,,0,,0,,4,7.8,66.8,11.6,80,97.8,48.7,9.1,21.5,22.2,88.1,19.6,24.7,287.3,43.1,128,410,414,380,11,2,74,61,15,181,61,15,181,352,631,592,Head Scout
,0,1991,7,CIN,406991,1,0,0,,0,0,0,0,0,0,0,0,0,0,0,0,0,0,0,0,0,0,0,30,22,35,22,1,204,148,367,332,219,4,104.9,35,5.8,9.3,0,204,128,204,0,4,18,38,38,52,33,0,0,0,0,1,0,17,19,4,2,5,0,10,,,0,0,53,5,5,5,5,0,1,2,0,0,0,0,7,57,5,205,1,0,0,0,5,142,0,0,1,0,0,0,0,0,0,0,0,1,0,4,4,1,0,0,,0,,0,,0,,0,,4.3,5.8,62.9,9.3,0,100,41,0,28.4,30,128,23.3,22,204,40.9,4,28,28,24,0,0,7,2,0,9,2,0,9,17,34,27,
,0,1988,14,ATL,408669,17,0,0,,1,0,0,0,0,0,0,0,0,0,0,0,0,0,0,0,0,0,0,533,269,411,269,8,3796,4169,6266,6082,2097,29,110.5,24.2,9.2,14.1,9.7,223.3,2286,3796,19,29,67,68,68,65,42,77,52,9,185,9,3,31,451,101,15,63,26,107,,,44,367,801,105,28,91,29,1,15,13,0,0,0,0,87,745,81,3604,27,25,305,1,77,1904,0,1,8,12,12,4,1,7,10,7,2,37,27,48,48,17,0,0,,0,,0,,0,,0,,4.3,9.2,65.5,14.1,73,100,44.5,12.2,24.7,31.4,134.5,19.9,15.8,223.3,47.2,129,423,427,398,13,6,106,56,15,127,56,15,127,408,974,0,Head Scout
,0,1989,14,ATL,408669,17,0,0,,0,0,0,0,0,0,0,0,0,0,0,0,0,0,0,0,0,0,0,459,283,474,283,10,4640,4509,6339,6450,1830,45,115.5,27.9,9.8,16.4,15.4,272.9,1810,4640,6,45,47,66,66,65,42,24,52,17,207,17,5,84,649,80,21,91,44,135,,,86,697,724,87,40,112,45,3,19,24,2,0,0,0,101,808,83,3957,28,36,317,0,73,1710,0,1,5,11,13,5,1,4,9,9,1,35,24,52,51,17,0,0,,0,,0,,0,,0,,3.9,9.8,59.7,16.4,68.6,98.1,47.7,8.8,23.4,27,106.5,16.6,16.6,272.9,47.7,123,441,449,445,12,2,76,83,24,135,83,24,135,429,1151,0,Head Scout
,0,1990,14,ATL,408669,17,0,0,,0,0,0,0,0,0,0,0,0,0,0,0,0,0,0,0,0,0,0,552,297,431,297,6,3211,4437,6826,5443,2389,23,102.5,25.4,7.5,10.8,5.9,188.9,2232,3211,22,23,53,62,62,67,92,41,52,9,101,18,11,35,383,89,15,57,9,81,,,27,192,790,86,25,93,24,0,15,16,1,0,0,0,88,643,84,4019,46,21,206,0,94,2224,0,0,8,12,5,4,0,7,12,4,3,29,26,45,44,13,0,0,,0,,0,,0,,0,,4,7.5,68.9,10.8,89.7,97.8,47.8,9.8,23.7,32.5,131.3,18.8,17.5,188.9,41.8,122,398,398,514,16,4,104,30,9,124,30,9,124,404,427,591,Head Scout
,0,1991,14,ATL,408669,1,0,0,,0,0,0,0,0,0,0,0,0,0,0,0,0,0,0,0,0,0,0,38,14,25,14,0,148,204,332,367,128,0,73.4,25,5.9,10.6,16.7,148,219,148,3,0,27,31,31,63,30,11,51,1,4,1,1,0,37,10,0,5,3,9,,,5,38,48,4,0,4,5,0,1,0,0,0,0,0,3,25,4,183,3,1,11,0,5,85,0,0,0,0,1,2,0,0,0,0,1,3,1,3,3,1,0,0,,0,,0,,0,,0,,5.8,5.9,56,10.6,33.3,100,45.8,11,17,38,219,23.7,14,148,42.9,6,24,24,28,1,0,9,1,0,6,1,0,6,31,21,47,
,0,1988,19,WAS,411475,17,0,0,,0,0,0,0,0,0,0,0,0,0,0,0,0,0,0,0,0,0,0,660,251,407,251,13,2625,3421,6965,5428,3544,19,82.6,23.9,6.4,10.5,6.9,154.4,2803,2625,21,19,55,49,49,62,43,17,48,9,110,16,9,34,396,115,21,48,17,144,,,30,206,861,88,10,67,22,1,18,16,1,0,0,1,93,708,82,3820,32,25,189,0,97,2393,0,1,3,6,17,2,1,1,3,8,0,29,13,39,38,10,0,0,,0,,0,,0,,0,,4.2,6.4,61.7,10.5,44.8,97.4,46.6,7.6,24.7,38.8,164.9,21.5,14.8,154.4,41.8,77,323,327,541,11,2,142,28,3,105,28,3,105,348,910,0,DB Coach
,0,1989,19,WAS,411475,17,0,0,,0,0,0,0,0,0,0,0,0,0,0,0,0,0,0,0,0,0,0,545,292,482,292,15,3137,4150,5930,5864,1780,19,79.9,28.4,6.5,10.7,6.9,184.5,2727,3137,16,19,56,66,66,61,43,18,52,7,104,12,9,47,481,89,23,63,21,149,,,36,221,790,92,45,86,40,0,21,11,3,1,0,0,110,874,70,3122,23,30,174,0,77,1637,0,3,8,9,7,4,3,6,6,5,2,31,22,38,38,16,0,0,,0,,0,,0,,0,,5,6.5,60.6,10.7,71,100,44.6,5.8,21.3,32.1,160.4,22.9,17.2,184.5,45.5,104,332,332,439,22,7,125,28,9,133,28,9,133,426,1089,0,DB Coach
,0,1990,19,WAS,411475,17,0,0,,0,0,0,0,0,0,0,0,0,0,0,0,0,0,0,0,0,0,0,553,274,506,274,16,2768,4523,7312,5270,2789,23,72,29.8,5.5,10.1,3.8,162.8,2502,2768,20,23,86,57,57,61,43,49,51,8,262,17,6,51,461,99,29,50,6,121,,,20,134,820,70,18,71,30,1,17,23,2,0,0,0,131,1040,83,3754,35,23,203,0,99,2581,0,2,3,8,13,4,2,2,7,13,2,30,26,44,43,14,0,0,,0,,0,,0,,0,,4.5,5.5,54.2,10.1,86.7,97.7,45.2,8.8,26.1,32.5,147.2,20.8,16.1,162.8,45.6,121,391,395,609,13,3,115,26,3,125,26,3,125,453,503,608,DB Coach
,0,1991,19,WAS,411475,1,0,0,,0,0,0,0,0,0,0,0,0,0,0,0,0,0,0,0,0,0,0,32,18,23,18,0,246,181,239,360,58,3,150.8,23,10.7,13.7,11.5,246,114,246,1,3,16,33,33,56,32,18,39,0,0,1,0,12,28,2,0,2,1,5,,,3,6,46,11,0,5,1,0,2,3,0,0,0,0,10,71,2,103,2,3,29,0,2,31,0,0,1,2,0,0,0,1,2,0,0,3,3,4,4,1,0,0,,0,,0,,0,,0,,3.6,10.7,78.3,13.7,100,100,51.5,9.7,15.5,32,114,25,18,246,55.6,13,37,37,13,0,0,8,3,0,10,3,0,10,20,27,28,
,0,1988,8,SEA,411655,17,0,0,,0,0,0,0,0,0,0,0,0,0,0,0,0,0,0,0,0,0,0,460,402,587,402,7,4014,4095,6693,6165,2598,26,97.4,34.5,6.8,10,4.1,236.1,2151,4014,22,26,36,88,88,62,38,18,51,6,85,9,5,17,486,94,23,44,15,108,,,25,178,829,84,33,73,33,0,21,11,1,0,0,0,96,834,75,3428,33,36,263,0,73,1609,0,1,6,8,18,5,1,4,6,11,2,38,24,49,47,20,0,0,,0,,0,,0,,0,,4.7,6.8,68.5,10,63.2,95.9,45.7,7.3,22,27.1,126.5,22.6,23.6,236.1,42.8,119,413,413,476,9,0,104,29,8,172,29,8,172,407,1149,0,Offensive Coordinator
,0,1989,8,SEA,411655,17,0,0,,1,0,0,0,0,0,0,0,0,0,0,0,0,0,0,0,0,0,0,393,389,593,389,10,3826,3600,5867,5752,2267,32,94.6,34.9,6.5,9.8,4.5,225.1,1926,3826,17,32,60,61,61,65,103,27,54,9,194,17,10,1,444,96,12,80,10,122,,,28,221,833,70,46,113,59,0,14,9,2,0,0,0,98,733,71,3358,42,30,287,0,62,1567,1,1,5,9,14,2,1,2,7,9,2,31,21,51,49,21,0,0,,0,,0,,0,,0,,4.9,6.5,65.6,9.8,67.7,96.1,47.3,9.6,25.3,23.1,113.3,25.4,22.9,225.1,40.6,112,424,426,335,12,2,100,35,6,158,35,6,158,412,1268,0,Offensive Coordinator
,0,1990,8,SEA,411655,17,0,0,,0,0,0,0,0,0,0,0,0,0,0,0,0,0,0,0,0,0,0,564,332,487,332,4,3145,4679,6974,5841,2295,29,102.2,28.6,6.5,9.5,6.7,185,2696,3145,17,29,61,52,52,66,42,67,50,6,79,19,12,7,422,112,11,73,12,110,,,35,256,822,64,29,77,48,0,13,12,0,0,0,1,105,849,90,4359,40,32,368,0,94,1829,0,1,4,9,11,3,1,3,8,9,1,28,22,44,43,12,0,0,,0,,0,,0,,0,,4.8,6.5,68.2,9.5,78.6,97.7,48.4,11.5,19.5,33.2,158.6,22.9,19.5,185,40.7,109,385,387,468,17,2,129,22,2,135,22,2,135,491,485,697,Offensive Coordinator
,0,1991,8,SEA,411655,1,0,0,,0,0,0,0,0,0,0,0,0,0,0,0,0,0,0,0,0,0,0,29,27,36,27,0,223,228,366,363,138,1,99.7,36,6.2,8.3,5.3,223,140,223,1,1,17,17,17,35,40,0,52,0,0,2,1,0,19,8,1,2,1,8,,,2,6,46,3,1,2,3,0,0,1,0,0,0,0,3,35,1,35,0,0,0,0,5,154,0,0,1,0,2,1,0,1,0,2,1,4,4,2,2,0,0,0,,0,,0,,0,,0,,4.8,6.2,75,8.3,100,100,35,0,30.8,29,140,27.6,27,223,51.9,14,26,26,31,0,0,8,0,0,14,0,0,14,18,36,22,
,0,1988,12,DET,413142,17,0,0,,1,0,0,0,0,0,0,0,0,0,0,0,0,0,0,0,0,0,0,637,342,475,342,6,3663,3027,5167,6420,2140,31,110.7,27.9,7.7,10.7,4.2,215.5,2757,3663,29,31,62,80,80,66,36,18,54,8,130,20,11,17,487,69,21,63,9,71,,,21,160,841,105,40,75,42,0,28,26,1,0,0,0,83,695,65,2927,19,31,264,0,69,1298,0,4,12,12,4,10,4,12,11,3,5,42,35,57,57,25,0,0,,0,,0,,0,,0,,4.3,7.7,72,10.7,83.3,100,45,8.5,18.8,37.5,162.2,19.8,20.1,215.5,47.7,162,528,532,301,13,4,126,33,5,163,33,5,163,349,1008,0,RB and Receivers Coach
,0,1989,12,DET,413142,17,0,0,,1,0,0,0,0,0,0,0,0,0,0,0,0,0,0,0,0,0,0,510,350,512,350,13,4146,4001,5534,6515,1533,43,110.2,30.1,8.1,11.8,6.7,243.9,2369,4146,24,43,48,74,74,67,104,72,49,18,310,19,8,14,509,81,20,101,15,83,,,37,256,800,81,29,145,53,0,12,17,4,0,0,1,98,829,83,4066,38,32,442,0,76,1700,1,5,6,9,11,2,5,6,8,8,0,33,27,70,69,26,0,0,,0,,0,,0,,0,,4.6,8.1,68.4,11.8,81.8,98.6,49,13.8,22.4,30,139.4,22.4,20.6,243.9,40.9,150,582,584,329,12,3,114,48,12,143,48,12,143,441,1259,0,RB and Receivers Coach
,0,1990,12,DET,413142,17,0,0,,0,0,0,0,0,0,0,0,0,0,0,0,0,0,0,0,0,0,0,436,419,616,419,9,4570,4060,6095,6306,2035,33,101.4,36.2,7.4,10.9,4.8,268.8,1736,4570,19,33,67,83,83,69,42,26,51,11,157,20,16,58,550,120,22,77,14,88,,,31,251,856,83,33,97,31,0,18,17,3,1,0,0,109,938,80,3635,30,27,232,0,83,1714,0,3,7,6,12,4,3,7,5,7,1,32,23,54,54,14,0,0,,0,,0,,0,,0,,4,7.4,68,10.9,71.9,100,45.4,8.6,20.7,25.6,102.1,17,24.6,268.8,43,123,453,455,436,10,2,74,45,12,180,45,12,180,444,611,644,RB and Receivers Coach
,0,1991,12,DET,413142,1,0,0,,0,0,0,0,0,0,0,0,0,0,0,0,0,0,0,0,0,0,0,26,25,39,25,0,289,260,283,360,23,1,94.9,39,7.4,11.6,0,289,71,289,3,1,13,43,43,65,32,17,48,1,-2,1,1,0,32,3,3,5,0,5,,,0,0,45,6,3,6,2,0,0,0,0,0,0,0,5,35,4,179,1,2,29,0,3,58,0,0,0,0,2,0,0,0,0,2,0,2,2,4,4,2,0,0,,0,,0,,0,,0,,2.7,7.4,64.1,11.6,100,100,44.8,14.5,19.3,26,71,11.5,25,289,48,10,34,34,10,0,0,3,4,1,12,4,1,12,35,38,48,
,0,1988,8,SEA,413952,17,0,0,,0,0,0,0,0,0,0,0,0,0,0,0,0,0,0,0,0,0,0,460,402,587,402,7,4014,4095,6693,6165,2598,26,97.4,34.5,6.8,10,4.1,236.1,2151,4014,22,26,36,88,88,62,38,18,51,6,85,9,5,17,486,94,23,44,15,108,,,25,178,829,84,33,73,33,0,21,11,1,0,0,0,96,834,75,3428,33,36,263,0,73,1609,0,1,6,8,18,5,1,4,6,11,2,38,24,49,47,20,0,0,,0,,0,,0,,0,,4.7,6.8,68.5,10,63.2,95.9,45.7,7.3,22,27.1,126.5,22.6,23.6,236.1,42.8,119,413,413,476,9,0,104,29,8,172,29,8,172,407,1149,0,Defensive Coordinator
,0,1989,8,SEA,413952,17,0,0,,1,0,0,0,0,0,0,0,0,0,0,0,0,0,0,0,0,0,0,393,389,593,389,10,3826,3600,5867,5752,2267,32,94.6,34.9,6.5,9.8,4.5,225.1,1926,3826,17,32,60,61,61,65,103,27,54,9,194,17,10,1,444,96,12,80,10,122,,,28,221,833,70,46,113,59,0,14,9,2,0,0,0,98,733,71,3358,42,30,287,0,62,1567,1,1,5,9,14,2,1,2,7,9,2,31,21,51,49,21,0,0,,0,,0,,0,,0,,4.9,6.5,65.6,9.8,67.7,96.1,47.3,9.6,25.3,23.1,113.3,25.4,22.9,225.1,40.6,112,424,426,335,12,2,100,35,6,158,35,6,158,412,1268,0,Defensive Coordinator
,0,1990,8,SEA,413952,17,0,0,,0,0,0,0,0,0,0,0,0,0,0,0,0,0,0,0,0,0,0,564,332,487,332,4,3145,4679,6974,5841,2295,29,102.2,28.6,6.5,9.5,6.7,185,2696,3145,17,29,61,52,52,66,42,67,50,6,79,19,12,7,422,112,11,73,12,110,,,35,256,822,64,29,77,48,0,13,12,0,0,0,1,105,849,90,4359,40,32,368,0,94,1829,0,1,4,9,11,3,1,3,8,9,1,28,22,44,43,12,0,0,,0,,0,,0,,0,,4.8,6.5,68.2,9.5,78.6,97.7,48.4,11.5,19.5,33.2,158.6,22.9,19.5,185,40.7,109,385,387,468,17,2,129,22,2,135,22,2,135,491,485,697,Defensive Coordinator
,0,1991,8,SEA,413952,1,0,0,,0,0,0,0,0,0,0,0,0,0,0,0,0,0,0,0,0,0,0,29,27,36,27,0,223,228,366,363,138,1,99.7,36,6.2,8.3,5.3,223,140,223,1,1,17,17,17,35,40,0,52,0,0,2,1,0,19,8,1,2,1,8,,,2,6,46,3,1,2,3,0,0,1,0,0,0,0,3,35,1,35,0,0,0,0,5,154,0,0,1,0,2,1,0,1,0,2,1,4,4,2,2,0,0,0,,0,,0,,0,,0,,4.8,6.2,75,8.3,100,100,35,0,30.8,29,140,27.6,27,223,51.9,14,26,26,31,0,0,8,0,0,14,0,0,14,18,36,22,
,0,1988,5,BUF,414942,17,0,0,,1,0,0,0,0,0,0,0,0,0,0,0,0,0,0,0,0,0,0,741,273,386,273,8,2753,2941,5797,6402,2856,26,104.6,22.7,7.1,10.1,2.8,161.9,3649,2753,32,26,64,81,81,58,40,19,52,14,214,23,10,61,403,97,16,46,3,75,,,11,81,891,92,48,57,35,0,28,27,1,0,0,1,98,862,73,3162,28,34,240,0,77,1668,0,3,13,8,8,3,3,12,5,5,3,35,28,57,53,23,0,0,,0,,0,,0,,0,,4.9,7.1,70.7,10.1,80,93,43.3,7.1,21.7,43.6,214.6,25,16.1,161.9,38.5,137,491,491,391,24,3,185,26,9,105,26,9,105,346,888,0,DL Coach
,0,1989,5,BUF,414942,17,0,0,,1,0,0,0,0,0,0,0,0,0,0,0,0,0,0,0,0,0,0,598,317,518,317,10,3260,3460,4724,6022,1264,30,90.6,30.5,6.3,10.3,4.4,191.8,2762,3260,21,30,52,63,63,60,37,65,53,14,307,24,13,28,474,52,25,75,3,123,,,24,155,791,89,110,104,44,2,26,25,3,0,0,1,83,761,86,3764,27,45,327,1,61,1254,0,1,12,8,10,7,1,9,7,5,3,38,25,53,52,30,0,0,,0,,0,,0,,0,,4.6,6.3,61.2,10.3,65.8,98.1,43.8,7.3,20.6,35.2,162.5,20.9,18.6,191.8,42.9,127,457,463,266,24,3,125,32,5,136,32,5,136,364,1089,0,DL Coach
,0,1990,5,BUF,414942,17,0,0,,1,0,0,0,0,0,0,0,0,0,0,0,0,0,0,0,0,0,0,522,410,599,410,6,4477,4703,6264,6707,1561,32,103.9,35.2,7.5,10.9,5.4,263.4,2230,4477,22,32,58,92,92,61,55,18,53,9,107,16,11,9,485,68,17,67,12,117,,,34,251,858,85,87,102,51,2,18,15,2,1,0,0,115,949,87,3757,35,27,194,0,84,1995,0,0,8,7,17,7,0,7,7,15,4,39,33,53,52,23,0,0,,0,,0,,0,,0,,4.3,7.5,68.4,10.9,84.6,98.1,43.2,7.2,23.8,30.7,131.2,19.7,24.1,263.4,42,151,487,495,448,16,1,103,50,9,172,50,9,172,427,599,601,DL Coach
,0,1991,5,BUF,414942,1,0,0,,0,0,0,0,0,0,0,0,0,0,0,0,0,0,0,0,0,0,0,23,25,37,25,0,203,254,318,353,64,1,90.3,37,5.5,8.1,5.1,203,150,203,2,1,49,22,22,55,35,4,0,0,0,1,1,0,22,4,0,3,1,5,,,2,17,45,3,3,9,4,0,1,0,0,0,0,0,9,70,5,202,1,3,-4,0,5,122,0,0,0,0,0,0,0,0,0,0,0,0,0,3,3,1,0,0,,0,,0,,0,,0,,6.5,5.5,67.6,8.1,0,100,40.4,-1.3,24.4,23,150,21.7,25,203,28,3,21,21,28,1,1,5,1,0,7,1,0,7,31,40,41,
,0,1988,18,BAL,415068,17,0,0,,0,0,0,0,0,0,0,0,0,0,0,0,0,0,0,0,0,0,0,632,285,408,285,11,3029,4406,7864,6316,3458,25,100.4,24,7.4,10.6,2.6,178.2,3287,3029,28,25,76,58,58,69,42,20,57,13,215,23,10,50,450,117,22,64,3,113,,,11,84,870,69,23,75,35,0,25,28,2,1,0,0,102,898,70,3401,32,19,146,0,93,2028,0,1,5,8,8,6,1,4,8,5,5,28,23,52,49,17,0,0,,0,,0,,0,,0,,5.2,7.4,69.9,10.6,82.1,94.2,48.6,7.7,21.8,37.2,193.4,23.4,16.8,178.2,43.5,118,448,452,529,22,5,148,31,7,124,31,7,124,429,1006,0,Offensive Coordinator
,0,1989,18,BAL,415068,17,0,0,,1,0,0,0,0,0,0,0,0,0,0,0,0,0,0,0,0,0,0,629,289,406,289,8,3032,3648,5197,5670,1549,21,101.5,23.9,7.5,10.5,5.1,178.4,2638,3032,18,21,60,54,54,70,103,20,52,13,140,12,3,72,436,73,8,89,11,75,,,22,174,775,82,35,106,44,1,22,21,3,0,0,1,86,692,67,3114,24,38,264,0,60,1400,1,0,5,14,19,7,0,4,12,14,4,45,34,41,40,25,0,0,,0,,0,,0,,0,,4.2,7.5,71.2,10.5,75.6,97.6,46.5,6.9,23.3,37,155.2,20.2,17,178.4,46.7,142,400,404,299,17,7,127,31,3,135,31,3,135,403,1032,0,Offensive Coordinator
,0,1990,18,BAL,415068,17,0,0,,1,0,0,0,0,0,0,0,0,0,0,0,0,0,0,0,0,0,0,629,311,455,311,10,3281,3983,5906,6360,1923,32,103.4,26.8,7.2,10.5,4,193,3079,3281,27,32,70,59,59,67,98,17,56,17,279,12,6,30,516,94,9,88,10,91,,,19,149,789,66,27,105,31,0,11,11,2,0,0,2,110,935,65,3142,29,23,89,0,78,1938,0,0,8,9,13,6,0,7,8,8,3,36,26,60,60,26,0,0,,0,,0,,0,,0,,4.9,7.2,68.4,10.5,72.2,100,48.3,3.9,24.8,37,181.1,24,18.3,193,45.3,138,504,504,401,18,5,151,31,4,141,31,4,141,432,456,658,Offensive Coordinator
,0,1991,18,BAL,415068,1,0,0,,0,0,0,0,0,0,0,0,0,0,0,0,0,0,0,0,0,0,0,30,23,34,23,1,247,302,411,410,109,2,96.1,34,7.3,10.7,15,247,163,247,2,2,22,47,47,60,39,10,45,0,0,5,3,3,37,9,1,6,3,7,,,6,43,44,5,0,11,1,0,1,3,0,0,0,0,5,30,4,208,3,3,20,0,8,219,0,0,0,0,1,0,0,0,0,1,0,1,1,4,4,1,0,0,,0,,0,,0,,0,,5.4,7.3,67.6,10.7,100,100,52,6.7,27.4,30,163,26.7,23,247,39.1,7,31,31,37,2,0,8,3,1,9,3,1,9,28,34,43,
,0,1988,16,TB,420911,17,0,0,,0,0,0,0,0,0,0,0,0,0,0,0,0,0,0,0,0,0,0,566,288,440,288,11,3527,3356,6204,5887,2848,24,97.8,25.9,8,12.2,10.2,207.5,2360,3527,11,24,68,87,87,62,42,21,53,8,142,21,12,3,399,131,27,81,35,133,,,50,390,843,84,21,105,27,1,7,13,1,0,0,2,97,753,102,4439,35,33,229,0,90,1785,0,0,5,7,10,4,0,5,6,7,2,26,20,36,35,12,0,0,,0,,0,,0,,0,,4.2,8,65.5,12.2,76.9,97.2,43.5,6.9,19.8,33.3,138.8,17.7,16.9,207.5,42.4,95,311,313,480,18,4,100,40,11,122,40,11,122,389,1062,0,DL Coach
,0,1989,16,TB,420911,17,0,0,,1,0,0,0,0,0,0,0,0,0,0,0,0,0,0,0,0,0,0,475,376,561,376,10,4062,3558,6314,6062,2756,37,102.7,33,7.2,10.8,7.1,238.9,2000,4062,13,37,51,73,73,65,95,17,55,13,103,21,10,51,460,99,22,91,23,150,,,43,306,842,71,48,109,34,0,20,22,0,0,0,0,105,895,101,4515,33,30,211,0,77,1911,1,1,5,7,8,5,1,4,5,8,4,26,22,49,47,15,0,0,,0,,0,,0,,0,,4.2,7.2,67,10.8,84.6,95.9,44.7,7,24.8,27.9,117.6,20,22.1,238.9,35.1,113,419,423,397,13,3,95,49,9,132,49,9,132,387,1196,0,DL Coach
,0,1990,16,TB,420911,17,0,0,,1,0,0,0,0,0,0,0,0,0,0,0,0,0,0,0,0,0,0,541,400,563,400,8,4567,4013,6183,7025,2170,39,112.3,33.1,8.1,11.4,5.7,268.6,2458,4567,23,39,45,71,71,67,35,55,53,7,104,13,8,57,523,116,17,84,15,132,,,34,235,819,69,25,112,30,0,21,18,2,0,0,0,122,913,71,3304,29,30,133,1,90,1892,0,2,9,7,11,4,2,8,6,7,2,33,25,58,55,18,0,0,,0,,0,,0,,0,,4.5,8.1,71,11.4,75.8,94.8,46.5,4.4,21,31.8,144.6,21.1,23.5,268.6,43.5,130,520,528,475,11,5,114,46,13,174,46,13,174,414,570,626,DL Coach
,0,1991,16,TB,420911,1,0,0,,0,0,0,0,0,0,0,0,0,0,0,0,0,0,0,0,0,0,0,30,16,23,16,1,164,163,326,286,163,1,86.1,23,7.1,10.2,14.8,164,122,164,0,1,20,19,19,55,37,17,46,1,74,2,2,0,21,6,0,3,2,9,,,4,30,50,4,0,5,0,0,0,0,0,0,0,0,5,50,4,177,1,1,17,0,5,147,0,0,0,0,2,0,0,0,0,2,0,2,2,1,1,0,0,0,,0,,0,,0,,0,,4.1,7.1,69.6,10.2,100,100,44.2,17,29.4,30,122,26.7,16,164,56.2,7,13,13,20,0,0,8,0,0,9,0,0,9,15,24,23,
,0,1988,6,NYG,428297,17,0,0,,1,0,0,0,0,0,0,0,0,0,0,0,0,0,0,0,0,0,0,465,322,487,322,6,4040,3224,5101,6218,1877,34,109.9,28.6,8.3,12.5,9,237.6,2178,4040,24,34,54,65,65,62,39,64,53,16,323,11,4,22,539,64,19,76,28,119,,,48,364,790,98,26,89,37,1,8,14,1,0,0,2,88,797,82,3784,33,31,312,0,63,1371,0,2,8,6,10,3,2,7,5,6,2,29,22,57,57,21,0,0,,0,,0,,0,,0,,4.7,8.3,66.1,12.5,75.9,100,46.1,10.1,21.8,27.4,128.1,22.2,18.9,237.6,46,123,477,481,284,14,3,103,58,8,148,58,8,148,405,1111,0,Special Teams Coach
,0,1989,6,NYG,428297,17,0,0,,0,0,0,0,0,0,0,0,0,0,0,0,0,0,0,0,0,0,0,321,338,572,338,20,4168,3721,5518,5698,1797,27,82.9,33.6,7.3,12.3,11.3,245.2,1530,4168,14,27,72,61,61,63,40,59,57,11,97,18,11,16,555,61,22,69,46,167,,,73,535,778,86,45,96,50,1,15,13,2,0,0,1,91,709,88,3869,23,40,326,0,75,1642,0,2,4,5,13,6,2,4,4,8,5,30,23,43,42,14,0,0,,0,,0,,0,,0,,4.8,7.3,59.1,12.3,76.7,97.7,44,8.2,21.9,18.9,90,21.2,19.9,245.2,46.2,111,369,371,413,12,2,68,58,9,156,58,9,156,391,1145,0,Special Teams Coach
,0,1990,6,NYG,428297,17,0,1,,1,0,0,0,0,0,0,0,0,0,0,0,0,0,0,0,0,0,0,384,336,488,336,10,5377,3520,5379,7293,1859,56,135.1,28.7,11,16,11.1,316.3,1916,5377,24,56,64,80,80,63,97,19,55,18,445,19,12,52,662,43,18,63,34,85,,,61,466,810,90,53,84,30,0,34,25,5,0,0,1,103,799,52,2310,19,22,150,0,70,1462,1,2,6,7,12,4,2,4,3,6,1,31,16,84,81,24,0,0,,0,,0,,0,,0,,5,11,68.9,16,51.6,96.4,44.4,6.8,20.9,22.6,112.7,20.8,19.8,316.3,52.4,129,645,647,374,10,5,80,88,17,176,88,17,176,395,475,585,Special Teams Coach
,0,1991,6,NYG,428297,1,0,0,,0,0,0,0,0,0,0,0,0,0,0,0,0,0,0,0,0,0,0,15,18,34,18,0,242,326,402,319,76,1,85.7,34,7.1,13.4,2.9,242,77,242,1,1,31,33,33,63,35,0,0,0,0,2,1,0,39,5,0,5,0,9,,,1,9,47,4,5,5,1,0,0,1,0,0,0,0,10,60,5,241,3,0,0,0,6,142,0,0,0,0,1,0,0,0,0,0,0,1,0,2,2,1,0,0,,0,,0,,0,,0,,5.1,7.1,52.9,13.4,0,100,48.2,0,23.7,15,77,26.7,18,242,44.4,2,14,14,19,1,0,4,3,0,8,3,0,8,20,32,34,
,0,1988,12,DET,428926,17,0,0,,1,0,0,0,0,0,0,0,0,0,0,0,0,0,0,0,0,0,0,637,342,475,342,6,3663,3027,5167,6420,2140,31,110.7,27.9,7.7,10.7,4.2,215.5,2757,3663,29,31,62,80,80,66,36,18,54,8,130,20,11,17,487,69,21,63,9,71,,,21,160,841,105,40,75,42,0,28,26,1,0,0,0,83,695,65,2927,19,31,264,0,69,1298,0,4,12,12,4,10,4,12,11,3,5,42,35,57,57,25,0,0,,0,,0,,0,,0,,4.3,7.7,72,10.7,83.3,100,45,8.5,18.8,37.5,162.2,19.8,20.1,215.5,47.7,162,528,532,301,13,4,126,33,5,163,33,5,163,349,1008,0,Head Trainer
,0,1989,12,DET,428926,17,0,0,,1,0,0,0,0,0,0,0,0,0,0,0,0,0,0,0,0,0,0,510,350,512,350,13,4146,4001,5534,6515,1533,43,110.2,30.1,8.1,11.8,6.7,243.9,2369,4146,24,43,48,74,74,67,104,72,49,18,310,19,8,14,509,81,20,101,15,83,,,37,256,800,81,29,145,53,0,12,17,4,0,0,1,98,829,83,4066,38,32,442,0,76,1700,1,5,6,9,11,2,5,6,8,8,0,33,27,70,69,26,0,0,,0,,0,,0,,0,,4.6,8.1,68.4,11.8,81.8,98.6,49,13.8,22.4,30,139.4,22.4,20.6,243.9,40.9,150,582,584,329,12,3,114,48,12,143,48,12,143,441,1259,0,Head Trainer
,0,1990,12,DET,428926,17,0,0,,0,0,0,0,0,0,0,0,0,0,0,0,0,0,0,0,0,0,0,436,419,616,419,9,4570,4060,6095,6306,2035,33,101.4,36.2,7.4,10.9,4.8,268.8,1736,4570,19,33,67,83,83,69,42,26,51,11,157,20,16,58,550,120,22,77,14,88,,,31,251,856,83,33,97,31,0,18,17,3,1,0,0,109,938,80,3635,30,27,232,0,83,1714,0,3,7,6,12,4,3,7,5,7,1,32,23,54,54,14,0,0,,0,,0,,0,,0,,4,7.4,68,10.9,71.9,100,45.4,8.6,20.7,25.6,102.1,17,24.6,268.8,43,123,453,455,436,10,2,74,45,12,180,45,12,180,444,611,644,Head Trainer
,0,1991,12,DET,428926,1,0,0,,0,0,0,0,0,0,0,0,0,0,0,0,0,0,0,0,0,0,0,26,25,39,25,0,289,260,283,360,23,1,94.9,39,7.4,11.6,0,289,71,289,3,1,13,43,43,65,32,17,48,1,-2,1,1,0,32,3,3,5,0,5,,,0,0,45,6,3,6,2,0,0,0,0,0,0,0,5,35,4,179,1,2,29,0,3,58,0,0,0,0,2,0,0,0,0,2,0,2,2,4,4,2,0,0,,0,,0,,0,,0,,2.7,7.4,64.1,11.6,100,100,44.8,14.5,19.3,26,71,11.5,25,289,48,10,34,34,10,0,0,3,4,1,12,4,1,12,35,38,48,
,0,1988,20,LOU,429774,17,0,0,,1,9,8,0,0.529,1,0,1,0,1,0,0,0,0,0,0,0,0,0,453,396,549,396,13,4085,3735,6308,5925,2573,32,102.8,32.3,7.4,10.3,3.9,240.3,1840,4085,15,32,64,71,71,67,35,16,50,13,295,20,14,19,427,110,14,66,12,105,,,22,151,847,103,13,81,32,0,19,11,1,0,0,0,102,796,80,3830,30,23,122,0,83,1601,0,2,5,7,4,2,1,4,7,3,1,20,16,46,46,11,0,0,,0,,0,,0,,0,,4.1,7.4,72.1,10.3,80,100,47.9,5.3,19.3,26.6,108.2,19.4,23.3,240.3,40.9,94,382,382,439,7,2,88,40,11,162,40,11,162,423,1179,0,Head Coach
,0,1989,20,LOU,429774,17,0,0,,0,5,12,0,0.294,0,0,0,0,0,0,0,0,0,0,0,0,0,0,431,476,691,476,7,4168,4102,6398,5957,2296,29,94.4,40.6,6,8.8,5.6,245.2,1789,4168,16,29,40,55,55,64,33,70,52,5,36,15,7,19,460,98,32,80,16,104,,,41,279,754,75,30,109,32,1,13,16,1,0,0,0,98,740,90,4145,32,28,334,0,81,1707,0,1,3,10,3,7,1,3,8,1,3,24,16,44,43,8,0,0,,0,,0,,0,,0,,4.2,6,68.9,8.8,66.7,97.7,46.1,11.9,21.1,25.4,105.2,20.9,28,245.2,42.9,91,367,373,455,8,0,90,31,2,204,31,2,204,432,1373,0,Head Coach
,0,1990,20,LOU,429774,17,0,0,,0,8,9,0,0.471,0,0,0,0,0,0,0,0,0,0,0,0,0,0,429,480,656,480,10,4945,4260,6612,6934,2352,46,111.5,38.6,7.5,10.3,6.2,290.9,1989,4945,16,46,60,52,52,63,99,78,52,9,151,17,10,2,544,133,25,51,18,77,,,43,337,718,53,30,75,30,0,11,12,0,0,0,0,110,922,55,2404,21,23,281,0,92,2009,1,0,9,7,7,6,0,7,7,5,2,29,21,61,60,11,0,0,,0,,0,,0,,0,,4.6,7.5,73.2,10.3,72.4,98.4,43.7,12.2,21.8,25.2,117,23.5,28.2,290.9,41.7,123,501,503,498,13,2,101,44,10,200,44,10,200,424,655,624,Head Coach
,0,1991,20,LOU,429774,1,0,0,,0,0,1,0,0,0,0,0,0,0,0,0,0,0,0,0,0,0,0,18,25,37,25,1,260,289,360,283,71,1,85.4,37,7,10.4,7.5,260,23,260,0,1,6,34,34,53,32,0,37,0,0,0,0,0,26,8,1,3,1,5,,,3,23,46,6,0,4,1,0,1,1,0,0,0,0,5,54,6,286,2,1,-2,0,7,138,0,0,0,1,0,1,0,0,1,0,0,2,1,1,1,0,0,0,,0,,0,,0,,0,,1.3,7,67.6,10.4,50,100,47.7,-2,19.7,18,23,5.6,25,260,48,4,10,10,34,0,0,1,3,0,12,3,0,12,28,36,42,
,0,1988,10,IND,433211,17,0,0,,1,0,0,0,0,0,0,0,0,0,0,0,0,0,0,0,0,0,0,573,282,453,282,15,3125,3550,6028,5663,2478,23,85.8,26.6,6.9,11.1,3.2,183.8,2538,3125,18,23,49,65,65,68,103,64,51,6,77,3,2,25,482,82,18,50,9,98,,,15,94,771,85,63,60,42,0,12,6,0,0,0,0,97,818,74,3437,32,38,355,0,72,1711,2,2,7,16,6,3,2,7,15,5,3,34,32,42,41,18,0,0,,0,,0,,0,,0,,4.4,6.9,62.3,11.1,94.1,97.6,46.4,9.3,23.8,33.7,149.3,20.9,16.6,183.8,47.5,137,395,397,429,13,1,120,29,8,134,29,8,134,322,898,0,Head Scout
,0,1989,10,IND,433211,17,0,1,,1,0,0,0,0,0,0,0,0,0,0,0,0,0,0,0,0,0,0,480,306,528,306,23,3755,3506,5219,5850,1713,26,78.3,31.1,7.1,12.3,4.3,220.9,2095,3755,19,26,61,56,56,69,36,52,50,6,137,6,3,22,516,46,14,62,9,82,,,24,164,761,78,96,69,74,5,19,12,1,0,0,0,78,707,81,3865,34,39,306,0,56,1211,0,3,7,8,11,1,3,7,8,8,1,30,27,45,45,26,0,0,,0,,0,,0,,0,,4.4,7.1,58,12.3,90,100,47.7,7.8,21.6,28.2,123.2,21.7,18,220.9,45.1,126,402,414,322,12,2,104,52,10,138,52,10,138,389,1105,0,Head Scout
,0,1990,10,IND,433211,17,0,0,,1,0,0,0,0,0,0,0,0,0,0,0,0,0,0,0,0,0,0,549,257,448,257,14,3384,4021,5850,5803,1829,30,90.7,26.4,7.6,13.2,6.3,199.1,2419,3384,20,30,76,56,56,71,42,64,51,11,187,6,4,17,497,76,22,70,13,94,,,30,218,839,81,64,85,63,0,19,12,2,0,0,0,102,840,81,3954,33,30,287,0,75,1570,0,2,6,11,13,6,2,4,11,8,3,38,28,49,49,23,0,0,,0,,0,,0,,0,,4.4,7.6,57.4,13.2,73.7,100,48.8,9.6,20.9,32.3,142.3,18.6,15.1,199.1,43.6,133,445,451,390,19,6,102,48,8,112,48,8,112,410,447,597,Head Scout
,0,1991,10,IND,433211,1,0,0,,0,0,0,0,0,0,0,0,0,0,0,0,0,0,0,0,0,0,0,40,14,23,14,1,163,164,286,326,122,0,64.2,23,7.1,11.6,0,163,163,163,2,0,20,42,42,54,15,8,52,1,-3,0,0,2,31,1,0,4,0,7,,,0,0,49,5,4,4,1,0,2,2,0,0,0,0,5,40,5,232,1,2,8,0,3,35,0,0,1,0,0,1,0,1,0,0,1,2,2,2,2,2,0,0,,0,,0,,0,,0,,4.1,7.1,60.9,11.6,100,100,46.4,4,11.7,40,163,22.5,14,163,50,8,20,20,13,0,0,9,1,1,7,1,1,7,26,22,35,
,0,1988,19,WAS,433636,17,0,0,,0,0,0,0,0,0,0,0,0,0,0,0,0,0,0,0,0,0,0,660,251,407,251,13,2625,3421,6965,5428,3544,19,82.6,23.9,6.4,10.5,6.9,154.4,2803,2625,21,19,55,49,49,62,43,17,48,9,110,16,9,34,396,115,21,48,17,144,,,30,206,861,88,10,67,22,1,18,16,1,0,0,1,93,708,82,3820,32,25,189,0,97,2393,0,1,3,6,17,2,1,1,3,8,0,29,13,39,38,10,0,0,,0,,0,,0,,0,,4.2,6.4,61.7,10.5,44.8,97.4,46.6,7.6,24.7,38.8,164.9,21.5,14.8,154.4,41.8,77,323,327,541,11,2,142,28,3,105,28,3,105,348,910,0,Offensive Coordinator
,0,1989,19,WAS,433636,17,0,0,,0,0,0,0,0,0,0,0,0,0,0,0,0,0,0,0,0,0,0,545,292,482,292,15,3137,4150,5930,5864,1780,19,79.9,28.4,6.5,10.7,6.9,184.5,2727,3137,16,19,56,66,66,61,43,18,52,7,104,12,9,47,481,89,23,63,21,149,,,36,221,790,92,45,86,40,0,21,11,3,1,0,0,110,874,70,3122,23,30,174,0,77,1637,0,3,8,9,7,4,3,6,6,5,2,31,22,38,38,16,0,0,,0,,0,,0,,0,,5,6.5,60.6,10.7,71,100,44.6,5.8,21.3,32.1,160.4,22.9,17.2,184.5,45.5,104,332,332,439,22,7,125,28,9,133,28,9,133,426,1089,0,Offensive Coordinator
,0,1990,19,WAS,433636,17,0,0,,0,0,0,0,0,0,0,0,0,0,0,0,0,0,0,0,0,0,0,553,274,506,274,16,2768,4523,7312,5270,2789,23,72,29.8,5.5,10.1,3.8,162.8,2502,2768,20,23,86,57,57,61,43,49,51,8,262,17,6,51,461,99,29,50,6,121,,,20,134,820,70,18,71,30,1,17,23,2,0,0,0,131,1040,83,3754,35,23,203,0,99,2581,0,2,3,8,13,4,2,2,7,13,2,30,26,44,43,14,0,0,,0,,0,,0,,0,,4.5,5.5,54.2,10.1,86.7,97.7,45.2,8.8,26.1,32.5,147.2,20.8,16.1,162.8,45.6,121,391,395,609,13,3,115,26,3,125,26,3,125,453,503,608,Offensive Coordinator
,0,1991,19,WAS,433636,1,0,0,,0,0,0,0,0,0,0,0,0,0,0,0,0,0,0,0,0,0,0,32,18,23,18,0,246,181,239,360,58,3,150.8,23,10.7,13.7,11.5,246,114,246,1,3,16,33,33,56,32,18,39,0,0,1,0,12,28,2,0,2,1,5,,,3,6,46,11,0,5,1,0,2,3,0,0,0,0,10,71,2,103,2,3,29,0,2,31,0,0,1,2,0,0,0,1,2,0,0,3,3,4,4,1,0,0,,0,,0,,0,,0,,3.6,10.7,78.3,13.7,100,100,51.5,9.7,15.5,32,114,25,18,246,55.6,13,37,37,13,0,0,8,3,0,10,3,0,10,20,27,28,
,0,1988,13,MIN,434124,17,0,0,,0,0,0,0,0,0,0,0,0,0,0,0,0,0,0,0,0,0,0,693,227,331,227,5,3238,3156,5948,6326,2792,20,113.8,19.5,9.8,14.3,6.8,190.5,3088,3238,33,20,50,87,87,61,95,66,56,12,91,7,4,14,591,91,13,76,7,57,,,24,197,757,77,16,103,36,0,12,9,1,0,0,0,90,763,73,3321,33,35,381,0,78,1817,1,1,10,9,9,6,1,8,9,4,4,35,26,54,52,19,0,0,,0,,0,,0,,0,,4.5,9.8,68.6,14.3,74.3,96.3,45.5,10.9,23.3,40.8,181.6,21.2,13.4,190.5,55.1,130,460,462,415,16,2,147,50,11,125,50,11,125,324,866,0,Special Teams Coach
,0,1989,13,MIN,434124,17,0,0,,1,0,0,0,0,0,0,0,0,0,0,0,0,0,0,0,0,0,0,601,244,378,244,6,3467,3841,5715,6002,1874,22,106.9,22.2,9.2,14.2,10.4,203.9,2535,3467,27,22,57,72,72,61,43,35,49,8,143,11,8,28,623,56,20,91,26,95,,,44,326,737,76,29,108,58,0,19,11,1,0,0,0,70,581,69,3166,31,33,302,0,71,1513,0,3,4,14,13,2,3,3,11,10,0,36,27,49,47,15,0,0,,0,,0,,0,,0,,4.2,9.2,64.6,14.2,75,95.9,45.9,9.2,21.3,35.4,149.1,21.6,14.4,203.9,51.2,128,428,428,359,10,2,130,52,9,125,52,9,125,397,1034,0,Special Teams Coach
,0,1990,13,MIN,434124,17,0,0,,0,0,0,0,0,0,0,0,0,0,0,0,0,0,0,0,0,0,0,468,292,465,292,8,4520,4403,6200,6507,1797,43,118.6,27.4,9.7,15.5,8.8,265.9,1987,4520,19,43,72,83,83,61,43,58,52,8,158,8,5,1,709,62,21,58,28,105,,,45,332,821,75,25,90,37,0,4,5,1,0,0,1,108,890,68,2992,19,21,261,0,87,2045,0,2,6,7,10,3,2,6,6,7,2,28,23,62,60,17,0,0,,0,,0,,0,,0,,4.2,9.7,62.8,15.5,82.1,96.8,44,12.4,23.5,27.5,116.9,20.7,17.2,265.9,49.7,129,507,509,460,11,2,97,78,16,145,78,16,145,450,457,615,Special Teams Coach
,0,1991,13,MIN,434124,1,0,0,,0,0,0,0,0,0,0,0,0,0,0,0,0,0,0,0,0,0,0,32,17,22,17,0,228,223,363,366,140,3,149.2,22,10.4,13.4,4.3,228,138,228,1,3,24,48,48,64,39,0,17,0,0,0,0,2,22,10,0,4,1,4,,,1,11,56,4,2,6,2,0,2,1,0,0,0,0,2,20,3,145,2,1,0,0,7,167,0,1,0,0,0,0,1,0,0,0,0,1,1,4,4,2,0,0,,0,,0,,0,,0,,4.3,10.4,77.3,13.4,100,100,48.3,0,23.9,32,138,18.8,17,228,47.1,7,31,31,26,1,0,6,3,2,8,3,2,8,34,21,44,
,0,1988,5,BUF,437153,17,0,0,,1,0,0,0,0,0,0,0,0,0,0,0,0,0,0,0,0,0,0,741,273,386,273,8,2753,2941,5797,6402,2856,26,104.6,22.7,7.1,10.1,2.8,161.9,3649,2753,32,26,64,81,81,58,40,19,52,14,214,23,10,61,403,97,16,46,3,75,,,11,81,891,92,48,57,35,0,28,27,1,0,0,1,98,862,73,3162,28,34,240,0,77,1668,0,3,13,8,8,3,3,12,5,5,3,35,28,57,53,23,0,0,,0,,0,,0,,0,,4.9,7.1,70.7,10.1,80,93,43.3,7.1,21.7,43.6,214.6,25,16.1,161.9,38.5,137,491,491,391,24,3,185,26,9,105,26,9,105,346,888,0,Offensive Coordinator
,0,1989,5,BUF,437153,17,0,0,,1,0,0,0,0,0,0,0,0,0,0,0,0,0,0,0,0,0,0,598,317,518,317,10,3260,3460,4724,6022,1264,30,90.6,30.5,6.3,10.3,4.4,191.8,2762,3260,21,30,52,63,63,60,37,65,53,14,307,24,13,28,474,52,25,75,3,123,,,24,155,791,89,110,104,44,2,26,25,3,0,0,1,83,761,86,3764,27,45,327,1,61,1254,0,1,12,8,10,7,1,9,7,5,3,38,25,53,52,30,0,0,,0,,0,,0,,0,,4.6,6.3,61.2,10.3,65.8,98.1,43.8,7.3,20.6,35.2,162.5,20.9,18.6,191.8,42.9,127,457,463,266,24,3,125,32,5,136,32,5,136,364,1089,0,Offensive Coordinator
,0,1990,5,BUF,437153,17,0,0,,1,0,0,0,0,0,0,0,0,0,0,0,0,0,0,0,0,0,0,522,410,599,410,6,4477,4703,6264,6707,1561,32,103.9,35.2,7.5,10.9,5.4,263.4,2230,4477,22,32,58,92,92,61,55,18,53,9,107,16,11,9,485,68,17,67,12,117,,,34,251,858,85,87,102,51,2,18,15,2,1,0,0,115,949,87,3757,35,27,194,0,84,1995,0,0,8,7,17,7,0,7,7,15,4,39,33,53,52,23,0,0,,0,,0,,0,,0,,4.3,7.5,68.4,10.9,84.6,98.1,43.2,7.2,23.8,30.7,131.2,19.7,24.1,263.4,42,151,487,495,448,16,1,103,50,9,172,50,9,172,427,599,601,Offensive Coordinator
,0,1991,5,BUF,437153,1,0,0,,0,0,0,0,0,0,0,0,0,0,0,0,0,0,0,0,0,0,0,23,25,37,25,0,203,254,318,353,64,1,90.3,37,5.5,8.1,5.1,203,150,203,2,1,49,22,22,55,35,4,0,0,0,1,1,0,22,4,0,3,1,5,,,2,17,45,3,3,9,4,0,1,0,0,0,0,0,9,70,5,202,1,3,-4,0,5,122,0,0,0,0,0,0,0,0,0,0,0,0,0,3,3,1,0,0,,0,,0,,0,,0,,6.5,5.5,67.6,8.1,0,100,40.4,-1.3,24.4,23,150,21.7,25,203,28,3,21,21,28,1,1,5,1,0,7,1,0,7,31,40,41,
,0,1988,15,SF,437338,17,0,0,,0,0,0,0,0,0,0,0,0,0,0,0,0,0,0,0,0,0,0,585,325,493,325,16,3632,2930,5701,6280,2771,38,99.9,29,7.4,11.2,3.5,213.6,2648,3632,19,38,87,66,66,62,89,60,47,8,162,15,7,13,467,105,16,52,9,86,,,18,137,876,78,33,76,33,0,15,14,2,0,0,0,94,722,73,3297,26,32,320,0,83,1794,0,2,7,8,8,0,2,6,5,6,0,25,19,57,57,18,0,0,,0,,0,,0,,0,,4.5,7.4,65.9,11.2,76,100,45.2,10,21.6,34.4,155.8,21.5,19.1,213.6,40.9,114,468,470,434,21,8,126,41,14,133,41,14,133,340,999,0,DL Coach
,0,1989,15,SF,437338,17,0,0,,1,0,0,0,0,0,0,0,0,0,0,0,0,0,0,0,0,0,0,539,386,584,386,3,4476,3411,5457,6928,2046,39,109.2,34.4,7.7,11.6,4.4,263.3,2452,4476,23,39,66,90,90,66,96,24,52,13,247,16,8,12,518,78,15,70,12,83,,,27,165,756,83,50,112,44,2,22,19,3,1,0,0,100,845,71,3421,26,34,209,0,60,1343,1,2,8,2,17,5,1,7,2,10,2,34,22,64,61,23,0,0,,0,,0,,0,,0,,4.5,7.7,66.1,11.6,64.7,95.3,48.2,6.1,22.4,31.7,144.2,22.8,22.7,263.3,42,127,523,531,305,15,2,123,51,14,162,51,14,162,365,1199,0,DL Coach
,0,1990,15,SF,437338,17,0,0,,1,0,0,0,0,0,0,0,0,0,0,0,0,0,0,0,0,0,0,614,338,469,338,7,3499,3573,6374,6159,2801,26,105.5,27.6,7.5,10.4,4.7,205.8,2660,3499,27,26,67,84,84,66,37,78,51,12,193,12,9,9,430,127,7,77,6,68,,,23,163,792,71,25,110,34,0,7,6,3,0,0,0,100,929,77,3657,38,37,436,0,85,1604,0,1,7,5,10,4,1,6,4,9,2,27,22,51,51,14,0,0,,0,,0,,0,,0,,4.3,7.5,72.1,10.4,81.5,100,47.5,11.8,18.9,36.1,156.5,21.3,19.9,205.8,43.8,117,453,461,453,14,2,131,32,7,148,32,7,148,388,474,620,DL Coach
,0,1991,15,SF,437338,1,0,0,,0,0,0,0,0,0,0,0,0,0,0,0,0,0,0,0,0,0,0,53,28,42,28,2,253,280,485,487,205,0,62.9,42,6,9,2.3,253,234,253,2,0,39,27,27,60,30,18,48,2,0,2,0,0,36,17,1,7,0,7,,,1,10,83,6,5,12,5,0,1,3,0,1,0,0,17,108,10,445,2,2,18,0,6,128,0,0,0,1,1,0,0,0,1,1,0,2,2,2,2,2,0,0,,0,,0,,0,,0,,4.4,6,66.7,9,100,100,44.5,9,21.3,53,234,20.8,28,253,53.6,8,20,20,31,1,0,11,2,0,15,2,0,15,27,41,46,
,0,1988,9,LON,439372,17,0,0,,1,0,0,0,0,0,0,0,0,0,0,0,0,0,0,0,0,0,0,672,247,375,247,2,3512,3731,6147,6456,2416,26,116.9,22.1,9.4,14.2,6.7,206.6,2944,3512,18,26,71,54,54,70,34,46,57,8,96,28,16,13,550,98,12,51,13,103,,,27,202,842,93,47,69,23,1,13,19,0,0,0,0,103,897,86,4185,35,39,393,0,70,1430,0,1,8,9,11,4,1,6,7,8,3,33,25,44,44,18,0,0,,0,,0,,0,,0,,4.4,9.4,65.9,14.2,75.8,100,48.7,10.1,20.4,39.5,173.2,20.8,14.5,206.6,52.2,119,383,385,422,16,3,140,61,11,129,61,11,129,400,911,0,Head Scout
,0,1989,9,LON,439372,17,0,0,,1,0,0,0,0,0,0,0,0,0,0,0,0,0,0,0,0,0,0,561,240,391,240,5,3967,3792,5582,6358,1790,32,117.5,23,10.1,16.5,10.7,233.4,2391,3967,17,32,55,82,82,70,94,20,52,11,172,11,5,27,521,105,26,84,21,97,,,47,386,849,110,42,108,30,1,12,10,3,1,0,1,87,663,85,4033,31,39,262,0,67,1495,0,9,4,8,9,7,9,4,6,8,2,37,29,49,47,22,0,0,,0,,0,,0,,0,,4.3,10.1,61.4,16.5,78.4,95.9,47.4,6.7,22.3,33,140.6,17.3,14.1,233.4,54.6,134,446,452,367,16,6,97,63,17,131,63,17,131,468,1072,0,Head Scout
,0,1990,9,LON,439372,17,0,0,,1,0,0,0,0,0,0,0,0,0,0,0,0,0,0,0,0,0,0,393,339,539,339,5,6080,4446,6414,7997,1968,57,132.9,31.7,11.3,17.9,9.6,357.6,1917,6080,22,57,58,88,88,72,59,65,55,13,261,9,3,45,708,100,21,77,17,84,,,57,448,945,77,43,123,27,0,16,17,3,0,0,1,117,1030,70,3358,28,18,175,0,79,1636,0,0,4,12,12,6,0,2,11,10,3,34,26,81,79,25,0,0,,0,,0,,0,,0,,4.9,11.3,62.9,17.9,76.5,97.5,48,9.7,20.7,23.1,112.8,17.3,19.9,357.6,53.7,157,649,649,407,14,4,68,99,31,182,99,31,182,536,520,801,Head Scout
,0,1991,9,LON,439372,1,0,0,,0,0,0,0,0,0,0,0,0,0,0,0,0,0,0,0,0,0,0,29,17,29,17,0,326,242,319,402,77,1,109.3,29,11.2,19.2,14.7,326,76,326,0,1,20,68,68,56,32,14,51,0,0,0,0,0,42,1,0,9,1,5,,,5,45,31,3,1,6,7,0,2,1,0,0,0,0,3,15,3,152,1,2,14,0,3,61,0,0,1,2,1,1,0,1,1,1,1,5,4,1,1,1,0,0,,0,,0,,0,,0,,2.6,11.2,58.6,19.2,80,100,50.7,7,20.3,29,76,17.2,17,326,76.5,13,19,19,14,0,0,5,6,1,13,6,1,13,18,28,32,
,0,1988,1,NYT,440157,17,0,0,,0,0,0,0,0,0,0,0,0,0,0,0,0,0,0,0,0,0,0,489,342,567,342,14,3487,3615,6065,5539,2450,23,81.2,33.4,6.1,10.2,7.4,205.1,2052,3487,15,23,34,81,81,66,39,32,49,6,118,29,13,22,505,113,36,36,31,142,,,45,314,839,109,18,58,14,0,19,28,1,0,0,1,92,814,94,4003,26,28,165,0,93,1577,0,0,3,6,9,4,0,3,5,7,0,22,15,35,34,13,0,0,,0,,0,,0,,0,,4.2,6.1,60.3,10.2,68.2,97.1,42.6,5.9,17,28.8,120.7,23.9,20.1,205.1,39.8,79,313,315,543,11,0,117,36,6,136,36,6,136,331,1012,0,LB Coach
,0,1989,1,NYT,440157,17,0,0,,0,0,0,0,0,0,0,0,0,0,0,0,0,0,0,0,0,0,0,386,404,656,404,13,4084,3400,6099,5679,2699,25,83.8,38.6,6.2,10.1,8.1,240.2,1595,4084,16,25,66,63,63,69,35,18,54,14,195,16,7,18,432,111,39,104,29,148,,,58,417,767,59,21,118,57,0,8,15,2,1,0,1,100,943,85,3951,23,32,185,0,79,1586,0,2,3,6,15,5,2,3,5,10,2,31,22,42,42,15,0,0,,0,,0,,0,,0,,4.1,6.2,61.6,10.1,71,100,46.5,5.8,20.1,22.7,93.8,21.2,23.8,240.2,40.3,108,366,366,444,7,1,82,41,8,163,41,8,163,378,1312,0,LB Coach
,0,1990,1,NYT,440157,17,0,0,,0,0,0,0,0,0,0,0,0,0,0,0,0,0,0,0,0,0,0,509,325,523,325,22,3358,3567,6239,5617,2672,20,75.8,30.8,6.4,10.3,5.6,197.5,2259,3358,15,20,74,64,64,62,75,70,49,3,4,16,8,51,408,101,25,50,10,128,,,31,213,823,71,42,84,42,1,18,20,0,0,0,0,127,988,77,3497,27,24,294,0,100,2409,0,2,6,9,20,3,2,5,7,13,0,40,27,32,32,12,0,0,,0,,0,,0,,0,,4.4,6.4,62.1,10.3,67.5,100,45.4,12.2,24.1,29.9,132.9,20.2,19.1,197.5,36.3,113,323,327,520,14,6,103,35,6,118,35,6,118,365,523,528,LB Coach
,0,1991,1,NYT,440157,1,0,0,,0,0,0,0,0,0,0,0,0,0,0,0,0,0,0,0,0,0,0,27,11,23,11,0,129,282,467,233,185,1,79.8,23,5.6,11.7,0,129,104,129,1,1,33,26,26,54,38,1,43,0,0,0,0,0,21,13,1,1,0,9,,,0,0,59,1,2,2,2,0,0,0,0,0,0,0,6,60,7,346,4,1,1,0,6,123,0,0,0,1,1,0,0,0,1,1,0,2,2,2,2,1,0,0,,0,,0,,0,,0,,3.9,5.6,47.8,11.7,100,100,49.4,1,20.5,27,104,7.4,11,129,45.5,8,20,20,31,1,0,2,1,0,5,1,0,5,21,23,27,
,0,1988,10,IND,442841,17,0,0,,1,0,0,0,0,0,0,0,0,0,0,0,0,0,0,0,0,0,0,573,282,453,282,15,3125,3550,6028,5663,2478,23,85.8,26.6,6.9,11.1,3.2,183.8,2538,3125,18,23,49,65,65,68,103,64,51,6,77,3,2,25,482,82,18,50,9,98,,,15,94,771,85,63,60,42,0,12,6,0,0,0,0,97,818,74,3437,32,38,355,0,72,1711,2,2,7,16,6,3,2,7,15,5,3,34,32,42,41,18,0,0,,0,,0,,0,,0,,4.4,6.9,62.3,11.1,94.1,97.6,46.4,9.3,23.8,33.7,149.3,20.9,16.6,183.8,47.5,137,395,397,429,13,1,120,29,8,134,29,8,134,322,898,0,DL Coach
,0,1989,10,IND,442841,17,0,1,,1,0,0,0,0,0,0,0,0,0,0,0,0,0,0,0,0,0,0,480,306,528,306,23,3755,3506,5219,5850,1713,26,78.3,31.1,7.1,12.3,4.3,220.9,2095,3755,19,26,61,56,56,69,36,52,50,6,137,6,3,22,516,46,14,62,9,82,,,24,164,761,78,96,69,74,5,19,12,1,0,0,0,78,707,81,3865,34,39,306,0,56,1211,0,3,7,8,11,1,3,7,8,8,1,30,27,45,45,26,0,0,,0,,0,,0,,0,,4.4,7.1,58,12.3,90,100,47.7,7.8,21.6,28.2,123.2,21.7,18,220.9,45.1,126,402,414,322,12,2,104,52,10,138,52,10,138,389,1105,0,DL Coach
,0,1990,10,IND,442841,17,0,0,,1,0,0,0,0,0,0,0,0,0,0,0,0,0,0,0,0,0,0,549,257,448,257,14,3384,4021,5850,5803,1829,30,90.7,26.4,7.6,13.2,6.3,199.1,2419,3384,20,30,76,56,56,71,42,64,51,11,187,6,4,17,497,76,22,70,13,94,,,30,218,839,81,64,85,63,0,19,12,2,0,0,0,102,840,81,3954,33,30,287,0,75,1570,0,2,6,11,13,6,2,4,11,8,3,38,28,49,49,23,0,0,,0,,0,,0,,0,,4.4,7.6,57.4,13.2,73.7,100,48.8,9.6,20.9,32.3,142.3,18.6,15.1,199.1,43.6,133,445,451,390,19,6,102,48,8,112,48,8,112,410,447,597,DL Coach
,0,1991,10,IND,442841,1,0,0,,0,0,0,0,0,0,0,0,0,0,0,0,0,0,0,0,0,0,0,40,14,23,14,1,163,164,286,326,122,0,64.2,23,7.1,11.6,0,163,163,163,2,0,20,42,42,54,15,8,52,1,-3,0,0,2,31,1,0,4,0,7,,,0,0,49,5,4,4,1,0,2,2,0,0,0,0,5,40,5,232,1,2,8,0,3,35,0,0,1,0,0,1,0,1,0,0,1,2,2,2,2,2,0,0,,0,,0,,0,,0,,4.1,7.1,60.9,11.6,100,100,46.4,4,11.7,40,163,22.5,14,163,50,8,20,20,13,0,0,9,1,1,7,1,1,7,26,22,35,
,0,1988,7,CIN,445250,17,0,1,,1,0,0,0,0,0,0,0,0,0,0,0,0,0,0,0,0,0,0,521,349,508,349,13,3873,2769,4792,5937,2023,30,100.1,29.9,7.6,11.1,5,227.8,2064,3873,19,30,47,74,74,62,96,62,53,12,205,19,8,30,463,84,19,76,10,120,,,27,227,789,94,19,101,29,0,22,23,4,0,0,1,91,789,84,3645,30,38,289,0,68,1625,1,3,8,6,9,2,3,7,5,7,2,28,24,52,52,19,0,0,,0,,0,,0,,0,,4,7.6,68.7,11.1,85.7,100,43.4,7.6,23.9,30.6,121.4,18.4,20.5,227.8,46.4,124,448,450,270,18,2,96,39,8,162,39,8,162,346,1086,0,LB Coach
,0,1989,7,CIN,445250,17,0,0,,0,0,0,0,0,0,0,0,0,0,0,0,0,0,0,0,0,0,0,344,291,672,291,15,3151,3659,6870,4011,3211,15,55.8,39.5,4.7,10.8,10.2,185.4,860,3151,2,15,31,72,72,59,103,19,46,15,275,20,7,3,470,133,65,89,44,270,,,76,499,874,71,19,119,35,0,12,18,0,0,0,1,96,851,139,6057,38,25,118,0,97,2231,1,2,2,7,7,4,2,2,5,6,0,22,15,18,17,2,0,0,,0,,0,,0,,0,,2.5,4.7,43.3,10.8,68.2,94.4,43.6,4.7,23,20.2,50.6,12.8,17.1,185.4,44,62,170,170,517,3,0,44,34,7,128,34,7,128,458,1402,0,LB Coach
,0,1990,7,CIN,445250,17,0,0,,1,0,0,0,0,0,0,0,0,0,0,0,0,0,0,0,0,0,0,377,420,629,420,9,4884,3015,5275,6381,2260,28,99,37,7.8,11.6,4.4,287.3,1497,4884,17,28,53,72,72,69,108,75,53,6,83,17,11,2,469,90,25,83,12,116,,,29,219,754,67,49,104,57,1,5,8,1,0,0,0,119,927,73,3555,26,32,292,0,80,1721,1,0,12,9,10,4,0,11,8,7,2,35,28,45,44,18,0,0,,0,,0,,0,,0,,4,7.8,66.8,11.6,80,97.8,48.7,9.1,21.5,22.2,88.1,19.6,24.7,287.3,43.1,128,410,414,380,11,2,74,61,15,181,61,15,181,352,631,592,LB Coach
,0,1991,7,CIN,445250,1,0,0,,0,0,0,0,0,0,0,0,0,0,0,0,0,0,0,0,0,0,0,30,22,35,22,1,204,148,367,332,219,4,104.9,35,5.8,9.3,0,204,128,204,0,4,18,38,38,52,33,0,0,0,0,1,0,17,19,4,2,5,0,10,,,0,0,53,5,5,5,5,0,1,2,0,0,0,0,7,57,5,205,1,0,0,0,5,142,0,0,1,0,0,0,0,0,0,0,0,1,0,4,4,1,0,0,,0,,0,,0,,0,,4.3,5.8,62.9,9.3,0,100,41,0,28.4,30,128,23.3,22,204,40.9,4,28,28,24,0,0,7,2,0,9,2,0,9,17,34,27,
,0,1988,5,BUF,447790,17,0,0,,1,0,0,0,0,0,0,0,0,0,0,0,0,0,0,0,0,0,0,741,273,386,273,8,2753,2941,5797,6402,2856,26,104.6,22.7,7.1,10.1,2.8,161.9,3649,2753,32,26,64,81,81,58,40,19,52,14,214,23,10,61,403,97,16,46,3,75,,,11,81,891,92,48,57,35,0,28,27,1,0,0,1,98,862,73,3162,28,34,240,0,77,1668,0,3,13,8,8,3,3,12,5,5,3,35,28,57,53,23,0,0,,0,,0,,0,,0,,4.9,7.1,70.7,10.1,80,93,43.3,7.1,21.7,43.6,214.6,25,16.1,161.9,38.5,137,491,491,391,24,3,185,26,9,105,26,9,105,346,888,0,Special Teams Coach
,0,1989,5,BUF,447790,17,0,0,,1,0,0,0,0,0,0,0,0,0,0,0,0,0,0,0,0,0,0,598,317,518,317,10,3260,3460,4724,6022,1264,30,90.6,30.5,6.3,10.3,4.4,191.8,2762,3260,21,30,52,63,63,60,37,65,53,14,307,24,13,28,474,52,25,75,3,123,,,24,155,791,89,110,104,44,2,26,25,3,0,0,1,83,761,86,3764,27,45,327,1,61,1254,0,1,12,8,10,7,1,9,7,5,3,38,25,53,52,30,0,0,,0,,0,,0,,0,,4.6,6.3,61.2,10.3,65.8,98.1,43.8,7.3,20.6,35.2,162.5,20.9,18.6,191.8,42.9,127,457,463,266,24,3,125,32,5,136,32,5,136,364,1089,0,Special Teams Coach
,0,1990,5,BUF,447790,17,0,0,,1,0,0,0,0,0,0,0,0,0,0,0,0,0,0,0,0,0,0,522,410,599,410,6,4477,4703,6264,6707,1561,32,103.9,35.2,7.5,10.9,5.4,263.4,2230,4477,22,32,58,92,92,61,55,18,53,9,107,16,11,9,485,68,17,67,12,117,,,34,251,858,85,87,102,51,2,18,15,2,1,0,0,115,949,87,3757,35,27,194,0,84,1995,0,0,8,7,17,7,0,7,7,15,4,39,33,53,52,23,0,0,,0,,0,,0,,0,,4.3,7.5,68.4,10.9,84.6,98.1,43.2,7.2,23.8,30.7,131.2,19.7,24.1,263.4,42,151,487,495,448,16,1,103,50,9,172,50,9,172,427,599,601,Special Teams Coach
,0,1991,5,BUF,447790,1,0,0,,0,0,0,0,0,0,0,0,0,0,0,0,0,0,0,0,0,0,0,23,25,37,25,0,203,254,318,353,64,1,90.3,37,5.5,8.1,5.1,203,150,203,2,1,49,22,22,55,35,4,0,0,0,1,1,0,22,4,0,3,1,5,,,2,17,45,3,3,9,4,0,1,0,0,0,0,0,9,70,5,202,1,3,-4,0,5,122,0,0,0,0,0,0,0,0,0,0,0,0,0,3,3,1,0,0,,0,,0,,0,,0,,6.5,5.5,67.6,8.1,0,100,40.4,-1.3,24.4,23,150,21.7,25,203,28,3,21,21,28,1,1,5,1,0,7,1,0,7,31,40,41,
,0,1988,18,BAL,451434,17,0,0,,0,0,0,0,0,0,0,0,0,0,0,0,0,0,0,0,0,0,0,632,285,408,285,11,3029,4406,7864,6316,3458,25,100.4,24,7.4,10.6,2.6,178.2,3287,3029,28,25,76,58,58,69,42,20,57,13,215,23,10,50,450,117,22,64,3,113,,,11,84,870,69,23,75,35,0,25,28,2,1,0,0,102,898,70,3401,32,19,146,0,93,2028,0,1,5,8,8,6,1,4,8,5,5,28,23,52,49,17,0,0,,0,,0,,0,,0,,5.2,7.4,69.9,10.6,82.1,94.2,48.6,7.7,21.8,37.2,193.4,23.4,16.8,178.2,43.5,118,448,452,529,22,5,148,31,7,124,31,7,124,429,1006,0,Head Scout
,0,1989,18,BAL,451434,17,0,0,,1,0,0,0,0,0,0,0,0,0,0,0,0,0,0,0,0,0,0,629,289,406,289,8,3032,3648,5197,5670,1549,21,101.5,23.9,7.5,10.5,5.1,178.4,2638,3032,18,21,60,54,54,70,103,20,52,13,140,12,3,72,436,73,8,89,11,75,,,22,174,775,82,35,106,44,1,22,21,3,0,0,1,86,692,67,3114,24,38,264,0,60,1400,1,0,5,14,19,7,0,4,12,14,4,45,34,41,40,25,0,0,,0,,0,,0,,0,,4.2,7.5,71.2,10.5,75.6,97.6,46.5,6.9,23.3,37,155.2,20.2,17,178.4,46.7,142,400,404,299,17,7,127,31,3,135,31,3,135,403,1032,0,Head Scout
,0,1990,18,BAL,451434,17,0,0,,1,0,0,0,0,0,0,0,0,0,0,0,0,0,0,0,0,0,0,629,311,455,311,10,3281,3983,5906,6360,1923,32,103.4,26.8,7.2,10.5,4,193,3079,3281,27,32,70,59,59,67,98,17,56,17,279,12,6,30,516,94,9,88,10,91,,,19,149,789,66,27,105,31,0,11,11,2,0,0,2,110,935,65,3142,29,23,89,0,78,1938,0,0,8,9,13,6,0,7,8,8,3,36,26,60,60,26,0,0,,0,,0,,0,,0,,4.9,7.2,68.4,10.5,72.2,100,48.3,3.9,24.8,37,181.1,24,18.3,193,45.3,138,504,504,401,18,5,151,31,4,141,31,4,141,432,456,658,Head Scout
,0,1991,18,BAL,451434,1,0,0,,0,0,0,0,0,0,0,0,0,0,0,0,0,0,0,0,0,0,0,30,23,34,23,1,247,302,411,410,109,2,96.1,34,7.3,10.7,15,247,163,247,2,2,22,47,47,60,39,10,45,0,0,5,3,3,37,9,1,6,3,7,,,6,43,44,5,0,11,1,0,1,3,0,0,0,0,5,30,4,208,3,3,20,0,8,219,0,0,0,0,1,0,0,0,0,1,0,1,1,4,4,1,0,0,,0,,0,,0,,0,,5.4,7.3,67.6,10.7,100,100,52,6.7,27.4,30,163,26.7,23,247,39.1,7,31,31,37,2,0,8,3,1,9,3,1,9,28,34,43,
,0,1988,1,NYT,456292,17,0,0,,0,0,0,0,0,0,0,0,0,0,0,0,0,0,0,0,0,0,0,489,342,567,342,14,3487,3615,6065,5539,2450,23,81.2,33.4,6.1,10.2,7.4,205.1,2052,3487,15,23,34,81,81,66,39,32,49,6,118,29,13,22,505,113,36,36,31,142,,,45,314,839,109,18,58,14,0,19,28,1,0,0,1,92,814,94,4003,26,28,165,0,93,1577,0,0,3,6,9,4,0,3,5,7,0,22,15,35,34,13,0,0,,0,,0,,0,,0,,4.2,6.1,60.3,10.2,68.2,97.1,42.6,5.9,17,28.8,120.7,23.9,20.1,205.1,39.8,79,313,315,543,11,0,117,36,6,136,36,6,136,331,1012,0,Defensive Coordinator
,0,1989,1,NYT,456292,17,0,0,,0,0,0,0,0,0,0,0,0,0,0,0,0,0,0,0,0,0,0,386,404,656,404,13,4084,3400,6099,5679,2699,25,83.8,38.6,6.2,10.1,8.1,240.2,1595,4084,16,25,66,63,63,69,35,18,54,14,195,16,7,18,432,111,39,104,29,148,,,58,417,767,59,21,118,57,0,8,15,2,1,0,1,100,943,85,3951,23,32,185,0,79,1586,0,2,3,6,15,5,2,3,5,10,2,31,22,42,42,15,0,0,,0,,0,,0,,0,,4.1,6.2,61.6,10.1,71,100,46.5,5.8,20.1,22.7,93.8,21.2,23.8,240.2,40.3,108,366,366,444,7,1,82,41,8,163,41,8,163,378,1312,0,Defensive Coordinator
,0,1990,1,NYT,456292,17,0,0,,0,0,0,0,0,0,0,0,0,0,0,0,0,0,0,0,0,0,0,509,325,523,325,22,3358,3567,6239,5617,2672,20,75.8,30.8,6.4,10.3,5.6,197.5,2259,3358,15,20,74,64,64,62,75,70,49,3,4,16,8,51,408,101,25,50,10,128,,,31,213,823,71,42,84,42,1,18,20,0,0,0,0,127,988,77,3497,27,24,294,0,100,2409,0,2,6,9,20,3,2,5,7,13,0,40,27,32,32,12,0,0,,0,,0,,0,,0,,4.4,6.4,62.1,10.3,67.5,100,45.4,12.2,24.1,29.9,132.9,20.2,19.1,197.5,36.3,113,323,327,520,14,6,103,35,6,118,35,6,118,365,523,528,Defensive Coordinator
,0,1991,1,NYT,456292,1,0,0,,0,0,0,0,0,0,0,0,0,0,0,0,0,0,0,0,0,0,0,27,11,23,11,0,129,282,467,233,185,1,79.8,23,5.6,11.7,0,129,104,129,1,1,33,26,26,54,38,1,43,0,0,0,0,0,21,13,1,1,0,9,,,0,0,59,1,2,2,2,0,0,0,0,0,0,0,6,60,7,346,4,1,1,0,6,123,0,0,0,1,1,0,0,0,1,1,0,2,2,2,2,1,0,0,,0,,0,,0,,0,,3.9,5.6,47.8,11.7,100,100,49.4,1,20.5,27,104,7.4,11,129,45.5,8,20,20,31,1,0,2,1,0,5,1,0,5,21,23,27,
,0,1988,4,OAK,460269,17,0,0,,0,0,0,0,0,0,0,0,0,0,0,0,0,0,0,0,0,0,0,648,153,277,153,5,2451,3203,5898,5560,2695,28,111.2,16.3,8.8,16,17.1,144.2,3109,2451,20,28,76,60,60,60,41,59,55,17,450,16,8,13,499,105,21,62,37,85,,,57,425,917,111,27,79,27,0,17,16,6,0,0,1,100,923,92,4167,33,23,236,0,78,1859,0,2,6,10,7,5,2,6,5,5,5,30,23,52,51,13,0,0,,0,,0,,0,,0,,4.8,8.8,55.2,16,76.7,98.1,45.3,10.3,23.8,38.1,182.9,18.7,9,144.2,51.6,120,444,448,410,22,5,121,42,11,79,42,11,79,434,909,0,Head Trainer
,0,1989,4,OAK,460269,17,0,0,,0,0,0,0,0,0,0,0,0,0,0,0,0,0,0,0,0,0,0,608,305,497,305,15,3307,3839,6297,6381,2458,22,83.1,29.2,6.7,10.8,5.7,194.5,3074,3307,19,22,62,57,57,59,108,65,49,11,110,23,8,1,536,115,28,82,16,120,,,30,204,914,77,33,119,45,0,10,20,2,0,0,1,126,1018,99,4116,31,31,328,0,85,2043,2,4,5,14,11,1,3,5,12,6,0,35,26,45,45,14,0,0,,0,,0,,0,,0,,5.1,6.7,61.4,10.8,74.3,100,41.6,10.6,24,35.8,180.8,23.2,17.9,194.5,41.3,123,393,393,444,30,5,141,36,6,126,36,6,126,461,1222,0,Head Trainer
,0,1990,4,OAK,460269,17,0,0,,0,0,0,0,0,0,0,0,0,0,0,0,0,0,0,0,0,0,0,548,206,424,206,11,3166,3578,6024,5901,2446,26,83.3,24.9,7.5,15.4,14.9,186.2,2735,3166,25,26,62,77,77,60,94,17,55,8,74,9,5,0,674,83,34,78,49,153,,,74,548,878,71,34,118,48,0,11,7,2,0,0,0,122,1011,100,4344,27,23,130,0,97,2203,0,0,4,6,6,2,0,4,4,6,2,18,16,53,53,12,0,0,,0,,0,,0,,0,,5,7.5,48.6,15.4,88.9,100,43.4,5.7,22.7,32.2,160.9,23,12.1,186.2,55.3,101,419,419,465,12,4,126,54,9,114,54,9,114,449,422,705,Head Trainer
,0,1991,4,OAK,460269,1,0,0,,0,0,0,0,0,0,0,0,0,0,0,0,0,0,0,0,0,0,0,60,21,42,21,2,280,253,487,485,234,1,59.6,42,6.7,13.3,10.6,280,205,280,2,1,14,50,50,61,40,15,50,2,11,1,1,0,58,6,6,6,0,12,,,5,30,79,7,1,7,2,0,2,0,0,0,0,0,5,36,7,362,3,3,16,0,4,120,0,0,1,1,1,1,0,1,1,0,1,4,3,2,2,0,0,0,,0,,0,,0,,0,,3.4,6.7,50,13.3,75,100,51.7,5.3,30,60,205,21.7,21,280,47.6,11,29,31,20,0,0,13,4,1,10,4,1,10,28,42,41,
,0,1988,6,NYG,461787,17,0,0,,1,0,0,0,0,0,0,0,0,0,0,0,0,0,0,0,0,0,0,465,322,487,322,6,4040,3224,5101,6218,1877,34,109.9,28.6,8.3,12.5,9,237.6,2178,4040,24,34,54,65,65,62,39,64,53,16,323,11,4,22,539,64,19,76,28,119,,,48,364,790,98,26,89,37,1,8,14,1,0,0,2,88,797,82,3784,33,31,312,0,63,1371,0,2,8,6,10,3,2,7,5,6,2,29,22,57,57,21,0,0,,0,,0,,0,,0,,4.7,8.3,66.1,12.5,75.9,100,46.1,10.1,21.8,27.4,128.1,22.2,18.9,237.6,46,123,477,481,284,14,3,103,58,8,148,58,8,148,405,1111,0,Head Trainer
,0,1989,6,NYG,461787,17,0,0,,0,0,0,0,0,0,0,0,0,0,0,0,0,0,0,0,0,0,0,321,338,572,338,20,4168,3721,5518,5698,1797,27,82.9,33.6,7.3,12.3,11.3,245.2,1530,4168,14,27,72,61,61,63,40,59,57,11,97,18,11,16,555,61,22,69,46,167,,,73,535,778,86,45,96,50,1,15,13,2,0,0,1,91,709,88,3869,23,40,326,0,75,1642,0,2,4,5,13,6,2,4,4,8,5,30,23,43,42,14,0,0,,0,,0,,0,,0,,4.8,7.3,59.1,12.3,76.7,97.7,44,8.2,21.9,18.9,90,21.2,19.9,245.2,46.2,111,369,371,413,12,2,68,58,9,156,58,9,156,391,1145,0,Head Trainer
,0,1990,6,NYG,461787,17,0,1,,1,0,0,0,0,0,0,0,0,0,0,0,0,0,0,0,0,0,0,384,336,488,336,10,5377,3520,5379,7293,1859,56,135.1,28.7,11,16,11.1,316.3,1916,5377,24,56,64,80,80,63,97,19,55,18,445,19,12,52,662,43,18,63,34,85,,,61,466,810,90,53,84,30,0,34,25,5,0,0,1,103,799,52,2310,19,22,150,0,70,1462,1,2,6,7,12,4,2,4,3,6,1,31,16,84,81,24,0,0,,0,,0,,0,,0,,5,11,68.9,16,51.6,96.4,44.4,6.8,20.9,22.6,112.7,20.8,19.8,316.3,52.4,129,645,647,374,10,5,80,88,17,176,88,17,176,395,475,585,Head Trainer
,0,1991,6,NYG,461787,1,0,0,,0,0,0,0,0,0,0,0,0,0,0,0,0,0,0,0,0,0,0,15,18,34,18,0,242,326,402,319,76,1,85.7,34,7.1,13.4,2.9,242,77,242,1,1,31,33,33,63,35,0,0,0,0,2,1,0,39,5,0,5,0,9,,,1,9,47,4,5,5,1,0,0,1,0,0,0,0,10,60,5,241,3,0,0,0,6,142,0,0,0,0,1,0,0,0,0,0,0,1,0,2,2,1,0,0,,0,,0,,0,,0,,5.1,7.1,52.9,13.4,0,100,48.2,0,23.7,15,77,26.7,18,242,44.4,2,14,14,19,1,0,4,3,0,8,3,0,8,20,32,34,
,0,1988,0,,465033,17,0,0,,1,0,0,0,0,0,0,0,0,0,0,0,0,0,0,0,0,0,0,481,358,542,358,11,3941,3270,4906,5770,1636,19,90.7,31.9,7.3,11,7,231.8,1829,3941,17,19,55,83,83,63,36,57,52,9,185,12,4,11,403,72,21,58,26,134,,,41,308,781,100,57,91,37,0,9,11,2,0,0,0,108,933,79,3554,27,41,295,0,69,1506,0,1,11,16,8,2,1,9,16,7,1,38,34,36,36,19,0,0,,0,,0,,0,,0,,3.8,7.3,66.1,11,89.5,100,45,7.2,21.8,28.3,107.6,17.5,21.1,231.8,42.5,138,366,368,303,14,4,84,45,8,152,45,8,152,349,1108,0,DB Coach
,0,1988,3,GB,466430,17,0,0,,0,0,0,0,0,0,0,0,0,0,0,0,0,0,0,0,0,0,0,526,312,462,312,15,3467,2837,5267,5988,2430,26,94.9,27.2,7.5,11.1,6.3,203.9,2521,3467,20,26,46,76,76,61,37,67,50,8,104,25,15,9,469,66,15,45,15,91,,,31,241,870,90,25,73,30,0,11,15,1,0,0,0,76,596,65,2933,25,26,174,0,72,1551,0,2,9,5,8,4,2,7,3,6,1,28,19,46,45,17,0,0,,0,,0,,0,,0,,4.8,7.5,67.5,11.1,67.9,97.8,45.1,6.7,21.5,30.9,148.3,23.6,18.4,203.9,45.2,102,384,384,330,15,1,124,42,9,141,42,9,141,362,1003,0,Special Teams Coach
,0,1989,3,GB,466430,17,0,0,,0,0,0,0,0,0,0,0,0,0,0,0,0,0,0,0,0,0,0,406,348,649,348,5,3789,3902,6251,5428,2349,28,82.3,38.2,5.8,10.9,8.5,222.9,1639,3789,12,28,39,59,59,61,87,18,51,11,123,23,8,22,431,91,30,50,32,200,,,60,383,858,119,33,86,30,1,18,22,2,0,0,0,108,970,109,4852,40,31,162,0,95,2248,0,0,4,6,11,7,0,3,5,7,4,28,19,42,42,9,0,0,,0,,0,,0,,0,,4,5.8,53.6,10.9,67.9,100,44.5,5.2,23.7,23.9,96.4,17,20.5,222.9,41.7,99,351,353,520,15,0,69,35,8,145,35,8,145,399,1199,0,Special Teams Coach
,0,1990,3,GB,466430,17,0,0,,0,0,0,0,0,0,0,0,0,0,0,0,0,0,0,0,0,0,0,577,297,469,297,10,3449,4664,7071,6001,2407,27,95.8,27.6,7.4,11.6,8.4,202.9,2552,3449,21,27,43,78,78,61,93,20,51,9,107,24,11,68,481,76,27,42,19,124,,,43,306,855,97,29,64,23,1,16,25,2,0,0,0,109,874,70,3117,29,20,181,0,106,2368,0,4,5,5,10,7,4,4,4,7,2,31,21,48,47,12,0,0,,0,,0,,0,,0,,4.4,7.4,63.3,11.6,67.7,97.9,44.5,9,22.3,33.9,150.1,23.6,17.5,202.9,41.8,110,410,414,593,15,1,136,39,11,124,39,11,124,454,466,593,Special Teams Coach
,0,1991,3,GB,466430,1,0,0,,0,0,0,0,0,0,0,0,0,0,0,0,0,0,0,0,0,0,0,41,22,28,22,0,282,129,233,467,104,2,132.4,28,10.1,12.8,6.7,282,185,282,2,2,19,48,48,62,39,13,40,0,0,0,0,0,39,2,3,3,1,2,,,2,14,36,1,0,11,0,0,0,0,0,0,0,0,5,45,4,171,0,1,13,0,5,78,0,0,0,0,1,2,0,0,0,1,0,3,1,4,4,1,0,0,,0,,0,,0,,0,,4.5,10.1,78.6,12.8,33.3,100,42.8,13,15.6,41,185,24.4,22,282,54.5,7,31,31,20,0,0,10,3,1,12,3,1,12,14,28,26,
,0,1988,6,NYG,468831,17,0,0,,1,13,4,0,0.765,0,0,0,1,0,1,0,1,0,0,0,0,0,0,465,322,487,322,6,4040,3224,5101,6218,1877,34,109.9,28.6,8.3,12.5,9,237.6,2178,4040,24,34,54,65,65,62,39,64,53,16,323,11,4,22,539,64,19,76,28,119,,,48,364,790,98,26,89,37,1,8,14,1,0,0,2,88,797,82,3784,33,31,312,0,63,1371,0,2,8,6,10,3,2,7,5,6,2,29,22,57,57,21,0,0,,0,,0,,0,,0,,4.7,8.3,66.1,12.5,75.9,100,46.1,10.1,21.8,27.4,128.1,22.2,18.9,237.6,46,123,477,481,284,14,3,103,58,8,148,58,8,148,405,1111,0,Head Coach
,0,1989,6,NYG,468831,17,0,0,,0,7,10,0,0.412,0,0,0,0,0,0,0,0,0,0,0,0,0,0,321,338,572,338,20,4168,3721,5518,5698,1797,27,82.9,33.6,7.3,12.3,11.3,245.2,1530,4168,14,27,72,61,61,63,40,59,57,11,97,18,11,16,555,61,22,69,46,167,,,73,535,778,86,45,96,50,1,15,13,2,0,0,1,91,709,88,3869,23,40,326,0,75,1642,0,2,4,5,13,6,2,4,4,8,5,30,23,43,42,14,0,0,,0,,0,,0,,0,,4.8,7.3,59.1,12.3,76.7,97.7,44,8.2,21.9,18.9,90,21.2,19.9,245.2,46.2,111,369,371,413,12,2,68,58,9,156,58,9,156,391,1145,0,Head Coach
,0,1990,6,NYG,468831,17,0,1,,1,14,3,0,0.824,0,0,0,1,0,1,1,0,1,1,0,1,0,0,384,336,488,336,10,5377,3520,5379,7293,1859,56,135.1,28.7,11,16,11.1,316.3,1916,5377,24,56,64,80,80,63,97,19,55,18,445,19,12,52,662,43,18,63,34,85,,,61,466,810,90,53,84,30,0,34,25,5,0,0,1,103,799,52,2310,19,22,150,0,70,1462,1,2,6,7,12,4,2,4,3,6,1,31,16,84,81,24,0,0,,0,,0,,0,,0,,5,11,68.9,16,51.6,96.4,44.4,6.8,20.9,22.6,112.7,20.8,19.8,316.3,52.4,129,645,647,374,10,5,80,88,17,176,88,17,176,395,475,585,Head Coach
,0,1991,6,NYG,468831,1,0,0,,0,0,1,0,0,0,0,0,0,0,0,0,0,0,0,0,0,0,0,15,18,34,18,0,242,326,402,319,76,1,85.7,34,7.1,13.4,2.9,242,77,242,1,1,31,33,33,63,35,0,0,0,0,2,1,0,39,5,0,5,0,9,,,1,9,47,4,5,5,1,0,0,1,0,0,0,0,10,60,5,241,3,0,0,0,6,142,0,0,0,0,1,0,0,0,0,0,0,1,0,2,2,1,0,0,,0,,0,,0,,0,,5.1,7.1,52.9,13.4,0,100,48.2,0,23.7,15,77,26.7,18,242,44.4,2,14,14,19,1,0,4,3,0,8,3,0,8,20,32,34,
,0,1988,6,NYG,470150,17,0,0,,1,0,0,0,0,0,0,0,0,0,0,0,0,0,0,0,0,0,0,465,322,487,322,6,4040,3224,5101,6218,1877,34,109.9,28.6,8.3,12.5,9,237.6,2178,4040,24,34,54,65,65,62,39,64,53,16,323,11,4,22,539,64,19,76,28,119,,,48,364,790,98,26,89,37,1,8,14,1,0,0,2,88,797,82,3784,33,31,312,0,63,1371,0,2,8,6,10,3,2,7,5,6,2,29,22,57,57,21,0,0,,0,,0,,0,,0,,4.7,8.3,66.1,12.5,75.9,100,46.1,10.1,21.8,27.4,128.1,22.2,18.9,237.6,46,123,477,481,284,14,3,103,58,8,148,58,8,148,405,1111,0,RB and Receivers Coach
,0,1989,6,NYG,470150,17,0,0,,0,0,0,0,0,0,0,0,0,0,0,0,0,0,0,0,0,0,0,321,338,572,338,20,4168,3721,5518,5698,1797,27,82.9,33.6,7.3,12.3,11.3,245.2,1530,4168,14,27,72,61,61,63,40,59,57,11,97,18,11,16,555,61,22,69,46,167,,,73,535,778,86,45,96,50,1,15,13,2,0,0,1,91,709,88,3869,23,40,326,0,75,1642,0,2,4,5,13,6,2,4,4,8,5,30,23,43,42,14,0,0,,0,,0,,0,,0,,4.8,7.3,59.1,12.3,76.7,97.7,44,8.2,21.9,18.9,90,21.2,19.9,245.2,46.2,111,369,371,413,12,2,68,58,9,156,58,9,156,391,1145,0,RB and Receivers Coach
,0,1990,6,NYG,470150,17,0,1,,1,0,0,0,0,0,0,0,0,0,0,0,0,0,0,0,0,0,0,384,336,488,336,10,5377,3520,5379,7293,1859,56,135.1,28.7,11,16,11.1,316.3,1916,5377,24,56,64,80,80,63,97,19,55,18,445,19,12,52,662,43,18,63,34,85,,,61,466,810,90,53,84,30,0,34,25,5,0,0,1,103,799,52,2310,19,22,150,0,70,1462,1,2,6,7,12,4,2,4,3,6,1,31,16,84,81,24,0,0,,0,,0,,0,,0,,5,11,68.9,16,51.6,96.4,44.4,6.8,20.9,22.6,112.7,20.8,19.8,316.3,52.4,129,645,647,374,10,5,80,88,17,176,88,17,176,395,475,585,RB and Receivers Coach
,0,1991,6,NYG,470150,1,0,0,,0,0,0,0,0,0,0,0,0,0,0,0,0,0,0,0,0,0,0,15,18,34,18,0,242,326,402,319,76,1,85.7,34,7.1,13.4,2.9,242,77,242,1,1,31,33,33,63,35,0,0,0,0,2,1,0,39,5,0,5,0,9,,,1,9,47,4,5,5,1,0,0,1,0,0,0,0,10,60,5,241,3,0,0,0,6,142,0,0,0,0,1,0,0,0,0,0,0,1,0,2,2,1,0,0,,0,,0,,0,,0,,5.1,7.1,52.9,13.4,0,100,48.2,0,23.7,15,77,26.7,18,242,44.4,2,14,14,19,1,0,4,3,0,8,3,0,8,20,32,34,
,0,1988,16,TB,472152,17,0,0,,0,0,0,0,0,0,0,0,0,0,0,0,0,0,0,0,0,0,0,566,288,440,288,11,3527,3356,6204,5887,2848,24,97.8,25.9,8,12.2,10.2,207.5,2360,3527,11,24,68,87,87,62,42,21,53,8,142,21,12,3,399,131,27,81,35,133,,,50,390,843,84,21,105,27,1,7,13,1,0,0,2,97,753,102,4439,35,33,229,0,90,1785,0,0,5,7,10,4,0,5,6,7,2,26,20,36,35,12,0,0,,0,,0,,0,,0,,4.2,8,65.5,12.2,76.9,97.2,43.5,6.9,19.8,33.3,138.8,17.7,16.9,207.5,42.4,95,311,313,480,18,4,100,40,11,122,40,11,122,389,1062,0,Head Trainer
,0,1989,16,TB,472152,17,0,0,,1,0,0,0,0,0,0,0,0,0,0,0,0,0,0,0,0,0,0,475,376,561,376,10,4062,3558,6314,6062,2756,37,102.7,33,7.2,10.8,7.1,238.9,2000,4062,13,37,51,73,73,65,95,17,55,13,103,21,10,51,460,99,22,91,23,150,,,43,306,842,71,48,109,34,0,20,22,0,0,0,0,105,895,101,4515,33,30,211,0,77,1911,1,1,5,7,8,5,1,4,5,8,4,26,22,49,47,15,0,0,,0,,0,,0,,0,,4.2,7.2,67,10.8,84.6,95.9,44.7,7,24.8,27.9,117.6,20,22.1,238.9,35.1,113,419,423,397,13,3,95,49,9,132,49,9,132,387,1196,0,Head Trainer
,0,1990,16,TB,472152,17,0,0,,1,0,0,0,0,0,0,0,0,0,0,0,0,0,0,0,0,0,0,541,400,563,400,8,4567,4013,6183,7025,2170,39,112.3,33.1,8.1,11.4,5.7,268.6,2458,4567,23,39,45,71,71,67,35,55,53,7,104,13,8,57,523,116,17,84,15,132,,,34,235,819,69,25,112,30,0,21,18,2,0,0,0,122,913,71,3304,29,30,133,1,90,1892,0,2,9,7,11,4,2,8,6,7,2,33,25,58,55,18,0,0,,0,,0,,0,,0,,4.5,8.1,71,11.4,75.8,94.8,46.5,4.4,21,31.8,144.6,21.1,23.5,268.6,43.5,130,520,528,475,11,5,114,46,13,174,46,13,174,414,570,626,Head Trainer
,0,1991,16,TB,472152,1,0,0,,0,0,0,0,0,0,0,0,0,0,0,0,0,0,0,0,0,0,0,30,16,23,16,1,164,163,326,286,163,1,86.1,23,7.1,10.2,14.8,164,122,164,0,1,20,19,19,55,37,17,46,1,74,2,2,0,21,6,0,3,2,9,,,4,30,50,4,0,5,0,0,0,0,0,0,0,0,5,50,4,177,1,1,17,0,5,147,0,0,0,0,2,0,0,0,0,2,0,2,2,1,1,0,0,0,,0,,0,,0,,0,,4.1,7.1,69.6,10.2,100,100,44.2,17,29.4,30,122,26.7,16,164,56.2,7,13,13,20,0,0,8,0,0,9,0,0,9,15,24,23,
,0,1988,1,NYT,472895,17,0,0,,0,0,0,0,0,0,0,0,0,0,0,0,0,0,0,0,0,0,0,489,342,567,342,14,3487,3615,6065,5539,2450,23,81.2,33.4,6.1,10.2,7.4,205.1,2052,3487,15,23,34,81,81,66,39,32,49,6,118,29,13,22,505,113,36,36,31,142,,,45,314,839,109,18,58,14,0,19,28,1,0,0,1,92,814,94,4003,26,28,165,0,93,1577,0,0,3,6,9,4,0,3,5,7,0,22,15,35,34,13,0,0,,0,,0,,0,,0,,4.2,6.1,60.3,10.2,68.2,97.1,42.6,5.9,17,28.8,120.7,23.9,20.1,205.1,39.8,79,313,315,543,11,0,117,36,6,136,36,6,136,331,1012,0,Special Teams Coach
,0,1989,1,NYT,472895,17,0,0,,0,0,0,0,0,0,0,0,0,0,0,0,0,0,0,0,0,0,0,386,404,656,404,13,4084,3400,6099,5679,2699,25,83.8,38.6,6.2,10.1,8.1,240.2,1595,4084,16,25,66,63,63,69,35,18,54,14,195,16,7,18,432,111,39,104,29,148,,,58,417,767,59,21,118,57,0,8,15,2,1,0,1,100,943,85,3951,23,32,185,0,79,1586,0,2,3,6,15,5,2,3,5,10,2,31,22,42,42,15,0,0,,0,,0,,0,,0,,4.1,6.2,61.6,10.1,71,100,46.5,5.8,20.1,22.7,93.8,21.2,23.8,240.2,40.3,108,366,366,444,7,1,82,41,8,163,41,8,163,378,1312,0,Special Teams Coach
,0,1990,1,NYT,472895,17,0,0,,0,0,0,0,0,0,0,0,0,0,0,0,0,0,0,0,0,0,0,509,325,523,325,22,3358,3567,6239,5617,2672,20,75.8,30.8,6.4,10.3,5.6,197.5,2259,3358,15,20,74,64,64,62,75,70,49,3,4,16,8,51,408,101,25,50,10,128,,,31,213,823,71,42,84,42,1,18,20,0,0,0,0,127,988,77,3497,27,24,294,0,100,2409,0,2,6,9,20,3,2,5,7,13,0,40,27,32,32,12,0,0,,0,,0,,0,,0,,4.4,6.4,62.1,10.3,67.5,100,45.4,12.2,24.1,29.9,132.9,20.2,19.1,197.5,36.3,113,323,327,520,14,6,103,35,6,118,35,6,118,365,523,528,Special Teams Coach
,0,1991,1,NYT,472895,1,0,0,,0,0,0,0,0,0,0,0,0,0,0,0,0,0,0,0,0,0,0,27,11,23,11,0,129,282,467,233,185,1,79.8,23,5.6,11.7,0,129,104,129,1,1,33,26,26,54,38,1,43,0,0,0,0,0,21,13,1,1,0,9,,,0,0,59,1,2,2,2,0,0,0,0,0,0,0,6,60,7,346,4,1,1,0,6,123,0,0,0,1,1,0,0,0,1,1,0,2,2,2,2,1,0,0,,0,,0,,0,,0,,3.9,5.6,47.8,11.7,100,100,49.4,1,20.5,27,104,7.4,11,129,45.5,8,20,20,31,1,0,2,1,0,5,1,0,5,21,23,27,
,0,1988,9,LON,474370,17,0,0,,1,0,0,0,0,0,0,0,0,0,0,0,0,0,0,0,0,0,0,672,247,375,247,2,3512,3731,6147,6456,2416,26,116.9,22.1,9.4,14.2,6.7,206.6,2944,3512,18,26,71,54,54,70,34,46,57,8,96,28,16,13,550,98,12,51,13,103,,,27,202,842,93,47,69,23,1,13,19,0,0,0,0,103,897,86,4185,35,39,393,0,70,1430,0,1,8,9,11,4,1,6,7,8,3,33,25,44,44,18,0,0,,0,,0,,0,,0,,4.4,9.4,65.9,14.2,75.8,100,48.7,10.1,20.4,39.5,173.2,20.8,14.5,206.6,52.2,119,383,385,422,16,3,140,61,11,129,61,11,129,400,911,0,Head Trainer
,0,1989,9,LON,474370,17,0,0,,1,0,0,0,0,0,0,0,0,0,0,0,0,0,0,0,0,0,0,561,240,391,240,5,3967,3792,5582,6358,1790,32,117.5,23,10.1,16.5,10.7,233.4,2391,3967,17,32,55,82,82,70,94,20,52,11,172,11,5,27,521,105,26,84,21,97,,,47,386,849,110,42,108,30,1,12,10,3,1,0,1,87,663,85,4033,31,39,262,0,67,1495,0,9,4,8,9,7,9,4,6,8,2,37,29,49,47,22,0,0,,0,,0,,0,,0,,4.3,10.1,61.4,16.5,78.4,95.9,47.4,6.7,22.3,33,140.6,17.3,14.1,233.4,54.6,134,446,452,367,16,6,97,63,17,131,63,17,131,468,1072,0,Head Trainer
,0,1990,9,LON,474370,17,0,0,,1,0,0,0,0,0,0,0,0,0,0,0,0,0,0,0,0,0,0,393,339,539,339,5,6080,4446,6414,7997,1968,57,132.9,31.7,11.3,17.9,9.6,357.6,1917,6080,22,57,58,88,88,72,59,65,55,13,261,9,3,45,708,100,21,77,17,84,,,57,448,945,77,43,123,27,0,16,17,3,0,0,1,117,1030,70,3358,28,18,175,0,79,1636,0,0,4,12,12,6,0,2,11,10,3,34,26,81,79,25,0,0,,0,,0,,0,,0,,4.9,11.3,62.9,17.9,76.5,97.5,48,9.7,20.7,23.1,112.8,17.3,19.9,357.6,53.7,157,649,649,407,14,4,68,99,31,182,99,31,182,536,520,801,Head Trainer
,0,1991,9,LON,474370,1,0,0,,0,0,0,0,0,0,0,0,0,0,0,0,0,0,0,0,0,0,0,29,17,29,17,0,326,242,319,402,77,1,109.3,29,11.2,19.2,14.7,326,76,326,0,1,20,68,68,56,32,14,51,0,0,0,0,0,42,1,0,9,1,5,,,5,45,31,3,1,6,7,0,2,1,0,0,0,0,3,15,3,152,1,2,14,0,3,61,0,0,1,2,1,1,0,1,1,1,1,5,4,1,1,1,0,0,,0,,0,,0,,0,,2.6,11.2,58.6,19.2,80,100,50.7,7,20.3,29,76,17.2,17,326,76.5,13,19,19,14,0,0,5,6,1,13,6,1,13,18,28,32,
,0,1988,4,OAK,474993,17,0,0,,0,0,0,0,0,0,0,0,0,0,0,0,0,0,0,0,0,0,0,648,153,277,153,5,2451,3203,5898,5560,2695,28,111.2,16.3,8.8,16,17.1,144.2,3109,2451,20,28,76,60,60,60,41,59,55,17,450,16,8,13,499,105,21,62,37,85,,,57,425,917,111,27,79,27,0,17,16,6,0,0,1,100,923,92,4167,33,23,236,0,78,1859,0,2,6,10,7,5,2,6,5,5,5,30,23,52,51,13,0,0,,0,,0,,0,,0,,4.8,8.8,55.2,16,76.7,98.1,45.3,10.3,23.8,38.1,182.9,18.7,9,144.2,51.6,120,444,448,410,22,5,121,42,11,79,42,11,79,434,909,0,Offensive Coordinator
,0,1989,4,OAK,474993,17,0,0,,0,0,0,0,0,0,0,0,0,0,0,0,0,0,0,0,0,0,0,608,305,497,305,15,3307,3839,6297,6381,2458,22,83.1,29.2,6.7,10.8,5.7,194.5,3074,3307,19,22,62,57,57,59,108,65,49,11,110,23,8,1,536,115,28,82,16,120,,,30,204,914,77,33,119,45,0,10,20,2,0,0,1,126,1018,99,4116,31,31,328,0,85,2043,2,4,5,14,11,1,3,5,12,6,0,35,26,45,45,14,0,0,,0,,0,,0,,0,,5.1,6.7,61.4,10.8,74.3,100,41.6,10.6,24,35.8,180.8,23.2,17.9,194.5,41.3,123,393,393,444,30,5,141,36,6,126,36,6,126,461,1222,0,Offensive Coordinator
,0,1990,4,OAK,474993,17,0,0,,0,0,0,0,0,0,0,0,0,0,0,0,0,0,0,0,0,0,0,548,206,424,206,11,3166,3578,6024,5901,2446,26,83.3,24.9,7.5,15.4,14.9,186.2,2735,3166,25,26,62,77,77,60,94,17,55,8,74,9,5,0,674,83,34,78,49,153,,,74,548,878,71,34,118,48,0,11,7,2,0,0,0,122,1011,100,4344,27,23,130,0,97,2203,0,0,4,6,6,2,0,4,4,6,2,18,16,53,53,12,0,0,,0,,0,,0,,0,,5,7.5,48.6,15.4,88.9,100,43.4,5.7,22.7,32.2,160.9,23,12.1,186.2,55.3,101,419,419,465,12,4,126,54,9,114,54,9,114,449,422,705,Offensive Coordinator
,0,1991,4,OAK,474993,1,0,0,,0,0,0,0,0,0,0,0,0,0,0,0,0,0,0,0,0,0,0,60,21,42,21,2,280,253,487,485,234,1,59.6,42,6.7,13.3,10.6,280,205,280,2,1,14,50,50,61,40,15,50,2,11,1,1,0,58,6,6,6,0,12,,,5,30,79,7,1,7,2,0,2,0,0,0,0,0,5,36,7,362,3,3,16,0,4,120,0,0,1,1,1,1,0,1,1,0,1,4,3,2,2,0,0,0,,0,,0,,0,,0,,3.4,6.7,50,13.3,75,100,51.7,5.3,30,60,205,21.7,21,280,47.6,11,29,31,20,0,0,13,4,1,10,4,1,10,28,42,41,
,0,1988,10,IND,481482,17,0,0,,1,0,0,0,0,0,0,0,0,0,0,0,0,0,0,0,0,0,0,573,282,453,282,15,3125,3550,6028,5663,2478,23,85.8,26.6,6.9,11.1,3.2,183.8,2538,3125,18,23,49,65,65,68,103,64,51,6,77,3,2,25,482,82,18,50,9,98,,,15,94,771,85,63,60,42,0,12,6,0,0,0,0,97,818,74,3437,32,38,355,0,72,1711,2,2,7,16,6,3,2,7,15,5,3,34,32,42,41,18,0,0,,0,,0,,0,,0,,4.4,6.9,62.3,11.1,94.1,97.6,46.4,9.3,23.8,33.7,149.3,20.9,16.6,183.8,47.5,137,395,397,429,13,1,120,29,8,134,29,8,134,322,898,0,RB and Receivers Coach
,0,1989,10,IND,481482,17,0,1,,1,0,0,0,0,0,0,0,0,0,0,0,0,0,0,0,0,0,0,480,306,528,306,23,3755,3506,5219,5850,1713,26,78.3,31.1,7.1,12.3,4.3,220.9,2095,3755,19,26,61,56,56,69,36,52,50,6,137,6,3,22,516,46,14,62,9,82,,,24,164,761,78,96,69,74,5,19,12,1,0,0,0,78,707,81,3865,34,39,306,0,56,1211,0,3,7,8,11,1,3,7,8,8,1,30,27,45,45,26,0,0,,0,,0,,0,,0,,4.4,7.1,58,12.3,90,100,47.7,7.8,21.6,28.2,123.2,21.7,18,220.9,45.1,126,402,414,322,12,2,104,52,10,138,52,10,138,389,1105,0,RB and Receivers Coach
,0,1990,10,IND,481482,17,0,0,,1,0,0,0,0,0,0,0,0,0,0,0,0,0,0,0,0,0,0,549,257,448,257,14,3384,4021,5850,5803,1829,30,90.7,26.4,7.6,13.2,6.3,199.1,2419,3384,20,30,76,56,56,71,42,64,51,11,187,6,4,17,497,76,22,70,13,94,,,30,218,839,81,64,85,63,0,19,12,2,0,0,0,102,840,81,3954,33,30,287,0,75,1570,0,2,6,11,13,6,2,4,11,8,3,38,28,49,49,23,0,0,,0,,0,,0,,0,,4.4,7.6,57.4,13.2,73.7,100,48.8,9.6,20.9,32.3,142.3,18.6,15.1,199.1,43.6,133,445,451,390,19,6,102,48,8,112,48,8,112,410,447,597,RB and Receivers Coach
,0,1991,10,IND,481482,1,0,0,,0,0,0,0,0,0,0,0,0,0,0,0,0,0,0,0,0,0,0,40,14,23,14,1,163,164,286,326,122,0,64.2,23,7.1,11.6,0,163,163,163,2,0,20,42,42,54,15,8,52,1,-3,0,0,2,31,1,0,4,0,7,,,0,0,49,5,4,4,1,0,2,2,0,0,0,0,5,40,5,232,1,2,8,0,3,35,0,0,1,0,0,1,0,1,0,0,1,2,2,2,2,2,0,0,,0,,0,,0,,0,,4.1,7.1,60.9,11.6,100,100,46.4,4,11.7,40,163,22.5,14,163,50,8,20,20,13,0,0,9,1,1,7,1,1,7,26,22,35,
,0,1988,13,MIN,481974,17,0,0,,0,0,0,0,0,0,0,0,0,0,0,0,0,0,0,0,0,0,0,693,227,331,227,5,3238,3156,5948,6326,2792,20,113.8,19.5,9.8,14.3,6.8,190.5,3088,3238,33,20,50,87,87,61,95,66,56,12,91,7,4,14,591,91,13,76,7,57,,,24,197,757,77,16,103,36,0,12,9,1,0,0,0,90,763,73,3321,33,35,381,0,78,1817,1,1,10,9,9,6,1,8,9,4,4,35,26,54,52,19,0,0,,0,,0,,0,,0,,4.5,9.8,68.6,14.3,74.3,96.3,45.5,10.9,23.3,40.8,181.6,21.2,13.4,190.5,55.1,130,460,462,415,16,2,147,50,11,125,50,11,125,324,866,0,Defensive Coordinator
,0,1989,13,MIN,481974,17,0,0,,1,0,0,0,0,0,0,0,0,0,0,0,0,0,0,0,0,0,0,601,244,378,244,6,3467,3841,5715,6002,1874,22,106.9,22.2,9.2,14.2,10.4,203.9,2535,3467,27,22,57,72,72,61,43,35,49,8,143,11,8,28,623,56,20,91,26,95,,,44,326,737,76,29,108,58,0,19,11,1,0,0,0,70,581,69,3166,31,33,302,0,71,1513,0,3,4,14,13,2,3,3,11,10,0,36,27,49,47,15,0,0,,0,,0,,0,,0,,4.2,9.2,64.6,14.2,75,95.9,45.9,9.2,21.3,35.4,149.1,21.6,14.4,203.9,51.2,128,428,428,359,10,2,130,52,9,125,52,9,125,397,1034,0,Defensive Coordinator
,0,1990,13,MIN,481974,17,0,0,,0,0,0,0,0,0,0,0,0,0,0,0,0,0,0,0,0,0,0,468,292,465,292,8,4520,4403,6200,6507,1797,43,118.6,27.4,9.7,15.5,8.8,265.9,1987,4520,19,43,72,83,83,61,43,58,52,8,158,8,5,1,709,62,21,58,28,105,,,45,332,821,75,25,90,37,0,4,5,1,0,0,1,108,890,68,2992,19,21,261,0,87,2045,0,2,6,7,10,3,2,6,6,7,2,28,23,62,60,17,0,0,,0,,0,,0,,0,,4.2,9.7,62.8,15.5,82.1,96.8,44,12.4,23.5,27.5,116.9,20.7,17.2,265.9,49.7,129,507,509,460,11,2,97,78,16,145,78,16,145,450,457,615,Defensive Coordinator
,0,1991,13,MIN,481974,1,0,0,,0,0,0,0,0,0,0,0,0,0,0,0,0,0,0,0,0,0,0,32,17,22,17,0,228,223,363,366,140,3,149.2,22,10.4,13.4,4.3,228,138,228,1,3,24,48,48,64,39,0,17,0,0,0,0,2,22,10,0,4,1,4,,,1,11,56,4,2,6,2,0,2,1,0,0,0,0,2,20,3,145,2,1,0,0,7,167,0,1,0,0,0,0,1,0,0,0,0,1,1,4,4,2,0,0,,0,,0,,0,,0,,4.3,10.4,77.3,13.4,100,100,48.3,0,23.9,32,138,18.8,17,228,47.1,7,31,31,26,1,0,6,3,2,8,3,2,8,34,21,44,
,0,1988,4,OAK,483176,17,0,0,,0,0,0,0,0,0,0,0,0,0,0,0,0,0,0,0,0,0,0,648,153,277,153,5,2451,3203,5898,5560,2695,28,111.2,16.3,8.8,16,17.1,144.2,3109,2451,20,28,76,60,60,60,41,59,55,17,450,16,8,13,499,105,21,62,37,85,,,57,425,917,111,27,79,27,0,17,16,6,0,0,1,100,923,92,4167,33,23,236,0,78,1859,0,2,6,10,7,5,2,6,5,5,5,30,23,52,51,13,0,0,,0,,0,,0,,0,,4.8,8.8,55.2,16,76.7,98.1,45.3,10.3,23.8,38.1,182.9,18.7,9,144.2,51.6,120,444,448,410,22,5,121,42,11,79,42,11,79,434,909,0,QB Coach
,0,1989,4,OAK,483176,17,0,0,,0,0,0,0,0,0,0,0,0,0,0,0,0,0,0,0,0,0,0,608,305,497,305,15,3307,3839,6297,6381,2458,22,83.1,29.2,6.7,10.8,5.7,194.5,3074,3307,19,22,62,57,57,59,108,65,49,11,110,23,8,1,536,115,28,82,16,120,,,30,204,914,77,33,119,45,0,10,20,2,0,0,1,126,1018,99,4116,31,31,328,0,85,2043,2,4,5,14,11,1,3,5,12,6,0,35,26,45,45,14,0,0,,0,,0,,0,,0,,5.1,6.7,61.4,10.8,74.3,100,41.6,10.6,24,35.8,180.8,23.2,17.9,194.5,41.3,123,393,393,444,30,5,141,36,6,126,36,6,126,461,1222,0,QB Coach
,0,1990,4,OAK,483176,17,0,0,,0,0,0,0,0,0,0,0,0,0,0,0,0,0,0,0,0,0,0,548,206,424,206,11,3166,3578,6024,5901,2446,26,83.3,24.9,7.5,15.4,14.9,186.2,2735,3166,25,26,62,77,77,60,94,17,55,8,74,9,5,0,674,83,34,78,49,153,,,74,548,878,71,34,118,48,0,11,7,2,0,0,0,122,1011,100,4344,27,23,130,0,97,2203,0,0,4,6,6,2,0,4,4,6,2,18,16,53,53,12,0,0,,0,,0,,0,,0,,5,7.5,48.6,15.4,88.9,100,43.4,5.7,22.7,32.2,160.9,23,12.1,186.2,55.3,101,419,419,465,12,4,126,54,9,114,54,9,114,449,422,705,QB Coach
,0,1991,4,OAK,483176,1,0,0,,0,0,0,0,0,0,0,0,0,0,0,0,0,0,0,0,0,0,0,60,21,42,21,2,280,253,487,485,234,1,59.6,42,6.7,13.3,10.6,280,205,280,2,1,14,50,50,61,40,15,50,2,11,1,1,0,58,6,6,6,0,12,,,5,30,79,7,1,7,2,0,2,0,0,0,0,0,5,36,7,362,3,3,16,0,4,120,0,0,1,1,1,1,0,1,1,0,1,4,3,2,2,0,0,0,,0,,0,,0,,0,,3.4,6.7,50,13.3,75,100,51.7,5.3,30,60,205,21.7,21,280,47.6,11,29,31,20,0,0,13,4,1,10,4,1,10,28,42,41,
,0,1988,6,NYG,483814,17,0,0,,1,0,0,0,0,0,0,0,0,0,0,0,0,0,0,0,0,0,0,465,322,487,322,6,4040,3224,5101,6218,1877,34,109.9,28.6,8.3,12.5,9,237.6,2178,4040,24,34,54,65,65,62,39,64,53,16,323,11,4,22,539,64,19,76,28,119,,,48,364,790,98,26,89,37,1,8,14,1,0,0,2,88,797,82,3784,33,31,312,0,63,1371,0,2,8,6,10,3,2,7,5,6,2,29,22,57,57,21,0,0,,0,,0,,0,,0,,4.7,8.3,66.1,12.5,75.9,100,46.1,10.1,21.8,27.4,128.1,22.2,18.9,237.6,46,123,477,481,284,14,3,103,58,8,148,58,8,148,405,1111,0,Head Scout
,0,1989,6,NYG,483814,17,0,0,,0,0,0,0,0,0,0,0,0,0,0,0,0,0,0,0,0,0,0,321,338,572,338,20,4168,3721,5518,5698,1797,27,82.9,33.6,7.3,12.3,11.3,245.2,1530,4168,14,27,72,61,61,63,40,59,57,11,97,18,11,16,555,61,22,69,46,167,,,73,535,778,86,45,96,50,1,15,13,2,0,0,1,91,709,88,3869,23,40,326,0,75,1642,0,2,4,5,13,6,2,4,4,8,5,30,23,43,42,14,0,0,,0,,0,,0,,0,,4.8,7.3,59.1,12.3,76.7,97.7,44,8.2,21.9,18.9,90,21.2,19.9,245.2,46.2,111,369,371,413,12,2,68,58,9,156,58,9,156,391,1145,0,Head Scout
,0,1990,6,NYG,483814,17,0,1,,1,0,0,0,0,0,0,0,0,0,0,0,0,0,0,0,0,0,0,384,336,488,336,10,5377,3520,5379,7293,1859,56,135.1,28.7,11,16,11.1,316.3,1916,5377,24,56,64,80,80,63,97,19,55,18,445,19,12,52,662,43,18,63,34,85,,,61,466,810,90,53,84,30,0,34,25,5,0,0,1,103,799,52,2310,19,22,150,0,70,1462,1,2,6,7,12,4,2,4,3,6,1,31,16,84,81,24,0,0,,0,,0,,0,,0,,5,11,68.9,16,51.6,96.4,44.4,6.8,20.9,22.6,112.7,20.8,19.8,316.3,52.4,129,645,647,374,10,5,80,88,17,176,88,17,176,395,475,585,Head Scout
,0,1991,6,NYG,483814,1,0,0,,0,0,0,0,0,0,0,0,0,0,0,0,0,0,0,0,0,0,0,15,18,34,18,0,242,326,402,319,76,1,85.7,34,7.1,13.4,2.9,242,77,242,1,1,31,33,33,63,35,0,0,0,0,2,1,0,39,5,0,5,0,9,,,1,9,47,4,5,5,1,0,0,1,0,0,0,0,10,60,5,241,3,0,0,0,6,142,0,0,0,0,1,0,0,0,0,0,0,1,0,2,2,1,0,0,,0,,0,,0,,0,,5.1,7.1,52.9,13.4,0,100,48.2,0,23.7,15,77,26.7,18,242,44.4,2,14,14,19,1,0,4,3,0,8,3,0,8,20,32,34,
,0,1988,10,IND,488885,17,0,0,,1,0,0,0,0,0,0,0,0,0,0,0,0,0,0,0,0,0,0,573,282,453,282,15,3125,3550,6028,5663,2478,23,85.8,26.6,6.9,11.1,3.2,183.8,2538,3125,18,23,49,65,65,68,103,64,51,6,77,3,2,25,482,82,18,50,9,98,,,15,94,771,85,63,60,42,0,12,6,0,0,0,0,97,818,74,3437,32,38,355,0,72,1711,2,2,7,16,6,3,2,7,15,5,3,34,32,42,41,18,0,0,,0,,0,,0,,0,,4.4,6.9,62.3,11.1,94.1,97.6,46.4,9.3,23.8,33.7,149.3,20.9,16.6,183.8,47.5,137,395,397,429,13,1,120,29,8,134,29,8,134,322,898,0,Offensive Coordinator
,0,1989,10,IND,488885,17,0,1,,1,0,0,0,0,0,0,0,0,0,0,0,0,0,0,0,0,0,0,480,306,528,306,23,3755,3506,5219,5850,1713,26,78.3,31.1,7.1,12.3,4.3,220.9,2095,3755,19,26,61,56,56,69,36,52,50,6,137,6,3,22,516,46,14,62,9,82,,,24,164,761,78,96,69,74,5,19,12,1,0,0,0,78,707,81,3865,34,39,306,0,56,1211,0,3,7,8,11,1,3,7,8,8,1,30,27,45,45,26,0,0,,0,,0,,0,,0,,4.4,7.1,58,12.3,90,100,47.7,7.8,21.6,28.2,123.2,21.7,18,220.9,45.1,126,402,414,322,12,2,104,52,10,138,52,10,138,389,1105,0,Offensive Coordinator
,0,1990,10,IND,488885,17,0,0,,1,0,0,0,0,0,0,0,0,0,0,0,0,0,0,0,0,0,0,549,257,448,257,14,3384,4021,5850,5803,1829,30,90.7,26.4,7.6,13.2,6.3,199.1,2419,3384,20,30,76,56,56,71,42,64,51,11,187,6,4,17,497,76,22,70,13,94,,,30,218,839,81,64,85,63,0,19,12,2,0,0,0,102,840,81,3954,33,30,287,0,75,1570,0,2,6,11,13,6,2,4,11,8,3,38,28,49,49,23,0,0,,0,,0,,0,,0,,4.4,7.6,57.4,13.2,73.7,100,48.8,9.6,20.9,32.3,142.3,18.6,15.1,199.1,43.6,133,445,451,390,19,6,102,48,8,112,48,8,112,410,447,597,Offensive Coordinator
,0,1991,10,IND,488885,1,0,0,,0,0,0,0,0,0,0,0,0,0,0,0,0,0,0,0,0,0,0,40,14,23,14,1,163,164,286,326,122,0,64.2,23,7.1,11.6,0,163,163,163,2,0,20,42,42,54,15,8,52,1,-3,0,0,2,31,1,0,4,0,7,,,0,0,49,5,4,4,1,0,2,2,0,0,0,0,5,40,5,232,1,2,8,0,3,35,0,0,1,0,0,1,0,1,0,0,1,2,2,2,2,2,0,0,,0,,0,,0,,0,,4.1,7.1,60.9,11.6,100,100,46.4,4,11.7,40,163,22.5,14,163,50,8,20,20,13,0,0,9,1,1,7,1,1,7,26,22,35,
,0,1988,8,SEA,490408,17,0,0,,0,0,0,0,0,0,0,0,0,0,0,0,0,0,0,0,0,0,0,460,402,587,402,7,4014,4095,6693,6165,2598,26,97.4,34.5,6.8,10,4.1,236.1,2151,4014,22,26,36,88,88,62,38,18,51,6,85,9,5,17,486,94,23,44,15,108,,,25,178,829,84,33,73,33,0,21,11,1,0,0,0,96,834,75,3428,33,36,263,0,73,1609,0,1,6,8,18,5,1,4,6,11,2,38,24,49,47,20,0,0,,0,,0,,0,,0,,4.7,6.8,68.5,10,63.2,95.9,45.7,7.3,22,27.1,126.5,22.6,23.6,236.1,42.8,119,413,413,476,9,0,104,29,8,172,29,8,172,407,1149,0,QB Coach
,0,1989,8,SEA,490408,17,0,0,,1,0,0,0,0,0,0,0,0,0,0,0,0,0,0,0,0,0,0,393,389,593,389,10,3826,3600,5867,5752,2267,32,94.6,34.9,6.5,9.8,4.5,225.1,1926,3826,17,32,60,61,61,65,103,27,54,9,194,17,10,1,444,96,12,80,10,122,,,28,221,833,70,46,113,59,0,14,9,2,0,0,0,98,733,71,3358,42,30,287,0,62,1567,1,1,5,9,14,2,1,2,7,9,2,31,21,51,49,21,0,0,,0,,0,,0,,0,,4.9,6.5,65.6,9.8,67.7,96.1,47.3,9.6,25.3,23.1,113.3,25.4,22.9,225.1,40.6,112,424,426,335,12,2,100,35,6,158,35,6,158,412,1268,0,QB Coach
,0,1990,8,SEA,490408,17,0,0,,0,0,0,0,0,0,0,0,0,0,0,0,0,0,0,0,0,0,0,564,332,487,332,4,3145,4679,6974,5841,2295,29,102.2,28.6,6.5,9.5,6.7,185,2696,3145,17,29,61,52,52,66,42,67,50,6,79,19,12,7,422,112,11,73,12,110,,,35,256,822,64,29,77,48,0,13,12,0,0,0,1,105,849,90,4359,40,32,368,0,94,1829,0,1,4,9,11,3,1,3,8,9,1,28,22,44,43,12,0,0,,0,,0,,0,,0,,4.8,6.5,68.2,9.5,78.6,97.7,48.4,11.5,19.5,33.2,158.6,22.9,19.5,185,40.7,109,385,387,468,17,2,129,22,2,135,22,2,135,491,485,697,QB Coach
,0,1991,8,SEA,490408,1,0,0,,0,0,0,0,0,0,0,0,0,0,0,0,0,0,0,0,0,0,0,29,27,36,27,0,223,228,366,363,138,1,99.7,36,6.2,8.3,5.3,223,140,223,1,1,17,17,17,35,40,0,52,0,0,2,1,0,19,8,1,2,1,8,,,2,6,46,3,1,2,3,0,0,1,0,0,0,0,3,35,1,35,0,0,0,0,5,154,0,0,1,0,2,1,0,1,0,2,1,4,4,2,2,0,0,0,,0,,0,,0,,0,,4.8,6.2,75,8.3,100,100,35,0,30.8,29,140,27.6,27,223,51.9,14,26,26,31,0,0,8,0,0,14,0,0,14,18,36,22,
,0,1988,14,ATL,491478,17,0,0,,1,0,0,0,0,0,0,0,0,0,0,0,0,0,0,0,0,0,0,533,269,411,269,8,3796,4169,6266,6082,2097,29,110.5,24.2,9.2,14.1,9.7,223.3,2286,3796,19,29,67,68,68,65,42,77,52,9,185,9,3,31,451,101,15,63,26,107,,,44,367,801,105,28,91,29,1,15,13,0,0,0,0,87,745,81,3604,27,25,305,1,77,1904,0,1,8,12,12,4,1,7,10,7,2,37,27,48,48,17,0,0,,0,,0,,0,,0,,4.3,9.2,65.5,14.1,73,100,44.5,12.2,24.7,31.4,134.5,19.9,15.8,223.3,47.2,129,423,427,398,13,6,106,56,15,127,56,15,127,408,974,0,LB Coach
,0,1989,14,ATL,491478,17,0,0,,0,0,0,0,0,0,0,0,0,0,0,0,0,0,0,0,0,0,0,459,283,474,283,10,4640,4509,6339,6450,1830,45,115.5,27.9,9.8,16.4,15.4,272.9,1810,4640,6,45,47,66,66,65,42,24,52,17,207,17,5,84,649,80,21,91,44,135,,,86,697,724,87,40,112,45,3,19,24,2,0,0,0,101,808,83,3957,28,36,317,0,73,1710,0,1,5,11,13,5,1,4,9,9,1,35,24,52,51,17,0,0,,0,,0,,0,,0,,3.9,9.8,59.7,16.4,68.6,98.1,47.7,8.8,23.4,27,106.5,16.6,16.6,272.9,47.7,123,441,449,445,12,2,76,83,24,135,83,24,135,429,1151,0,LB Coach
,0,1990,14,ATL,491478,17,0,0,,0,0,0,0,0,0,0,0,0,0,0,0,0,0,0,0,0,0,0,552,297,431,297,6,3211,4437,6826,5443,2389,23,102.5,25.4,7.5,10.8,5.9,188.9,2232,3211,22,23,53,62,62,67,92,41,52,9,101,18,11,35,383,89,15,57,9,81,,,27,192,790,86,25,93,24,0,15,16,1,0,0,0,88,643,84,4019,46,21,206,0,94,2224,0,0,8,12,5,4,0,7,12,4,3,29,26,45,44,13,0,0,,0,,0,,0,,0,,4,7.5,68.9,10.8,89.7,97.8,47.8,9.8,23.7,32.5,131.3,18.8,17.5,188.9,41.8,122,398,398,514,16,4,104,30,9,124,30,9,124,404,427,591,LB Coach
,0,1991,14,ATL,491478,1,0,0,,0,0,0,0,0,0,0,0,0,0,0,0,0,0,0,0,0,0,0,38,14,25,14,0,148,204,332,367,128,0,73.4,25,5.9,10.6,16.7,148,219,148,3,0,27,31,31,63,30,11,51,1,4,1,1,0,37,10,0,5,3,9,,,5,38,48,4,0,4,5,0,1,0,0,0,0,0,3,25,4,183,3,1,11,0,5,85,0,0,0,0,1,2,0,0,0,0,1,3,1,3,3,1,0,0,,0,,0,,0,,0,,5.8,5.9,56,10.6,33.3,100,45.8,11,17,38,219,23.7,14,148,42.9,6,24,24,28,1,0,9,1,0,6,1,0,6,31,21,47,
,0,1988,7,CIN,495715,17,0,1,,1,0,0,0,0,0,0,0,0,0,0,0,0,0,0,0,0,0,0,521,349,508,349,13,3873,2769,4792,5937,2023,30,100.1,29.9,7.6,11.1,5,227.8,2064,3873,19,30,47,74,74,62,96,62,53,12,205,19,8,30,463,84,19,76,10,120,,,27,227,789,94,19,101,29,0,22,23,4,0,0,1,91,789,84,3645,30,38,289,0,68,1625,1,3,8,6,9,2,3,7,5,7,2,28,24,52,52,19,0,0,,0,,0,,0,,0,,4,7.6,68.7,11.1,85.7,100,43.4,7.6,23.9,30.6,121.4,18.4,20.5,227.8,46.4,124,448,450,270,18,2,96,39,8,162,39,8,162,346,1086,0,QB Coach
,0,1989,7,CIN,495715,17,0,0,,0,0,0,0,0,0,0,0,0,0,0,0,0,0,0,0,0,0,0,344,291,672,291,15,3151,3659,6870,4011,3211,15,55.8,39.5,4.7,10.8,10.2,185.4,860,3151,2,15,31,72,72,59,103,19,46,15,275,20,7,3,470,133,65,89,44,270,,,76,499,874,71,19,119,35,0,12,18,0,0,0,1,96,851,139,6057,38,25,118,0,97,2231,1,2,2,7,7,4,2,2,5,6,0,22,15,18,17,2,0,0,,0,,0,,0,,0,,2.5,4.7,43.3,10.8,68.2,94.4,43.6,4.7,23,20.2,50.6,12.8,17.1,185.4,44,62,170,170,517,3,0,44,34,7,128,34,7,128,458,1402,0,QB Coach
,0,1990,7,CIN,495715,17,0,0,,1,0,0,0,0,0,0,0,0,0,0,0,0,0,0,0,0,0,0,377,420,629,420,9,4884,3015,5275,6381,2260,28,99,37,7.8,11.6,4.4,287.3,1497,4884,17,28,53,72,72,69,108,75,53,6,83,17,11,2,469,90,25,83,12,116,,,29,219,754,67,49,104,57,1,5,8,1,0,0,0,119,927,73,3555,26,32,292,0,80,1721,1,0,12,9,10,4,0,11,8,7,2,35,28,45,44,18,0,0,,0,,0,,0,,0,,4,7.8,66.8,11.6,80,97.8,48.7,9.1,21.5,22.2,88.1,19.6,24.7,287.3,43.1,128,410,414,380,11,2,74,61,15,181,61,15,181,352,631,592,QB Coach
,0,1991,7,CIN,495715,1,0,0,,0,0,0,0,0,0,0,0,0,0,0,0,0,0,0,0,0,0,0,30,22,35,22,1,204,148,367,332,219,4,104.9,35,5.8,9.3,0,204,128,204,0,4,18,38,38,52,33,0,0,0,0,1,0,17,19,4,2,5,0,10,,,0,0,53,5,5,5,5,0,1,2,0,0,0,0,7,57,5,205,1,0,0,0,5,142,0,0,1,0,0,0,0,0,0,0,0,1,0,4,4,1,0,0,,0,,0,,0,,0,,4.3,5.8,62.9,9.3,0,100,41,0,28.4,30,128,23.3,22,204,40.9,4,28,28,24,0,0,7,2,0,9,2,0,9,17,34,27,
,0,1988,1,NYT,495720,17,0,0,,0,0,0,0,0,0,0,0,0,0,0,0,0,0,0,0,0,0,0,489,342,567,342,14,3487,3615,6065,5539,2450,23,81.2,33.4,6.1,10.2,7.4,205.1,2052,3487,15,23,34,81,81,66,39,32,49,6,118,29,13,22,505,113,36,36,31,142,,,45,314,839,109,18,58,14,0,19,28,1,0,0,1,92,814,94,4003,26,28,165,0,93,1577,0,0,3,6,9,4,0,3,5,7,0,22,15,35,34,13,0,0,,0,,0,,0,,0,,4.2,6.1,60.3,10.2,68.2,97.1,42.6,5.9,17,28.8,120.7,23.9,20.1,205.1,39.8,79,313,315,543,11,0,117,36,6,136,36,6,136,331,1012,0,Head Trainer
,0,1989,1,NYT,495720,17,0,0,,0,0,0,0,0,0,0,0,0,0,0,0,0,0,0,0,0,0,0,386,404,656,404,13,4084,3400,6099,5679,2699,25,83.8,38.6,6.2,10.1,8.1,240.2,1595,4084,16,25,66,63,63,69,35,18,54,14,195,16,7,18,432,111,39,104,29,148,,,58,417,767,59,21,118,57,0,8,15,2,1,0,1,100,943,85,3951,23,32,185,0,79,1586,0,2,3,6,15,5,2,3,5,10,2,31,22,42,42,15,0,0,,0,,0,,0,,0,,4.1,6.2,61.6,10.1,71,100,46.5,5.8,20.1,22.7,93.8,21.2,23.8,240.2,40.3,108,366,366,444,7,1,82,41,8,163,41,8,163,378,1312,0,Head Trainer
,0,1990,1,NYT,495720,17,0,0,,0,0,0,0,0,0,0,0,0,0,0,0,0,0,0,0,0,0,0,509,325,523,325,22,3358,3567,6239,5617,2672,20,75.8,30.8,6.4,10.3,5.6,197.5,2259,3358,15,20,74,64,64,62,75,70,49,3,4,16,8,51,408,101,25,50,10,128,,,31,213,823,71,42,84,42,1,18,20,0,0,0,0,127,988,77,3497,27,24,294,0,100,2409,0,2,6,9,20,3,2,5,7,13,0,40,27,32,32,12,0,0,,0,,0,,0,,0,,4.4,6.4,62.1,10.3,67.5,100,45.4,12.2,24.1,29.9,132.9,20.2,19.1,197.5,36.3,113,323,327,520,14,6,103,35,6,118,35,6,118,365,523,528,Head Trainer
,0,1991,1,NYT,495720,1,0,0,,0,0,0,0,0,0,0,0,0,0,0,0,0,0,0,0,0,0,0,27,11,23,11,0,129,282,467,233,185,1,79.8,23,5.6,11.7,0,129,104,129,1,1,33,26,26,54,38,1,43,0,0,0,0,0,21,13,1,1,0,9,,,0,0,59,1,2,2,2,0,0,0,0,0,0,0,6,60,7,346,4,1,1,0,6,123,0,0,0,1,1,0,0,0,1,1,0,2,2,2,2,1,0,0,,0,,0,,0,,0,,3.9,5.6,47.8,11.7,100,100,49.4,1,20.5,27,104,7.4,11,129,45.5,8,20,20,31,1,0,2,1,0,5,1,0,5,21,23,27,
,0,1988,7,CIN,497005,17,0,1,,1,0,0,0,0,0,0,0,0,0,0,0,0,0,0,0,0,0,0,521,349,508,349,13,3873,2769,4792,5937,2023,30,100.1,29.9,7.6,11.1,5,227.8,2064,3873,19,30,47,74,74,62,96,62,53,12,205,19,8,30,463,84,19,76,10,120,,,27,227,789,94,19,101,29,0,22,23,4,0,0,1,91,789,84,3645,30,38,289,0,68,1625,1,3,8,6,9,2,3,7,5,7,2,28,24,52,52,19,0,0,,0,,0,,0,,0,,4,7.6,68.7,11.1,85.7,100,43.4,7.6,23.9,30.6,121.4,18.4,20.5,227.8,46.4,124,448,450,270,18,2,96,39,8,162,39,8,162,346,1086,0,Special Teams Coach
,0,1989,7,CIN,497005,17,0,0,,0,0,0,0,0,0,0,0,0,0,0,0,0,0,0,0,0,0,0,344,291,672,291,15,3151,3659,6870,4011,3211,15,55.8,39.5,4.7,10.8,10.2,185.4,860,3151,2,15,31,72,72,59,103,19,46,15,275,20,7,3,470,133,65,89,44,270,,,76,499,874,71,19,119,35,0,12,18,0,0,0,1,96,851,139,6057,38,25,118,0,97,2231,1,2,2,7,7,4,2,2,5,6,0,22,15,18,17,2,0,0,,0,,0,,0,,0,,2.5,4.7,43.3,10.8,68.2,94.4,43.6,4.7,23,20.2,50.6,12.8,17.1,185.4,44,62,170,170,517,3,0,44,34,7,128,34,7,128,458,1402,0,Special Teams Coach
,0,1990,7,CIN,497005,17,0,0,,1,0,0,0,0,0,0,0,0,0,0,0,0,0,0,0,0,0,0,377,420,629,420,9,4884,3015,5275,6381,2260,28,99,37,7.8,11.6,4.4,287.3,1497,4884,17,28,53,72,72,69,108,75,53,6,83,17,11,2,469,90,25,83,12,116,,,29,219,754,67,49,104,57,1,5,8,1,0,0,0,119,927,73,3555,26,32,292,0,80,1721,1,0,12,9,10,4,0,11,8,7,2,35,28,45,44,18,0,0,,0,,0,,0,,0,,4,7.8,66.8,11.6,80,97.8,48.7,9.1,21.5,22.2,88.1,19.6,24.7,287.3,43.1,128,410,414,380,11,2,74,61,15,181,61,15,181,352,631,592,Special Teams Coach
,0,1991,7,CIN,497005,1,0,0,,0,0,0,0,0,0,0,0,0,0,0,0,0,0,0,0,0,0,0,30,22,35,22,1,204,148,367,332,219,4,104.9,35,5.8,9.3,0,204,128,204,0,4,18,38,38,52,33,0,0,0,0,1,0,17,19,4,2,5,0,10,,,0,0,53,5,5,5,5,0,1,2,0,0,0,0,7,57,5,205,1,0,0,0,5,142,0,0,1,0,0,0,0,0,0,0,0,1,0,4,4,1,0,0,,0,,0,,0,,0,,4.3,5.8,62.9,9.3,0,100,41,0,28.4,30,128,23.3,22,204,40.9,4,28,28,24,0,0,7,2,0,9,2,0,9,17,34,27,
,0,1988,17,CHC,497624,17,0,0,,1,0,0,0,0,0,0,0,0,0,0,0,0,0,0,0,0,0,0,481,358,542,358,11,3941,3270,4906,5770,1636,19,90.7,31.9,7.3,11,7,231.8,1829,3941,17,19,55,83,83,63,36,57,52,9,185,12,4,11,403,72,21,58,26,134,,,41,308,781,100,57,91,37,0,9,11,2,0,0,0,108,933,79,3554,27,41,295,0,69,1506,0,1,11,16,8,2,1,9,16,7,1,38,34,36,36,19,0,0,,0,,0,,0,,0,,3.8,7.3,66.1,11,89.5,100,45,7.2,21.8,28.3,107.6,17.5,21.1,231.8,42.5,138,366,368,303,14,4,84,45,8,152,45,8,152,349,1108,0,LB Coach
,0,1989,17,CHC,497624,17,0,0,,0,0,0,0,0,0,0,0,0,0,0,0,0,0,0,0,0,0,0,362,390,608,390,11,3780,3874,6436,5246,2562,28,89.3,35.8,6.2,9.7,9.8,222.4,1466,3780,8,28,40,73,73,64,41,67,49,11,194,16,8,12,421,109,27,92,39,138,,,66,494,765,61,34,117,25,0,11,12,0,0,0,0,96,811,89,3935,27,25,177,0,92,1979,0,0,7,4,7,1,0,7,4,6,0,19,17,36,34,7,0,0,,0,,0,,0,,0,,4,6.2,64.1,9.7,89.5,94.4,44.2,7.1,21.5,21.3,86.2,21.8,22.9,222.4,39.7,85,301,301,551,7,0,79,33,6,155,33,6,155,413,1266,0,LB Coach
,0,1990,17,CHC,497624,17,0,0,,0,0,0,0,0,0,0,0,0,0,0,0,0,0,0,0,0,0,0,512,314,530,314,7,2795,4103,7541,4582,3438,15,77.4,31.2,5.3,8.9,8.5,164.4,1787,2795,16,15,65,41,41,64,97,18,57,14,214,8,4,27,426,103,17,74,23,151,,,49,366,771,51,20,87,35,0,9,9,1,0,0,0,120,893,93,4259,42,22,190,0,112,2576,1,1,6,8,12,6,1,6,8,8,6,33,29,31,31,9,0,0,,0,,0,,0,,0,,3.5,5.3,59.2,8.9,87.9,100,45.8,8.6,23,30.1,105.1,16,18.5,164.4,39.2,118,316,316,650,8,3,82,18,1,123,18,1,123,351,531,555,LB Coach
,0,1991,17,CHC,497624,1,0,0,,0,0,0,0,0,0,0,0,0,0,0,0,0,0,0,0,0,0,0,29,18,26,18,0,181,246,360,239,114,1,101.6,26,7,10.1,0,181,58,181,0,1,12,31,31,59,35,0,54,0,0,2,2,0,21,5,2,2,0,5,,,0,0,46,8,3,1,2,0,1,0,0,0,0,0,8,52,4,169,2,0,0,0,6,140,0,0,0,0,1,1,0,0,0,1,1,2,2,1,1,1,0,0,,0,,0,,0,,0,,2,7,69.2,10.1,100,100,42.2,0,23.3,29,58,20.7,18,181,55.6,7,13,13,37,0,0,6,2,0,10,2,0,10,29,26,35,
,0,1988,2,MIA,497941,17,0,0,,1,0,0,0,0,0,0,0,0,0,0,0,0,0,0,0,0,0,0,466,323,469,323,10,4011,3099,5703,5994,2604,36,111.8,27.6,8.6,12.4,5.8,235.9,1983,4011,16,36,75,72,72,62,34,17,47,7,150,18,8,15,400,119,11,67,7,99,,,29,220,835,108,30,79,36,1,15,17,1,0,0,0,98,851,77,3581,31,26,60,0,72,1435,0,1,5,7,6,2,1,4,4,6,0,21,15,49,49,17,0,0,,0,,0,,0,,0,,4.3,8.6,68.9,12.4,71.4,100,46.5,2.3,19.9,27.4,116.6,17.8,19,235.9,42.7,94,412,420,386,15,4,83,51,15,138,51,15,138,348,1016,0,Head Trainer
,0,1989,2,MIA,497941,17,0,0,,1,0,0,0,0,0,0,0,0,0,0,0,0,0,0,0,0,0,0,399,389,580,389,14,4514,3817,5922,5975,2105,33,99.3,34.1,7.8,11.6,8.1,265.5,1461,4514,12,33,57,77,77,54,35,18,52,13,182,6,2,37,503,93,20,73,20,136,,,51,427,784,55,51,85,48,0,16,11,2,0,0,0,104,875,86,3567,25,28,167,0,68,1439,0,2,5,5,14,9,2,4,5,9,4,35,24,46,45,16,0,0,,0,,0,,0,,0,,3.7,7.8,67.1,11.6,68.6,97.8,41.5,6,21.2,23.5,85.9,16.5,22.9,265.5,44.5,117,399,401,383,5,2,66,56,16,173,56,16,173,411,1239,0,Head Trainer
,0,1990,2,MIA,497941,17,0,0,,1,0,0,0,0,0,0,0,0,0,0,0,0,0,0,0,0,0,0,439,406,593,406,10,4626,3732,5726,6535,1994,34,103.7,34.9,7.8,11.4,4.8,272.1,1909,4626,22,34,69,76,76,68,98,19,52,8,125,10,4,13,491,89,17,73,7,89,,,30,239,777,75,39,75,47,0,11,12,2,0,0,1,127,964,62,3083,32,22,210,0,70,1557,1,1,6,13,10,3,1,4,8,5,2,33,20,57,57,20,0,0,,0,,0,,0,,0,,4.3,7.8,68.5,11.4,60.6,100,49.7,9.5,22.2,25.8,112.3,18,23.9,272.1,43.3,117,471,473,386,19,3,79,58,10,176,58,10,176,416,587,615,Head Trainer
,0,1991,2,MIA,497941,1,0,0,,0,0,0,0,0,0,0,0,0,0,0,0,0,0,0,0,0,0,0,20,25,38,25,0,254,203,353,318,150,2,102.3,38,6.7,10.2,7.3,254,64,254,1,2,12,45,45,63,24,8,49,0,0,1,0,6,37,5,1,6,1,11,,,3,33,47,3,2,7,0,0,1,2,0,0,0,0,7,40,5,263,2,1,8,0,4,74,0,0,1,0,1,0,0,1,0,1,0,2,2,2,2,1,0,0,,0,,0,,0,,0,,3.2,6.7,65.8,10.2,100,100,52.6,8,18.5,20,64,25,25,254,40,8,26,28,21,0,0,5,4,1,10,4,1,10,38,35,52,
,0,1989,0,,497942,0,0,0,,0,0,0,0,0,0,0,0,0,0,0,0,0,0,0,0,0,0,0,0,0,0,0,0,0,0,0,0,0,0,0,0,0,0,0,0,0,0,0,0,0,0,0,0,0,0,0,0,0,0,0,0,0,0,0,0,0,0,,,0,0,0,0,0,0,0,0,0,0,0,0,0,0,0,0,0,0,0,0,0,0,0,0,0,0,0,0,0,0,0,0,0,0,0,0,0,0,0,0,0,0,,0,,0,,0,,0,,0,0,0,0,0,0,0,0,0,0,0,0,0,0,0,0,0,0,0,0,0,0,0,0,0,0,0,0,0,0,0,
,0,1991,0,,497942,0,0,0,,0,0,0,0,0,0,0,0,0,0,0,0,0,0,0,0,0,0,0,0,0,0,0,0,0,0,0,0,0,0,0,0,0,0,0,0,0,0,0,0,0,0,0,0,0,0,0,0,0,0,0,0,0,0,0,0,0,0,,,0,0,0,0,0,0,0,0,0,0,0,0,0,0,0,0,0,0,0,0,0,0,0,0,0,0,0,0,0,0,0,0,0,0,0,0,0,0,0,0,0,0,,0,,0,,0,,0,,0,0,0,0,0,0,0,0,0,0,0,0,0,0,0,0,0,0,0,0,0,0,0,0,0,0,0,0,0,0,0,
,0,1989,0,,497943,0,0,0,,0,0,0,0,0,0,0,0,0,0,0,0,0,0,0,0,0,0,0,0,0,0,0,0,0,0,0,0,0,0,0,0,0,0,0,0,0,0,0,0,0,0,0,0,0,0,0,0,0,0,0,0,0,0,0,0,0,0,,,0,0,0,0,0,0,0,0,0,0,0,0,0,0,0,0,0,0,0,0,0,0,0,0,0,0,0,0,0,0,0,0,0,0,0,0,0,0,0,0,0,0,,0,,0,,0,,0,,0,0,0,0,0,0,0,0,0,0,0,0,0,0,0,0,0,0,0,0,0,0,0,0,0,0,0,0,0,0,0,
,0,1991,0,,497943,0,0,0,,0,0,0,0,0,0,0,0,0,0,0,0,0,0,0,0,0,0,0,0,0,0,0,0,0,0,0,0,0,0,0,0,0,0,0,0,0,0,0,0,0,0,0,0,0,0,0,0,0,0,0,0,0,0,0,0,0,0,,,0,0,0,0,0,0,0,0,0,0,0,0,0,0,0,0,0,0,0,0,0,0,0,0,0,0,0,0,0,0,0,0,0,0,0,0,0,0,0,0,0,0,,0,,0,,0,,0,,0,0,0,0,0,0,0,0,0,0,0,0,0,0,0,0,0,0,0,0,0,0,0,0,0,0,0,0,0,0,0,
,0,1989,0,,497945,0,0,0,,0,0,0,0,0,0,0,0,0,0,0,0,0,0,0,0,0,0,0,0,0,0,0,0,0,0,0,0,0,0,0,0,0,0,0,0,0,0,0,0,0,0,0,0,0,0,0,0,0,0,0,0,0,0,0,0,0,0,,,0,0,0,0,0,0,0,0,0,0,0,0,0,0,0,0,0,0,0,0,0,0,0,0,0,0,0,0,0,0,0,0,0,0,0,0,0,0,0,0,0,0,,0,,0,,0,,0,,0,0,0,0,0,0,0,0,0,0,0,0,0,0,0,0,0,0,0,0,0,0,0,0,0,0,0,0,0,0,0,
,0,1991,0,,497945,0,0,0,,0,0,0,0,0,0,0,0,0,0,0,0,0,0,0,0,0,0,0,0,0,0,0,0,0,0,0,0,0,0,0,0,0,0,0,0,0,0,0,0,0,0,0,0,0,0,0,0,0,0,0,0,0,0,0,0,0,0,,,0,0,0,0,0,0,0,0,0,0,0,0,0,0,0,0,0,0,0,0,0,0,0,0,0,0,0,0,0,0,0,0,0,0,0,0,0,0,0,0,0,0,,0,,0,,0,,0,,0,0,0,0,0,0,0,0,0,0,0,0,0,0,0,0,0,0,0,0,0,0,0,0,0,0,0,0,0,0,0,
,0,1989,0,,498206,17,0,0,,1,0,0,0,0,0,0,0,0,0,0,0,0,0,0,0,0,0,0,475,376,561,376,10,4062,3558,6314,6062,2756,37,102.7,33,7.2,10.8,7.1,238.9,2000,4062,13,37,51,73,73,65,95,17,55,13,103,21,10,51,460,99,22,91,23,150,,,43,306,842,71,48,109,34,0,20,22,0,0,0,0,105,895,101,4515,33,30,211,0,77,1911,1,1,5,7,8,5,1,4,5,8,4,26,22,49,47,15,0,0,,0,,0,,0,,0,,4.2,7.2,67,10.8,84.6,95.9,44.7,7,24.8,27.9,117.6,20,22.1,238.9,35.1,113,419,423,397,13,3,95,49,9,132,49,9,132,387,1196,0,DB Coach
,0,1989,0,,498207,17,0,0,,0,0,0,0,0,0,0,0,0,0,0,0,0,0,0,0,0,0,0,362,390,608,390,11,3780,3874,6436,5246,2562,28,89.3,35.8,6.2,9.7,9.8,222.4,1466,3780,8,28,40,73,73,64,41,67,49,11,194,16,8,12,421,109,27,92,39,138,,,66,494,765,61,34,117,25,0,11,12,0,0,0,0,96,811,89,3935,27,25,177,0,92,1979,0,0,7,4,7,1,0,7,4,6,0,19,17,36,34,7,0,0,,0,,0,,0,,0,,4,6.2,64.1,9.7,89.5,94.4,44.2,7.1,21.5,21.3,86.2,21.8,22.9,222.4,39.7,85,301,301,551,7,0,79,33,6,155,33,6,155,413,1266,0,DB Coach
,0,1990,0,,498212,0,0,0,,0,0,0,0,0,0,0,0,0,0,0,0,0,0,0,0,0,0,0,0,0,0,0,0,0,0,0,0,0,0,0,0,0,0,0,0,0,0,0,0,0,0,0,0,0,0,0,0,0,0,0,0,0,0,0,0,0,0,,,0,0,0,0,0,0,0,0,0,0,0,0,0,0,0,0,0,0,0,0,0,0,0,0,0,0,0,0,0,0,0,0,0,0,0,0,0,0,0,0,0,0,,0,,0,,0,,0,,0,0,0,0,0,0,0,0,0,0,0,0,0,0,0,0,0,0,0,0,0,0,0,0,0,0,0,0,0,0,0,
,0,1991,0,,498212,0,0,0,,0,0,0,0,0,0,0,0,0,0,0,0,0,0,0,0,0,0,0,0,0,0,0,0,0,0,0,0,0,0,0,0,0,0,0,0,0,0,0,0,0,0,0,0,0,0,0,0,0,0,0,0,0,0,0,0,0,0,,,0,0,0,0,0,0,0,0,0,0,0,0,0,0,0,0,0,0,0,0,0,0,0,0,0,0,0,0,0,0,0,0,0,0,0,0,0,0,0,0,0,0,,0,,0,,0,,0,,0,0,0,0,0,0,0,0,0,0,0,0,0,0,0,0,0,0,0,0,0,0,0,0,0,0,0,0,0,0,0,
,0,1990,0,,498217,0,0,0,,0,0,0,0,0,0,0,0,0,0,0,0,0,0,0,0,0,0,0,0,0,0,0,0,0,0,0,0,0,0,0,0,0,0,0,0,0,0,0,0,0,0,0,0,0,0,0,0,0,0,0,0,0,0,0,0,0,0,,,0,0,0,0,0,0,0,0,0,0,0,0,0,0,0,0,0,0,0,0,0,0,0,0,0,0,0,0,0,0,0,0,0,0,0,0,0,0,0,0,0,0,,0,,0,,0,,0,,0,0,0,0,0,0,0,0,0,0,0,0,0,0,0,0,0,0,0,0,0,0,0,0,0,0,0,0,0,0,0,
,0,1991,0,,498217,0,0,0,,0,0,0,0,0,0,0,0,0,0,0,0,0,0,0,0,0,0,0,0,0,0,0,0,0,0,0,0,0,0,0,0,0,0,0,0,0,0,0,0,0,0,0,0,0,0,0,0,0,0,0,0,0,0,0,0,0,0,,,0,0,0,0,0,0,0,0,0,0,0,0,0,0,0,0,0,0,0,0,0,0,0,0,0,0,0,0,0,0,0,0,0,0,0,0,0,0,0,0,0,0,,0,,0,,0,,0,,0,0,0,0,0,0,0,0,0,0,0,0,0,0,0,0,0,0,0,0,0,0,0,0,0,0,0,0,0,0,0,
,0,1990,0,,498261,17,0,0,,1,0,0,0,0,0,0,0,0,0,0,0,0,0,0,0,0,0,0,541,400,563,400,8,4567,4013,6183,7025,2170,39,112.3,33.1,8.1,11.4,5.7,268.6,2458,4567,23,39,45,71,71,67,35,55,53,7,104,13,8,57,523,116,17,84,15,132,,,34,235,819,69,25,112,30,0,21,18,2,0,0,0,122,913,71,3304,29,30,133,1,90,1892,0,2,9,7,11,4,2,8,6,7,2,33,25,58,55,18,0,0,,0,,0,,0,,0,,4.5,8.1,71,11.4,75.8,94.8,46.5,4.4,21,31.8,144.6,21.1,23.5,268.6,43.5,130,520,528,475,11,5,114,46,13,174,46,13,174,414,570,626,DB Coach
,0,1991,0,,498261,0,0,0,,0,0,0,0,0,0,0,0,0,0,0,0,0,0,0,0,0,0,0,0,0,0,0,0,0,0,0,0,0,0,0,0,0,0,0,0,0,0,0,0,0,0,0,0,0,0,0,0,0,0,0,0,0,0,0,0,0,0,,,0,0,0,0,0,0,0,0,0,0,0,0,0,0,0,0,0,0,0,0,0,0,0,0,0,0,0,0,0,0,0,0,0,0,0,0,0,0,0,0,0,0,,0,,0,,0,,0,,0,0,0,0,0,0,0,0,0,0,0,0,0,0,0,0,0,0,0,0,0,0,0,0,0,0,0,0,0,0,0,
,0,1990,0,,498480,17,0,0,,0,0,0,0,0,0,0,0,0,0,0,0,0,0,0,0,0,0,0,512,314,530,314,7,2795,4103,7541,4582,3438,15,77.4,31.2,5.3,8.9,8.5,164.4,1787,2795,16,15,65,41,41,64,97,18,57,14,214,8,4,27,426,103,17,74,23,151,,,49,366,771,51,20,87,35,0,9,9,1,0,0,0,120,893,93,4259,42,22,190,0,112,2576,1,1,6,8,12,6,1,6,8,8,6,33,29,31,31,9,0,0,,0,,0,,0,,0,,3.5,5.3,59.2,8.9,87.9,100,45.8,8.6,23,30.1,105.1,16,18.5,164.4,39.2,118,316,316,650,8,3,82,18,1,123,18,1,123,351,531,555,DB Coach
,0,1991,0,,498480,0,0,0,,0,0,0,0,0,0,0,0,0,0,0,0,0,0,0,0,0,0,0,0,0,0,0,0,0,0,0,0,0,0,0,0,0,0,0,0,0,0,0,0,0,0,0,0,0,0,0,0,0,0,0,0,0,0,0,0,0,0,,,0,0,0,0,0,0,0,0,0,0,0,0,0,0,0,0,0,0,0,0,0,0,0,0,0,0,0,0,0,0,0,0,0,0,0,0,0,0,0,0,0,0,,0,,0,,0,,0,,0,0,0,0,0,0,0,0,0,0,0,0,0,0,0,0,0,0,0,0,0,0,0,0,0,0,0,0,0,0,0,
,0,1991,16,TB,498496,1,0,0,,0,0,0,0,0,0,0,0,0,0,0,0,0,0,0,0,0,0,0,30,16,23,16,1,164,163,326,286,163,1,86.1,23,7.1,10.2,14.8,164,122,164,0,1,20,19,19,55,37,17,46,1,74,2,2,0,21,6,0,3,2,9,,,4,30,50,4,0,5,0,0,0,0,0,0,0,0,5,50,4,177,1,1,17,0,5,147,0,0,0,0,2,0,0,0,0,2,0,2,2,1,1,0,0,0,,0,,0,,0,,0,,4.1,7.1,69.6,10.2,100,100,44.2,17,29.4,30,122,26.7,16,164,56.2,7,13,13,20,0,0,8,0,0,9,0,0,9,15,24,23,DB Coach
,0,1991,17,CHC,498501,1,0,0,,0,0,0,0,0,0,0,0,0,0,0,0,0,0,0,0,0,0,0,29,18,26,18,0,181,246,360,239,114,1,101.6,26,7,10.1,0,181,58,181,0,1,12,31,31,59,35,0,54,0,0,2,2,0,21,5,2,2,0,5,,,0,0,46,8,3,1,2,0,1,0,0,0,0,0,8,52,4,169,2,0,0,0,6,140,0,0,0,0,1,1,0,0,0,1,1,2,2,1,1,1,0,0,,0,,0,,0,,0,,2,7,69.2,10.1,100,100,42.2,0,23.3,29,58,20.7,18,181,55.6,7,13,13,37,0,0,6,2,0,10,2,0,10,29,26,35,DB Coach
